a, an;indefinite, article;A1;a, bir
abandon;Verb;B2;imtina
ability;Noun;A2;bacarıq
able;Adjective;A2;qadir
about;prep. Adverb;A1;haqqında
above;prep. Adverb;A1;yuxarıda
abroad;Adverb;A2;xaricdə
absolute;Adjective;B2;mütləq
absolutely;Adverb;B1;tamamilə
academic;adj, Noun;B1, B2;akademik
accept;Verb;A2;qəbul
acceptable;Adjective;B2;məqbul
access;Noun Verb;B1;Giriş
accident;Noun;A2;qəza
accommodation;Noun;B1;yaşayış
accompany;Verb;B2;müşayiət
according to;prep.;A2;görə
account;Noun Verb;B1, B2;hesab
accurate;Adjective;B2;dəqiq
accuse;Verb;B2;ittiham etmək
achieve;Verb;A2;nail olmaq
achievement;Noun;B1;nailiyyət
acknowledge;Verb;B2;acknowledge
acquire;Verb;B2;əldə etmek
across;prep. Adverb;A1;üzrə
act;Verb Noun;A2,B1;hərəkət
action;Noun;A1;fəaliyyət
active;Adjective;A2;aktiv
activity;Noun;A1;aktivlik
actor;Noun;A1;aktyor
actress;Noun;A1;aktrisa
actual;Adjective;B2;faktiki
actually;Adverb;A2;həqiqətən
ad;Noun;B1;reklam
adapt;Verb;B2;uyğunlaşdırmaq
add;Verb;A1;əlavə etmək
addition;Noun;B1;əlavə
additional;Adjective;B2;əlavə
address;Noun Verb;A1,B2;ünvan
administration;Noun;B2;rəhbərliyi
admire;Verb;B1;heyran
admit;Verb;B1;etiraf etmək
adopt;Verb;B2;mənimsəmək
adult;Noun adj;A1,A2;adult
Advance;Noun Verb adj;B2;Advance
Advanced;Adjective;B1;qabaqcıl
Advantage;Noun;A2;fayda
Adventure;Noun;A2;macəra
Advertise;Verb;A2;reklam etmək
Advertisement;Noun;A2;reklam
Advertising;Noun;A2;reklam
Advice;Noun Verb;A1, B1;məsləhət
affair;Noun;B2;iş
affect;Verb;A2;təsir
afford;Verb;B1;ödəyə
afraid;Adjective;A1;qorxur
after;prep. conj. Adverb;A1,A2;sonra
afternoon;Noun;A1;günortadan sonra
afterwards;Adverb;B2;sonra
again;Adverb;A1;yenidən
against;prep;A2;qarşı
age;Noun Verb;A1, B1;əsr
aged;Adjective;B1;yaşlı
agency;Noun;B2;agentlik
agenda;Noun;B2;gündəm
agent;Noun;B1;agent
aggressive;Adjective;B2;aqressiv
ago;Adverb;A1;əvvəl
agree;Verb;A1;razılaşmaq
agreement;Noun;B1;müqavilə
ah;exclam.;A2;ah
ahead;Adverb;B1;irəli
aid;Noun Verb;B2;yardım
aim;Verb Noun;B1;məqsəd
air;Noun;A1;hava
aircraft;Noun;B2;təyyarə
airline;Noun;A2;hava
airport;Noun;A1;aeroport
alarm;Noun Verb;B1, B2;həyəcan
album;Noun;B1;albom
alcohol;Noun;B1;spirt
alcoholic;Adjective;B1;spirtli
alive;Adjective;A2;diri
all;det. pron, Adverb;A1, A2;bütün
all right;Adjective, Adverb exclam;A2;yaxşı
allow;Verb;A2;imkan
almost;Adverb;A2;təxminən
alone;Adjective, Adverb;A2;tək
along;prep. Adverb;A2;boyunca
already;Adverb;A2;artıq
also;Adverb;A1;də
alter;Verb;B2;alter
alternative;Noun Adjective;A2, B1;alternativ
although;conj;A2;baxmayaraq ki
always;Adverb;A1;həmişə
amazed;Adjective;B1;heyran
amazing;Adjective;A1;təəccüblü
ambition;Noun;B1;şöhrətbazlıq
ambitious;Adjective;B1;iddialı
among;prep.;A2;arasında
amount;Noun Verb;A2, B2;miqdar
analyse;Verb;B1;təhlil etmək
analysis;Noun;B1;analiz
ancient;Adjective;A2;qədim
and;conj;A1;və
anger;Noun;B2;hirs
angle;Noun;B2;bucaq
angry;Adjective;A1;hirsli
animal;Noun;A1;heyvan
ankle;Noun;A2;topuq
anniversary;Noun;B2;ildönümü
announce;Verb;B1;elan
announcement;Noun;B1;elan
annoy;Verb;B1;annoy
annoyed;Adjective;B1;rahatsız
annoying;Adjective;B1;zəhlətökən
annual;Adjective;B2;illik
another;det. proNoun;A1;başqa
answer;Noun Verb;A1;cavab
anxious;Adjective;B2;narahat
any;det. proNoun, Adverb;A1, A2;hər hansı
anybody;pron;A2;hər kəs
any more;Adverb;A2;artıq
anyone;pron;A1;hər kəs
anything;pron;A1;bir şey
anyway;Adverb;A2;hər halda
anywhere;AdVerb proNoun;A2;hər hansı
apart;Adverb;B1;ayrı
apartment;Noun;A1;mənzil
apologize;Verb;B1;üzr istəmək
app;Noun;A2;app
apparent;Adjective;B2;aydın
apparently;Adverb;B2;yəqin
appeal;Noun Verb;B2;müraciət
appear;Verb;A2;görünür
appearance;Noun;A2;görünüş
apple;Noun;A1;alma
application;Noun;B1;ərizə
apply;Verb;A2;tətbiq etmək
appointment;Noun;B1;təyinat
appreciate;Verb;B1;qiymətləndirmək
approach;Noun Verb;B2;yanaşma
appropriate;Adjective;B2;müvafiq
approval;Noun;B2;təsdiq
approve;Verb;B2;təsdiqləmək
approximately;Adverb;B1;təxminən
April;Noun;A1;aprel
architect;Noun;A2;memar
architecture;Noun;A2;memarlıq
area;Noun;A1;sahə
argue;Verb;A2;mübahisə etmək
argument;Noun;A2;arqument
arise;Verb;B2;yarana
arm;Noun;A1;arm
armed;Adjective;B2;silahlı
arms;Noun;B2;silah
army;Noun;A2;ordu
around;prep. Adverb;A1;ətrafında
arrange;Verb;A2;təşkil etmək
arrangement;Noun;A2;tərtibat
arrest;Verb Noun;B1;həbs
arrival;Noun;B1;gəlişi
arrive;Verb;A1;gəlmək
art;Noun;A1;incəsənət
article;Noun;A1;məqalə
artificial;Adjective;B2;süni
artist;Noun;A1;rəssam
artistic;Adjective;B2;bədii
as;prep., Adverb conj.;A1, A2;kimi
ashamed;Adjective;B2;xəcalətli
asleep;Adjective;A2;asleep
ask;Verb;A1;soruşmaq
aspect;Noun;B2;aspekt
assess;Verb;B2;qiymətləndirmək
assessment;Noun;B2;qiymətləndirilməsi
assignment;Noun;B1;tapşırıq
assist;Verb;B1;yardım
assistant;Noun Adjective;A2;köməkçi
associate;Verb;B2;əlaqələndirmək
associated;Adjective;B2;əlaqədar
association;Noun;B2;assosiasiya
assume;Verb;B2;güman
at;prep.;A1;at
athlete;Noun;A2;atlet
atmosphere;Noun;B1;atmosfer
attach;Verb;B1;əlavə
attack;Noun Verb;A2;hücum
attempt;Noun Verb;B2;cəhd
attend;Verb;A2;qatılacaq
attention;Noun exclam.;A2;diqqət
attitude;Noun;B1;münasibət
attract;Verb;B1;cəlb
attraction;Noun;B1;cazibə
attractive;Adjective;A2;cəlbedici
audience;Noun;A2;tamaşaçı
August;Noun;A1;avqust
aunt;Noun;A1;xala
author;Noun;A2;müəllif
authority;Noun;B1;səlahiyyət
autumn;Noun;A1;payız
available;Adjective;A2;mövcud
average;Adjective, Noun Verb;A2, B1;orta
avoid;Verb;A2;qarşısını almaq
award;Noun Verb;A2, B1;mükafat
aware;Adjective;B1;xəbərdar
away;Adverb;A1;kənar
awful;Adjective;A2;dəhşətli
baby;Noun;A1;körpə
back;Noun AdVerb Adjective, Verb;A1, A2, B2;geri
background;Noun;A2;fon
backwards;Adverb;B1;geri
bacteria;Noun;B2;bakteriya
bad;Adjective;A1;pis
badly;Adverb;A2;pis
bag;Noun;A1;torba
bake;Verb;B1;yandırmaq
balance;Noun Verb;B1;balans
ball;Noun;A1;top
ban;Verb Noun;B1;qadağan
banana;Noun;A1;banan
band;Noun;A1;qrup
bank (money);Noun;A1;bank (pul)
bank (river);Noun;B1;bank (çay)
bar;Noun Verb;A2, B2;bar
barrier;Noun;B2;maneə
base;Noun Verb;B1;baza
baseball;Noun;A2;beysbol
based;Adjective;A2;based
basketball;Noun;A2;Basketbol
basic;Adjective;B1;əsas
basically;Adverb;B2;əsasən
basis;Noun;B1;əsas
bath;Noun;A1;vanna
bathroom;Noun;A1;vanna otağı
battery;Noun;B1;batareya
battle;Noun Verb;B1, B2;döyüş
be;Verb auxiliary Verb;A1;olmaq
beach;Noun;A1;çimərlik
bean;Noun;A2;lobya
bear (deal with);Verb;B2;ayı (ilə məşğul)
bear (animal);Noun;A2;ayı (heyvan)
beat;Verb Noun;A2, B2;qalib gəlmək
beautiful;Adjective;A1;gözəl
beauty;Noun;B1;gözəllik
because;conj.;A1;çünki
become;Verb;A1;olmaq
bed;Noun;A1;yataq
bedroom;Noun;A1;yataq otağı
bee;Noun;B1;arı
beef;Noun;A2;mal əti
beer;Noun;A1;pivə
before;prep., conj. Adverb;A1, A2;əvvəl
beg;Verb;B2;yalvarmaq
begin;Verb;A1;başlamaq
beginning;Noun;A1;Başlanğıc
behave;Verb;A2;davrandıqlarını
behaviour;Noun;A2;davranış
behind;prep. Adverb;A1;arxadan
being;Noun;B2;varlıq
belief;Noun;B1;inam
believe;Verb;A1;inanmaq
bell;Noun;B1;zəng
belong;Verb;A2;aiddir
below;Adverb prep.;A1;aşağıda
belt;Noun;A2;kəmər
bend;Verb Noun;B1;əyilmək
benefit;Verb NouNoun;A2, B1;fayda
bent;Adjective;B2;bükük
best;Adjective, AdVerb Noun;A1, A2;yaxşı
bet;Verb Noun;B2;mərc
better;Adjective , Adverb , Noun;A1, A2, B1;yaxşı
between;prep., Adverb;A1, A2;arasında
beyond;prep. Adverb;B2;kənarda
bicycle;Noun;A1;velosiped
big;Adjective;A1;böyük
bike;Noun;A1;velosiped
bill;Noun Verb;A1, B2;qanun layihəsi
billion number; ;A2;milyard sayı
bin;Noun;A2;zibil qabı
biology;Noun;A2;biologiya
bird;Noun;A1;quş
birth;Noun;A2;doğuş
birthday;Noun;A1;Ad günü
biscuit;Noun;A2;biskvit
bit;Noun;A2;parça
bite;Verb Noun;B1;yemək
bitter;Adjective;B2;acı
black;Adjective, Noun;A1;qara
blame;Verb Noun;B2;qınama
blank;Adjective, Noun;A2;boş
blind;Adjective;B2;kor
block;Noun Verb;B1;məhəllə
blog;Noun;A1;blog
blonde;Adjective;A1;sarışın
blood;Noun;A2;qan
blow;Verb;A2;zərbə
blue;Adjective, Noun;A1;mavi
board;Noun Verb;A2, B1;kollegiya
boat;Noun;A1;qayıq
body;Noun;A1;bədən
boil;Verb;A2;Qaynamaq
bomb;Noun Verb;B1;bomba
bond;Noun;B2;rabitə
bone;Noun;A2;sümük
book;Noun Verb;A1, A2;kitab
boot;Noun;A1;ayaqqabı
border;Noun Verb;B1, B2;sərhəd
bored;Adjective;A1;cansıxıcı
boring;Adjective;A1;qazma
born;Verb;A1;anadan
borrow;Verb;A2;borc almaq
boss;Noun;A2;sahib
both;det./proNoun;A1;həm
bother;Verb;B1;narahat
bottle;Noun;A1;şüşə
bottom;NouNoun Adjective;A2;alt
bowl;Noun;A2;fincan
box;Noun;A1;Qutu
boy;Noun;A1;oğlan
boyfriend;Noun;A1;boyfriend
brain;Noun;A2;beyin
branch;Noun;B1;şöbə
brand;Noun Verb;B1;marka
brave;Adjective;B1;igid
bread;Noun;A1;çörək
break;Verb Noun;A1;fasilə
breakfast;Noun;A1;səhər yeməyi
breast;Noun;B2;döş
breath;Noun;B1;nəfəs
breathe;Verb;B1;nəfəs almaq
breathing;Noun;B1;tənəffüs
bride;Noun;B1;gəlin
bridge;Noun;A2;körpü
brief;Adjective;B2;qısa
bright;Adjective;A2;parlaq
brilliant;Adjective;A2;parlaq
bring;Verb;A1;gətirmək
broad;Adjective;B2;geniş
broadcast;Verb Noun;B2;yayım
broken;Adjective;A2;qırıq
brother;Noun;A1;qardaş
brown;Adjective, Noun;A1;palıdı
brush;Verb Noun;A2;fırça
bubble;Noun;B1;qovuq
budget;Noun;B2;büdcə
build;Verb;A1;build
building;Noun;A1;bina
bullet;Noun;B2;güllə
bunch;Noun;B2;dəstə
burn;Verb Noun;A2, B2;yandırmaq
bury;Verb;B1;basdırmaq
bus;Noun;A1;avtobus
bush;Noun;B2;kol
business;Noun;A1;Biznes
businessman;Noun;A2;biznesmen
busy;Adjective;A1;məşğul
but;conj. prep;A1, B2;Amma
butter;Noun;A1;kərə yağı
button;Noun;A2;düymə
buy;Verb;A1;buy
by;prep. Adverb;A1, B1;ilə
bye;exclam;A1;xudafiz
cable;Noun;B2;kabel
cafe;Noun;A1;kafe
cake;Noun;A1;tort
calculate;Verb;B2;hesablamaq
call;Verb Noun;A1;çağırış
calm;Adjective Verb Noun;B1;sakit
camera;Noun;A1;kamera
camp;Noun Verb;A2;düşərgə
campaign;Noun Verb;B1;kampaniya
camping;Noun;A2;kempinq
campus;Noun;B1;kampus
can1;modal Verb;A1;can1
can2;Noun;A2;can2
cancel;Verb;B2;ləğv etmək
cancer;Noun;B2;xərçəng
candidate;Noun;B1;namizəd
cannot;Verb;A1;bilməz
cap;Noun;B1;papaq
capable;Adjective;B2;qadir
capacity;Noun;B2;tutum
capital;Noun Adjective;A1;kapital
captain;Noun;B1;kapitan
capture;Verb Noun;B2;tutmaq
car;Noun;A1;avtomobil
card;Noun;A1;kart
care;Noun Verb;A2;qayğı
career;Noun;A1;karyera
careful;Adjective;A2;ehtiyatlı
carefully;Adverb;A2;diqqətlə
careless;Adjective;B1;diqqətsiz
carpet;Noun;A2;xalça
carrot;Noun;A1;kök
carry;Verb;A1;carry
cartoon;Noun;A2;karikatura
case;Noun;A2;hal
cash;Noun;A2;pul
cast;Noun Verb;B2;cast
castle;Noun;A2;qala
cat;Noun;A1;pişik
catch;Verb Noun;A2, B2;tutmaq
category;Noun;B1;kateqoriya
cause;Noun Verb;A2;səbəb
CD;Noun;A1;CD
ceiling;Noun;B1;tavan
celebrate;Verb;A2;qeyd
celebration;Noun;B1;qeyd etmək
celebrity;Noun;A2;sohret
cell;Noun;B2;kamera
cent;Noun;A1;sent
central;Adjective;B1;mərkəzi
centre;Noun Verb;A1, B1;Mərkəz
century;Noun;A1;əsr
ceremony;Noun;B1;mərasim
certain;Adjective;A2;müəyyən
certainly;Adverb;A2;əlbəttə
chain;Noun Verb;B1, B2;zəncir
chair;Noun Verb;A1, B2;kafedra
chairman;Noun;B2;sədr
challenge;Noun Verb;B1, B2;problem
champion;Noun;B1;çempion
chance;Noun;A2;şans
change;Verb Noun;A1;dəyişiklik
channel;Noun;B1;kanal
chapter;Noun;B1;fəsil
character;Noun;A2;character
characteristic;Noun Adjective;B2;xarakterik
charge;Noun Verb;B1;pulsuz
charity;Noun;A2;xeyriyyə
chart;Noun Verb;A1, B2;qrafik
chat;Verb Noun;A2;söhbət
cheap;Adjective , Adverb;A1, B1;ucuz
cheat;Verb Noun;B1;fırıldaqçı
check;Verb Noun;A1, A2;yoxlamaq
chef;Noun;A2;chef
cheerful;Adjective;B1;şən
cheese;Noun;A1;Pendir
chemical;Adjective, Noun;B1;kimya
chemistry;Noun;A2;kimya
chest;Noun;B1;sinə
chicken;Noun;A1;cücə
chief;Adjective, Noun;B2;rəis
child;Noun;A1;uşaq
childhood;Noun;B1;uşaqlıq
chip;Noun;A2;chip
chocolate;Noun;A1;şokolad
choice;Noun;A2;seçilmiş
choose;Verb;A1;seçmək
church;Noun;A2;kilsə
cigarette;Noun;A2;siqaret
cinema;Noun;A1;kino
circle;Noun Verb;A2;dairə
circumstance;Noun;B2;Hal
cite;Verb;B2;sitat gətirmək
citizen;Noun;B2;vətəndaş
city;Noun;A1;şəhər
civil;Adjective;B2;vətəndaş
claim;Verb Noun;B1;iddia
class;Noun;A1;sinif
classic;Adjective, Noun;B2;klassik
classical;Adjective;A2;klassik
classroom;Noun;A1;sinif
clause;Noun;B1;müddəa
clean;Adjective, Verb;A1;təmiz
clear;Adjective, Verb;A2, B1;aydın
clearly;Adverb;A2;aydın
clever;Adjective;A2;ağıllı
click;Verb Noun;B1;klik
client;Noun;B1;müştəri
climate;Noun;A2;iqlim
climb;Verb Noun;A1, B1;dırmaşmaq
clock;Noun;A1;saat
close1;Verb Noun;A1, B2;close1
close2;Adjective , Adverb;A2, B1;close2
closed;Adjective;A2;Bağlı
closely;Adverb;B2;yaxından
cloth;Noun;B1;parça
clothes;Noun;A1;paltar
clothing;Noun;A2;geyim
cloud;Noun;A2;bulud
club;Noun;A1;club
clue;Noun;B1;yumaq
coach;Noun Verb;A2, B1;məşqçi
coal;Noun;B1;kömür
coast;Noun;A2;sahil
coat;Noun;A1;pencək
code;Noun;A2;kodu
coffee;Noun;A1;qəhvə
coin;Noun;B1;sikkə
cold;Adjective Noun;A1;soyuq
collapse;Verb Noun;B2;uçqun
colleague;Noun;A2;həmkar
collect;Verb;A2;toplamaq
collection;Noun;B1;kolleksiya
college;Noun;A1;kollec
colour;Noun;A1;rəng
coloured;Adjective;B1;rəngli
column;Noun;A2;sütun
combination;Noun;B2;birləşmə
combine;Verb;B1;birləşdirmək
come;Verb;A1;gəlmək
comedy;Noun;A2;komediya
comfort;Noun Verb;B2;təsəlli
comfortable;Adjective;A2;rahat
command;Noun Verb;B2;komanda
comment;Noun Verb;A2, B1;Şərh
commercial;Adjective Noun;B1;ticarət
commission;Noun Verb;B2;komissiya
commit;Verb;B1;işləmək
commitment;Noun;B2;öhdəlik
committee;Noun;B2;komitə
common;Adjective Noun;A1;ümumi
commonly;Adverb;B2;çox
communicate;Verb;A2;ünsiyyət
communication;Noun;B1;rabitə
community;Noun;A2;icma
company;Noun;A1;şirkət
compare;Verb;A1;müqayisə etmək
comparison;Noun;B1;müqayisə
compete;Verb;A2;rəqabət
competition;Noun;A2;müsabiqə
competitor;Noun;B1;rəqib
competitive;Adjective;B1;rəqabət
complain;Verb;A2;şikayət
complaint;Noun;B1;şikayət
complete;Adjective Verb;A1;tam
completely;Adverb;A2;tamamilə
complex;Adjective, Noun;B1, B2;kompleks
complicated;Adjective;B2;mürəkkəb
component;Noun;B2;komponent
computer;Noun;A1;kompüter
concentrate;Verb;B1;konsentrat
concentration;Noun;B2;qatılıq
concept;Noun;B2;anlayış
concern;Noun Verb;B2;qayğı
concerned;Adjective;B2;narahat
concert;Noun;A1;konsert
conclude;Verb;B1;bağlamaq
conclusion;Noun;B1;nəticə
condition;Noun;A2;vəziyyət
conduct;Verb Noun;B2;davranış
conference;Noun;A2;konfrans
confidence;Noun;B2;etimad
confident;Adjective;B1;inamlı
confirm;Verb;B1;təsdiq
conflict;Noun Verb;B2;münaqişə
confuse;Verb;B1;qarışdıracaq
confused;Adjective;B1;qarışdı
confusing;Adjective;B2;confusing
connect;Verb;A2;connect
connected;Adjective;A2;əlaqədar
connection;Noun;B1;əlaqə
conscious;Adjective;B2;şüurlu
consequence;Noun;B1;nəticə
conservative;Adjective, Noun;B2;mühafizəkar
consider;Verb;A2;hesab
consideration;Noun;B2;mülahizə
consist;Verb;B1;ibarətdir
consistent;Adjective;B2;ardıcıl
constant;Adjective;B2;Sabit
constantly;Adverb;B2;daim
construct;Verb;B2;tikinti
construction;Noun;B2;Tikinti
consume;Verb;B1;istehlak
consumer;Noun;B1;istehlakçı
contact;Noun Verb;B1;əlaqə
contain;Verb;A2;ehtiva
container;Noun;B1;konteyner
contemporary;Adjective;B2;müasir
content;Noun;B1;məzmun
contest;Noun Verb;B2;müsabiqə
context;Noun;A2;Kontekst
continent;Noun;A2;qitə
continue;Verb;A2;davam etdirmək
continuous;Adjective;B1;fasiləsiz
contract;Noun Verb;B2;müqavilə
contrast;Noun Verb;B1;kontrast
contribute;Verb;B2;qatqı
contribution;Noun;B2;töhfə
control;Noun Verb;A2;nəzarət
convenient;Adjective;B1;əlverişli
conversation;Noun;A1;söhbət
convert;Verb;B2;çevirmək
convince;Verb;B1;inandırmaq
convinced;Adjective;B2;razı
cook;Verb Noun;A1, A2;aşpaz
cooker;Noun;A2;ocak
cooking;Noun;A1;yemək
cool;Adjective, Verb;A1, B1;sərin
copy;Noun Verb;A2;köçürmək
core;Noun Adjective;B2;özək
corner;Noun;A2;künc
corporate;Adjective;B2;korporativ
correct;Adjective Verb;A1;doğru
correctly;Adverb;A2;doğru
cost;Noun Verb;A1;qiymət
costume;Noun;B1;kostyum
cottage;Noun;B1;kottec
cotton;Noun;B1;pambıq
could;Verb;A1;bilər
council;Noun;B2;şura
count;Verb Noun;A2, B1;saymaq
country;Noun;A1;ölkə
countryside;Noun;B1;kənd
county;Noun;B2;county
couple;Noun;A2;cüt
courage;Noun;B2;cəsarət
course;Noun;A1;kurs
court;Noun;B1;məhkəmə
cousin;Noun;A1;xalaoğlu
cover;Verb Noun;A2, B1;örtük
covered;Adjective;B1;örtülü
cow;Noun;A1;inək
crash;Noun Verb;B2;qəza
crazy;Adjective;A2;dəli
cream;Noun Adjective;A1, B1;krem
create;Verb;A1;yaratmaq
creation;Noun;B2;yaradıcılıq
creative;Adjective;A2;yaradıcı
creature;Noun;B2;məxluq
credit;Noun Verb;A2, B2;kredit
crew;Noun;B2;ekipaj
crime;Noun;A2;cinayət
criminal;Noun Adjective;A2, B1;cinayət
crisis;Noun;B2;böhran
criterion;Noun;B2;meyar
critic;Noun;B2;tənqidçi
critical;Adjective;B2;tənqidi
criticism;Noun;B2;tənqid
criticize;Verb;B2;tənqid etmək
crop;Noun;B2;məhsul
cross;Verb Noun;A2;cross
crowd;Noun;A2;izdiham
crowded;Adjective;A2;dolu
crucial;Adjective;B2;mühüm
cruel;Adjective;B1;qəddar
cry;Verb Noun;A2, B2;ağlamaq
cultural;Adjective;B1;mədəniyyət
culture;Noun;A1;mədəniyyət
cup;Noun;A1;fincan
cupboard;Noun;A2;şkaf
cure;Verb Noun;B2;müalicə
curly;Adjective;A2;buruq
currency;Noun;B1;Valyuta
current;Adjective, Noun;B1, B2;cari
currently;Adverb;B1;Hal-hazırda
curtain;Noun;B1;pərdə
curve;Noun Verb;B2;əyri
curved;Adjective;B2;əyri
custom;Noun;B1;adət
customer;Noun;A1;müştəri
cut;Verb , Noun;A1, B1;kəsmək
cycle;Noun Verb;A2, B1;velosiped
dad;Noun;A1;dədə
daily;Adjective, Adverb;A2, B1;gündəlik
damage;Noun Verb;B1;ziyan
dance;Noun Verb;A1;rəqs
dancer;Noun;A1;rəqqasə
dancing;Noun;A1;rəqs
danger;Noun;A2;təhlükə
dangerous;Adjective;A1;təhlükəli
dark;Adjective, Noun;A1, A2;qaranlıq
data;Noun;A2;data
date;Noun Verb;A1, B2;Tarix
daughter;Noun;A1;qız
day;Noun;A1;gün
dead;Adjective;A2;ölü
deal;Verb Noun;A2, B1;məşğul
dear;Adjective, exclam;A1, A2;Əziz
death;Noun;A2;ölüm
debate;Noun Verb;B2;müzakirə
debt;Noun;B2;borc
decade;Noun;B1;onillik
December;Noun;A1;dekabr
decent;Adjective;B2;layiqli
decide;Verb;A1;qərar
decision;Noun;A2;qərar
declare;Verb;B2;bildirmək
decline;Verb Noun;B2;tənəzzül
decorate;Verb;B1;bəzəyəcək
decoration;Noun;B2;bəzək
decrease;Verb Noun;B2;azalma
deep;Adjective, Adverb;A2, B1;dərin
deeply;Adverb;B2;dərindən
defeat;Verb Noun;B2;məğlub etmək
defence;Noun;B2;müdafiə
defend;Verb;B2;müdafiə
define;Verb;B1;müəyyənləşdirmək
definite;Adjective;B1;müəyyən
definitely;Adverb;A2;mütləq
definition;Noun;B1;müəyyən
degree;Noun;A2;dərəcə
delay;Verb Noun;B2;gecikdirmək
deliberate;Adjective;B2;müzakirə
deliberately;Adverb;B2;qəsdən
delicious;Adjective;A1;ləzzətli
delight;Verb Noun;B2;zövq
delighted;Adjective;B2;aşiq
deliver;Verb;B1;çatdırmaq
delivery;Noun;B2;çatdırılması
demand;Noun Verb;B2;tələb
demonstrate;Verb;B2;nümayiş etdirmək
dentist;Noun;A2;Diş həkimi
deny;Verb;B2;inkar etmək
department;Noun;A2;şöbə
departure;Noun;B1;gediş
depend;Verb;A2;asılı
depressed;Adjective;B2;depressiyaya
depressing;Adjective;B2;əzici
depth;Noun;B2;dərinlik
describe;Verb;A1;təsvir etmək
description;Noun;A1;təsvir
desert;Noun Verb;A2, B2;səhra
deserve;Verb;B2;layiq olmaq
design;Noun Verb;A1;dizayn
designer;Noun;A2;layihəçi
desire;Noun Verb;B2;arzu
desk;Noun;A1;Yazı masası
desperate;Adjective;B2;ümidsiz
despite;prep;B1;rəğmən
destination;Noun;B1;təyinat
destroy;Verb;A2;məhv etmək
detail;Noun Verb;A1, B2;detal
detailed;Adjective;B2;ətraflı
detect;Verb;B2;aşkar
detective;Noun;A2;detektiv
determine;Verb;B1;müəyyənləşdirmək
determined;Adjective;B1;müəyyən
develop;Verb;A2;inkişaf
development;Noun;B1;inkişaf
device;Noun;A2;qurğu
diagram;Noun;B1;diaqram
dialogue;Noun;A1;dialoq
diamond;Noun;B1;almaz
diary;Noun;A2;gündəlik
dictionary;Noun;A1;lüğət
die;Verb;A1;ölmək
diet;Noun;A1;pəhriz
difference;Noun;A1;fərq
different;Adjective;A1;müxtəlif
differently;Adverb;A2;fərqli
difficult;Adjective;A1;çətin
difficulty;Noun;B1;çətinlik
dig;Verb;B2;qazmaq
digital;Adjective;A2;rəqəmsal
dinner;Noun;A1;nahar
direct;Adjective, Verb Adverb;A2, B1;birbaşa
direction;Noun;A2;istiqamət
directly;Adverb;B1;bilavasitə
director;Noun;A2;direktor
dirt;Noun;B1;kir
dirty;Adjective;A1;çirkli
Dis Adverbantage;Noun;B1;Dis Adverbantage
disagree;Verb;A2;razı deyiləm
disappear;Verb;A2;yox
disappointed;Adjective;B1;məyus
disappointing;Adjective;B1;Acınacaqlı
disaster;Noun;A2;fəlakət
disc;Noun;B2;disk
discipline;Noun;B2;intizam
discount;Noun Verb;B1, B2;güzəşt
discover;Verb;A2;kəşf etmək
discovery;Noun;A2;kəşf
discuss;Verb;A1;müzakirə etmək
discussion;Noun;A2;müzakirə
disease;Noun;A2;xəstəlik
dish;Noun;A1;xörək
dishonest;Adjective;B2;riyakar
dislike;Verb Noun;B1;zəhlə tökmək
dismiss;Verb;B2;azad
display;Verb Noun;B2;göstərmək
distance;Noun;A2;məsafə
distribute;Verb;B2;yaymaq
distribution;Noun;B2;paylanma
district;Noun;B2;rayon
divide;Verb Noun;B1, B2;bölmək
division;Noun;B2;bölmə
divorced;Adjective;A2;boşanmış
do;Verb auxiliary verb;A1;etmək
doctor;Noun;A1;həkim
document;Noun Verb;A2, B2;sənəd
documentary;Noun;B1;sənədli
dog;Noun;A1;it
dollar;Noun;A1;dollar
domestic;Adjective;B2;daxili
dominate;Verb;B2;hakim
donate;Verb;B1;ianə vermək
door;Noun;A1;qapı
double;Adjective det. proNoun Verb , Adverb;A2, B1;ikiqat
doubt;Noun Verb;B1;şübhə
down;Adverb Prep;A1;aşağı
download;Verb Noun;A2;download
downstairs;Adverb , Adjective;A1, A2;altda
downwards;Adverb;B2;üzüaşağı
dozen;Noun det;B2;çox
draft;Noun Verb;B2;layihə
drag;Verb;B2;drag
drama;Noun;A2;Drama
dramatic;Adjective;B2;dramatik
draw;Verb;A1;çəkmək
drawing;Noun;A2;rəsm
dream;Noun Verb;A2;yuxu
dress;Noun Verb;A1;don
dressed;Adjective;B1;geyimli
drink;Noun Verb;A1;içki
drive;Verb Noun;A1, A2;drive
driver;Noun;A1;sürücü
driving;Noun;A2;sürücülük
drop;Verb Noun;A2, B1;damcı
drug;Noun;A2;narkotik
drum;Noun;B1;drum
drunk;Adjective;B1;sərxoş
dry;Adjective, Verb;A2;quru
due;Adjective;B1;görə
during;prep;A1;ərzində
dust;Noun;B1;toz
duty;Noun;B1;vəzifə
DVD;Noun;A1;DVD
each;det./proNoun/Adverb;A1;hər
ear;Noun;A1;qulaq
early;Adjective Adverb;A1;erkən
earn;Verb;A2;qazanmaq
earth;Noun;A2;yer
earthquake;Noun;B1;zəlzələ
easily;Adverb;A2;asanlıqla
east;Noun Adjective Adverb;A1;şərq
eastern;Adjective;B1;şərq
easy;Adjective;A1;asan
eat;Verb;A1;yemək
economic;Adjective;B1;iqtisadi
economy;Noun;B1;iqtisadiyyat
edge;Noun;B1;kənar
edit;Verb;B2;redaktə etmək
edition;Noun;B2;nəşr
editor;Noun;B1;Redaktor
educate;Verb;B1;təhsil
educated;Adjective;B1;təhsilli
education;Noun;A2;təhsil
educational;Adjective;B1;təhsil
effect;Noun;A2;effekt
effective;Adjective;B1;təsirli
effectively;Adverb;B1;səmərəli
efficient;Adjective;B2;səmərəli
effort;Noun;B1;səy
egg;Noun;A1;yumurta
eight;number;A1;səkkiz
eighteen;number;A1;on səkkiz
eighty;number;A1;səksən
either;det./proNoun Adverb;A2;ya
elderly;Adjective;B2;yaşlı
elect;Verb;B2;seçmək
election;Noun;B1;seçki
electric;Adjective;A2;elektrik
electrical;Adjective;A2;elektrik
electricity;Noun;A2;elektrik
electronic;Adjective;A2;elektron
element;Noun;B1;element
elephant;Noun;A1;fil
eleven;number;A1;on bir
else;Adverb;A1;daha
elsewhere;Adverb;B2;başqa
email;Noun Verb;A1;e-poçt
embarrassed;Adjective;B1;xəcalətli
embarrassing;Adjective;B1;utancaq
emerge;Verb;B2;ortaya
emergency;Noun;B1;təcili
emotion;Noun;B1;emosiya
emotional;Adjective;B2;ruhi
emphasis;Noun;B2;vurğu
emphasize;Verb;B2;vurğulamaq
employ;Verb;A2;işə
employee;Noun;A2;əməkdaş
employer;Noun;A2;işəgötürən
employment;Noun;B1;məşğulluq
empty;Adjective, Verb;A2, B1;boş
enable;Verb;B2;imkan
encounter;Verb Noun;B2;qarşılaşma
encourage;Verb;B1;həvəsləndirmək
end;Noun Verb;A1;son
ending;Noun;A2;bitən
enemy;Noun;B1;düşmən
energy;Noun;A2;enerji
engage;Verb;B2;məşğul
engaged;Adjective;B1;nişanlı
engine;Noun;A2;mühərrik
engineer;Noun;A2;mühəndis
engineering;Noun;B1;mühəndislik
enhance;Verb;B2;artırmaq
enjoy;Verb;A1;zövq almaq
enormous;Adjective;A2;böyük
enough;det. proNoun Adverb;A1;yetər
enquiry;Noun;B2;araşdırma
ensure;Verb;B2;təmin etmək
enter;Verb;A2;girmək
entertain;Verb;B1;entertain
entertainment;Noun;B1;əyləncə
enthusiasm;Noun;B2;həvəs
enthusiastic;Adjective;B2;həvəsli
entire;Adjective;B2;bütöv
entirely;Adverb;B2;bütövlükdə
entrance;Noun;B1;giriş qapısı
entry;Noun;B1;giriş
environment;Noun;A2;ətraf mühit
environmental;Adjective;B1;ekoloji
episode;Noun;B1;epizod
equal;Adjective, Verb Noun;B1, B2;bərabər
equally;Adverb;B1;bərabər
equipment;Noun;A2;avadanlıq
error;Noun;A2;səhv
escape;Verb Noun;B1;xilas
especially;Adverb;A2;xüsusilə
essay;Noun;A2;inşa
essential;Adjective;B1;əsas
establish;Verb;B2;yaratmaq
estate;Noun;B2;əmlak
estimate;Verb Noun;B2;qiymət
ethical;Adjective;B2;əxlaqi
euro;Noun;A1;avro
evaluate;Verb;B2;qiymətləndirmək
even;AdVerb Adjective;A1, B2;hətta
evening;Noun;A1;axşam
event;Noun;A1;hadisə
eventually;Adverb;B1;nəhayət
ever;Adverb;A1;heç
every;det;A1;hər
everybody;proNoun;A1;hər kəs
everyday;Adjective;A2;hər gün
everyone;proNoun;A1;hər kəs
everything;proNoun;A1;hər şey
everywhere;Adverb;A2;hər yerdə
evidence;Noun;A2;sübut
evil;Adjective, Noun;B2;bəla
exact;Adjective;A2;dəqiq
exactly;Adverb;A2;dəqiq
exam;Noun;A1;imtahan
examination;Noun;B2;müayinə
examine;Verb;B1;yoxlamaq
example;Noun;A1;misal
excellent;Adjective;A2;əla
except;prep, conj;A2, B1;istisna
exchange;Noun Verb;B1;mübadilə
excited;Adjective;A1;həyəcanlı
excitement;Noun;B1;həyəcan
exciting;Adjective;A1;maraqlı
excuse;Noun Verb;B2;bəhanə
executive;Noun Adjective;B2;icraedici
exercise;Noun Verb;A1;həyata
exhibition;Noun;B1;sərgi
exist;Verb;A2;mövcüd olmaq
existence;Noun;B2;varlıq
expand;Verb;B1;genişləndirmək
expect;Verb;A2;gözləmək
expectation;Noun;B2;intizar
expected;Adjective;B1;gözlənilən
expedition;Noun;B1;ekspedisiya
expense;Noun;B2;xərc
expensive;Adjective;A1;bahalı
experience;Noun Verb;A2, B1;təcrübə
experienced;Adjective;B1;təcrübəli
experiment;Noun Verb;A2, B1;təcrübə
expert;Noun Adjective;A2;ekspert
explain;Verb;A1;açıqlamaq
explanation;Noun;A2;şərh
explode;Verb;B1;partlamaq
exploration;Noun;B2;kəşfiyyat
explore;Verb;B1;araşdırmaq
explosion;Noun;B1;partlayış
export;Noun Verb;B1;ixrac
expose;Verb;B2;ifşa etmək
express;Verb;A2;express
expression;Noun;A2;ifadə
extend;Verb;B2;uzatmaq
extent;Noun;B2;dərəcə
external;Adjective;B2;xarici
extra;Adjective, Noun Adverb;A1, B1;əlavə
extraordinary;Adjective;B2;qeyri-adi
extreme;Adjective, Noun;A2, B2;ifrat
extremely;Adverb;A2;son dərəcə
eye;Noun;A1;göz
face;Noun Verb;A1, B1;üz
facility;Noun;B2;Təsis
fact;Noun;A1;fakt
factor;Noun;A2;amil
factory;Noun;A2;zavod
fail;Verb;A2;Fail
failure;Noun;B2;uğursuzluq
fair;Adjective;A2;ədalətli
fairly;Adverb;B1;xeyli
faith;Noun;B2;iman
fall;Verb Noun;A1, A2;düşmək
 ;Adjective;A1;SAXTA
familiar;Adjective;B1;tanış
family;Noun Adjective;A1;ailə
famous;Adjective;A1;məşhur
fan;Noun;A2;azarkeş
fancy;Verb Adjective;B1;xülya
fantastic;Adjective;A1;fantastik
far;Adverb , Adjective;A1, B1;uzaq
farm;Noun Verb;A1, A2;ferma
farmer;Noun;A1;fermer
farming;Noun;A2;kənd təsərrüfatı
fascinating;Adjective;B1;cazibədar
fashion;Noun;A2;dəb
fashionable;Adjective;B1;dəbli
fast;Adjective, Adverb;A1;sürətli
fasten;Verb;B1;bağlamaq
fat;Adjective, Noun;A1, A2;yağ
father;Noun;A1;ata
fault;Noun;B2;günah
favour;Noun Verb;B1, B2;yaxşılıq
favourite;Adjective, Noun;A1;Sevimli
fear;Noun Verb;A2, B1;qorxu
feather;Noun;B2;lələk
feature;Noun Verb;A2, B1;xüsusiyyət
February;Noun;A1;fevral
fee;Noun;B2;haqq
feed;Verb Noun;A2, B2;yem
feedback;Noun;B2;Əlaqə
feel;Verb Noun;A1, B2;hiss
feeling;Noun;A1;hiss
fellow;Adjective;B2;fellow
female;Adjective, Noun;A2;qadın
fence;Noun;B1;hasar
festival;Noun;A1;şənlik
few;det./Adjective, proNoun;A1;az
fiction;Noun;A2;uydurma
field;Noun;A2;sahə
fifteen;number;A1;on beş
fifth;number;A1;beşinci
fifty;number;A1;əlli
fight;Verb Noun;A2;mübarizə
fighting;Noun;B1;döyüş
figure;Noun Verb;A2, B2;rəqəm
file;Noun Verb;B1, B2;fayl
fill;Verb;A1;fill
film;Noun Verb;A1, A2;film
final;Adjective, Noun;A1, A2;final
finally;Adverb;A2;nəhayət
finance;Noun Verb;B2;maliyyə
financial;Adjective;B1;maliyyə
find;Verb;A1;tapmaq
finding;Noun;B2;tapıntı
fine;Adjective;A1;gözəl
finger;Noun;A2;barmaq
finish;Verb Noun;A1, A2;finiş
fire;Noun Verb;A1, B1;yanğın
firm;Noun;B2;möhkəm
first;det./number.AdVerb Noun;A1, A2;ilk
firstly;Adverb;A2;əvvəla
fish;Noun Verb;A1, A2;balıq
fishing;Noun;A2;balıqçılıq
fit;Verb Adjective;A2;uyğun
fitness;Noun;B1;yararlılıq
five;number;A1;beş
fix;Verb Noun;A2, B2;fix
fixed;Adjective;B1;sabit
flag;Noun;B1;bayraq
flame;Noun;B2;alov
flash;Noun Verb;B2;flash
flat;Noun Adjective;A1, A2;düz
flexible;Adjective;B2;flexible
flight;Noun;A1;uçuş
float;Verb;B2;sal
flood;Noun Verb;B1;daşqın
floor;Noun;A1;mərtəbə
flour;Noun;B1;un
flow;Verb Noun;B1;axın
flower;Noun;A1;gül
flu;Noun;A2;qrip
fly;Verb Noun;A1, A2;uçmaq
flying;Noun Adjective;A2;uçan
focus;Verb Noun;A2;fokus
fold;Verb Noun;B1, B2;qat
folding;Adjective;B2;qatlama
folk;Noun Adjective;B1;xalq
follow;Verb;A1;izləmək
following;Adjective, Noun prep;A2, B1, B2;aşağıdakı
food;Noun;A1;qida
foot;Noun;A1;ayaq
football;Noun;A1;football
for;prep.;A1;üçün
force;NounVerb;B1;güc
foreign;Adjective;A2;xarici
forest;Noun;A2;meşə
forever;Adverb;B1;əbədi
forget;Verb;A1;unutmaq
forgive;Verb;B2;bağışlamaq
fork;Noun;A2;çəngəl
form;NounVerb;A1;forma
formal;Adjective;A2;formal
former;Adjective;B2;keçmiş
fortunately;Adverb;A2;xoşbəxtlikdən
fortune;Noun;B2;bəxt
forty;number;A1;qırx
forward;AdVerb Adjective;A2, B2;irəli
found;Verb;B2;aşkar
four;number;A1;dörd
fourteen;number;A1;on dörd
fourth;number;A1;dördüncü
frame;NounVerb;B1;çərçivə
free;Adjective, AdVerb Verb;A1,A2,B2;pulsuz
freedom;Noun;B2;azadlıq
freeze;Verb;B1;dondurmaq
frequency;Noun;B2;tezlik
frequently;Adverb;B1;tez-tez
fresh;Adjective;A2;təzə
Friday;Noun;A1;cümə
fridge;Noun;A2;soyuducu
friend;Noun;A1;dost
friendly;Adjective;A1;dostluq
friendship;Noun;B1;dostluq
frighten;Verb;B1;qorxutmaq
frightened;Adjective;B1;qorxutdu
frightening;Adjective;B1;qorxutma
frog;Noun;A2;qurbağa
from;prep;A1;etibarən
front;Noun Adjective;A1;ön
frozen;Adjective;B1;dondurulmuş
fruit;Noun;A1;meyvə
fry;Verb;B1;qızartmaq
fuel;Noun Verb;B1, B2;yanacaq
full;Adjective;A1;tam
fully;Adverb;B2;tam
fun;Noun Adjective;A1, A2;əyləncə
function;Noun Verb;B1, B2;funksiyası
fund;Noun Verb;B2;Fond
fundamental;Adjective;B2;Əsas
funding;Noun;B2;maliyyə
funny;Adjective;A1;məzəli
fur;Noun;B1;Xəz
furniture;Noun;A2;mebel
further;Adjective, Adverb;A2, B1;daha
furthermore;Adverb;B2;əlavə
future;Noun Adjective;A1, A2;gələcək
gain;Verb Noun;B2;mənfəət
gallery;Noun;A2;qalereya
game;Noun;A1;oyun
gang;Noun;B2;Banda
gap;Noun;A2;gap
garage;Noun;B1;qaraj
garden;Noun;A1;bağ
gas;Noun;A2;qaz
gate;Noun;A2;darvaza
gather;Verb;B1;toplamaq
general;Adjective;A2;ümumi
generally;Adverb;B1;ümumən
generate;Verb;B2;yaratmaq
generation;Noun;B1;nəsil
generous;Adjective;B1;səxavətli
genre;Noun;B2;janr
gentle;Adjective;B1;mülayim
gentleman;Noun;B1;centlmen
geography;Noun;A1;coğrafiya
get;Verb;A1;get
ghost;Noun;B1;xəyal
giant;Adjective, Noun;B1;nəhəng
gift;Noun;A2;hədiyyə
girl;Noun;A1;qız
girlfriend;Noun;A1;girlfriend
give;Verb;A1;vermək
glad;Adjective;B1;şad
glass;Noun;A1;şüşə
global;Adjective;B1;qlobal
glove;Noun;B1;əlcək
go;Verb Noun;A1, B1;go
goal;Noun;A2;məqsəd
God;Noun;A2;Allah
gold;Noun Adjective;A2;qızıl
golf;Noun;A2;golf
good;Adjective, Noun;A1, A2;yaxşı
goodbye;exclam. Noun;A1;goodbye
goods;Noun;B1;mal
govern;Verb;B2;idarə etmək
government;Noun;A2;hökümət
grab;Verb;B2;qamarlamaq
grade;Noun Verb;B1, B2;sinif
gradually;Adverb;B2;tədricən
graduate;Noun Verb;B1;məzun
grain;Noun;B1;taxıl
grand;Adjective;B2;böyük
grandfather;Noun;A1;baba
grandmother;Noun;A1;nənə
grandparent;Noun;A1;grandparent
grant;Verb Noun;B2;qrant
grass;Noun;A2;ot
grateful;Adjective;B1;minnətdar
great;Adjective;A1;böyük
green;Adjective, Noun;A1;yaşıl
greet;Verb;A2;Greet
grey;Adjective, Noun;A1;Boz
ground;Noun;A2;torpaq
group;Noun;A1;qrup
grow;Verb;A1;böyümək
growth;Noun;B1;artım
guarantee;Verb Noun;B2;zəmanət
guard;Noun Verb;B1;gözətçi
guess;Verb Noun;A1;tapmaq
guest;Noun;A2;Qonaq
guide;Noun Verb;A2;guide
guilty;Adjective;B1;müqəssir
guitar;Noun;A1;gitara
gun;Noun;A2;top
guy;Noun;A2;oğlan
gym;Noun;A1;idman zalı
habit;Noun;A2;vərdiş
hair;Noun;A1;saç
half;Noundet.proNoun, Adverb;A1, A2;yarım
hall;Noun;A2;zal
hand;Noun Verb;A1, B1;əl
handle;Verb Noun;B2;Dəstəyin
hang;Verb;B1;asmaq
happen;Verb;A1;baş
happily;Adverb;A2;məsud
happiness;Noun;B1;xoşbəxtlik
happy;Adjective;A1;xoşbəxt
hard;Adjective, Adverb;A1;çətin
hardly;Adverb;B1;güclə
harm;Noun Verb;B2;zərər
harmful;Adjective;B2;zərərli
hat;Noun;A1;papaq
hate;Verb Noun;A1, B1;nifrət
have;Verb auxiliary Verb;A1, A2;var
have to modal;Verb;A1;Bürc modal
he;proNoun;A1;o
head;Noun Verb;A1, B1;baş
headache;Noun;A2;Baş ağrısı
headline;Noun;B1;başlıq
health;Noun;A1;sağlamlıq
healthy;Adjective;A1;sağlam
hear;Verb;A1;eşitmək
hearing;Noun;B2;məhkəmə
heart;Noun;A2;ürək
heat;Noun Verb;A2;istilik
heating;Noun;B1;qızdırıcı
heaven;Noun;B2;Cənnət
heavily;Adverb;B1;ağır
heavy;Adjective;A2;ağır
heel;Noun;B2;daban
height;Noun;A2;hündürlük
helicopter;Noun;B1;vertolyot
hell;Noun;B2;cəhənnəm
hello;exclam./Noun;A1;Salam
help;Verb Noun;A1;kömək
helpful;Adjective;A2;faydalı
her;proNoundet;A1;öz
here;Adverb;A1;burada
hero;Noun;A2;qəhrəman
hers;proNoun;A2;onunku
herself;proNoun;A2;özü
hesitate;Verb;B2;tərəddüd
hey;exclam;A1;Ə
hi;exclam;A1;hi
hide;Verb;A2;hide
high;Adjective, AdVerb Noun;A1, A2, B2;yüksək
highlight;Verb Noun;B1;məqamı
highly;Adverb;B1;yüksək
hill;Noun;A2;təpə
him;proNoun;A1;Ona
himself;proNoun;A2;özü
hire;Verb Noun;B1, B2;hire
his;det. proNoun;A1, A2;onun
historic;Adjective;B1;tarixi
historical;Adjective;B1;tarixi
history;Noun;A1;tarix
hit;Verb Noun;A2;hit
hobby;Noun;A1;tərlan
hockey;Noun;A2;xokkey
hold;Verb Noun;A2, B2;hold
hole;Noun;A2;dəlik
holiday;Noun;A1;bayram
hollow;Adjective;B2;içiboş
holy;Adjective;B2;müqəddəs
home;Noun AdVerb Adjective;A1, A2;ev
homework;Noun;A1;ev tapşırığı
honest;Adjective;B1;vicdanlı
honour;Noun Verb;B2;şərəf
hope;Verb Noun;A1, A2;ümid
horrible;Adjective;B1;dəhşətli
horror;Noun;B1;dəhşət
horse;Noun;A1;at
hospital;Noun;A1;xəstəxana
host;Noun Verb;B1, B2;ev sahibi
hot;Adjective;A1;isti
hotel;Noun;A1;otel
hour;Noun;A1;saat
house;Noun Verb;A1, B2;ev
household;Noun;B2;ev
housing;Noun;B2;mənzil
how;Adverb;A1;Necə
however;Adverb;A1;lakin
huge;Adjective;A2;böyük
human;Adjective, Noun;A2;insan
humorous;Adjective;B2;yumoristik
humour;Noun;B2;yumor
hundred;number;A1;yüz
hungry;Adjective;A1;ac
hunt;Verb Noun;B1, B2;ov
hunting;Noun;B2;ov
hurricane;Noun;B1;qasırğa
hurry;Noun Verb;B1;tələsmək
hurt;Verb Adjective Noun;A2, B2;zərər
husband;Noun;A1;ər
I;proNoun;A1;mən
ice;Noun;A1;buz
ice cream;Noun;A1;Dondurma
idea;Noun;A1;fikir
ideal;Adjective , Noun;A2, B2;ideal
identify;Verb;A2;müəyyən
identity;Noun;B1;identiklik
if;conj.;A1;əgər
ignore;Verb;B1;məhəl qoymamaq
ill;Adjective;A2;xəstə
illegal;Adjective;B1;qanunsuz
illness;Noun;A2;xəstəlik
illustrate;Verb;B2;göstərmək
illustration;Noun;B2;illüstrasiya
image;Noun;A2;təsvir
imaginary;Adjective;B1;xəyali
imagination;Noun;B2;təxəyyül
imagine;Verb;A1;təsəvvür etmək
immediate;Adjective;B1;yaxın
immediately;Adverb;A2;dərhal
immigrant;Noun;B1;immiqrant
impact;Noun Verb;B1;təsir
impatient;Adjective;B2;səbirsiz
imply;Verb;B2;demək
import;Noun Verb;B1;idxal
importance;Noun;B1;əhəmiyyət
important;Adjective;A1;əhəmiyyətli
impose;Verb;B2;tətbiq
impossible;Adjective;A2;qeyri-mümkün
impress;Verb;B2;İMPRESS
impressed;Adjective;B2;heyran
impression;Noun;B1;təəssürat
impressive;Adjective;B1;təsirli
improve;Verb;A1;təkmilləşdirmək
improvement;Noun;B1;yaxşılaşdırma
in;prep., Adverb;A1;ilə
inch;Noun;B2;qarış
incident;Noun;B2;Hadisə
include;Verb;A1;daxildir
included;Adjective;A2;daxil
including;prep.;A2;o cümlədən
income;Noun;B2;gəlir
increase;Verb Noun;A2;artırmaq
increasingly;Adverb;B2;getdikcə
incredible;Adjective;A2;inanılmaz
incredibly;Adverb;B1;inanılmaz
indeed;Adverb;B1;həqiqətən
independent;Adjective;A2;müstəqil
indicate;Verb;B1;göstərmək
indirect;Adjective;B1;dolayı
individual;Noun, adj;A2;fərdi
indoor;Adjective;B1;otaq
indoors;Adverb;B1;otaqda
industrial;Adjective;B2;sənaye
industry;Noun;A2;sənaye
infection;Noun;B2;infeksiya
influence;NounVerb;B1;təsir
inform;Verb;B2;bildirmək
informal;Adjective;A2;qeyri-rəsmi
information;Noun;A1;məlumat
ingredient;Noun;B1;tərkib hissəsi
initial;Adjective;B2;ilkin
initially;Adverb;B2;ilkin
initiative;Noun;B2;təşəbbüs
injure;Verb;B1;Yaralı
injured;Adjective;B1;yaralı
injury;Noun;A2;zədə
inner;Adjective;B2;daxili
innocent;Adjective;B1;günahsız
insect;Noun;A2;həşərat
inside;prep.Adverb Noun Adjective;A2;içəri
insight;Noun;B2;fikir
insist;Verb;B2;təkid
inspire;Verb;B2;Inspire
install;Verb;B2;yüklemek
instance;Noun;B2;instansiya
instead;Adverb;A2;yerinə
institute;Noun;B2;institut
institution;Noun;B2;müəssisə
instruction;Noun;A2;təlim
instructor;Noun;A2;təlimatçı
instrument;Noun;A2;alət
insurance;Noun;B2;sığorta
intelligence;Noun;B1;kəşfiyyat
intelligent;Adjective;A2;ağıllı
intend;Verb;B1;niyyətindədirlər
intended;Adjective;B2;nəzərdə tutulan
intense;Adjective;B2;gərgin
intention;Noun;B1;niyyət
interest;Noun Verb;A1;maraq
interested;Adjective;A1;maraqlı
interesting;Adjective;A1;maraqlı
internal;Adjective;B2;daxili
international;Adjective;A2;beynəlxalq
internet;Noun;A1;internet
interpret;Verb;B2;şərh
interrupt;Verb;B2;interrupt
interview;Noun Verb;A1;müsahibə
into;prep.;A1;içinə
introduce;Verb;A1;tanıtmaq
introduction;Noun;A2;giriş
invent;Verb;A2;uydurmaq
invention;Noun;A2;ixtira
invest;Verb;B1;Invest
investigate;Verb;B1;araşdırmaq
investigation;Noun;B2;istintaq
investment;Noun;B2;investisiya
invitation;Noun;A2;dəvət
invite;Verb;A2;dəvət etmək
involve;Verb;A2;əhatə etmək
involved;Adjective;B1;cəlb
iron;Noun Verb;B1;dəmir
island;Noun;A1;ada
issue;Noun, Verb;B1, B2;problem
IT;Noun;B1;O
it;proNoun;A1;o
item;Noun;A2;maddə
its;det.;A1;onun
itself;proNoun;A2;özü
jacket;Noun;A1;jaket
jam;Noun;A2;mürəbbə
January;Noun;A1;yanvar
jazz;Noun;A2;caz
jeans;Noun;A1;jeans
jewellery;Noun;A2;zərgərlik
job;Noun;A1;iş
join;Verb;A1;qoşulmaq
joke;Noun Verb;A2;zarafat
journal;Noun;B1;jurnal
journalist;Noun;A2;jurnalist
journey;Noun;A1;səfər
joy;Noun;B2;sevinc
judge;Noun Verb;B1;hakim
judgement;Noun;B2;qərar
juice;Noun;A1;şirə
July;Noun;A1;iyul
jump;Verb Noun;A2;tullanmaq
June;Noun;A1;iyun
junior;Adjective;B2;kiçik
just;Adverb;A1;yalnız
justice;Noun;B2;ədalət
justify;Verb;B2;haqq qazandırmaq
keen;Adjective;B1;iti
keep;Verb;A1;saxlamaq
key;Noun, Adjective Verb;A1, B1;açar
keyboard;Noun;B1;klaviatura
kick;Verb Noun;B1;zərbə
kid;Noun;A2;oğlaq
kill;Verb;A2;öldürmək
killing;Noun;B1;öldürücü
kilometre;Noun;A1;kilometr
kind(type);Noun;A1;cür (növü)
kind(caring);Adjective;B1;cür (qayğıkeş)
king;Noun;A2;kral
kiss;Verb Noun;B1;öpüş
kitchen;Noun;A1;mətbəx
knee;Noun;A2;diz
knife;Noun;A2;bıçaq
knock;Verb , Noun;A2, B1;döymək
know;Verb;A1;bilirəm
knowledge;Noun;A2;bilik
lab;Noun;A2;laboratoriya
label;Noun Verb;B1;etiket
laboratory;Noun;B1;laboratoriya
labour;Noun;B2;əmək
lack;Noun Verb;B1;əskiklik
lady;Noun;A2;xanım
lake;Noun;A2;göl
lamp;Noun;A2;lampa
land;Noun, Verb;A1, A2;quru
landscape;Noun;B2;mənzərə
language;Noun;A1;dil
laptop;Noun;A2;laptop
large;Adjective;A1;böyük
largely;Adverb;B2;geniş
last1 (final);det., Adverb n;A1, A2;last1 (final)
last1 (taking time);Verb;A2;last1 (vaxt alınmaqla)
late;Adjective Adverb;A1;gec
later;Adverb , Adjective;A1, A2;sonra
latest;Adjective , Noun;B1, B2;son
laugh;Verb Noun;A1;gülüş
laughter;Noun;A2;gülüş
launch;Verb Noun;B2;launch
law;Noun;A2;hüquq
lawyer;Noun;A2;hüquqşünas
lay;Verb;B1;lay
layer;Noun;B1;qat
lazy;Adjective;A2;tənbəl
lead;Verb , Noun;A2, B1;aparıcı
leader;Noun;A2;öndər
leadership;Noun;B2;rəhbərlik
leading;Adjective;B1;aparıcı
leaf;Noun;B1;yarpaq
league;Noun;B2;liqa
lean;Verb;B2;arıq
learn;Verb;A1;öyrənmək
learning;Noun;A2;təlim
least;det./proNoun Adverb;A2;ən azı
leather;Noun;B1;dəri
leave;Verb , Noun;A1, B2;məzuniyyət
lecture;Noun Verb;A2;mühazirə
left;Adjective Adverb Verb;A1;sol
leg;Noun;A1;ayaq
legal;Adjective;B1;hüquqi
leisure;Noun;B1;asudə
lemon;Noun;A2;limon
lend;Verb;A2;borc vermək
length;Noun;B1;uzunluq
less;det./pro Noun Adverb;A2;az
lesson;Noun;A1;dərs
let;Verb;A1;qoy
letter;Noun;A1;məktub
level;Noun, Adjective , Verb;A2, B1, B2;səviyyə
library;Noun;A1;kitabxana
licence;Noun;B2;lisenziya
lie;Verb;A1;yalan
lie;Verb Noun;B2;yalan
life;Noun;A1;həyat
lifestyle;Noun;A2;həyat tərzi
lift;Verb;Noun;lift
light (from the sun/a lamp);Noun Adverb , Verb;A1, A2;işıq (günəş / a lampa)
light (not heavy);Adjective;A2;işıq (ağır)
like (similar);prep.;A1;kimi (oxşar)
like (find sb/sth pleasant);Verb , n;A1, B1;kimi (SB / sth xoş tapmaq)
Noun;B1; ;isim
likely;Adjective;A2;çox güman ki,
limit;Noun Verb;B1;sərhəd
limited;Adjective;B2;məhdud
line;Noun, Verb;A1, B2;xətt
link;Noun Verb;A2;əlaqə
lion;Noun;A1;aslan
lip;Noun;B1;dodaq
liquid;Noun Adjective;B1;maye
list;Noun Verb;A1;siyahı
listen;Verb;A1;dinləmək
listener;Noun;A2;dinləyici
literature;Noun;B1;ədəbiyyat
little;Adjective det./proNoun, Adverb;A1, A2;az
live1;Verb;A1;live1
live2;Adjective Adverb;B1;live2
lively;Adjective;B2;canlı
living;Adjective Noun;B1;yaşayış
load;Noun Verb;B2;yük
loan;Noun;B2;kredit
local;Adjective , Noun;A1, B1;yerli
locate;Verb;B1;tapmaq
located;Adjective;B1;Şirkətin
location;Noun;B1;yeri
lock;Verb Noun;A2;bağlamaq
logical;Adjective;B2;məntiqi
lonely;Adjective;B1;tənha
long;Adjective Adverb;A1;uzun
long-term;Adjective Adverb;B2;uzun müddətli
look;Verb , Noun;A1, A2;baxmaq
loose;Adjective;B2;itirməyə
lord;Noun;B2;hökmdar
lorry;Noun;A2;Yük maşını
lose;Verb;A1;itirmək
loss;Noun;B1;zərər
lost;Adjective;A2;itirilmiş
lot;proNoun det. Adverb;A1;çox
loud;Adjective Adverb;A2;uca
loudly;Adverb;A2;ucadan
love;Noun Verb;A1;sevgi
lovely;Adjective;A2;lovely
low;Adjective Adverb , n;A2, B2;aşağı
lower;Verb;B2;aşağı
luck;Noun;A2;xoşbəxtlik
lucky;Adjective;A2;uğurlu
lunch;Noun;A1;günorta yeməyi
lung;Noun;B2;ağciyər
luxury;Noun;B1;dəbdəbəli
machine;Noun;A1;maşın
mad;Adjective;B1;dəli
magazine;Noun;A1;jurnal
magic;Noun Adjective;B1;sehrli
mail;Noun Verb;A2;poçt
main;Adjective;A1;əsas
mainly;Adverb;B1;əsasən
maintain;Verb;B2;saxlamaq
major;Adjective;A2;major
majority;Noun;B2;əksəriyyət
make;Verb , Noun;A1, B2;etmək
male;Adjective Noun;A2;kişi
mall;Noun;B1;mall
man;Noun;A1;insan
manage;Verb;A2;idarə
management;Noun;B1;idarə
manager;Noun;A2;manager
manner;Noun;A2;qayda
many;det./proNoun;A1;çox
map;Noun, Verb;A1, B2;map
March;Noun;A1;mart
mark;Verb Noun;A2;işarə
market;Noun, Verb;A1, B1;bazar
marketing;Noun;B1;marketing
marriage;Noun;B1;nigah
married;Adjective;A1;evli
marry;Verb;A2;evlənmək
mass;Noun Adjective;B2;kütləvi
massive;Adjective;B2;kütləvi
master;Noun Verb;B2;usta
match (contest/correspond);Noun Verb;A1;matçı (müsabiqə / uyğundur)
matching;Adjective;B2;uyğun
material;Noun, Adjective;A2, B2;material
mathematics;Noun;A2;riyaziyyat
maths;Noun;A2;riyaziyyat
matter;Noun Verb;A2;maddə
maximum;Adjective Noun;B2;maksimum
May;Noun;A1;Bilər
may modal;Verb;A2;modal bilər
maybe;Adverb;A1;ola bilər
me;proNoun;A1;mən
meal;Noun;A1;yemək
mean;Verb;A1;orta
meaning;Noun;A1;məna
means;Noun;B2;vasitə
meanwhile;Adverb;B1;bu anda
measure;Verb Noun;B1;tədbir
measurement;Noun;B2;ölçü
meat;Noun;A1;ət
media;Noun;A2;media
medical;Adjective;A2;tibbi
medicine;Noun;A2;dərman
medium;Adjective , Noun;B1, B2;mühit
meet;Verb;A1;görüşmək
meeting;Noun;A1;Görüşdə
melt;Verb;B2;ərinti
member;Noun;A1;üzv
memory;Noun;A2;yaddaş
mental;Adjective;B1;ruhi
mention;Verb , Noun;A2, B1;qeyd
menu;Noun;A1;menyu
mess;Noun Verb;B1;dolaşıq
message;Noun;A1;mesaj
metal;Noun;A2;Metal
method;Noun;A2;üsul
metre;Noun;A1;metr
middle;Noun Adjective;A2;orta
midnight;Noun;A1;gecə yarısı
might modal;Verb;A2;modal bilər
mild;Adjective;B1;mülayim
mile;Noun;A1;mil
military;Adjective Noun;B2;hərbi
milk;Noun;A1;süd
million number; ;A1;milyon sayı
mind;Noun Verb;A2;ağıl
mine (belongs to me);proNoun;A2;mina (mənə aiddir)
mine (hole in the ground);Noun;B1;mina (yer deşik)
mineral;Noun;B2;mineral
minimum;Adjective Noun;B2;minimum
minister;Noun;B2;nazir
minor;Adjective;B2;kiçik
minority;Noun;B2;azlıq
minute;Noun;A1;dəqiqə
mirror;Noun;A2;güzgü
miss;Verb;A1;darıxmaq
missing;Adjective;A2;itkin
mission;Noun;B2;missiya
mistake;Noun, Verb;A1, B2;səhv
mix;Verb Noun;B1;mix
mixed;Adjective;B2;qarışıq
mixture;Noun;B1;qarışıq
mobile;Adjective Noun;A2;mobil
model;Noun, Verb;A1, B2;model
modern;Adjective;A1;müasir
modify;Verb;B2;redaktə
moment;Noun;A1;an
Monday;Noun;A1;Bazar ertəsi
money;Noun;A1;pul
monitor;Noun Verb;B2;ekran
monkey;Noun;A2;meymun
month;Noun;A1;ay
mood;Noun;B1;əhval
moon;Noun;A2;ay
moral;Adjective Noun;B2;mənəvi
more;det./proNoun Adverb;A1;daha
morning;Noun;A1;səhər
most;det./proNoun Adverb;A1;ən
mostly;Adverb;A2;əksərən
mother;Noun;A1;ana
motor;Noun Adjective;B2;motor
motorcycle;Noun;A2;motosiklet
mount;Verb;B2;mount
mountain;Noun;A1;dağ
mouse;Noun;A1;siçan
mouth;Noun;A1;Ağız
move;Verb , Noun;A1, B1;hərəkət
movement;Noun;A2;hərəkat
movie;Noun;A1;film
much;det./proNoun Adverb;A1;çox
mud;Noun;B1;palçıq
multiple;Adjective;B2;çox
multiply;Verb;B2;çoxaltmaq
mum;Noun;A1;cici
murder;NounVerb;B1;öldürmək
muscle;Noun;B1;əzələ
museum;Noun;A1;muzey
music;Noun;A1;musiqi
musical;Adjective , Noun;A2, B1;musiqi
musician;Noun;A2;musiqiçi
must modal;Verb;A1;modal lazımdır
my;det.;A1;mənim
myself;proNoun;A2;özüm
mysterious;Adjective;B2;sirli
mystery;Noun;B1;sirr
nail;Noun;B1;dırnaq
name;Noun Verb;A1;ad
narrative;Noun Adjective;B1;povest
narrow;Adjective , Verb;A2, B2;dar
nation;Noun;B1;Millət
national;Adjective , Noun;A2, B2;milli
native;Adjective Noun;B1;doğma
natural;Adjective;A1;təbii
naturally;Adverb;B1;təbii
nature;Noun;A2;təbiət
near;prep. Adjective Adverb;A1;yaxın
nearly;Adverb;A2;təxminən
neat;Adjective;B2;səliqəli
necessarily;Adverb;B1;mütləq
necessary;Adjective;A2;zəruri
neck;Noun;A2;boyun
need;Verb , Noun, modal Verb;A1, A2, B1;ehtiyac
needle;Noun;B1;iynə
negative;Adjective , Noun;A1, B2;mənfi
neighbour;Noun;A1;qonşu
neighbourhood;Noun;B1;qonşuluq
neither;det./proNoun, Adverb;A2, B1;nə
nerve;Noun;B2;sinir
nervous;Adjective;A2;sinir
net;Noun;B1;xalis
network;Noun;A2;şəbəkə
never;Adverb;A1;heç
nevertheless;Adverb;B2;lakin
new;Adjective;A1;yeni
news;Noun;A1;xəbər
newspaper;Noun;A1;qəzet
next;Adjective Adverb , Noun;A1, B1;sonrakı
next to;prep.;A1;növbəti
nice;Adjective;A1;gözəl
night;Noun;A1;gecə
nightmare;Noun;B2;qarabasma
nine;number;A1;doqquz
nineteen;number;A1;on doqquz
ninety;number;A1;doxsan
no;exclam. det.;A1;yox
no one;proNoun;A1;heç kəs
nobody;proNoun;A1;heç kim
noise;Noun;A2;səs
noisy;Adjective;A2;səs-küylü
none;pro Noun;A2;heç kim
nor;conj./Adverb;B1;nə də
normal;Adjective , Noun;A2, B1;normal
normally;Adverb;A2;normal
north;Noun Adjective Adverb;A1;şimal
northern;Adjective;B1;şimal
nose;Noun;A1;burun
not;Adverb;A1;yox
note;Noun Verb;A1, B1;Qeyd
nothing;proNoun;A1;heç bir şey
notice;Verb Noun;A2;xəbərdarlıq
notion;Noun;B2;anlayış
novel;Noun;A2;roman
November;Noun;A1;noyabr
now;Adverb , conj.;A1, B1;İndi
nowhere;Adverb;A2;heç bir yerdə
nuclear;Adjective;B1;atom
number;Noun, Verb;A1, A2;nömrə
numerous;Adjective;B2;çoxlu
nurse;Noun;A1;tibb bacısı
nut;Noun;A2;qoz
obey;Verb;B2;itaət
object;Noun Verb;A1, B2;obyekt
objective;Noun Adjective;B2;obyektiv
obligation;Noun;B2;öhdəlik
observation;Noun;B2;müşahidə
observe;Verb;B2;müşahidə etmək
obtain;Verb;B2;almaq
obvious;Adjective;B1;aşkar
obviously;Adverb;B1;açıq-aydın
occasion;Noun;B1;dəfə
occasionally;Adverb;B2;arabir
occur;Verb;B1;baş
ocean;Noun;A2;okean
o’clock;Adverb;A1;saat
October;Noun;A1;oktyabr
odd;Adjective;B1;tək
of;prep.;A1;of
off;Adverb prep.;A1;off
offence;Noun;B2;cinayət
offend;Verb;B2;incitmək
offensive;Adjective;B2;mənfur
offer;Verb Noun;A2;təklif
office;Noun;A1;katibə
officer;Noun;A2;zabit
official;Adjective , Noun;B1, B2;rəsmi
often;Adverb;A1;tez-tez
oh;exclam.;A1;oh
oil;Noun;A2;yağ
OK;exclam. Adjective /Adverb;A1;tamam
old;Adjective;A1;qoca
old-fashioned;Adjective;B1;köhnə
on;prep. Adverb;A1;haqqında
once;Adverb , conj.;A1, B1;dəfə
one;number-det. proNoun;A1;bir
onion;Noun;A1;soğan
online;Adjective Adverb;A1;onlayn
only;Adjective Adverb;A1;yalnız
onto;prep.;A2;üzərinə
open;Adjective Verb;A1;açıq
opening;Noun;B2;açılış
operate;Verb;B2;fəaliyyət
operation;Noun;B1;əməliyyat
opinion;Noun;A1;rəy
opponent;Noun;B2;rəqib
opportunity;Noun;A2;imkan
oppose;Verb;B2;qarşı durmaq
opposed;Adjective;B2;qarşı
opposite;Adjective Adverb prep. Noun;A1;qarşı
opposition;Noun;B2;müxalifət
option;Noun;A2;seçimi
or;conj.;A1;və ya
orange;Noun Adjective;A1;narıncı
order;Noun Verb;A1;sifariş
ordinary;Adjective;A2;adi siravi
organ;Noun;B2;orqan
organization;Noun;A2;təşkilat
organize;Verb;A2;təşkil etmək
organized;Adjective;B1;mütəşəkkil
organizer;Noun;B1;təşkilatçı
origin;Noun;B2;mənşə
original;Adjective , Noun;A2, B1;orijinal
originally;Adverb;B1;ilk
other;Adjective /proNoun;A1;digər
otherwise;Adverb;B2;başqa cür
ought;modal Verb;B1;sıfır
our;det.;A1;bizim
ours;proNoun;B1;bizim
ourselves;proNoun;A2;özümüz
out;Adverb /prep.;A1;out
outcome;Noun;B2;nəticə
outdoor;Adjective;B1;çöl
outdoors;Adverb;B1;açıq havada
outer;Adjective;B2;xarici
outline;Noun Verb;B2;kontur
outside;Adverb , prep. nouNoun Adjective;A1, A2;xaricində
oven;Noun;A2;Soba
over;prep. Adverb;A1;artıq
overall;Adjective Adverb;B2;Ümumilikdə
owe;Verb;B2;borclu
own;Adjective /proNoun, Verb;A1, A2;öz
owner;Noun;A2;sahib
pace;Noun, Verb;B2;AŞPA
pack;Verb , Noun;A2, B1;paketi
package;Noun, Verb;B1, B2;paket
page;Noun;A1;səhifə
pain;Noun;A2;ağrı
painful;Adjective;B1;ağrılı
paint;Verb Noun;A1;çəkmək
painter;Noun;A2;rəssam
painting;Noun;A1;şəkil
pair;Noun;A1;cüt
palace;Noun;A2;Saray
pale;Adjective;B1;solğun
pan;Noun;B1;tas
panel;Noun;B2;panel
pants;Noun;A2;şalvar
paper;Noun;A1;kağız
paragraph;Noun;A1;paraqraf
parent;Noun;A1;valideyn
park;Noun Verb;A1;park
parking;Noun;A2;park
parliament;Noun;B2;parlament
part;Noun;A1;hissə
participant;Noun;B2;iştirakçı
participate;Verb;B1;iştirak etmək
particular;Adjective;A2;xüsusi
particularly;Adverb;B1;xüsusən
partly;Adverb;B2;qismən
partner;Noun;A1;ortaq
party;Noun;A1;tərəf
pass;Verb , Noun;A2, B1;keçmək
passage;Noun;B2;keçid
passenger;Noun;A2;sərnişin
passion;Noun;B1;ehtiras
passport;Noun;A1;pasport
past;Adjective Noun prep., Adverb;A1, A2;keçmiş
path;Noun;B1;yol
patient;Noun, Adjective;A2, B2;xəstə
pattern;Noun;A2;model
pay;Verb , Noun;A1, A2;pay
payment;Noun;B1;ödəniş
peace;Noun;A2;sülh
peaceful;Adjective;B1;dinc
pen;Noun;A1;qələm
pencil;Noun;A1;karandaş
penny;Noun;A2;quruş
pension;Noun;B2;pensiya
people;Noun;A1;Xalq
pepper;Noun;A1;bibər
per;prep.;A2;başına
per cent;Noun Adjective /Adverb;A2;faiz
percentage;Noun;B1;faiz
perfect;Adjective;A1;mükəmməl
perfectly;Adverb;B1;mükəmməl
perform;Verb;A2;çıxış
performance;Noun;B1;icra
perhaps;Adverb;A2;bəlkə
period;Noun;A1;dövr
permanent;Adjective;B2;daimi
permission;Noun;A2;icazə
permit;Verb Noun;B2;icazə
person;Noun;A1;şəxs
personal;Adjective;A1;şəxsi
personality;Noun;A2;şəxsiyyət
personally;Adverb;B1;şəxsən
perspective;Noun;B2;perspektiv
persuade;Verb;B1;inandırmaq
pet;Noun;A2;pet
petrol;Noun;A2;benzin
phase;Noun;B2;faza
phenomenon;Noun;B2;fenomen
philosophy;Noun;B2;fəlsəfə
phone;Noun Verb;A1;telefon
photo;Noun;A1;Şəkil
photograph;Noun, Verb;A1, A2;fotoşəkil
photographer;Noun;B1;fotoqraf
photography;Noun;B1;fotoqrafiya
phrase;Noun;A1;ifade
physical;Adjective;A2;fiziki
physics;Noun;A2;fizika
piano;Noun;A1;fortepiano
pick;Verb , Noun;A2, B2;yığmaq
picture;Noun, Verb;A1, B2;şəkil
piece;Noun;A1;hissə
pig;Noun;A1;donuz
pile;Noun Verb;B2;qalaq
pilot;Noun;A2;pilot
pin;Noun Verb;B1;pin
pink;Adjective Noun;A1;çəhrayı
pipe;Noun;B1;boru
pitch;Noun;B2;qurmaq
place;Noun Verb;A1, B1;yer
plain;Adjective;B2;düz
plan;Noun Verb;A1;plan
plane;Noun;A1;təyyarə
planet;Noun;A2;planet
planning;Noun;B1;planlaşdırma
plant;Noun Verb;A1, A2;bitki
plastic;Noun Adjective;A2;plastik
plate;Noun;A2;boşqab
platform;Noun;A2;platforma
play;Verb Noun;A1;oynamaq
player;Noun;A1;oyunçu
pleasant;Adjective;B1;xoş
please;exclam., Verb;A1, A2;lütfən
pleased;Adjective;A2;razı
pleasure;Noun;B1;zovq
plenty;proNoun;B1;çox
plot;Noun, Verb;B1, B2;süjet
plus;prep., Adjective conj., Noun;B1, B2;plus
pocket;Noun;A2;cib
poem;Noun;B1;şer
poet;Noun;B1;şair
poetry;Noun;B1;poeziya
point;Noun, Verb;A1, B1;nöqtə
pointed;Adjective;B2;sivri
poison;Noun Verb;B1;zəhər
poisonous;Adjective;B1;zəhərli
police;Noun;A1;polis
policeman;Noun;A1;polis nəfəri
policy;Noun;B1;siyasət
polite;Adjective;A2;nəzakətli
political;Adjective;B1;siyasi
politician;Noun;B1;siyasətçi
politics;Noun;B1;siyasət
pollution;Noun;A2;çirklənməsi
pool;Noun;A1;hovuz
poor;Adjective;A1;yoxsul
pop;Noun Adjective;A2;pop
popular;Adjective;A1;məşhur
popularity;Noun;B2;populyarlıq
population;Noun;A2;əhali
port;Noun;B1;port
portrait;Noun;B1;portret
pose;Verb;B2;duruş
position;Noun, Verb;A2, B2;mövqe
positive;Adjective , Noun;A1, B2;müsbət
possess;Verb;B2;malik
possession;Noun;A2;sahiblik
possibility;Noun;A2;imkan
possible;Adjective;A1;mümkün
possibly;Adverb;B1;bəlkə
post;Noun Verb;A1;post
poster;Noun;A2;Afişa
pot;Noun;B1;qazan
potato;Noun;A1;kartof
potential;Adjective Noun;B2;potensial
pound;Noun;A1;narınlamaq
pour;Verb;B1;tökmək
poverty;Noun;B1;yoxsulluq
powder;Noun;B1;toz
power;Noun, Verb;A2, B2;güc
powerful;Adjective;B1;güclü
practical;Adjective;B1;praktik
practice;Noun;A1;praktika
practise;Verb;A1;praktika
praise;Noun Verb;B2;tərifləmək
pray;Verb;B1;dua etmək
prayer;Noun;B1;namaz
predict;Verb;A2;proqnozlaşdırmaq
prediction;Noun;B1;proqnozlaşdırılması
prefer;Verb;A1;üstünlük
pregnant;Adjective;B2;hamilə
preparation;Noun;B2;hazırlıq
prepare;Verb;A1;hazırlamaq
prepared;Adjective;B1;hazırlanmış
presence;Noun;B2;iştirak
present;Adjective Noun, Verb;A1, A2;indiki
presentation;Noun;B1;təqdimat
preserve;Verb;B2;qorumaq
president;Noun;A2;prezident
press;Verb Noun;B1;mətbuat
pressure;Noun;B1;təzyiq
pretend;Verb;B1;iddia
pretty;Adjective Adverb;A1;yaraşıqlı
prevent;Verb;A2;qarşısını almaq
previous;Adjective;B1;əvvəlki
previously;Adverb;B1;əvvəl
price;Noun, Verb;A1, B2;qiymət
priest;Noun;B1;kahin
primary;Adjective;B1;əsas
prime;Adjective;B2;baş
prince;Noun;B1;şahzadə
princess;Noun;B1;şahzadə
principle;Noun;B2;prinsip
print;Verb , Noun;A2, B2;çap
printer;Noun;A2;Printer
printing;Noun;B1;çap
priority;Noun;B2;prioritet
prison;Noun;A2;həbsxana
prisoner;Noun;B1;məhbus
privacy;Noun;B2;gizlilik
private;Adjective;B1;xüsusi
prize;Noun;A2;Hədiyyə
probably;Adverb;A1;yəqin ki,
problem;Noun;A1;problem
procedure;Noun;B2;üsul
process;Noun, Verb;A2, B2;proses
produce;Verb , Verb;A2, B2;istehsal
producer;Noun;B1;istehsalçı
product;Noun;A1;məhsul
production;Noun;B1;istehsal
profession;Noun;B1;peşə
professional;Adjective , Noun;A2, B2;professional
professor;Noun;A2;professor
profile;Noun;A2;profile
profit;Noun;B1;gəlir
program;Noun, Verb;A2, B1;proqram
programme;Noun;A1;proqram
progress;Noun, Verb;A2, B2;tərəqqi
project;Noun, Verb;A1, B2;layihə
promise;Verb Noun;A2;vəd
promote;Verb;B1;təşviq
pronounce;Verb;A2;tələffüz
proof;Noun;B2;sübut
proper;Adjective;B1;müvafiq
properly;Adverb;B1;lazımi qaydada
property;Noun;B1;əmlak
proposal;Noun;B2;təklif
propose;Verb;B2;təklif etmək
prospect;Noun;B2;kəşfiyyat
protect;Verb;A2;qorumaq
protection;Noun;B2;müdafiə
protest;Noun Verb;B1;etiraz
proud;Adjective;B1;məğrur
prove;Verb;B1;sübut etmək
provide;Verb;A2;təmin
psychologist;Noun;B2;psixoloq
psychology;Noun;B2;psixologiya
pub;Noun;A2;pub
public;Adjective Noun;A2;ictimai
publication;Noun;B2;nəşr
publish;Verb;A2;dərc etmək
pull;Verb , Noun;A2, B1;pull
punish;Verb;B1;cəzalandırmaq
punishment;Noun;B1;cəza
pupil;Noun;B2;şagird
purchase;Noun Verb;B2;Alış
pure;Adjective;B2;təmiz
purple;Adjective Noun;A1;tünd qırmızı
purpose;Noun;A2;məqsəd
pursue;Verb;B2;yürütmək
push;Verb , Noun;A2, B1;təkan
put;Verb;A1;qoy
qualification;Noun;B1;ixtisas
qualified;Adjective;B1;ixtisaslı
qualify;Verb;B1;haqq
quality;Noun;A2;keyfiyyət
quantity;Noun;A2;kəmiyyət
quarter;Noun;A1;dörddəbir
queen;Noun;A2;kraliça
question;Noun, Verb;A1, A2;sual
queue;Noun Verb;B1;queue
quick;Adjective;A1;sürətli
quickly;Adverb;A1;sürətlə
quiet;Adjective;A1;sakit
quietly;Adverb;A2;sakit
quit;Verb;B1;çıxmaq
quite;Adverb;A1;olduqca
quotation;Noun;B1;sitat
quote;Verb Noun;B1;quote
race (competition);NounVerb;A2;irqi (müsabiqə)
race (people);Noun;B1;irqi (nəfər)
racing;Noun;B1;racing
radio;Noun;A1;radio
railway;Noun;A2;dəmir yolu
rain;Noun Verb;A1;yağış
raise;Verb;A2;qaldırmaq
range;Noun, Verb;B1, B2;silsilə
rank;Noun Verb;B2;rütbə
rapid;Adjective;B2;sürətli
rapidly;Adverb;B2;sürətlə
rare;Adjective;B1;nadir
rarely;Adverb;B1;nadir hallarda
rate;Noun, Verb;A2, B2;faiz
rather;Adverb;A2;olduqca
raw;Adjective;B2;xam
reach;Verb , Noun;A2, B2;reach
react;Verb;A2;reaksiya
reaction;Noun;B1;reaksiya
read;Verb;A1;oxumaq
reader;Noun;A1;oxucu
reading;Noun;A1;oxu
ready;Adjective;A1;hazır
real;Adjective;A1;real
realistic;Adjective;B2;real
reality;Noun;B1;reallıq
realize;Verb;A2;dərk
really;Adverb;A1;həqiqətən
reason;Noun;A1;səbəb
reasonable;Adjective;B2;ağlabatan
recall;Verb;B2;xatırlamaq
receipt;Noun;B1;qəbz
receive;Verb;A2;almaq
recent;Adjective;A2;son
recently;Adverb;A2;son vaxtlar
reception;Noun;A2;qəbul
recipe;Noun;A2;resept
recognize;Verb;A2;tanımaq
recommend;Verb;A2;tövsiyə
recommendation;Noun;B1;tövsiyə
record;Noun Verb;A2;rekord
recording;Noun;A2;qeyd
recover;Verb;B2;bərpa
recycle;Verb;A2;təkrar emal
red;Adjective Noun;A1;qırmızı
reduce;Verb;A2;azaltmaq
reduction;Noun;B2;reduksiya
refer;Verb;A2;müraciət
reference;Noun;B1;arayış
reflect;Verb;B1;əks etdirmək
refuse;Verb;A2;imtina
regard;Verb Noun;B2;bağlı
region;Noun;A2;rayon
regional;Adjective;B2;regional
register;Verb Noun;B2;qeydiyyatdan
regret;Verb Noun;B2;təəssüf
regular;Adjective;A2;müntəzəm
regularly;Adverb;B1;müntəzəm
regulation;Noun;B2;nizamlama
reject;Verb;B1;rədd etmək
relate;Verb;B1;əlaqələndirmək
related;Adjective;B1;əlaqədar
relation;Noun;B1;əlaqə
relationship;Noun;A2;əlaqə
relative;Adjective Noun;B1;nisbi
relatively;Adverb;B2;nisbətən
relax;Verb;A1;istirahət
relaxed;Adjective;B1;rahat
relaxing;Adjective;B1;rahat
release;Verb Noun;B1;azad
relevant;Adjective;B2;uyğun
reliable;Adjective;B1;etibarlı
relief;Noun;B2;relyef
religion;Noun;B1;din
religious;Adjective;B1;dini
rely;Verb;B2;güvənmək
remain;Verb;B1;qalmaq
remark;Noun Verb;B2;qeyd
remember;Verb;A1;xatırlamaq
remind;Verb;B1;xatırlatmaq
remote;Adjective;B1;uzaq
remove;Verb;A2;aradan qaldırılması
rent;Noun Verb;B1;icarə
repair;Verb , Noun;A2, B1;təmir
repeat;Verb , Noun;A1, B1;təkrarlamaq
repeated;Adjective;B1;təkrar
replace;Verb;A2;dəyişdirmək
reply;Verb Noun;A2;cavab
report;Noun, Verb;A1, A2;məlumat
reporter;Noun;A2;reportyor
represent;Verb;B1;təqdim etmək
representative;Noun Adjective;B2;nümayəndəsi
reputation;Noun;B2;şöhrət
request;Noun, Verb;A2, B1;tələb
require;Verb;B1;tələb
requirement;Noun;B2;tələb
rescue;Verb Noun;B2;xilas
research;Noun Verb;A2;tədqiqat
researcher;Noun;A2;tədqiqatçı
reservation;Noun;B1;şərt
reserve;Noun Verb;B2;ehtiyat
resident;NounAdjective;B2;rezident
resist;Verb;B2;müqavimət
resolve;Verb;B2;həll
resort;Noun;B2;kurort
resource;Noun;B1;vəsait
respect;Noun Verb;B1;hörmət
respond;Verb;A2;cavab
response;Noun;A2;cavab
responsibility;Noun;B1;məsuliyyət
responsible;Adjective;B1;məsul
rest (remaining part);Noun;A2;istirahət (qalan hissəsi)
rest (sleep/relax);Noun Verb;A2;istirahət (yuxu / istirahət)
restaurant;Noun;A1;restoran
result;Noun, Verb;A1, B1;nəticə
retain;Verb;B2;saxlamaq
retire;Verb;B1;uzaqlaşmaq
retired;Adjective;B1;təqaüdçü
return;Verb Noun;A1;qayıtmaq
reveal;Verb;B2;açmaq
review;Noun Verb;A2;baxış-icmal
revise;Verb;B1;təftiş etmək
revolution;Noun;B2;inqilab
reward;Noun Verb;B2;mükafat
rhythm;Noun;B2;ritm
rice;Noun;A1;düyü
rich;Adjective;A1;zəngin
rid;Verb;B2;xilas
ride;Verb , Noun;A1, A2;Sürmək
right;Adjective Adverb Noun;A1;sağ
ring;Noun;A2;üzük
ring;Verb , Noun;A2, B1;üzük
rise;Verb , Noun;A2, B1;artım
risk;Noun Verb;B1;risk
river;Noun;A1;çay
road;Noun;A1;Yol
robot;Noun;B1;robot
rock (stone);Noun;A2;rock (daş)
rock (music);Noun;A2;rok Musiqi)
role;Noun;A2;rol
roll;Verb Noun;B1;gəzmək
romantic;Adjective;B1;romantik
roof;Noun;A2;dam
room;Noun;A1;otaq
root;Noun;B2;kök
rope;Noun;B1;kəndir
rough;Adjective;B1;kobud
round;Adjective Adverb prep., Noun;A2, B2;dəyirmi
route;Noun;A2;marşrut
routine;Noun, Adjective;A1, B2;gündəlik
row;Noun;B1;sıra
royal;Adjective;B1;kral
rub;Verb;B2;ovuşdurmaq
rubber;Noun Adjective;B2;rezin
rubbish;Noun;A2;zibil
rude;Adjective;A2;nəzakətsiz
rugby;Noun;B1;reqbi
rule;Noun, Verb;A1, B1;qayda
run;Verb , Noun;A1, A2;qaçış
runner;Noun;A2;qaçan
running;Noun;A2;çalışan
rural;Adjective;B2;kənd
rush;Verb Noun;B2;qamış
sad;Adjective;A1;kədərli
sadly;Adverb;A2;kefsiz
safe;Adjective;A2;təhlükəsiz
safety;Noun;B1;təhlükəsizlik
sail;Verb , Noun;A2, B1;yelkən
sailing;Noun;A2;yelkənli
sailor;Noun;B1;dənizçi
salad;Noun;A1;salat
salary;Noun;A2;maaş
sale;Noun;A2;satış
salt;Noun;A1;duz
same;Adjective proNoun Adverb;A1;eyni
sample;Noun, Verb;B1, B2;örnək
sand;Noun;B1;qum
sandwich;Noun;A1;dürtmək
satellite;Noun;B2;peyk
satisfied;Adjective;B2;razı
satisfy;Verb;B2;doydurmaq
Saturday;Noun;A1;şənbə
sauce;Noun;A2;sousu
save;Verb;A2;yadda saxla
saving;Noun;B2;qənaət
say;Verb;A1;demək
scale;Noun;B2;miqyas
scan;Verb;B1;scan
scared;Adjective;A2;qorxutdu
scary;Adjective;A2;scary
scene;Noun;A2;səhnə
schedule;Noun, Verb;A2, B2;cədvəl
scheme;Noun;B2;sxem
school;Noun;A1;məktəb
science;Noun;A1;Elm
scientific;Adjective;B1;elmi
scientist;Noun;A1;alim
score;Verb Noun;A2;hesab
scream;Verb Noun;B2;scream
screen;NounVerb;A2, B2;ekran
script;Noun;B1;yazı
sculpture;Noun;B1;heykəltəraşlıq
sea;Noun;A1;dəniz
search;Noun Verb;A2;axtarış
season;Noun;A2;Mövsüm
seat;Noun Verb;A2, B2;oturacaq
second1 (next after the first);et./ number, Adverb;A1, A2;second1 (ilk sonra növbəti)
second1 (unit of time);Noun;A1;second1 (vaxt vahidi)
secondary;Adjective;B1;orta
secondly;Adverb;A2;ikincisi
secret;Adjective, Noun;A2;gizli
secretary;Noun;A2;katib
section;Noun;A1;bölmə
sector;Noun;B2;sektor
secure;Verb Adjective;B2;təmin etmək
security;Noun;B1;təhlükəsizlik
see;Verb;A1;görmək
seed;Noun;B1;toxum
seek;Verb;B2;axtarmaq
seem;Verb;A2;görünür
select;Verb;B2;seçmək
selection;Noun;B2;seleksiya
self;Noun;B2;özü
sell;Verb;A1;satış
send;Verb;A1;göndər
senior;Adjective;B2;böyük
sense;Noun Verb;A2, B2;məna
sensible;Adjective;B1;həssas
sensitive;Adjective;B2;həssas
sentence;Noun Verb;A1, B2;cümlə
separate;Adjective, Verb;A2, B1;ayrı-ayrı
September;Noun;A1;sentyabr
sequence;Noun;B2;ardıcıllıq
series;Noun;A2;seriya
serious;Adjective;A2;ciddi
seriously;Adverb;B1;ağır
servant;Noun;B1;qulluqçu
serve;Verb;A2;xidmət
service;Noun;A2;xidmət
session;Noun;B2;sessiya
set (put);Verb;B1;set (put)
set (group);Noun;B1;set (qrup)
setting;Noun;B1;qəbulu
settle;Verb;B2;SETTLE
seven;number;A1;yeddi
seventeen;number;A1;on yeddi
seventy;number;A1;yetmiş
several;det./proNoun;A2;bir neçə
severe;Adjective;B2;ağır
sex;Noun;B1;cinsi
sexual;Adjective;B1;cinsi
shade;Noun;B2;kölgə
shadow;Noun;B2;kölgə
shake;Verb Noun;A2, B1;shake
shall;modal Verb;A2;edilir
shallow;Adjective;B2;dayaz
shame;Noun;B2;ayıb
shape;Noun Verb;A2, B2;forma
share;Verb Noun;A1, B1;səhm
sharp;Adjective;B1;kəskin
she;proNoun;A1;o
sheep;Noun;A1;qoyun
sheet;Noun;A2;vərəq
shelf;Noun;B1;rəf
shell;Noun;B1;qabıq
shelter;Noun Verb;B2;sığınacaq
shift;Noun Verb;B1, B2;yerdəyişmə
shine;Verb;B1;parlaq
shiny;Adjective;B1;shiny
ship;Noun Verb;A2, B2;gəmi
shirt;Noun;A1;köynək
shock;Noun Verb;B2;zərbə
shocked;Adjective;B2;şok
shoe;Noun;A1;Ayaqqabı
shoot;Verb;B1;shoot
shooting;Noun;B2;atıcılıq
shop;Noun Verb;A1;mağaza
shopping;Noun;A1;alış-veriş
short;Adjective;A1;qısa
shot;Noun;B2;shot
should;modal Verb;A1;Lazımdır
shoulder;Noun;A2;çiyin
shout;Verb Noun;A2;bağırmaq
show;Verb Noun;A1;göstərmək
shower;Noun;A1;duş
shut;Verb Adjective;A2;shut
shy;Adjective;B1;utancaq
sick;Adjective;A1;xəstə
side;Noun;A2;yan
sight;Noun;B1;mənzərə
sign;Noun Verb;A2;işarə
signal;Noun Verb;B1;siqnal
significant;Adjective;B2;əhəmiyyətli
significantly;Adverb;B2;əhəmiyyətli dərəcədə
silence;Noun;B2;sükut
silent;Adjective;B1;səssiz
silk;Noun;B2;ipək
silly;Adjective;B1;səfeh
silver;Noun Adjective;A2;gümüş
similar;Adjective;A1;oxşar
similarity;Noun;B1;oxşarlıq
similarly;Adverb;B1;oxşar
simple;Adjective;A2;sadə
simply;Adverb;B1;sadəcə
since;prep. conj., Adverb;A2, B1;çünki
sincere;Adjective;B2;səmimi
sing;Verb;A1;sing
singer;Noun;A1;müğənni
singing;Noun;A2;oxuyan
single;Adjective Noun;A2;tək
sink;Verb;B1;endirmək
sir;Noun;A2;ser
sister;Noun;A1;bacı
sit;Verb;A1;oturmaq
site;Noun;A2;Sayt
situation;Noun;A1;vəziyyət
six;number;A1;altı
sixteen;number;A1;on altı
sixty;number;A1;altmış
size;Noun;A2;boy
ski;Verb Noun;A2;ski
skiing;Noun;A2;xizək
skill;Noun;A1;bacarıq
skin;Noun;A2;dəri
skirt;Noun;A1;yubka
sky;Noun;A2;səma
slave;Noun;B2;qul
sleep;Verb , Noun;A1, A2;yuxu
slice;Noun Verb;B1;dilim
slide;Verb Noun;B2;uçmaq
slight;Adjective;B2;yüngül
slightly;Adverb;B1;yüngül
slip;Verb;B2;sürüşmək
slope;Noun Verb;B2;yamac
slow;Adjective , Verb;A1, B1;yavaş
slowly;Adverb;A2;yavaş-yavaş
small;Adjective;A1;kiçik
smart;Adjective;B1;smart
smartphone;Noun;A2;smartphone
smell;Verb Noun;A2;iy
smile;Verb Noun;A2;smile
smoke;Noun Verb;A2;tüstü
smoking;Noun;A2;siqaret çəkən
smooth;Adjective;B1;hamar
snake;Noun;A1;ilan
snow;Noun Verb;A1;qar
so;Adverb conj.;A1;belə ki
soap;Noun;A2;sabun
soccer;Noun;A2;futbol
social;Adjective;A2;sosial
society;Noun;A2;cəmiyyət
sock;Noun;A2;ayaqqabı içliyi
soft;Adjective;A2;yumşaq
software;Noun;B1;proqram təminatı
soil;Noun;B1;torpaq
solar;Adjective;B2;günəş
soldier;Noun;A2;əsgər
solid;Adjective Noun;B1;bərk
solution;Noun;A2;həll
solve;Verb;A2;həll etmək
some;det. proNoun;A1;bir
somebody;proNoun;A1;kimsə
someone;proNoun;A1;kimsə
something;proNoun;A1;bir şey
sometimes;Adverb;A1;bəzən
somewhat;Adverb;B2;qədər
somewhere;Adverb proNoun;A2;haradasa
son;Noun;A1;oğul
song;Noun;A1;mahnı
soon;Adverb;A1;yaxında
sorry;Adjective exclam.;A1;üzr
sort;Noun, Verb;A2, B1;növ
soul;Noun;B2;can
sound;Noun Verb;A1;səs
soup;Noun;A1;şorbası
source;Noun;A2;mənbə
south;Noun Adjective Adverb;A1;cənub
southern;Adjective;B1;cənubi
space;Noun;A1;kosmik
speak;Verb;A1;danışmaq
speaker;Noun;A2;natiq
special;Adjective;A1;xüsusi
specialist;Noun Adjective;B2;mütəxəssis
species;Noun;B2;növ
specific;Adjective;A2;xüsusi
specifically;Adverb;B1;xüsusi
speech;Noun;A2;çıxış
speed;Noun, Verb;A2, B2;sürət
spell;Verb;A1;sehr
spelling;Noun;A1;imla
spend;Verb;A1;xərcləmək
spending;Noun;B1;xərcləmə
spicy;Adjective;B1;ədviyyəli
spider;Noun;A2;hörümçək
spirit;Noun;B1;ruh
spiritual;Adjective;B2;mənəvi
split;Verb Noun;B2;split
spoken;Adjective;B1;danışıq
sponsor;Verb Noun;B2;sponsor
spoon;Noun;A2;qaşıq
sport;Noun;A1;idman
spot;Noun, Verb;B1, B2;ləkə
spread;Verb , Noun;B1, B2;yayılma
spring;Noun, Verb;A1, B1;yaz
square;Adjective Noun;A2;kvadrat
stable;Adjective;B2;stabil
stadium;Noun;B1;stadion
staff;Noun;B1;heyət
stage;Noun, Verb;A2, B2;mərhələ
stair;Noun;A2;merdiven
stamp;Noun;A2;möhür
stand;Verb , Noun;A1, B2;durmaq
standard;Noun Adjective;B1;standart
star;Noun, Verb;A1, A2;ulduz
stare;Verb;B2;nəzər
start;Verb , Noun;A1, A2;başlamaq
state;Noun, Adjective , v;A2, B1;dövlət
statement;Noun;A1;bəyanat
station;Noun;A1;stansiya
statistic;Noun;B1;statistik
statue;Noun;B1;heykəl
status;Noun;B2;vəziyyət
stay;Verb , Noun;A1, A2;qalmaq
steady;Adjective;B2;davamlı
steal;Verb;A2;oğurlamaq
steel;Noun;B2;polad
steep;Adjective;B2;dik
step;Noun, Verb;A2, B2;addım
stick (push into/attach);Verb;B1;stick (push daxil / əlavə)
stick (piece of wood);Noun;B1;stick (ağac parçası)
sticky;Adjective;B2;yapışqanlı
stiff;Adjective;B2;sərt
still;Adverb , Adjective;A1, B1;hələ
stock;Noun;B2;fond
stomach;Noun;A2;mədə
stone;Noun;A2;daş
stop;Verb Noun;A1;stop
store;Noun, Verb;A2, B1;mağaza
storm;Noun;A2;fırtına
story;Noun;A1;hekayə
straight;Adverb Adjective;A2;düz
strange;Adjective;A2;qəribə
stranger;Noun;B1;qərib
strategy;Noun;A2;strategiya
stream;Noun;B2;axın
street;Noun;A1;küçə
strength;Noun;B1;güc
stress;Noun Verb;A2;vurğulamaq
stretch;Verb Noun;B2;uzatmaq
strict;Adjective;B2;ciddi
strike;Verb Noun;B2;tətil
string;Noun;B1;sim
strong;Adjective;A1;güclü
strongly;Adverb;B1;güclü
structure;Noun, Verb;A2, B2;struktur
struggle;Verb Noun;B2;mübarizə
student;Noun;A1;tələbə
studio;Noun;B1;studiya
study;Noun Verb;A1;öyrənmək
stuff;Noun, Verb;B1, B2;stuff
stupid;Adjective;A2;axmaq
style;Noun;A1;stil
subject;Noun, Adjective;A1, B2;mövzu
submit;Verb;B2;təqdim
substance;Noun;B1;substansiya
succeed;Verb;A2;uğur
success;Noun;A1;uğur
successful;Adjective;A2;uğurlu
successfully;Adverb;B1;uğurlu
such;det./proNoun;A2;bu cür
sudden;Adjective;B1;qəfil
suddenly;Adverb;A2;birdən
suffer;Verb;B1;dözmək
sugar;Noun;A1;şəkər
suggest;Verb;A2;təklif
suggestion;Noun;A2;təklif
suit;Noun, Verb;A2, B1;kostyum
suitable;Adjective;B1;uyğun
sum;Noun Verb;B2;məbləğ
summarize;Verb;B1;ümumiləşdirmək
summary;Noun;B1;xülasə
summer;Noun;A1;yay
sun;Noun;A1;günəş
Sunday;Noun;A1;Sunday
supermarket;Noun;A1;supermarket
supply;Noun Verb;B1;təchizat
support;Verb Noun;A2;dəstək
supporter;Noun;B1;tərəfdar
suppose;Verb;A2;güman
sure;Adjective , Adverb;A1, A2;əmin
surely;Adverb;B1;əlbəttə
surface;Noun;B1;yerüstü
surgery;Noun;B2;cərrahlıq
surprise;Noun Verb;A2;sürpriz
surprised;Adjective;A2;çaşdırdı
surprising;Adjective;A2;təəccüblü
surround;Verb;B2;qomarlamaq
surrounding;Adjective;B2;ətraf
survey;Noun, Verb;A2, B2;sorğu
survive;Verb;B1;yaşamaq
suspect;Verb Noun;B2;şübhəli
swear;Verb;B2;and içmək
sweater;Noun;A1;sviter
sweep;Verb;B2;süpürmək
sweet;Adjective Noun;A2;şirin
swim;Verb , Noun;A1, B1;üzmək
swimming;Noun;A1;üzgüçülük
switch;Verb , Noun;B1, B2;switch
symbol;Noun;A2;rəmz
sympathy;Noun;B2;rəğbət
symptom;Noun;B1;simptom
system;Noun;A2;sistem
table;Noun;A1;masa
tablet;Noun;A2;tablet
tail;Noun;B1;quyruq
take;Verb;A1;almaq
tale;Noun;B2;nağıl
talent;Noun;B1;qabiliyyət
talented;Adjective;B1;qabiliyyətli
talk;Verb , Noun;A1, A2;söhbət
tall;Adjective;A1;hündür
tank;Noun;B2;tank
tape;Noun;B1;tape
target;Noun, Verb;A2, B2;hədəf
task;Noun;A2;tapşırıq
taste;Noun Verb;A2;dad
tax;Noun Verb;B1;vergi
taxi;Noun;A1;taksi
tea;Noun;A1;çay
teach;Verb;A1;öyrətmək
teacher;Noun;A1;müəllim
teaching;Noun;A2;tədris
team;Noun;A1;komanda
tear1;Verb Noun;B2;tear1
tear2;Noun;B2;tear2
technical;Adjective;B1;texniki
technique;Noun;B1;texnika
technology;Noun;A2;texnologiya
teenage;Adjective;A2;yeniyetmə
teenager;Noun;A1;yeniyetmə
telephone;Noun Verb;A1;telefon
television;Noun;A1;televiziya
tell;Verb;A1;demək
temperature;Noun;A2;temperatur
temporary;Adjective;B2;müvəqqəti
ten;number;A1;on
tend;Verb;B1;edirlər
tennis;Noun;A1;tennis
tent;Noun;B1;çadır
term;Noun, Verb;A2, B2;müddət
terrible;Adjective;A1;dəhşətli
test;Noun Verb;A1;sınaq
text;Noun, Verb;A1, A2;mətn
than;conj.;A1;daha
thank;Verb;A1;təşəkkür edirəm
thanks;exclam. Noun;A1;təşəkkür
that;det. proNoun conj., Adverb;A1, B1;o
the;definite article;A1;the
theatre;Noun;A1;teatr
their;det.;A1;onların
theirs;proNoun;B1;onların
them;proNoun;A1;onlara
theme;Noun;B1;mövzu
themselves;proNoun;A2;özləri
then;Adverb;A1;sonra
theory;Noun;B1;nəzəriyyə
therapy;Noun;B2;terapiya
there;Adverb;A1;orada
therefore;Adverb;B1;Buna görə də
they;proNoun;A1;onlar
thick;Adjective;A2;qalın
thief;Noun;A2;oğru
thin;Adjective;A2;nazik
thing;Noun;A1;şey
think;Verb;A1;düşünmək
thinking;Noun;A2;düşüncə
third;number, Noun;A1, A2;üçüncü
thirsty;Adjective;A1;susuz
thirteen;number;A1;on üç
thirty;number;A1;otuz
this;det./proNoun, Adverb;A1, B1;bu
though;conj. Adverb;B1;baxmayaraq ki
thought;Noun;A2;fikir
thousand;number;A1;min
threat;Noun;B2;təhlükə
threaten;Verb;B2;qorxutmaq
three;number;A1;üç
throat;Noun;B1;boğaz
through;prep. Adverb;A1;vasitəsilə
throughout;prep./Adverb;B1;ərzində
throw;Verb;A2;atmaq
Thursday;Noun;A1;Cümə axşamı
thus;Adverb;B2;belə
ticket;Noun;A1;bilet
tidy;Adjective v;A2;səliqəli
tie;Verb Noun;A2;qalustuk
tight;Adjective;B1;dar
till;conj./prep.;B1;qədər
time;Noun, Verb;A1, B2;vaxt
tin;Noun;B1;tənəkə
tiny;Adjective;B1;miniatür
tip;Noun, Verb;A2, B1;uc
tired;Adjective;A1;yorğun
title;Noun;A1, B2;başlıq
to;prep., infinitive marker;A1;qədər
today;Adverb Noun;A1;hazırda
toe;Noun;B1;barmaq
together;Adverb;A1;birlikdə
toilet;Noun;A1;ayaqyolu
tomato;Noun;A1;pomidor
tomorrow;Adverb Noun;A1;sabah
tone;Noun;B2;ton
tongue;Noun;B1;dil
tonight;Adverb n;A1;bu axşam
too;Adverb;A1;çox
tool;Noun;A2;alət
tooth;Noun;A1;diş
top;Noun, Adjective;A2;yuxarı
topic;Noun;A1;mövzu
total;Adjective Noun;B1;ümumi
totally;Adverb;B1;tamamilə
touch;Verb , Noun;A2, B1;touch
tough;Adjective;B2;çətin
tour;Noun, Verb;A2, B1;səfər
tourism;Noun;A2;turizm
tourist;Noun;A1;turist
towards;prep.;A2;tərəf
towel;Noun;A2;dəsmal
tower;Noun;A2;qala
town;Noun;A1;şəhər
toy;Noun, Adjective;A2;oyuncaq
track;Noun, Verb;A2, B2;izlemek
trade;Noun, Verb;B1;ticarət
tradition;Noun;A2;ənənə
traditional;Adjective;A2;ənənəvi
traffic;Noun;A1;hərəkət
train;Noun, Verb;A1, A2;qatar
trainer;Noun;A2;məşqçi
training;Noun;A2;təlim
transfer;Verb Noun;B2;köçürmək
transform;Verb;B2;çevirmək
transition;Noun;B2;keçid
translate;Verb;B1;tərcümə etmək
translation;Noun;B1;tərcümə
transport;Noun, Verb;A2, B1;nəqliyyat
travel;Verb Noun;A1;səyahət
traveller;Noun;A2;səyyah
treat;Verb;B1;müalicə etmək
treatment;Noun;B1;müalicə
tree;Noun;A1;ağac
trend;Noun;B1;cərəyan
trial;Noun;B2;sınaq
trick;Noun Verb;B1;hiylə
trip;Noun, Verb;A1, B2;səfər
tropical;Adjective;B2;tropik
trouble;Noun, Verb;A2, B2;narahatlıq
trousers;Noun;A1;şalvar
truck;Noun;A2;avtomobil
1;Adjective;A1;DOĞRU
truly;Adverb;B2;həqiqətən
trust;Noun Verb;B2;inam
truth;Noun;B1;həqiqət
try;Verb , Noun;A1, B2;cəhd
T-shirt;Noun;A1;T-shirt
tube;Noun;B1;boru
Tuesday;Noun;A1;çərşənbə axşamı
tune;Noun;B2;kökləmək
tunnel;Noun;B2;tunel
turn;Verb Noun;A1;çevirmək
TV;Noun;A1;televiziya
twelve;number;A1;on iki
twenty;number;A1;iyirmi
twice;Adverb;A1;iki dəfə
twin;Noun Adjective;A2;əkiz
two;number;A1;iki
type;Noun, Verb;A1, B1;növü
typical;Adjective;A2;tipik
typically;Adverb;B1;adətən
tyre;Noun;B1;şin
ugly;Adjective;B1;çirkin
ultimately;Adverb;B2;nəticədə
umbrella;Noun;A1;çətir
unable;Adjective;B1;bilmir
uncle;Noun;A1;əmi
uncomfortable;Adjective;B1;narahat
unconscious;Adjective;B2;bihuş
under;prep. Adj;A1;altında
underground;Adjective Adverb;A2;yeraltı
understand;Verb;A1;anlamaq
understanding;Noun;A2;anlaşma
underwear;Noun;B1;dəyişək
unemployed;Adjective;B1;işsiz
unemployment;Noun;B1;işsizlik
unexpected;Adjective;B2;gözlənilməz
unfair;Adjective;B1;ədalətsiz
unfortunately;Adverb;A2;təəssüf ki
unhappy;Adjective;A2;bədbəxt
uniform;Noun;A2;forma
union;Noun;B1;ittifaq
unique;Adjective;B2;unikal
unit;Noun;A2;vahid
united;Adjective;A2;birləşmiş
universe;Noun;B2;kainat
university;Noun;A1;universitet
unknown;Adjective;B2;naməlum
unless;conj.;B1;əgər
unlike;prep.;B1;fərqli
unlikely;Adjective;B1;çətin
unnecessary;Adjective;B1;lazımsız
unpleasant;Adjective;B1;xoşagəlməz
until;conj./prep.;A1;qədər
unusual;Adjective;A2;qeyri-adi
up;Adverb proNoun;A1;up
update;Verb Noun;B1;yeniləmə
upon;prep.;B1;sonra
upper;Adjective;B2;yuxarı
upset;Adjective v;B1;üzdü
upstairs;Adverb , Adjective;A1, A2;üstdə
upwards;Adverb;B2;yuxarı
urban;Adjective;B2;şəhər
urge;Verb;B2;dürtü
us;proNoun;A1;bizə
use;Verb , Noun;A1, A2;istifadə
used;Adjective;B1;istifadə
used to;modal Verb;A2;üçün istifadə
useful;Adjective;A1;faydalı
user;Noun;A2;istifadəçi
usual;Adjective;A2;adi
usually;Adverb;A1;adətən
vacation;Noun;A1;məzuniyyət
valley;Noun;A2;vadi
valuable;Adjective;B1;qiymətli
value;Noun, Verb;B1, B2;dəyər
van;Noun;A2;van
variety;Noun;A2;estrada
various;Adjective;B1;müxtəlif
vary;Verb;B2;dəyişir
vast;Adjective;B2;geniş
vegetable;Noun;A1;tərəvəz
vehicle;Noun;A2;vasitə
venue;Noun;B2;yeri
version;Noun;B1;versiya
very;Adverb , Adjective;A1, B1;çox
via;prep.;B2;vasitəsilə
victim;Noun;B1;qurban
victory;Noun;B2;qələbə
video;Noun;A1;video
view;Noun, Verb;A2,;baxış
viewer;Noun;B1;viewer
village;Noun;A1;kənd
violence;Noun;B2;zorakılıq
violent;Adjective;B1;zorakı
virtual;Adjective;B2;virtual
virus;Noun;A2;virus
vision;Noun;B2;görmə
visit;Verb Noun;A1;ziyarət
visitor;Noun;A1;qonaq
visual;Adjective;B2;visual
vital;Adjective;B2;həyati
vitamin;Noun;B2;vitamin
voice;Noun;A2;səs
volume;Noun;B2;həcm
volunteer;Noun Verb;B1;könüllü
vote;Noun Verb;B1;səs
wage;Noun;B2;maaş
wait;Verb , Noun;A1, A2;Gözləmək
waiter;Noun;A1;garson
wake;Verb;A1;wake
walk;Verb Noun;A1;gəzmək
wall;Noun;A1;divar
want;Verb;A1;ehtiyac
war;Noun;A2;müharibə
warm;Adjective , v;A1, B1;isti
warn;Verb;B1;xəbərdarlıq
warning;Noun;B1;xəbərdarlıq
wash;Verb , Noun;A1, A2;yumaq
washing;Noun;A2;yuyucu
waste;Noun v, Adjective;B1;sərf
watch;Verb Noun;A1;watch
water;Noun, Verb;A1, B1;su
wave;Noun;A2, B1;dalğa
way;Noun;A1, B2;yol
we;proNoun;A1;Biz
weak;Adjective;A2;zəif
weakness;Noun;B2;zəiflik
wealth;Noun;B2;sərvət
wealthy;Adjective;B2;zəngin
weapon;Noun;B1;silah
wear;Verb;A1;geyimi
weather;Noun;A1;hava
web;Noun;A2;web
website;Noun;A1;veb
wedding;Noun;A2;toy
Wednesday;Noun;A1;çərşənbə
week;Noun;A1;həftə
weekend;Noun;A1;həftə sonu
weigh;Verb;B1;çəkin
weight;Noun;A2;çəki
welcome;exclam. Verb Adjective , n;A1, A2;xoş
well;Adverb , Adjective , exclam.;A1;quyu
west;Noun Adjective Adverb;A1;qərb
western;Adjective;B1;qərb
wet;Adjective;A2;sulu
what;proNoun/det.;A1;nə
whatever;det./proNoun;B1;nə
wheel;Noun;A2;təkər
when;Adverb proNounconj.;A1;nə vaxt
whenever;conj.;B1;zaman
where;Adverb conj.;A1;hara
whereas;conj.;B2;Halbuki
wherever;conj.;B2;harada
whether;conj.;B1;ya
which;proNoun/det.;A1;hansı
while;conj., Noun;A2, B1;isə
whisper;Verb Noun;B2;pıçıltı
white;Adjective Noun;A1;ağ
who;proNoun;A1;üst
whole;Adjective , n;A2, B1;tam
whom;proNoun;B2;kimə
whose;det./proNoun;A2;kimin
why;Adverb;A1;niyə
wide;Adjective;A2;geniş
widely;Adverb;B2;geniş
wife;Noun;A1;arvad
wild;Adjective;A2;vəhşi
wildlife;Noun;B2;canlı
will;modal, Noun Verb;A1,;iradə
willing;Adjective;B2;həvəsli
win;Verb , Noun;A1, B1;qazanmaq
wind1;Noun;A2;wind1
wind2;Verb;B2;wind2
window;Noun;A1;pəncərə
wine;Noun;A1;şərab
wing;Noun;B1;qanad
winner;Noun;A2;qalib
winter;Noun;A1;qış
wire;Noun;B2;tel
wise;Adjective;B2;ağıllı
wish;Verb Noun;A2;istək
with;prep.;A1;ilə
within;prep.;B1;ərzində
without;prep.;A1;olmadan
witness;Noun Verb;B2;şahid
woman;Noun;A1;qadın
wonder;Verb Noun;B1;wonder
wonderful;Adjective;A1;gözəl
wood;Noun;A2;ağac
wooden;Adjective;A2;taxta
wool;Noun;B1;yun
word;Noun;A1;söz
work;Verb Noun;A1;iş
worker;Noun;A1;işçi
working;Adjective;A2;iş
world;Noun;A1;dünya
worldwide;Adjective Adverb;B1;dünyada
worried;Adjective;A2;narahat
worry;Verb Noun;A2, B1;narahat
worse;Adjective, AdVerb Noun;A2,B1, B2;betər
worst;Adjective, AdVerb;A2,B1, B2;pis
worth;Adjective, Noun;B1, B2;dəyər
would;modal, Verb;A1;Would
wound;Noun Verb;B2;yara
wow;exclam.;A2;Heyrət! Vay
wrap;Verv;B2;bükmək
write;Verb;A1;write
writer;Noun;A1;yazıçı
writing;Noun;A1;yazı
written;Adjective;B1;yazılı
wrong;Adjective, AdVerb Noun;A1, B1, B2;yanlış
yard;Noun;B1;yard
yeah;exclam.;A1;Bəli
year;Noun;A1;il
yellow;Adjective, Noun;A1;sarı
yes;exclam.;A1;bəli
yesterday;AdVerb Noun;A1;dünən
yet;AdVerb conj.;A2, B2;hələ
you;proNoun;A1;Sən
young;Adjective, Noun;A1, B1;gənc
your;det.;A1;sənin
yours;proNoun;A2;sizin
yourself;proNoun;A1;özünüzü
youth;Noun;B1;gənclik
zero;number;A2;sıfır
zone;Noun;B2;zona
