a, an;indefinite, article;A1;A,
abandon;Verb;B2;napustiti
ability;Noun;A2;sposobnost
able;Adjective;A2;u stanju
about;prep. Adverb;A1;oko
above;prep. Adverb;A1;iznad
abroad;Adverb;A2;u inozemstvu
absolute;Adjective;B2;apsolutan
absolutely;Adverb;B1;apsolutno
academic;adj, Noun;B1, B2;akademski
accept;Verb;A2;prihvatiti
acceptable;Adjective;B2;prihvatljiv
access;Noun Verb;B1;pristup
accident;Noun;A2;nesreća
accommodation;Noun;B1;smještaj
accompany;Verb;B2;pratiti
according to;prep.;A2;prema
account;Noun Verb;B1, B2;račun
accurate;Adjective;B2;točan
accuse;Verb;B2;optužiti
achieve;Verb;A2;postići
achievement;Noun;B1;dostignuće
acknowledge;Verb;B2;Upoznaj
acquire;Verb;B2;steći
across;prep. Adverb;A1;preko
act;Verb Noun;A2,B1;djelovati
action;Noun;A1;akcijski
active;Adjective;A2;aktivan
activity;Noun;A1;aktivnost
actor;Noun;A1;glumac
actress;Noun;A1;glumica
actual;Adjective;B2;stvaran
actually;Adverb;A2;zapravo
ad;Noun;B1;oglas
adapt;Verb;B2;prilagoditi
add;Verb;A1;dodati
addition;Noun;B1;dodatak
additional;Adjective;B2;dodatni
address;Noun Verb;A1,B2;adresa
administration;Noun;B2;uprava
admire;Verb;B1;diviti
admit;Verb;B1;priznati
adopt;Verb;B2;posvojiti
adult;Noun adj;A1,A2;odrasla osoba
Advance;Noun Verb adj;B2;Advance
Advanced;Adjective;B1;Napredna
Advantage;Noun;A2;Prednost
Adventure;Noun;A2;Avantura
Advertise;Verb;A2;Oglašavati
Advertisement;Noun;A2;Oglas
Advertising;Noun;A2;Oglašavanje
Advice;Noun Verb;A1, B1;Savjet
affair;Noun;B2;afera
affect;Verb;A2;utjecati
afford;Verb;B1;priuštiti
afraid;Adjective;A1;uplašen
after;prep. conj. Adverb;A1,A2;nakon
afternoon;Noun;A1;poslijepodne
afterwards;Adverb;B2;poslije
again;Adverb;A1;opet
against;prep;A2;protiv
age;Noun Verb;A1, B1;dob
aged;Adjective;B1;star
agency;Noun;B2;agencija
agenda;Noun;B2;dnevni red
agent;Noun;B1;agent
aggressive;Adjective;B2;agresivan
ago;Adverb;A1;prije
agree;Verb;A1;složiti
agreement;Noun;B1;sporazum
ah;exclam.;A2;Ah
ahead;Adverb;B1;naprijed
aid;Noun Verb;B2;pomoć
aim;Verb Noun;B1;cilj
air;Noun;A1;zrak
aircraft;Noun;B2;zrakoplov
airline;Noun;A2;aviokompanija
airport;Noun;A1;zračna luka
alarm;Noun Verb;B1, B2;alarm
album;Noun;B1;album
alcohol;Noun;B1;alkohol
alcoholic;Adjective;B1;alkoholičar
alive;Adjective;A2;živ
all;det. pron, Adverb;A1, A2;svi
all right;Adjective, Adverb exclam;A2;u redu
allow;Verb;A2;dopustiti
almost;Adverb;A2;skoro
alone;Adjective, Adverb;A2;sam
along;prep. Adverb;A2;uz
already;Adverb;A2;već
also;Adverb;A1;također
alter;Verb;B2;Alter
alternative;Noun Adjective;A2, B1;alternativa
although;conj;A2;iako
always;Adverb;A1;stalno
amazed;Adjective;B1;zadivljen
amazing;Adjective;A1;nevjerojatan
ambition;Noun;B1;ambicija
ambitious;Adjective;B1;ambiciozan
among;prep.;A2;među
amount;Noun Verb;A2, B2;iznos
analyse;Verb;B1;analizirati
analysis;Noun;B1;analiza
ancient;Adjective;A2;antički
and;conj;A1;i
anger;Noun;B2;bijes
angle;Noun;B2;kut
angry;Adjective;A1;ljut
animal;Noun;A1;životinja
ankle;Noun;A2;gležanj
anniversary;Noun;B2;godišnjica
announce;Verb;B1;najaviti
announcement;Noun;B1;Obavijest
annoy;Verb;B1;smetati
annoyed;Adjective;B1;ojađen
annoying;Adjective;B1;dosadan
annual;Adjective;B2;godišnji
another;det. proNoun;A1;još
answer;Noun Verb;A1;odgovor
anxious;Adjective;B2;zabrinut
any;det. proNoun, Adverb;A1, A2;bilo koji
anybody;pron;A2;itko
any more;Adverb;A2;više
anyone;pron;A1;bilo tko
anything;pron;A1;nešto
anyway;Adverb;A2;u svakom slučaju
anywhere;AdVerb proNoun;A2;bilo kuda
apart;Adverb;B1;osim
apartment;Noun;A1;apartman
apologize;Verb;B1;ispričavati
app;Noun;A2;app
apparent;Adjective;B2;vidljiv
apparently;Adverb;B2;očigledno
appeal;Noun Verb;B2;apel
appear;Verb;A2;pojaviti
appearance;Noun;A2;izgled
apple;Noun;A1;jabuka
application;Noun;B1;primjena
apply;Verb;A2;primijeniti
appointment;Noun;B1;ugovoreni sastanak
appreciate;Verb;B1;cijeniti
approach;Noun Verb;B2;pristup
appropriate;Adjective;B2;odgovarajuće
approval;Noun;B2;odobrenje
approve;Verb;B2;odobriti
approximately;Adverb;B1;približno
April;Noun;A1;travanj
architect;Noun;A2;arhitekt
architecture;Noun;A2;arhitektura
area;Noun;A1;područje
argue;Verb;A2;raspravljati
argument;Noun;A2;argument
arise;Verb;B2;ustati
arm;Noun;A1;ruka
armed;Adjective;B2;naoružan
arms;Noun;B2;oružje
army;Noun;A2;vojska
around;prep. Adverb;A1;oko
arrange;Verb;A2;urediti
arrangement;Noun;A2;uređenje
arrest;Verb Noun;B1;uhapsiti
arrival;Noun;B1;dolazak
arrive;Verb;A1;stići
art;Noun;A1;umjetnost
article;Noun;A1;članak
artificial;Adjective;B2;umjetno
artist;Noun;A1;umjetnik
artistic;Adjective;B2;umjetnički
as;prep., Adverb conj.;A1, A2;kao
ashamed;Adjective;B2;posramljen
asleep;Adjective;A2;zaspao
ask;Verb;A1;pitati
aspect;Noun;B2;aspekt
assess;Verb;B2;procijeniti
assessment;Noun;B2;procjena
assignment;Noun;B1;zadatak
assist;Verb;B1;pomoći
assistant;Noun Adjective;A2;asistent
associate;Verb;B2;suradnik
associated;Adjective;B2;udružen
association;Noun;B2;asocijacija
assume;Verb;B2;pretpostaviti
at;prep.;A1;na
athlete;Noun;A2;atletičar
atmosphere;Noun;B1;atmosfera
attach;Verb;B1;pričvrstiti
attack;Noun Verb;A2;napad
attempt;Noun Verb;B2;pokušaj
attend;Verb;A2;pohađati
attention;Noun exclam.;A2;pažnja
attitude;Noun;B1;stav
attract;Verb;B1;privući
attraction;Noun;B1;privlačnost
attractive;Adjective;A2;atraktivan
audience;Noun;A2;publika
August;Noun;A1;kolovoz
aunt;Noun;A1;tetka
author;Noun;A2;Autor
authority;Noun;B1;vlast
autumn;Noun;A1;jesen
available;Adjective;A2;dostupno
average;Adjective, Noun Verb;A2, B1;prosječan
avoid;Verb;A2;Izbjegavajte
award;Noun Verb;A2, B1;dodijeliti
aware;Adjective;B1;svjestan
away;Adverb;A1;daleko
awful;Adjective;A2;grozan
baby;Noun;A1;dijete
back;Noun AdVerb Adjective, Verb;A1, A2, B2;leđa
background;Noun;A2;pozadina
backwards;Adverb;B1;unazad
bacteria;Noun;B2;bakterija
bad;Adjective;A1;loše
badly;Adverb;A2;Loše
bag;Noun;A1;torba
bake;Verb;B1;peći
balance;Noun Verb;B1;ravnoteža
ball;Noun;A1;lopta
ban;Verb Noun;B1;zabrana
banana;Noun;A1;banana
band;Noun;A1;bend
bank (money);Noun;A1;banke (novac)
bank (river);Noun;B1;banka (rijeka)
bar;Noun Verb;A2, B2;bar
barrier;Noun;B2;prepreka
base;Noun Verb;B1;baza
baseball;Noun;A2;bejzbol
based;Adjective;A2;zasnovan
basketball;Noun;A2;košarka
basic;Adjective;B1;Osnovni, temeljni
basically;Adverb;B2;u osnovi
basis;Noun;B1;osnova
bath;Noun;A1;kupka
bathroom;Noun;A1;kupaonica
battery;Noun;B1;baterija
battle;Noun Verb;B1, B2;bitka
be;Verb auxiliary Verb;A1;biti
beach;Noun;A1;plaža
bean;Noun;A2;grah
bear (deal with);Verb;B2;Medvjed (bave)
bear (animal);Noun;A2;medvjed (životinji)
beat;Verb Noun;A2, B2;pobijediti
beautiful;Adjective;A1;lijep
beauty;Noun;B1;ljepota
because;conj.;A1;jer
become;Verb;A1;postati
bed;Noun;A1;krevet
bedroom;Noun;A1;spavaća soba
bee;Noun;B1;pčela
beef;Noun;A2;govedina
beer;Noun;A1;pivo
before;prep., conj. Adverb;A1, A2;prije
beg;Verb;B2;prositi
begin;Verb;A1;početi
beginning;Noun;A1;početak
behave;Verb;A2;ponašati
behaviour;Noun;A2;ponašanje
behind;prep. Adverb;A1;iza
being;Noun;B2;biće
belief;Noun;B1;vjerovanje
believe;Verb;A1;vjerovati
bell;Noun;B1;zvono
belong;Verb;A2;pripadaju
below;Adverb prep.;A1;ispod
belt;Noun;A2;pojas
bend;Verb Noun;B1;zavoj
benefit;Verb NouNoun;A2, B1;korist
bent;Adjective;B2;savijen
best;Adjective, AdVerb Noun;A1, A2;najbolje
bet;Verb Noun;B2;kladiti se
better;Adjective , Adverb , Noun;A1, A2, B1;bolje
between;prep., Adverb;A1, A2;između
beyond;prep. Adverb;B2;Iznad
bicycle;Noun;A1;bicikl
big;Adjective;A1;velik
bike;Noun;A1;bicikl
bill;Noun Verb;A1, B2;račun
billion number; ;A2;milijarda broj
bin;Noun;A2;kanta
biology;Noun;A2;biologija
bird;Noun;A1;ptica
birth;Noun;A2;rođenja
birthday;Noun;A1;rođendan
biscuit;Noun;A2;biskvit
bit;Noun;A2;bit
bite;Verb Noun;B1;gristi
bitter;Adjective;B2;gorak
black;Adjective, Noun;A1;crno
blame;Verb Noun;B2;krivica
blank;Adjective, Noun;A2;prazan
blind;Adjective;B2;slijep
block;Noun Verb;B1;blok
blog;Noun;A1;blog
blonde;Adjective;A1;plavuša
blood;Noun;A2;krv
blow;Verb;A2;udarac
blue;Adjective, Noun;A1;plava
board;Noun Verb;A2, B1;odbor
boat;Noun;A1;čamac
body;Noun;A1;tijelo
boil;Verb;A2;kuhati
bomb;Noun Verb;B1;bomba
bond;Noun;B2;veza
bone;Noun;A2;kost
book;Noun Verb;A1, A2;knjiga
boot;Noun;A1;čizma
border;Noun Verb;B1, B2;granica
bored;Adjective;A1;dosadno
boring;Adjective;A1;dosadan
born;Verb;A1;rođen
borrow;Verb;A2;posuditi
boss;Noun;A2;šef
both;det./proNoun;A1;oba
bother;Verb;B1;gnjaviti
bottle;Noun;A1;boca
bottom;NouNoun Adjective;A2;dno
bowl;Noun;A2;zdjela
box;Noun;A1;kutija
boy;Noun;A1;dječak
boyfriend;Noun;A1;dečko
brain;Noun;A2;mozak
branch;Noun;B1;podružnica
brand;Noun Verb;B1;marka
brave;Adjective;B1;hrabar
bread;Noun;A1;kruh
break;Verb Noun;A1;pauza
breakfast;Noun;A1;doručak
breast;Noun;B2;grudi
breath;Noun;B1;dah
breathe;Verb;B1;disati
breathing;Noun;B1;disanje
bride;Noun;B1;nevjesta
bridge;Noun;A2;most
brief;Adjective;B2;kratak
bright;Adjective;A2;svijetao
brilliant;Adjective;A2;sjajan
bring;Verb;A1;donijeti
broad;Adjective;B2;širok
broadcast;Verb Noun;B2;emitiranje
broken;Adjective;A2;slomljen
brother;Noun;A1;brat
brown;Adjective, Noun;A1;smeđ
brush;Verb Noun;A2;četka
bubble;Noun;B1;mjehurić
budget;Noun;B2;budžet
build;Verb;A1;izgraditi
building;Noun;A1;zgrada
bullet;Noun;B2;metak
bunch;Noun;B2;mnogo
burn;Verb Noun;A2, B2;spaliti
bury;Verb;B1;pokopati
bus;Noun;A1;autobus
bush;Noun;B2;grm
business;Noun;A1;poslovanje
businessman;Noun;A2;biznismen
busy;Adjective;A1;zaposlen
but;conj. prep;A1, B2;ali
butter;Noun;A1;maslac
button;Noun;A2;dugme
buy;Verb;A1;kupiti
by;prep. Adverb;A1, B1;po
bye;exclam;A1;Pozdrav
cable;Noun;B2;kabel
cafe;Noun;A1;kafić
cake;Noun;A1;torta
calculate;Verb;B2;izračunati
call;Verb Noun;A1;poziv
calm;Adjective Verb Noun;B1;smiriti
camera;Noun;A1;fotoaparat
camp;Noun Verb;A2;kamp
campaign;Noun Verb;B1;kampanja
camping;Noun;A2;kampiranje
campus;Noun;B1;kampus
can1;modal Verb;A1;CAN1
can2;Noun;A2;CAN2
cancel;Verb;B2;otkazati
cancer;Noun;B2;Rak
candidate;Noun;B1;kandidat
cannot;Verb;A1;ne mogu
cap;Noun;B1;kapa
capable;Adjective;B2;sposoban
capacity;Noun;B2;kapacitet
capital;Noun Adjective;A1;glavni
captain;Noun;B1;kapetan
capture;Verb Noun;B2;uhvatiti
car;Noun;A1;automobil
card;Noun;A1;kartica
care;Noun Verb;A2;briga
career;Noun;A1;karijera
careful;Adjective;A2;pažljiv
carefully;Adverb;A2;pažljivo
careless;Adjective;B1;nemaran
carpet;Noun;A2;tepih
carrot;Noun;A1;mrkva
carry;Verb;A1;prijenos
cartoon;Noun;A2;crtani film
case;Noun;A2;slučaj
cash;Noun;A2;unovčiti
cast;Noun Verb;B2;cast
castle;Noun;A2;dvorac
cat;Noun;A1;mačka
catch;Verb Noun;A2, B2;ulov
category;Noun;B1;kategorija
cause;Noun Verb;A2;uzrok
CD;Noun;A1;CD
ceiling;Noun;B1;strop
celebrate;Verb;A2;slaviti
celebration;Noun;B1;Proslava
celebrity;Noun;A2;poznata ličnost
cell;Noun;B2;ćelija
cent;Noun;A1;cent
central;Adjective;B1;središnji
centre;Noun Verb;A1, B1;centar
century;Noun;A1;stoljeće
ceremony;Noun;B1;ceremonija
certain;Adjective;A2;siguran
certainly;Adverb;A2;sigurno
chain;Noun Verb;B1, B2;lanac
chair;Noun Verb;A1, B2;stolica
chairman;Noun;B2;predsjednik
challenge;Noun Verb;B1, B2;izazov
champion;Noun;B1;prvak
chance;Noun;A2;prilika
change;Verb Noun;A1;promijeniti
channel;Noun;B1;kanal
chapter;Noun;B1;poglavlje
character;Noun;A2;lik
characteristic;Noun Adjective;B2;svojstvo
charge;Noun Verb;B1;naplatiti
charity;Noun;A2;milosrđe
chart;Noun Verb;A1, B2;grafikon
chat;Verb Noun;A2;razgovor
cheap;Adjective , Adverb;A1, B1;jeftino
cheat;Verb Noun;B1;varati
check;Verb Noun;A1, A2;ček
chef;Noun;A2;kuhar
cheerful;Adjective;B1;veseo
cheese;Noun;A1;sir
chemical;Adjective, Noun;B1;kemijski
chemistry;Noun;A2;kemija
chest;Noun;B1;grudi
chicken;Noun;A1;piletina
chief;Adjective, Noun;B2;glavni
child;Noun;A1;dijete
childhood;Noun;B1;djetinjstvo
chip;Noun;A2;čip
chocolate;Noun;A1;čokolada
choice;Noun;A2;izbor
choose;Verb;A1;izabrati
church;Noun;A2;crkva
cigarette;Noun;A2;cigareta
cinema;Noun;A1;kino
circle;Noun Verb;A2;krug
circumstance;Noun;B2;okolnost
cite;Verb;B2;navesti
citizen;Noun;B2;građanin
city;Noun;A1;Grad
civil;Adjective;B2;građanski
claim;Verb Noun;B1;zahtjev
class;Noun;A1;klasa
classic;Adjective, Noun;B2;klasik
classical;Adjective;A2;klasična
classroom;Noun;A1;učionica
clause;Noun;B1;klauzula
clean;Adjective, Verb;A1;čist
clear;Adjective, Verb;A2, B1;čisto
clearly;Adverb;A2;jasno
clever;Adjective;A2;pametan
click;Verb Noun;B1;klik
client;Noun;B1;klijent
climate;Noun;A2;klima
climb;Verb Noun;A1, B1;penjati se
clock;Noun;A1;sat
close1;Verb Noun;A1, B2;close1
close2;Adjective , Adverb;A2, B1;close2
closed;Adjective;A2;zatvoreno
closely;Adverb;B2;tijesno
cloth;Noun;B1;tkanina
clothes;Noun;A1;odjeća
clothing;Noun;A2;odjeća
cloud;Noun;A2;oblak
club;Noun;A1;klub
clue;Noun;B1;trag
coach;Noun Verb;A2, B1;trener
coal;Noun;B1;ugljen
coast;Noun;A2;obala
coat;Noun;A1;kaput
code;Noun;A2;kodirati
coffee;Noun;A1;kava
coin;Noun;B1;novčić
cold;Adjective Noun;A1;hladno
collapse;Verb Noun;B2;kolaps
colleague;Noun;A2;Suradnik
collect;Verb;A2;skupljati
collection;Noun;B1;kolekcija
college;Noun;A1;koledž
colour;Noun;A1;boja
coloured;Adjective;B1;obojen
column;Noun;A2;stupac
combination;Noun;B2;kombinacija
combine;Verb;B1;kombinirati
come;Verb;A1;doći
comedy;Noun;A2;komedija
comfort;Noun Verb;B2;udobnost
comfortable;Adjective;A2;udobno
command;Noun Verb;B2;naredba
comment;Noun Verb;A2, B1;komentar
commercial;Adjective Noun;B1;trgovački
commission;Noun Verb;B2;komisija
commit;Verb;B1;počiniti
commitment;Noun;B2;predanost
committee;Noun;B2;odbor
common;Adjective Noun;A1;uobičajen
commonly;Adverb;B2;obično
communicate;Verb;A2;komunicirati
communication;Noun;B1;komunikacija
community;Noun;A2;zajednica
company;Noun;A1;društvo
compare;Verb;A1;usporediti
comparison;Noun;B1;usporedba
compete;Verb;A2;natjecati
competition;Noun;A2;konkurencija
competitor;Noun;B1;konkurent
competitive;Adjective;B1;konkurentan
complain;Verb;A2;žaliti se
complaint;Noun;B1;prigovor
complete;Adjective Verb;A1;potpun
completely;Adverb;A2;potpuno
complex;Adjective, Noun;B1, B2;kompleks
complicated;Adjective;B2;komplicirano
component;Noun;B2;sastavni dio
computer;Noun;A1;Računalo
concentrate;Verb;B1;koncentrat
concentration;Noun;B2;koncentracija
concept;Noun;B2;koncept
concern;Noun Verb;B2;briga
concerned;Adjective;B2;zabrinut
concert;Noun;A1;koncert
conclude;Verb;B1;zaključiti
conclusion;Noun;B1;zaključak
condition;Noun;A2;stanje
conduct;Verb Noun;B2;ponašanje
conference;Noun;A2;konferencija
confidence;Noun;B2;samouvjerenost
confident;Adjective;B1;uvjeren
confirm;Verb;B1;potvrđuju
conflict;Noun Verb;B2;sukob
confuse;Verb;B1;zbuniti
confused;Adjective;B1;zbunjen
confusing;Adjective;B2;zbunjujući
connect;Verb;A2;Spojiti
connected;Adjective;A2;povezan
connection;Noun;B1;veza
conscious;Adjective;B2;svjestan
consequence;Noun;B1;posljedica
conservative;Adjective, Noun;B2;konzervativan
consider;Verb;A2;smatrati
consideration;Noun;B2;obzir
consist;Verb;B1;sastojati
consistent;Adjective;B2;dosljedan
constant;Adjective;B2;konstantno
constantly;Adverb;B2;konstantno
construct;Verb;B2;konstrukt
construction;Noun;B2;izgradnja
consume;Verb;B1;pojesti
consumer;Noun;B1;potrošač
contact;Noun Verb;B1;kontakt
contain;Verb;A2;sadržati
container;Noun;B1;kontejner
contemporary;Adjective;B2;suvremeni
content;Noun;B1;sadržaj
contest;Noun Verb;B2;Natjecanje
context;Noun;A2;kontekst
continent;Noun;A2;kontinent
continue;Verb;A2;nastaviti
continuous;Adjective;B1;stalan
contract;Noun Verb;B2;ugovor
contrast;Noun Verb;B1;kontrast
contribute;Verb;B2;doprinijeti
contribution;Noun;B2;doprinos
control;Noun Verb;A2;kontrolirati
convenient;Adjective;B1;zgodan
conversation;Noun;A1;razgovor
convert;Verb;B2;Pretvoriti
convince;Verb;B1;uvjeriti
convinced;Adjective;B2;uvjeren
cook;Verb Noun;A1, A2;kuhati
cooker;Noun;A2;štednjak
cooking;Noun;A1;kuhanje
cool;Adjective, Verb;A1, B1;svjež
copy;Noun Verb;A2;kopirati
core;Noun Adjective;B2;srž
corner;Noun;A2;ugao
corporate;Adjective;B2;korporativni
correct;Adjective Verb;A1;ispravan
correctly;Adverb;A2;ispravno
cost;Noun Verb;A1;cijena
costume;Noun;B1;kostim
cottage;Noun;B1;kućica
cotton;Noun;B1;pamuk
could;Verb;A1;mogli
council;Noun;B2;vijeće
count;Verb Noun;A2, B1;računati
country;Noun;A1;zemlja
countryside;Noun;B1;selo
county;Noun;B2;okrug
couple;Noun;A2;par
courage;Noun;B2;hrabrost
course;Noun;A1;tečaj
court;Noun;B1;sud
cousin;Noun;A1;rođak
cover;Verb Noun;A2, B1;pokriti
covered;Adjective;B1;pokriven
cow;Noun;A1;krava
crash;Noun Verb;B2;sudar
crazy;Adjective;A2;lud
cream;Noun Adjective;A1, B1;krema
create;Verb;A1;stvoriti
creation;Noun;B2;stvaranje
creative;Adjective;A2;kreativan
creature;Noun;B2;stvorenje
credit;Noun Verb;A2, B2;Kreditna
crew;Noun;B2;posada
crime;Noun;A2;kriminal
criminal;Noun Adjective;A2, B1;kriminalac
crisis;Noun;B2;kriza
criterion;Noun;B2;kriterij
critic;Noun;B2;kritičar
critical;Adjective;B2;kritično
criticism;Noun;B2;kritika
criticize;Verb;B2;kritikovati
crop;Noun;B2;usjev
cross;Verb Noun;A2;križ
crowd;Noun;A2;gužva
crowded;Adjective;A2;gužva
crucial;Adjective;B2;presudan
cruel;Adjective;B1;okrutan
cry;Verb Noun;A2, B2;plakati
cultural;Adjective;B1;kulturni
culture;Noun;A1;Kultura
cup;Noun;A1;kupa
cupboard;Noun;A2;kredenac
cure;Verb Noun;B2;lijek
curly;Adjective;A2;kovrčav
currency;Noun;B1;valuta
current;Adjective, Noun;B1, B2;Trenutno
currently;Adverb;B1;trenutno
curtain;Noun;B1;zavjesa
curve;Noun Verb;B2;zavoj
curved;Adjective;B2;zakrivljen
custom;Noun;B1;prilagođen
customer;Noun;A1;kupac
cut;Verb , Noun;A1, B1;izrezati
cycle;Noun Verb;A2, B1;ciklus
dad;Noun;A1;tata
daily;Adjective, Adverb;A2, B1;dnevno
damage;Noun Verb;B1;šteta
dance;Noun Verb;A1;ples
dancer;Noun;A1;plesač
dancing;Noun;A1;ples
danger;Noun;A2;opasnost
dangerous;Adjective;A1;opasno
dark;Adjective, Noun;A1, A2;mrak
data;Noun;A2;podaci
date;Noun Verb;A1, B2;datum
daughter;Noun;A1;kći
day;Noun;A1;dan
dead;Adjective;A2;mrtav
deal;Verb Noun;A2, B1;Dogovor
dear;Adjective, exclam;A1, A2;draga
death;Noun;A2;smrt
debate;Noun Verb;B2;debata
debt;Noun;B2;dug
decade;Noun;B1;desetljeće
December;Noun;A1;prosinac
decent;Adjective;B2;pristojan
decide;Verb;A1;odlučiti
decision;Noun;A2;odluka
declare;Verb;B2;proglasiti
decline;Verb Noun;B2;odbiti
decorate;Verb;B1;ukrasiti
decoration;Noun;B2;ukras
decrease;Verb Noun;B2;smanjenje
deep;Adjective, Adverb;A2, B1;duboko
deeply;Adverb;B2;duboko
defeat;Verb Noun;B2;poraz
defence;Noun;B2;odbrana
defend;Verb;B2;braniti
define;Verb;B1;definirati
definite;Adjective;B1;određen
definitely;Adverb;A2;definitivno
definition;Noun;B1;definicija
degree;Noun;A2;stupanj
delay;Verb Noun;B2;odgoditi
deliberate;Adjective;B2;namjerno
deliberately;Adverb;B2;namjerno
delicious;Adjective;A1;ukusno
delight;Verb Noun;B2;zadovoljstvo
delighted;Adjective;B2;presretan
deliver;Verb;B1;dostaviti
delivery;Noun;B2;dostava
demand;Noun Verb;B2;zahtijevajte
demonstrate;Verb;B2;pokazati
dentist;Noun;A2;stomatolog
deny;Verb;B2;poreći
department;Noun;A2;odjel
departure;Noun;B1;odlazak
depend;Verb;A2;zavisiti
depressed;Adjective;B2;depresivno
depressing;Adjective;B2;depresivan
depth;Noun;B2;dubina
describe;Verb;A1;opisati
description;Noun;A1;opis
desert;Noun Verb;A2, B2;pustinja
deserve;Verb;B2;zaslužiti
design;Noun Verb;A1;oblikovati
designer;Noun;A2;dizajner
desire;Noun Verb;B2;želja
desk;Noun;A1;stol
desperate;Adjective;B2;očajan
despite;prep;B1;bez obzira na
destination;Noun;B1;odredište
destroy;Verb;A2;uništiti
detail;Noun Verb;A1, B2;detalj
detailed;Adjective;B2;detaljan
detect;Verb;B2;otkriti
detective;Noun;A2;detektiv
determine;Verb;B1;odrediti
determined;Adjective;B1;odlučan
develop;Verb;A2;razviti
development;Noun;B1;razvoj
device;Noun;A2;uređaj
diagram;Noun;B1;dijagram
dialogue;Noun;A1;dijalog
diamond;Noun;B1;dijamant
diary;Noun;A2;dnevnik
dictionary;Noun;A1;rječnik
die;Verb;A1;umrijeti
diet;Noun;A1;dijeta
difference;Noun;A1;razlika
different;Adjective;A1;drugačiji
differently;Adverb;A2;različito
difficult;Adjective;A1;težak
difficulty;Noun;B1;teškoća
dig;Verb;B2;kopati
digital;Adjective;A2;digitalni
dinner;Noun;A1;večera
direct;Adjective, Verb Adverb;A2, B1;direktno
direction;Noun;A2;smjer
directly;Adverb;B1;direktno
director;Noun;A2;direktor
dirt;Noun;B1;prljavština
dirty;Adjective;A1;prljav
Dis Adverbantage;Noun;B1;dis Adverbantage
disagree;Verb;A2;ne slagati se
disappear;Verb;A2;nestati
disappointed;Adjective;B1;razočaran
disappointing;Adjective;B1;razočaravajući
disaster;Noun;A2;katastrofa
disc;Noun;B2;disk
discipline;Noun;B2;disciplina
discount;Noun Verb;B1, B2;popust
discover;Verb;A2;otkriti
discovery;Noun;A2;otkriće
discuss;Verb;A1;raspravljati
discussion;Noun;A2;rasprava
disease;Noun;A2;bolest
dish;Noun;A1;jelo
dishonest;Adjective;B2;nepošten
dislike;Verb Noun;B1;ne voljeti
dismiss;Verb;B2;odbaciti
display;Verb Noun;B2;prikaz
distance;Noun;A2;udaljenost
distribute;Verb;B2;raspodijeliti
distribution;Noun;B2;distribucija
district;Noun;B2;okrug
divide;Verb Noun;B1, B2;podijeliti
division;Noun;B2;podjela
divorced;Adjective;A2;rastavljen
do;Verb auxiliary verb;A1;čini
doctor;Noun;A1;liječnik
document;Noun Verb;A2, B2;dokument
documentary;Noun;B1;dokumentarni film
dog;Noun;A1;pas
dollar;Noun;A1;dolar
domestic;Adjective;B2;domaći
dominate;Verb;B2;dominirati
donate;Verb;B1;darovati
door;Noun;A1;vrata
double;Adjective det. proNoun Verb , Adverb;A2, B1;dvostruko
doubt;Noun Verb;B1;sumnjati
down;Adverb Prep;A1;dolje
download;Verb Noun;A2;preuzimanje datoteka
downstairs;Adverb , Adjective;A1, A2;dole
downwards;Adverb;B2;dolje
dozen;Noun det;B2;tucet
draft;Noun Verb;B2;Nacrt
drag;Verb;B2;opterećenje
drama;Noun;A2;drama
dramatic;Adjective;B2;dramatičan
draw;Verb;A1;crtati
drawing;Noun;A2;crtanje
dream;Noun Verb;A2;san
dress;Noun Verb;A1;haljina
dressed;Adjective;B1;obučen
drink;Noun Verb;A1;piće
drive;Verb Noun;A1, A2;voziti
driver;Noun;A1;vozač
driving;Noun;A2;vožnje
drop;Verb Noun;A2, B1;pad
drug;Noun;A2;droga
drum;Noun;B1;bubanj
drunk;Adjective;B1;pijan
dry;Adjective, Verb;A2;suho
due;Adjective;B1;uslijed
during;prep;A1;za vrijeme
dust;Noun;B1;prah
duty;Noun;B1;dužnost
DVD;Noun;A1;DVD
each;det./proNoun/Adverb;A1;svaki
ear;Noun;A1;uho
early;Adjective Adverb;A1;rano
earn;Verb;A2;zaraditi
earth;Noun;A2;Zemlja
earthquake;Noun;B1;potres
easily;Adverb;A2;lako
east;Noun Adjective Adverb;A1;istočno
eastern;Adjective;B1;istočni
easy;Adjective;A1;lako
eat;Verb;A1;jesti
economic;Adjective;B1;ekonomski
economy;Noun;B1;Ekonomija
edge;Noun;B1;rub
edit;Verb;B2;Uredi
edition;Noun;B2;izdanje
editor;Noun;B1;urednik
educate;Verb;B1;obrazovati
educated;Adjective;B1;obrazovani
education;Noun;A2;obrazovanje
educational;Adjective;B1;obrazovni
effect;Noun;A2;utjecaj
effective;Adjective;B1;djelotvoran
effectively;Adverb;B1;učinkovito
efficient;Adjective;B2;učinkovit
effort;Noun;B1;napor
egg;Noun;A1;jaje
eight;number;A1;osam
eighteen;number;A1;osamnaest
eighty;number;A1;osamdeset
either;det./proNoun Adverb;A2;ili
elderly;Adjective;B2;postariji
elect;Verb;B2;izabrati
election;Noun;B1;izbor
electric;Adjective;A2;električni
electrical;Adjective;A2;električna
electricity;Noun;A2;elektricitet
electronic;Adjective;A2;elektronička
element;Noun;B1;element
elephant;Noun;A1;slon
eleven;number;A1;jedanaest
else;Adverb;A1;drugo
elsewhere;Adverb;B2;drugdje
email;Noun Verb;A1;e
embarrassed;Adjective;B1;zbunjen
embarrassing;Adjective;B1;posramljujući
emerge;Verb;B2;pojaviti
emergency;Noun;B1;hitan
emotion;Noun;B1;emocija
emotional;Adjective;B2;emotivan
emphasis;Noun;B2;isticanje
emphasize;Verb;B2;naglasiti
employ;Verb;A2;zaposliti
employee;Noun;A2;zaposlenik
employer;Noun;A2;poslodavac
employment;Noun;B1;zapošljavanje
empty;Adjective, Verb;A2, B1;prazan
enable;Verb;B2;omogućiti
encounter;Verb Noun;B2;susret
encourage;Verb;B1;ohrabriti
end;Noun Verb;A1;kraj
ending;Noun;A2;završni
enemy;Noun;B1;neprijatelj
energy;Noun;A2;energija
engage;Verb;B2;angažirati
engaged;Adjective;B1;zauzet
engine;Noun;A2;motor
engineer;Noun;A2;inženjer
engineering;Noun;B1;inženjering
enhance;Verb;B2;povećati
enjoy;Verb;A1;uživati
enormous;Adjective;A2;ogroman
enough;det. proNoun Adverb;A1;dovoljno
enquiry;Noun;B2;pitanje
ensure;Verb;B2;osigurati
enter;Verb;A2;Unesi
entertain;Verb;B1;Entertain
entertainment;Noun;B1;Zabava
enthusiasm;Noun;B2;entuzijazam
enthusiastic;Adjective;B2;oduševljen
entire;Adjective;B2;čitav
entirely;Adverb;B2;potpuno
entrance;Noun;B1;ulaz
entry;Noun;B1;ulaz
environment;Noun;A2;okoliš
environmental;Adjective;B1;ekološki
episode;Noun;B1;epizoda
equal;Adjective, Verb Noun;B1, B2;jednak
equally;Adverb;B1;jednako
equipment;Noun;A2;oprema
error;Noun;A2;greška
escape;Verb Noun;B1;pobjeći
especially;Adverb;A2;posebno
essay;Noun;A2;esej
essential;Adjective;B1;osnovni
establish;Verb;B2;uspostaviti
estate;Noun;B2;imanje
estimate;Verb Noun;B2;procjena
ethical;Adjective;B2;etički
euro;Noun;A1;euro
evaluate;Verb;B2;procijeniti
even;AdVerb Adjective;A1, B2;čak
evening;Noun;A1;večer
event;Noun;A1;događaj
eventually;Adverb;B1;eventualno
ever;Adverb;A1;ikad
every;det;A1;svaki
everybody;proNoun;A1;svi
everyday;Adjective;A2;svaki dan
everyone;proNoun;A1;svatko
everything;proNoun;A1;sve
everywhere;Adverb;A2;svugdje, posvuda
evidence;Noun;A2;dokaz
evil;Adjective, Noun;B2;zlo
exact;Adjective;A2;točno
exactly;Adverb;A2;točno
exam;Noun;A1;ispit
examination;Noun;B2;ispit
examine;Verb;B1;ispitati, pregledati
example;Noun;A1;primjer
excellent;Adjective;A2;izvrstan
except;prep, conj;A2, B1;osim
exchange;Noun Verb;B1;razmjena
excited;Adjective;A1;uzbuđen
excitement;Noun;B1;uzbuđenje
exciting;Adjective;A1;uzbudljiv
excuse;Noun Verb;B2;izgovor
executive;Noun Adjective;B2;izvršni
exercise;Noun Verb;A1;vježba
exhibition;Noun;B1;izložba
exist;Verb;A2;postojati
existence;Noun;B2;postojanje
expand;Verb;B1;proširiti
expect;Verb;A2;očekivati
expectation;Noun;B2;očekivanje
expected;Adjective;B1;očekuje se
expedition;Noun;B1;ekspedicija
expense;Noun;B2;trošak
expensive;Adjective;A1;skup
experience;Noun Verb;A2, B1;iskustvo
experienced;Adjective;B1;iskusan
experiment;Noun Verb;A2, B1;eksperiment
expert;Noun Adjective;A2;stručnjak
explain;Verb;A1;objasniti
explanation;Noun;A2;obrazloženje
explode;Verb;B1;eksplodirati
exploration;Noun;B2;istraživanje
explore;Verb;B1;istražiti
explosion;Noun;B1;Eksplozija
export;Noun Verb;B1;izvoz
expose;Verb;B2;izložiti
express;Verb;A2;izraziti
expression;Noun;A2;izraz
extend;Verb;B2;produžiti
extent;Noun;B2;opseg
external;Adjective;B2;vanjski
extra;Adjective, Noun Adverb;A1, B1;ekstra
extraordinary;Adjective;B2;izvanredan
extreme;Adjective, Noun;A2, B2;krajnost
extremely;Adverb;A2;krajnje
eye;Noun;A1;oko
face;Noun Verb;A1, B1;lice
facility;Noun;B2;postrojenja
fact;Noun;A1;činjenica
factor;Noun;A2;faktor
factory;Noun;A2;tvornica
fail;Verb;A2;iznevjeriti
failure;Noun;B2;neuspjeh
fair;Adjective;A2;pravedan
fairly;Adverb;B1;pošteno
faith;Noun;B2;vjera
fall;Verb Noun;A1, A2;pad
FALSE;Adjective;A1;NETOČNO
familiar;Adjective;B1;upoznat
family;Noun Adjective;A1;obitelj
famous;Adjective;A1;poznat
fan;Noun;A2;ventilator
fancy;Verb Adjective;B1;fantazija
fantastic;Adjective;A1;fantastičan
far;Adverb , Adjective;A1, B1;daleko
farm;Noun Verb;A1, A2;farma
farmer;Noun;A1;seljak
farming;Noun;A2;uzgoj
fascinating;Adjective;B1;fascinantan
fashion;Noun;A2;moda
fashionable;Adjective;B1;moderan
fast;Adjective, Adverb;A1;brzo
fasten;Verb;B1;pričvrstiti
fat;Adjective, Noun;A1, A2;mast
father;Noun;A1;otac
fault;Noun;B2;greška
favour;Noun Verb;B1, B2;milost
favourite;Adjective, Noun;A1;ljubimac
fear;Noun Verb;A2, B1;strah
feather;Noun;B2;pero
feature;Noun Verb;A2, B1;svojstvo
February;Noun;A1;veljača
fee;Noun;B2;pristojba
feed;Verb Noun;A2, B2;stočna hrana
feedback;Noun;B2;Povratne informacije
feel;Verb Noun;A1, B2;osjećati
feeling;Noun;A1;osjećaj
fellow;Adjective;B2;kolega
female;Adjective, Noun;A2;žena
fence;Noun;B1;ograda
festival;Noun;A1;festival
few;det./Adjective, proNoun;A1;nekoliko
fiction;Noun;A2;fikcija
field;Noun;A2;polje
fifteen;number;A1;petnaest
fifth;number;A1;peti
fifty;number;A1;pedeset
fight;Verb Noun;A2;borba
fighting;Noun;B1;borba
figure;Noun Verb;A2, B2;lik
file;Noun Verb;B1, B2;datoteka
fill;Verb;A1;punjenje
film;Noun Verb;A1, A2;film
final;Adjective, Noun;A1, A2;konačni
finally;Adverb;A2;konačno
finance;Noun Verb;B2;financije
financial;Adjective;B1;financijska
find;Verb;A1;pronaći
finding;Noun;B2;nalaz
fine;Adjective;A1;fino
finger;Noun;A2;prst
finish;Verb Noun;A1, A2;Završi
fire;Noun Verb;A1, B1;vatra
firm;Noun;B2;firma
first;det./number.AdVerb Noun;A1, A2;prvi
firstly;Adverb;A2;prvo
fish;Noun Verb;A1, A2;riba
fishing;Noun;A2;ribarstvo
fit;Verb Adjective;A2;stane
fitness;Noun;B1;sposobnost
five;number;A1;pet
fix;Verb Noun;A2, B2;popraviti
fixed;Adjective;B1;fiksna
flag;Noun;B1;zastava
flame;Noun;B2;plamen
flash;Noun Verb;B2;bljesak
flat;Noun Adjective;A1, A2;ravan
flexible;Adjective;B2;fleksibilno
flight;Noun;A1;let
float;Verb;B2;plutati
flood;Noun Verb;B1;poplava
floor;Noun;A1;kat
flour;Noun;B1;brašno
flow;Verb Noun;B1;teći
flower;Noun;A1;cvijet
flu;Noun;A2;gripa
fly;Verb Noun;A1, A2;letjeti
flying;Noun Adjective;A2;leteći
focus;Verb Noun;A2;usredotočenost
fold;Verb Noun;B1, B2;preklopiti
folding;Adjective;B2;na sklapanje
folk;Noun Adjective;B1;ljudi
follow;Verb;A1;slijediti
following;Adjective, Noun prep;A2, B1, B2;sljedeći
food;Noun;A1;hrana
foot;Noun;A1;noga
football;Noun;A1;nogomet
for;prep.;A1;za
force;NounVerb;B1;sila
foreign;Adjective;A2;strana
forest;Noun;A2;šuma
forever;Adverb;B1;zauvijek
forget;Verb;A1;zaboraviti
forgive;Verb;B2;oprostiti
fork;Noun;A2;viljuška
form;NounVerb;A1;oblik
formal;Adjective;A2;formalan
former;Adjective;B2;prijašnji
fortunately;Adverb;A2;srećom
fortune;Noun;B2;bogatstvo
forty;number;A1;četrdeset
forward;AdVerb Adjective;A2, B2;naprijed
found;Verb;B2;pronađeno
four;number;A1;četiri
fourteen;number;A1;četrnaest
fourth;number;A1;Četvrta
frame;NounVerb;B1;okvir
free;Adjective, AdVerb Verb;A1,A2,B2;besplatno
freedom;Noun;B2;sloboda
freeze;Verb;B1;zamrznuti
frequency;Noun;B2;frekvencija
frequently;Adverb;B1;često
fresh;Adjective;A2;svježe
Friday;Noun;A1;petak
fridge;Noun;A2;hladnjak
friend;Noun;A1;prijatelj
friendly;Adjective;A1;prijateljski
friendship;Noun;B1;prijateljstvo
frighten;Verb;B1;uplašiti
frightened;Adjective;B1;uplašen
frightening;Adjective;B1;zastrašujuć
frog;Noun;A2;žaba
from;prep;A1;iz
front;Noun Adjective;A1;ispred
frozen;Adjective;B1;zamrznut
fruit;Noun;A1;voće
fry;Verb;B1;pržiti
fuel;Noun Verb;B1, B2;gorivo
full;Adjective;A1;puni
fully;Adverb;B2;potpuno
fun;Noun Adjective;A1, A2;zabava
function;Noun Verb;B1, B2;funkcija
fund;Noun Verb;B2;fond
fundamental;Adjective;B2;osnovni
funding;Noun;B2;financiranje
funny;Adjective;A1;smiješno
fur;Noun;B1;krzno
furniture;Noun;A2;namještaj
further;Adjective, Adverb;A2, B1;unaprijediti
furthermore;Adverb;B2;osim toga
future;Noun Adjective;A1, A2;budućnost
gain;Verb Noun;B2;dobit
gallery;Noun;A2;galerija
game;Noun;A1;igra
gang;Noun;B2;banda
gap;Noun;A2;praznina
garage;Noun;B1;garaža
garden;Noun;A1;vrt
gas;Noun;A2;plin
gate;Noun;A2;vrata
gather;Verb;B1;okupiti
general;Adjective;A2;Općenito
generally;Adverb;B1;obično
generate;Verb;B2;generirati
generation;Noun;B1;generacija
generous;Adjective;B1;velikodušan
genre;Noun;B2;žanr
gentle;Adjective;B1;nježan
gentleman;Noun;B1;gospodin
geography;Noun;A1;geografija
get;Verb;A1;dobiti
ghost;Noun;B1;duh
giant;Adjective, Noun;B1;gigantski
gift;Noun;A2;dar
girl;Noun;A1;djevojka
girlfriend;Noun;A1;djevojka
give;Verb;A1;dati
glad;Adjective;B1;radostan
glass;Noun;A1;staklo
global;Adjective;B1;globalno
glove;Noun;B1;rukavica
go;Verb Noun;A1, B1;ići
goal;Noun;A2;cilj
God;Noun;A2;Bog
gold;Noun Adjective;A2;zlato
golf;Noun;A2;golf
good;Adjective, Noun;A1, A2;dobro
goodbye;exclam. Noun;A1;Doviđenja
goods;Noun;B1;roba
govern;Verb;B2;vladati
government;Noun;A2;vlada
grab;Verb;B2;zgrabiti
grade;Noun Verb;B1, B2;razred
gradually;Adverb;B2;postepeno
graduate;Noun Verb;B1;diplomirani
grain;Noun;B1;žitarica
grand;Adjective;B2;veličanstven
grandfather;Noun;A1;deda
grandmother;Noun;A1;baka
grandparent;Noun;A1;baka ili djed
grant;Verb Noun;B2;potpora
grass;Noun;A2;trava
grateful;Adjective;B1;zahvalan
great;Adjective;A1;Sjajno
green;Adjective, Noun;A1;zelena
greet;Verb;A2;pozdraviti
grey;Adjective, Noun;A1;siva
ground;Noun;A2;tlo
group;Noun;A1;skupina
grow;Verb;A1;rasti
growth;Noun;B1;rast
guarantee;Verb Noun;B2;jamčiti
guard;Noun Verb;B1;straža
guess;Verb Noun;A1;nagađati
guest;Noun;A2;gost
guide;Noun Verb;A2;vodič
guilty;Adjective;B1;kriv
guitar;Noun;A1;gitara
gun;Noun;A2;puška
guy;Noun;A2;momak
gym;Noun;A1;teretana
habit;Noun;A2;navika
hair;Noun;A1;dlaka
half;Noundet.proNoun, Adverb;A1, A2;pola
hall;Noun;A2;dvorana
hand;Noun Verb;A1, B1;ruka
handle;Verb Noun;B2;ručica
hang;Verb;B1;objesiti
happen;Verb;A1;dogoditi se
happily;Adverb;A2;sretno
happiness;Noun;B1;sreća
happy;Adjective;A1;sretan
hard;Adjective, Adverb;A1;teško
hardly;Adverb;B1;jedva
harm;Noun Verb;B2;šteta
harmful;Adjective;B2;štetan
hat;Noun;A1;šešir
hate;Verb Noun;A1, B1;mrziti
have;Verb auxiliary Verb;A1, A2;imati
have to modal;Verb;A1;moraju modalni
he;proNoun;A1;on
head;Noun Verb;A1, B1;glava
headache;Noun;A2;glavobolja
headline;Noun;B1;naslov
health;Noun;A1;zdravlje
healthy;Adjective;A1;zdrav
hear;Verb;A1;čuti
hearing;Noun;B2;rasprava
heart;Noun;A2;srce
heat;Noun Verb;A2;toplina
heating;Noun;B1;grijanje
heaven;Noun;B2;raj
heavily;Adverb;B1;teško
heavy;Adjective;A2;teško
heel;Noun;B2;potpetica
height;Noun;A2;visina
helicopter;Noun;B1;helikopter
hell;Noun;B2;pakao
hello;exclam./Noun;A1;zdravo
help;Verb Noun;A1;Pomozite
helpful;Adjective;A2;koristan
her;proNoundet;A1;nju
here;Adverb;A1;ovdje
hero;Noun;A2;junak
hers;proNoun;A2;njen
herself;proNoun;A2;ona sama
hesitate;Verb;B2;oklijevati
hey;exclam;A1;ej
hi;exclam;A1;bok
hide;Verb;A2;sakriti
high;Adjective, AdVerb Noun;A1, A2, B2;visok
highlight;Verb Noun;B1;vrhunac
highly;Adverb;B1;visoko
hill;Noun;A2;brdo
him;proNoun;A1;mu
himself;proNoun;A2;sam
hire;Verb Noun;B1, B2;najam
his;det. proNoun;A1, A2;njegov
historic;Adjective;B1;povijesni
historical;Adjective;B1;povijesni
history;Noun;A1;povijest
hit;Verb Noun;A2;pogoditi
hobby;Noun;A1;hobi
hockey;Noun;A2;hokej
hold;Verb Noun;A2, B2;Zadržavanje
hole;Noun;A2;rupa
holiday;Noun;A1;odmor
hollow;Adjective;B2;šupalj
holy;Adjective;B2;svet
home;Noun AdVerb Adjective;A1, A2;Dom
homework;Noun;A1;domaća zadaća
honest;Adjective;B1;pošten, čestit
honour;Noun Verb;B2;čast
hope;Verb Noun;A1, A2;nada
horrible;Adjective;B1;užasno
horror;Noun;B1;užas
horse;Noun;A1;konj
hospital;Noun;A1;bolnica
host;Noun Verb;B1, B2;domaćin
hot;Adjective;A1;vruće
hotel;Noun;A1;hotel
hour;Noun;A1;sat
house;Noun Verb;A1, B2;kuća
household;Noun;B2;domaćinstvo
housing;Noun;B2;kućište
how;Adverb;A1;kako
however;Adverb;A1;međutim
huge;Adjective;A2;ogroman
human;Adjective, Noun;A2;ljudski
humorous;Adjective;B2;smiješan
humour;Noun;B2;humor
hundred;number;A1;stotina
hungry;Adjective;A1;gladan
hunt;Verb Noun;B1, B2;lov
hunting;Noun;B2;lov
hurricane;Noun;B1;uragan
hurry;Noun Verb;B1;žuriti
hurt;Verb Adjective Noun;A2, B2;povrijediti
husband;Noun;A1;suprug
I;proNoun;A1;ja
ice;Noun;A1;led
ice cream;Noun;A1;sladoled
idea;Noun;A1;ideja
ideal;Adjective , Noun;A2, B2;idealan
identify;Verb;A2;identificirati
identity;Noun;B1;identitet
if;conj.;A1;ako
ignore;Verb;B1;zanemariti
ill;Adjective;A2;bolestan
illegal;Adjective;B1;nezakonit
illness;Noun;A2;bolest
illustrate;Verb;B2;ilustrirati
illustration;Noun;B2;ilustracija
image;Noun;A2;slika
imaginary;Adjective;B1;imaginaran
imagination;Noun;B2;mašta
imagine;Verb;A1;zamisliti
immediate;Adjective;B1;neposredan
immediately;Adverb;A2;odmah
immigrant;Noun;B1;useljenik
impact;Noun Verb;B1;udarac
impatient;Adjective;B2;nestrpljiv
imply;Verb;B2;nagovijestiti
import;Noun Verb;B1;uvoz
importance;Noun;B1;važnost
important;Adjective;A1;važno
impose;Verb;B2;nameću
impossible;Adjective;A2;nemoguće
impress;Verb;B2;impresionirati
impressed;Adjective;B2;impresioniran
impression;Noun;B1;dojam
impressive;Adjective;B1;impresivan
improve;Verb;A1;poboljšati
improvement;Noun;B1;poboljšanje
in;prep., Adverb;A1;u
inch;Noun;B2;palac
incident;Noun;B2;incident
include;Verb;A1;uključiti
included;Adjective;A2;uključen
including;prep.;A2;uključujući
income;Noun;B2;prihod
increase;Verb Noun;A2;povećati
increasingly;Adverb;B2;sve
incredible;Adjective;A2;nevjerojatan
incredibly;Adverb;B1;nevjerojatno
indeed;Adverb;B1;doista
independent;Adjective;A2;samostalan
indicate;Verb;B1;naznačiti
indirect;Adjective;B1;posredan
individual;Noun, adj;A2;pojedinac
indoor;Adjective;B1;unutrašnji
indoors;Adverb;B1;u kući
industrial;Adjective;B2;industrijski
industry;Noun;A2;industrija
infection;Noun;B2;infekcija
influence;NounVerb;B1;utjecaj
inform;Verb;B2;obavijestiti
informal;Adjective;A2;neformalan
information;Noun;A1;informacija
ingredient;Noun;B1;sastojak
initial;Adjective;B2;početni
initially;Adverb;B2;u početku
initiative;Noun;B2;inicijativa
injure;Verb;B1;ozlijediti
injured;Adjective;B1;ozlijeđen
injury;Noun;A2;ozljeda
inner;Adjective;B2;unutrašnji
innocent;Adjective;B1;nevin
insect;Noun;A2;insekt
inside;prep.Adverb Noun Adjective;A2;u
insight;Noun;B2;uvid
insist;Verb;B2;insistirati
inspire;Verb;B2;INSPIRE
install;Verb;B2;instalirati
instance;Noun;B2;primjer
instead;Adverb;A2;umjesto
institute;Noun;B2;institut
institution;Noun;B2;institucija
instruction;Noun;A2;instrukcija
instructor;Noun;A2;instruktor
instrument;Noun;A2;instrument
insurance;Noun;B2;osiguranje
intelligence;Noun;B1;inteligencija
intelligent;Adjective;A2;inteligentan
intend;Verb;B1;namjeravati
intended;Adjective;B2;namijenjen
intense;Adjective;B2;intenzivan
intention;Noun;B1;namjera
interest;Noun Verb;A1;interes
interested;Adjective;A1;zainteresiran
interesting;Adjective;A1;zanimljiv
internal;Adjective;B2;interni
international;Adjective;A2;međunarodna
internet;Noun;A1;Internet
interpret;Verb;B2;protumačiti
interrupt;Verb;B2;prekinuti
interview;Noun Verb;A1;intervju
into;prep.;A1;u
introduce;Verb;A1;predstaviti
introduction;Noun;A2;Uvod
invent;Verb;A2;izumiti
invention;Noun;A2;izum
invest;Verb;B1;Investirati
investigate;Verb;B1;istraga
investigation;Noun;B2;istraga
investment;Noun;B2;ulaganje
invitation;Noun;A2;poziv
invite;Verb;A2;pozvati
involve;Verb;A2;obuhvatiti
involved;Adjective;B1;uključeni
iron;Noun Verb;B1;željezo
island;Noun;A1;otoka
issue;Noun, Verb;B1, B2;problem
IT;Noun;B1;TO
it;proNoun;A1;to
item;Noun;A2;artikal
its;det.;A1;svoj
itself;proNoun;A2;sebe
jacket;Noun;A1;jakna
jam;Noun;A2;pekmez
January;Noun;A1;siječanj
jazz;Noun;A2;jazz
jeans;Noun;A1;traperice
jewellery;Noun;A2;nakit
job;Noun;A1;posao
join;Verb;A1;pridružiti
joke;Noun Verb;A2;vic
journal;Noun;B1;časopis
journalist;Noun;A2;novinar
journey;Noun;A1;putovanje
joy;Noun;B2;radost
judge;Noun Verb;B1;suditi
judgement;Noun;B2;osuda
juice;Noun;A1;sok
July;Noun;A1;srpanj
jump;Verb Noun;A2;skok
June;Noun;A1;lipanj
junior;Adjective;B2;mlađi
just;Adverb;A1;samo
justice;Noun;B2;pravda
justify;Verb;B2;opravdati
keen;Adjective;B1;ljut
keep;Verb;A1;zadržati
key;Noun, Adjective Verb;A1, B1;ključ
keyboard;Noun;B1;tastatura
kick;Verb Noun;B1;udarac
kid;Noun;A2;dijete
kill;Verb;A2;ubiti
killing;Noun;B1;ubijanje
kilometre;Noun;A1;kilometar
kind(type);Noun;A1;vrste (vrsta)
kind(caring);Adjective;B1;vrsta (brige)
king;Noun;A2;kralj
kiss;Verb Noun;B1;poljubac
kitchen;Noun;A1;kuhinja
knee;Noun;A2;koljeno
knife;Noun;A2;nož
knock;Verb , Noun;A2, B1;kucanje
know;Verb;A1;znati
knowledge;Noun;A2;znanje
lab;Noun;A2;laboratorija
label;Noun Verb;B1;označiti
laboratory;Noun;B1;laboratorija
labour;Noun;B2;rad
lack;Noun Verb;B1;nedostatak
lady;Noun;A2;dama
lake;Noun;A2;jezero
lamp;Noun;A2;svjetiljka
land;Noun, Verb;A1, A2;zemljište
landscape;Noun;B2;pejzaž
language;Noun;A1;Jezik
laptop;Noun;A2;laptop
large;Adjective;A1;veliki
largely;Adverb;B2;u velikoj mjeri
last1 (final);det., Adverb n;A1, A2;last1 (konačno)
last1 (taking time);Verb;A2;last1 (to vrijeme)
late;Adjective Adverb;A1;kasno
later;Adverb , Adjective;A1, A2;kasnije
latest;Adjective , Noun;B1, B2;najnoviji
laugh;Verb Noun;A1;smijeh
laughter;Noun;A2;smijeh
launch;Verb Noun;B2;lansiranje
law;Noun;A2;zakon
lawyer;Noun;A2;odvjetnik
lay;Verb;B1;položiti
layer;Noun;B1;sloj
lazy;Adjective;A2;lijen
lead;Verb , Noun;A2, B1;voditi
leader;Noun;A2;vođa
leadership;Noun;B2;rukovodstvo
leading;Adjective;B1;vodeći
leaf;Noun;B1;list
league;Noun;B2;liga
lean;Verb;B2;mršav
learn;Verb;A1;naučiti
learning;Noun;A2;učenje
least;det./proNoun Adverb;A2;najmanje
leather;Noun;B1;koža
leave;Verb , Noun;A1, B2;napustiti
lecture;Noun Verb;A2;predavanje
left;Adjective Adverb Verb;A1;lijevo
leg;Noun;A1;noga
legal;Adjective;B1;pravni
leisure;Noun;B1;slobodno vrijeme
lemon;Noun;A2;limun
lend;Verb;A2;posuditi
length;Noun;B1;dužina
less;det./pro Noun Adverb;A2;manje
lesson;Noun;A1;lekcija
let;Verb;A1;pustiti
letter;Noun;A1;pismo
level;Noun, Adjective , Verb;A2, B1, B2;nivo
library;Noun;A1;knjižnica
licence;Noun;B2;licenca
lie;Verb;A1;laž
lie;Verb Noun;B2;laž
life;Noun;A1;život
lifestyle;Noun;A2;način života
lift;Verb;Noun;lift
light (from the sun/a lamp);Noun Adverb , Verb;A1, A2;Svjetlo (od sunca / svjetiljka)
light (not heavy);Adjective;A2;svijetlo (nije teško)
like (similar);prep.;A1;kao (sl)
like (find sb/sth pleasant);Verb , n;A1, B1;slično (naći SB / STH ugodno)
Noun;B1; ;Imenica
likely;Adjective;A2;Vjerojatno
limit;Noun Verb;B1;ograničiti
limited;Adjective;B2;ograničen
line;Noun, Verb;A1, B2;crta
link;Noun Verb;A2;veza
lion;Noun;A1;lav
lip;Noun;B1;usna
liquid;Noun Adjective;B1;tekući
list;Noun Verb;A1;popis
listen;Verb;A1;slušati
listener;Noun;A2;slušalac
literature;Noun;B1;književnost
little;Adjective det./proNoun, Adverb;A1, A2;malo
live1;Verb;A1;live1
live2;Adjective Adverb;B1;Live2
lively;Adjective;B2;živo
living;Adjective Noun;B1;život
load;Noun Verb;B2;opterećenje
loan;Noun;B2;zajam
local;Adjective , Noun;A1, B1;lokalne
locate;Verb;B1;pronaći
located;Adjective;B1;nalazi
location;Noun;B1;mjesto
lock;Verb Noun;A2;zaključavanje
logical;Adjective;B2;logičan
lonely;Adjective;B1;usamljen
long;Adjective Adverb;A1;dugo
long-term;Adjective Adverb;B2;dugoročno
look;Verb , Noun;A1, A2;izgled
loose;Adjective;B2;izgubiti
lord;Noun;B2;gospodar
lorry;Noun;A2;kamion
lose;Verb;A1;izgubiti
loss;Noun;B1;gubitak
lost;Adjective;A2;izgubljen
lot;proNoun det. Adverb;A1;mnogo
loud;Adjective Adverb;A2;glasno
loudly;Adverb;A2;glasno
love;Noun Verb;A1;ljubav
lovely;Adjective;A2;lijep
low;Adjective Adverb , n;A2, B2;nizak
lower;Verb;B2;niži
luck;Noun;A2;sreća
lucky;Adjective;A2;sretan
lunch;Noun;A1;ručak
lung;Noun;B2;pluća
luxury;Noun;B1;luksuzno
machine;Noun;A1;mašina
mad;Adjective;B1;lud
magazine;Noun;A1;časopis
magic;Noun Adjective;B1;magija
mail;Noun Verb;A2;pošta
main;Adjective;A1;glavni
mainly;Adverb;B1;uglavnom
maintain;Verb;B2;održavati
major;Adjective;A2;glavni
majority;Noun;B2;većina
make;Verb , Noun;A1, B2;napraviti
male;Adjective Noun;A2;muški
mall;Noun;B1;trgovački centar
man;Noun;A1;čovjek
manage;Verb;A2;upravljati
management;Noun;B1;upravljanje
manager;Noun;A2;menadžer
manner;Noun;A2;držanje
many;det./proNoun;A1;puno
map;Noun, Verb;A1, B2;karta
March;Noun;A1;ožujak
mark;Verb Noun;A2;ocjena
market;Noun, Verb;A1, B1;tržište
marketing;Noun;B1;Marketing
marriage;Noun;B1;brak
married;Adjective;A1;oženjen
marry;Verb;A2;oženiti
mass;Noun Adjective;B2;masa
massive;Adjective;B2;masivan
master;Noun Verb;B2;ovladati; majstorski
match (contest/correspond);Noun Verb;A1;podudaranja (natjecanje / odgovaraju)
matching;Adjective;B2;odgovarajući
material;Noun, Adjective;A2, B2;materijal
mathematics;Noun;A2;matematika
maths;Noun;A2;matematika
matter;Noun Verb;A2;stvar
maximum;Adjective Noun;B2;maksimum
May;Noun;A1;svibanj
may modal;Verb;A2;može modalni
maybe;Adverb;A1;može biti
me;proNoun;A1;mi
meal;Noun;A1;obrok
mean;Verb;A1;srednja
meaning;Noun;A1;značenje
means;Noun;B2;sredstva
meanwhile;Adverb;B1;u međuvremenu
measure;Verb Noun;B1;mjera
measurement;Noun;B2;mjerenje
meat;Noun;A1;meso
media;Noun;A2;media
medical;Adjective;A2;medicinski
medicine;Noun;A2;lijek
medium;Adjective , Noun;B1, B2;srednji
meet;Verb;A1;sastati
meeting;Noun;A1;sastanak
melt;Verb;B2;topiti
member;Noun;A1;član
memory;Noun;A2;memorija
mental;Adjective;B1;mentalni
mention;Verb , Noun;A2, B1;spomenuti
menu;Noun;A1;izbornik
mess;Noun Verb;B1;nered
message;Noun;A1;poruka
metal;Noun;A2;metal
method;Noun;A2;način
metre;Noun;A1;metar
middle;Noun Adjective;A2;srednji
midnight;Noun;A1;ponoć
might modal;Verb;A2;možda modalni
mild;Adjective;B1;blag
mile;Noun;A1;milja
military;Adjective Noun;B2;vojni
milk;Noun;A1;mlijeko
million number; ;A1;milijun broj
mind;Noun Verb;A2;um
mine (belongs to me);proNoun;A2;mina (pripada meni)
mine (hole in the ground);Noun;B1;mina (rupa u zemlji)
mineral;Noun;B2;mineral
minimum;Adjective Noun;B2;minimum
minister;Noun;B2;ministar
minor;Adjective;B2;manji
minority;Noun;B2;manjina
minute;Noun;A1;minuta
mirror;Noun;A2;ogledalo
miss;Verb;A1;propustiti
missing;Adjective;A2;nedostaje
mission;Noun;B2;misija
mistake;Noun, Verb;A1, B2;pogreška
mix;Verb Noun;B1;miješati
mixed;Adjective;B2;mješovit
mixture;Noun;B1;smjesa
mobile;Adjective Noun;A2;mobilni
model;Noun, Verb;A1, B2;model
modern;Adjective;A1;moderan
modify;Verb;B2;Izmjena
moment;Noun;A1;trenutak
Monday;Noun;A1;ponedjeljak
money;Noun;A1;novac
monitor;Noun Verb;B2;monitor
monkey;Noun;A2;majmun
month;Noun;A1;mjesec
mood;Noun;B1;raspoloženje
moon;Noun;A2;mjesec
moral;Adjective Noun;B2;moralan
more;det./proNoun Adverb;A1;više
morning;Noun;A1;jutro
most;det./proNoun Adverb;A1;najviše
mostly;Adverb;A2;uglavnom
mother;Noun;A1;majka
motor;Noun Adjective;B2;motor
motorcycle;Noun;A2;motorcikl
mount;Verb;B2;montiranje
mountain;Noun;A1;planina
mouse;Noun;A1;miš
mouth;Noun;A1;usta
move;Verb , Noun;A1, B1;potez
movement;Noun;A2;pokret
movie;Noun;A1;film
much;det./proNoun Adverb;A1;mnogo
mud;Noun;B1;blato
multiple;Adjective;B2;višekratnik
multiply;Verb;B2;pomnožiti
mum;Noun;A1;mama
murder;NounVerb;B1;ubiti
muscle;Noun;B1;mišić
museum;Noun;A1;muzej
music;Noun;A1;glazba, muzika
musical;Adjective , Noun;A2, B1;mjuzikl
musician;Noun;A2;glazbenik
must modal;Verb;A1;Treba modalni
my;det.;A1;moj
myself;proNoun;A2;sebe
mysterious;Adjective;B2;misteriozan
mystery;Noun;B1;misterija
nail;Noun;B1;čavao
name;Noun Verb;A1;Ime
narrative;Noun Adjective;B1;pripovijest
narrow;Adjective , Verb;A2, B2;suziti
nation;Noun;B1;narod
national;Adjective , Noun;A2, B2;nacionalna
native;Adjective Noun;B1;domaći
natural;Adjective;A1;prirodni
naturally;Adverb;B1;prirodno
nature;Noun;A2;priroda
near;prep. Adjective Adverb;A1;blizu
nearly;Adverb;A2;skoro
neat;Adjective;B2;uredan
necessarily;Adverb;B1;obavezno
necessary;Adjective;A2;potreban
neck;Noun;A2;vrat
need;Verb , Noun, modal Verb;A1, A2, B1;potreba
needle;Noun;B1;igla
negative;Adjective , Noun;A1, B2;negativan
neighbour;Noun;A1;susjed
neighbourhood;Noun;B1;susjedstvo
neither;det./proNoun, Adverb;A2, B1;ni
nerve;Noun;B2;živac
nervous;Adjective;A2;živčani
net;Noun;B1;neto
network;Noun;A2;mreža
never;Adverb;A1;nikada
nevertheless;Adverb;B2;Štoviše
new;Adjective;A1;novi
news;Noun;A1;vijesti
newspaper;Noun;A1;novine
next;Adjective Adverb , Noun;A1, B1;Sljedeći
next to;prep.;A1;pored
nice;Adjective;A1;Lijepo
night;Noun;A1;noć
nightmare;Noun;B2;noćna mora
nine;number;A1;devet
nineteen;number;A1;devetnaest
ninety;number;A1;devedeset
no;exclam. det.;A1;Ne
no one;proNoun;A1;nitko
nobody;proNoun;A1;nitko
noise;Noun;A2;buka
noisy;Adjective;A2;glasan
none;pro Noun;A2;nijedan
nor;conj./Adverb;B1;ni
normal;Adjective , Noun;A2, B1;normalan
normally;Adverb;A2;normalno, redovno
north;Noun Adjective Adverb;A1;sjeverno
northern;Adjective;B1;sjeverni
nose;Noun;A1;nos
not;Adverb;A1;ne
note;Noun Verb;A1, B1;Bilješka
nothing;proNoun;A1;ništa
notice;Verb Noun;A2;obavijest
notion;Noun;B2;pojam
novel;Noun;A2;roman
November;Noun;A1;studeni
now;Adverb , conj.;A1, B1;sada
nowhere;Adverb;A2;nigdje
nuclear;Adjective;B1;nuklearni
number;Noun, Verb;A1, A2;broj
numerous;Adjective;B2;brojan
nurse;Noun;A1;medicinska sestra
nut;Noun;A2;orah
obey;Verb;B2;slušate
object;Noun Verb;A1, B2;objekt
objective;Noun Adjective;B2;cilj
obligation;Noun;B2;obaveza
observation;Noun;B2;zapažanje
observe;Verb;B2;promatrati
obtain;Verb;B2;dobiti
obvious;Adjective;B1;očigledan
obviously;Adverb;B1;očito
occasion;Noun;B1;prilika
occasionally;Adverb;B2;povremeno
occur;Verb;B1;doći
ocean;Noun;A2;ocean
o’clock;Adverb;A1;sati
October;Noun;A1;listopad
odd;Adjective;B1;neparan
of;prep.;A1;od
off;Adverb prep.;A1;od
offence;Noun;B2;prekršaj
offend;Verb;B2;uvrijediti
offensive;Adjective;B2;uvredljiv
offer;Verb Noun;A2;ponuda
office;Noun;A1;ured
officer;Noun;A2;časnik
official;Adjective , Noun;B1, B2;službeno
often;Adverb;A1;često
oh;exclam.;A1;Oh
oil;Noun;A2;ulje
OK;exclam. Adjective /Adverb;A1;u redu
old;Adjective;A1;star
old-fashioned;Adjective;B1;starinski
on;prep. Adverb;A1;na
once;Adverb , conj.;A1, B1;jednom
one;number-det. proNoun;A1;jedan
onion;Noun;A1;luk
online;Adjective Adverb;A1;na liniji
only;Adjective Adverb;A1;samo
onto;prep.;A2;na
open;Adjective Verb;A1;otvorena
opening;Noun;B2;otvor
operate;Verb;B2;raditi
operation;Noun;B1;operacija
opinion;Noun;A1;mišljenje
opponent;Noun;B2;protivnik
opportunity;Noun;A2;prilika
oppose;Verb;B2;suprotstaviti
opposed;Adjective;B2;razliku
opposite;Adjective Adverb prep. Noun;A1;suprotan
opposition;Noun;B2;opozicija
option;Noun;A2;opcija
or;conj.;A1;ili
orange;Noun Adjective;A1;naranča
order;Noun Verb;A1;narudžba
ordinary;Adjective;A2;običan
organ;Noun;B2;orgulje
organization;Noun;A2;organizacija
organize;Verb;A2;organizirati
organized;Adjective;B1;organizirani
organizer;Noun;B1;organizator
origin;Noun;B2;podrijetlo
original;Adjective , Noun;A2, B1;izvornik
originally;Adverb;B1;izvorno
other;Adjective /proNoun;A1;drugo
otherwise;Adverb;B2;inače
ought;modal Verb;B1;treba
our;det.;A1;naše
ours;proNoun;B1;naša
ourselves;proNoun;A2;sebe
out;Adverb /prep.;A1;van
outcome;Noun;B2;ishod
outdoor;Adjective;B1;vanjski
outdoors;Adverb;B1;vani
outer;Adjective;B2;vanjski
outline;Noun Verb;B2;obris
outside;Adverb , prep. nouNoun Adjective;A1, A2;izvan
oven;Noun;A2;pećnica
over;prep. Adverb;A1;nad
overall;Adjective Adverb;B2;Cjelokupni
owe;Verb;B2;dugovati
own;Adjective /proNoun, Verb;A1, A2;vlastiti
owner;Noun;A2;vlasnik
pace;Noun, Verb;B2;tempo
pack;Verb , Noun;A2, B1;paket
package;Noun, Verb;B1, B2;paket
page;Noun;A1;stranica
pain;Noun;A2;bol
painful;Adjective;B1;bolan
paint;Verb Noun;A1;boja
painter;Noun;A2;slikar
painting;Noun;A1;slika
pair;Noun;A1;par
palace;Noun;A2;palača
pale;Adjective;B1;blijed
pan;Noun;B1;tava
panel;Noun;B2;ploča
pants;Noun;A2;hlače
paper;Noun;A1;papir
paragraph;Noun;A1;stav
parent;Noun;A1;roditelj
park;Noun Verb;A1;park
parking;Noun;A2;parkiralište
parliament;Noun;B2;parlament
part;Noun;A1;dio
participant;Noun;B2;učesnik
participate;Verb;B1;sudjelovati
particular;Adjective;A2;posebno
particularly;Adverb;B1;naročito
partly;Adverb;B2;djelimično
partner;Noun;A1;partner
party;Noun;A1;Zabava
pass;Verb , Noun;A2, B1;proći
passage;Noun;B2;prolaz
passenger;Noun;A2;putnik
passion;Noun;B1;strast
passport;Noun;A1;putovnica
past;Adjective Noun prep., Adverb;A1, A2;prošlost
path;Noun;B1;staza
patient;Noun, Adjective;A2, B2;pacijent
pattern;Noun;A2;uzorak
pay;Verb , Noun;A1, A2;platiti
payment;Noun;B1;plaćanje
peace;Noun;A2;mir
peaceful;Adjective;B1;mirno
pen;Noun;A1;pero
pencil;Noun;A1;olovka
penny;Noun;A2;peni
pension;Noun;B2;mirovina
people;Noun;A1;narod
pepper;Noun;A1;papar
per;prep.;A2;po
per cent;Noun Adjective /Adverb;A2;posto
percentage;Noun;B1;postotak
perfect;Adjective;A1;savršen
perfectly;Adverb;B1;savršeno
perform;Verb;A2;izvesti
performance;Noun;B1;izvođenje
perhaps;Adverb;A2;možda
period;Noun;A1;razdoblje
permanent;Adjective;B2;trajan
permission;Noun;A2;dozvola
permit;Verb Noun;B2;dozvola
person;Noun;A1;osoba
personal;Adjective;A1;osobni
personality;Noun;A2;osoba
personally;Adverb;B1;lično
perspective;Noun;B2;perspektiva
persuade;Verb;B1;uvjeriti
pet;Noun;A2;ljubimac
petrol;Noun;A2;benzin
phase;Noun;B2;faza
phenomenon;Noun;B2;fenomen
philosophy;Noun;B2;filozofija
phone;Noun Verb;A1;telefon
photo;Noun;A1;foto
photograph;Noun, Verb;A1, A2;fotografirati
photographer;Noun;B1;fotograf
photography;Noun;B1;fotografija
phrase;Noun;A1;fraza
physical;Adjective;A2;fizička
physics;Noun;A2;fizika
piano;Noun;A1;klavir
pick;Verb , Noun;A2, B2;odabrati
picture;Noun, Verb;A1, B2;slika
piece;Noun;A1;komad
pig;Noun;A1;svinja
pile;Noun Verb;B2;gomila
pilot;Noun;A2;pilot
pin;Noun Verb;B1;igla
pink;Adjective Noun;A1;ružičasta
pipe;Noun;B1;cijev
pitch;Noun;B2;nagib
place;Noun Verb;A1, B1;mjesto
plain;Adjective;B2;običan
plan;Noun Verb;A1;plan
plane;Noun;A1;avion
planet;Noun;A2;planeta
planning;Noun;B1;planiranje
plant;Noun Verb;A1, A2;biljka
plastic;Noun Adjective;A2;plastika
plate;Noun;A2;tanjur
platform;Noun;A2;platforma
play;Verb Noun;A1;igra
player;Noun;A1;igrač
pleasant;Adjective;B1;prijatan
please;exclam., Verb;A1, A2;Molim
pleased;Adjective;A2;zadovoljan
pleasure;Noun;B1;zadovoljstvo
plenty;proNoun;B1;mnogo
plot;Noun, Verb;B1, B2;zemljište
plus;prep., Adjective conj., Noun;B1, B2;plus
pocket;Noun;A2;džep
poem;Noun;B1;pjesma
poet;Noun;B1;pjesnik
poetry;Noun;B1;poezija
point;Noun, Verb;A1, B1;točka
pointed;Adjective;B2;šiljast
poison;Noun Verb;B1;Otrov
poisonous;Adjective;B1;otrovan
police;Noun;A1;policija
policeman;Noun;A1;policajac
policy;Noun;B1;politika
polite;Adjective;A2;pristojan
political;Adjective;B1;politički
politician;Noun;B1;političar
politics;Noun;B1;politika
pollution;Noun;A2;zagađenje
pool;Noun;A1;bazen
poor;Adjective;A1;siromašan
pop;Noun Adjective;A2;pop
popular;Adjective;A1;popularan
popularity;Noun;B2;popularnost
population;Noun;A2;stanovništvo
port;Noun;B1;luka
portrait;Noun;B1;portret
pose;Verb;B2;poza
position;Noun, Verb;A2, B2;položaj
positive;Adjective , Noun;A1, B2;pozitivan
possess;Verb;B2;posjedovati
possession;Noun;A2;posjed
possibility;Noun;A2;mogućnost
possible;Adjective;A1;moguće
possibly;Adverb;B1;možda
post;Noun Verb;A1;pošta
poster;Noun;A2;poster
pot;Noun;B1;lonac
potato;Noun;A1;krumpir
potential;Adjective Noun;B2;potencijal
pound;Noun;A1;funta
pour;Verb;B1;sipati
poverty;Noun;B1;siromaštvo
powder;Noun;B1;puder
power;Noun, Verb;A2, B2;vlast
powerful;Adjective;B1;snažan
practical;Adjective;B1;praktičan
practice;Noun;A1;praksa
practise;Verb;A1;praksa
praise;Noun Verb;B2;pohvala
pray;Verb;B1;moliti
prayer;Noun;B1;molitva
predict;Verb;A2;predvidjeti
prediction;Noun;B1;proricanje
prefer;Verb;A1;radije
pregnant;Adjective;B2;trudna
preparation;Noun;B2;priprema
prepare;Verb;A1;pripremiti
prepared;Adjective;B1;pripremljena
presence;Noun;B2;prisutnost
present;Adjective Noun, Verb;A1, A2;predstaviti
presentation;Noun;B1;prezentacija
preserve;Verb;B2;sačuvati
president;Noun;A2;predsjednik
press;Verb Noun;B1;tisak
pressure;Noun;B1;pritisak
pretend;Verb;B1;pretvarati se
pretty;Adjective Adverb;A1;prilično
prevent;Verb;A2;spriječiti
previous;Adjective;B1;prijašnji
previously;Adverb;B1;prethodno
price;Noun, Verb;A1, B2;cijena
priest;Noun;B1;svećenik
primary;Adjective;B1;osnovni
prime;Adjective;B2;glavni
prince;Noun;B1;princ
princess;Noun;B1;princeza
principle;Noun;B2;načelo
print;Verb , Noun;A2, B2;ispis
printer;Noun;A2;printer
printing;Noun;B1;tiskanje
priority;Noun;B2;prioritet
prison;Noun;A2;zatvor
prisoner;Noun;B1;zatvorenik
privacy;Noun;B2;privatnost
private;Adjective;B1;privatni
prize;Noun;A2;nagrada
probably;Adverb;A1;vjerojatno
problem;Noun;A1;problem
procedure;Noun;B2;postupak
process;Noun, Verb;A2, B2;postupak
produce;Verb , Verb;A2, B2;proizvodi
producer;Noun;B1;proizvođač
product;Noun;A1;proizvod
production;Noun;B1;proizvodnja
profession;Noun;B1;profesija
professional;Adjective , Noun;A2, B2;profesionalac
professor;Noun;A2;profesor
profile;Noun;A2;profil
profit;Noun;B1;dobit
program;Noun, Verb;A2, B1;program
programme;Noun;A1;program
progress;Noun, Verb;A2, B2;napredak
project;Noun, Verb;A1, B2;projekt
promise;Verb Noun;A2;obećanje
promote;Verb;B1;unaprijediti
pronounce;Verb;A2;izgovoriti
proof;Noun;B2;dokaz
proper;Adjective;B1;ispravan
properly;Adverb;B1;propisno
property;Noun;B1;svojstvo
proposal;Noun;B2;prijedlog
propose;Verb;B2;predložiti
prospect;Noun;B2;vjerojatnost
protect;Verb;A2;zaštititi
protection;Noun;B2;zaštita
protest;Noun Verb;B1;protest
proud;Adjective;B1;ponos
prove;Verb;B1;dokazati
provide;Verb;A2;pružiti
psychologist;Noun;B2;psiholog
psychology;Noun;B2;psihologija
pub;Noun;A2;pab
public;Adjective Noun;A2;javnost
publication;Noun;B2;objavljivanje
publish;Verb;A2;objaviti
pull;Verb , Noun;A2, B1;Vuci
punish;Verb;B1;kazniti
punishment;Noun;B1;kazna
pupil;Noun;B2;učenik
purchase;Noun Verb;B2;kupiti
pure;Adjective;B2;čist
purple;Adjective Noun;A1;purpurna boja
purpose;Noun;A2;Svrha
pursue;Verb;B2;progoniti
push;Verb , Noun;A2, B1;gurnuti
put;Verb;A1;staviti
qualification;Noun;B1;kvalifikacija
qualified;Adjective;B1;kvalificiran
qualify;Verb;B1;kvalificirati
quality;Noun;A2;kvaliteta
quantity;Noun;A2;količina
quarter;Noun;A1;četvrtina
queen;Noun;A2;kraljica
question;Noun, Verb;A1, A2;pitanje
queue;Noun Verb;B1;red
quick;Adjective;A1;brz
quickly;Adverb;A1;brzo
quiet;Adjective;A1;miran
quietly;Adverb;A2;tiho
quit;Verb;B1;prestati
quite;Adverb;A1;dosta
quotation;Noun;B1;citat
quote;Verb Noun;B1;citat
race (competition);NounVerb;A2;utrka (natjecanje)
race (people);Noun;B1;utrka (ljudi)
racing;Noun;B1;trkaći
radio;Noun;A1;radio
railway;Noun;A2;željeznička pruga
rain;Noun Verb;A1;kiša
raise;Verb;A2;podići
range;Noun, Verb;B1, B2;opseg
rank;Noun Verb;B2;rang
rapid;Adjective;B2;brz
rapidly;Adverb;B2;brzo
rare;Adjective;B1;rijedak
rarely;Adverb;B1;rijetko
rate;Noun, Verb;A2, B2;stopa
rather;Adverb;A2;radije
raw;Adjective;B2;sirov
reach;Verb , Noun;A2, B2;dohvatiti
react;Verb;A2;reagirati
reaction;Noun;B1;reakcija
read;Verb;A1;čitati
reader;Noun;A1;čitač
reading;Noun;A1;čitanje
ready;Adjective;A1;spreman
real;Adjective;A1;stvaran
realistic;Adjective;B2;realističan
reality;Noun;B1;stvarnost
realize;Verb;A2;realizirati
really;Adverb;A1;stvarno
reason;Noun;A1;razlog
reasonable;Adjective;B2;razuman
recall;Verb;B2;podsjetiti
receipt;Noun;B1;priznanica
receive;Verb;A2;dobiti
recent;Adjective;A2;nedavni
recently;Adverb;A2;nedavno
reception;Noun;A2;recepcija
recipe;Noun;A2;recept
recognize;Verb;A2;prepoznati
recommend;Verb;A2;Preporuči
recommendation;Noun;B1;preporuka
record;Noun Verb;A2;snimiti
recording;Noun;A2;snimanje
recover;Verb;B2;oporavak
recycle;Verb;A2;recikliranje
red;Adjective Noun;A1;Crvena
reduce;Verb;A2;smanjiti
reduction;Noun;B2;smanjenje
refer;Verb;A2;uputiti
reference;Noun;B1;upućivanje
reflect;Verb;B1;odraziti
refuse;Verb;A2;odbiti
regard;Verb Noun;B2;obzir
region;Noun;A2;regija
regional;Adjective;B2;Regionalni
register;Verb Noun;B2;Registar
regret;Verb Noun;B2;žaljenje
regular;Adjective;A2;redovan
regularly;Adverb;B1;regularno
regulation;Noun;B2;regulacija
reject;Verb;B1;odbiti
relate;Verb;B1;povezati
related;Adjective;B1;povezan
relation;Noun;B1;odnos
relationship;Noun;A2;odnos
relative;Adjective Noun;B1;rođak
relatively;Adverb;B2;relativno
relax;Verb;A1;opustiti
relaxed;Adjective;B1;opušten
relaxing;Adjective;B1;opuštanje
release;Verb Noun;B1;puštanje
relevant;Adjective;B2;relevantan
reliable;Adjective;B1;pouzdan
relief;Noun;B2;olakšanje
religion;Noun;B1;religija
religious;Adjective;B1;vjerski
rely;Verb;B2;osloniti
remain;Verb;B1;ostati
remark;Noun Verb;B2;napomena
remember;Verb;A1;zapamtiti
remind;Verb;B1;podsjetiti
remote;Adjective;B1;daljinski
remove;Verb;A2;ukloniti
rent;Noun Verb;B1;najam
repair;Verb , Noun;A2, B1;popravak
repeat;Verb , Noun;A1, B1;ponoviti
repeated;Adjective;B1;ponovljen
replace;Verb;A2;zamijeniti
reply;Verb Noun;A2;odgovor
report;Noun, Verb;A1, A2;izvješće
reporter;Noun;A2;reporter
represent;Verb;B1;predstavljati
representative;Noun Adjective;B2;predstavnik
reputation;Noun;B2;ugled
request;Noun, Verb;A2, B1;zahtjev
require;Verb;B1;zahtijevati
requirement;Noun;B2;zahtjev
rescue;Verb Noun;B2;spasiti
research;Noun Verb;A2;istraživanje
researcher;Noun;A2;istraživač
reservation;Noun;B1;rezervacija
reserve;Noun Verb;B2;rezerva
resident;NounAdjective;B2;Rezidencija
resist;Verb;B2;odoljeti
resolve;Verb;B2;odlučnost
resort;Noun;B2;pribjeći
resource;Noun;B1;resurs
respect;Noun Verb;B1;poštovanje
respond;Verb;A2;odgovoriti
response;Noun;A2;odgovor
responsibility;Noun;B1;odgovornost
responsible;Adjective;B1;odgovoran
rest (remaining part);Noun;A2;ostatak (preostali dio)
rest (sleep/relax);Noun Verb;A2;Ostatak (spavanje / opuštanje)
restaurant;Noun;A1;restoran
result;Noun, Verb;A1, B1;proizlaziti
retain;Verb;B2;zadržati
retire;Verb;B1;povući
retired;Adjective;B1;umirovljen
return;Verb Noun;A1;povratak
reveal;Verb;B2;otkriti
review;Noun Verb;A2;pregled
revise;Verb;B1;revidirati
revolution;Noun;B2;revolucija
reward;Noun Verb;B2;nagrada
rhythm;Noun;B2;ritam
rice;Noun;A1;riža
rich;Adjective;A1;bogat
rid;Verb;B2;osloboditi
ride;Verb , Noun;A1, A2;vožnja
right;Adjective Adverb Noun;A1;pravo
ring;Noun;A2;prsten
ring;Verb , Noun;A2, B1;prsten
rise;Verb , Noun;A2, B1;ustati
risk;Noun Verb;B1;rizik
river;Noun;A1;Rijeka
road;Noun;A1;cesta
robot;Noun;B1;robot
rock (stone);Noun;A2;stijena (kamen)
rock (music);Noun;A2;rock glazba)
role;Noun;A2;uloga
roll;Verb Noun;B1;svitak
romantic;Adjective;B1;romantičan
roof;Noun;A2;krov
room;Noun;A1;soba
root;Noun;B2;korijen
rope;Noun;B1;uže
rough;Adjective;B1;hrapav
round;Adjective Adverb prep., Noun;A2, B2;krug
route;Noun;A2;put
routine;Noun, Adjective;A1, B2;rutina
row;Noun;B1;red
royal;Adjective;B1;kraljevski
rub;Verb;B2;trljati
rubber;Noun Adjective;B2;guma
rubbish;Noun;A2;smeće
rude;Adjective;A2;nepristojan
rugby;Noun;B1;ragbi
rule;Noun, Verb;A1, B1;Pravilo
run;Verb , Noun;A1, A2;trčanje
runner;Noun;A2;trkač
running;Noun;A2;trčanje
rural;Adjective;B2;ruralni
rush;Verb Noun;B2;žuriti
sad;Adjective;A1;tužan
sadly;Adverb;A2;nažalost
safe;Adjective;A2;sef
safety;Noun;B1;sigurnosni
sail;Verb , Noun;A2, B1;ploviti
sailing;Noun;A2;jedrenje
sailor;Noun;B1;mornar
salad;Noun;A1;salata
salary;Noun;A2;plaća
sale;Noun;A2;prodaja
salt;Noun;A1;sol
same;Adjective proNoun Adverb;A1;isti
sample;Noun, Verb;B1, B2;uzorak
sand;Noun;B1;pijesak
sandwich;Noun;A1;sendvič
satellite;Noun;B2;satelit
satisfied;Adjective;B2;zadovoljan
satisfy;Verb;B2;zadovoljiti
Saturday;Noun;A1;subota
sauce;Noun;A2;umak
save;Verb;A2;uštedjeti
saving;Noun;B2;ušteda
say;Verb;A1;reći
scale;Noun;B2;ljestvica
scan;Verb;B1;skenirati
scared;Adjective;A2;prestrašen
scary;Adjective;A2;plašljiv
scene;Noun;A2;scena
schedule;Noun, Verb;A2, B2;raspored
scheme;Noun;B2;shema
school;Noun;A1;škola
science;Noun;A1;znanost
scientific;Adjective;B1;znanstvena
scientist;Noun;A1;naučnik
score;Verb Noun;A2;postići
scream;Verb Noun;B2;vrisak
screen;NounVerb;A2, B2;zaslon
script;Noun;B1;skripta
sculpture;Noun;B1;skulptura
sea;Noun;A1;more
search;Noun Verb;A2;traži
season;Noun;A2;sezona
seat;Noun Verb;A2, B2;sjedalo
second1 (next after the first);et./ number, Adverb;A1, A2;second1 (odmah nakon prvog)
second1 (unit of time);Noun;A1;second1 (jedinica vremena)
secondary;Adjective;B1;sporedan
secondly;Adverb;A2;drugo
secret;Adjective, Noun;A2;tajna
secretary;Noun;A2;tajnica
section;Noun;A1;odjeljak
sector;Noun;B2;sektor
secure;Verb Adjective;B2;siguran
security;Noun;B1;sigurnosti
see;Verb;A1;vidjeti
seed;Noun;B1;sjeme
seek;Verb;B2;tražiti
seem;Verb;A2;činiti se
select;Verb;B2;Odaberi
selection;Noun;B2;izbor
self;Noun;B2;sam
sell;Verb;A1;prodavati
send;Verb;A1;poslati
senior;Adjective;B2;stariji
sense;Noun Verb;A2, B2;osjećaj
sensible;Adjective;B1;osjetljiv
sensitive;Adjective;B2;osjetljiv
sentence;Noun Verb;A1, B2;rečenica
separate;Adjective, Verb;A2, B1;odvojen
September;Noun;A1;rujan
sequence;Noun;B2;slijed
series;Noun;A2;niz
serious;Adjective;A2;ozbiljan
seriously;Adverb;B1;ozbiljno
servant;Noun;B1;sluga
serve;Verb;A2;poslužiti
service;Noun;A2;servis
session;Noun;B2;sjednica
set (put);Verb;B1;set (staviti)
set (group);Noun;B1;set (grupa)
setting;Noun;B1;postavljanje
settle;Verb;B2;podmiriti
seven;number;A1;sedam
seventeen;number;A1;sedamnaest
seventy;number;A1;sedamdeset
several;det./proNoun;A2;nekoliko
severe;Adjective;B2;ozbiljan
sex;Noun;B1;seks
sexual;Adjective;B1;seksualan
shade;Noun;B2;hlad
shadow;Noun;B2;sjena
shake;Verb Noun;A2, B1;tresti
shall;modal Verb;A2;treba
shallow;Adjective;B2;plitak
shame;Noun;B2;sram
shape;Noun Verb;A2, B2;oblik
share;Verb Noun;A1, B1;udio
sharp;Adjective;B1;oštar
she;proNoun;A1;ona
sheep;Noun;A1;ovca
sheet;Noun;A2;list
shelf;Noun;B1;polica
shell;Noun;B1;ljuska
shelter;Noun Verb;B2;zaklon
shift;Noun Verb;B1, B2;smjena
shine;Verb;B1;sjaj
shiny;Adjective;B1;sjajan
ship;Noun Verb;A2, B2;brod
shirt;Noun;A1;košulja
shock;Noun Verb;B2;šok
shocked;Adjective;B2;šokiran
shoe;Noun;A1;cipela
shoot;Verb;B1;pucati
shooting;Noun;B2;pucanje
shop;Noun Verb;A1;dućan
shopping;Noun;A1;kupovina
short;Adjective;A1;kratak
shot;Noun;B2;šut
should;modal Verb;A1;Treba li
shoulder;Noun;A2;rame
shout;Verb Noun;A2;vikati
show;Verb Noun;A1;pokazati
shower;Noun;A1;tuš
shut;Verb Adjective;A2;zatvori
shy;Adjective;B1;stidljiv
sick;Adjective;A1;bolestan
side;Noun;A2;strana
sight;Noun;B1;vid
sign;Noun Verb;A2;znak
signal;Noun Verb;B1;signal
significant;Adjective;B2;značajan
significantly;Adverb;B2;značajno
silence;Noun;B2;tišina
silent;Adjective;B1;nijem
silk;Noun;B2;svila
silly;Adjective;B1;budalica
silver;Noun Adjective;A2;srebro
similar;Adjective;A1;sličan
similarity;Noun;B1;sličnost
similarly;Adverb;B1;slično
simple;Adjective;A2;jednostavan
simply;Adverb;B1;jednostavno
since;prep. conj., Adverb;A2, B1;od
sincere;Adjective;B2;iskren
sing;Verb;A1;pjevati
singer;Noun;A1;pjevač
singing;Noun;A2;pjevanje
single;Adjective Noun;A2;singl
sink;Verb;B1;umivaonik
sir;Noun;A2;gospodine
sister;Noun;A1;sestra
sit;Verb;A1;sjediti
site;Noun;A2;mjesto
situation;Noun;A1;situacija
six;number;A1;šest
sixteen;number;A1;šesnaest
sixty;number;A1;šezdeset
size;Noun;A2;veličina
ski;Verb Noun;A2;skijati
skiing;Noun;A2;skijanje
skill;Noun;A1;vještina
skin;Noun;A2;koža
skirt;Noun;A1;suknja
sky;Noun;A2;nebo
slave;Noun;B2;rob
sleep;Verb , Noun;A1, A2;spavati
slice;Noun Verb;B1;kriška
slide;Verb Noun;B2;klizanje
slight;Adjective;B2;blagi
slightly;Adverb;B1;malo
slip;Verb;B2;skliznuti
slope;Noun Verb;B2;nagib
slow;Adjective , Verb;A1, B1;usporiti
slowly;Adverb;A2;polako
small;Adjective;A1;mali
smart;Adjective;B1;pametan
smartphone;Noun;A2;pametni telefon
smell;Verb Noun;A2;miris
smile;Verb Noun;A2;osmijeh
smoke;Noun Verb;A2;dim
smoking;Noun;A2;pušenje
smooth;Adjective;B1;glatko, nesmetano
snake;Noun;A1;zmija
snow;Noun Verb;A1;snijeg
so;Adverb conj.;A1;tako
soap;Noun;A2;sapun
soccer;Noun;A2;nogomet
social;Adjective;A2;socijalni
society;Noun;A2;društvo
sock;Noun;A2;čarapa
soft;Adjective;A2;mekan
software;Noun;B1;softver
soil;Noun;B1;tlo
solar;Adjective;B2;solarni
soldier;Noun;A2;vojnik
solid;Adjective Noun;B1;solidan
solution;Noun;A2;riješenje
solve;Verb;A2;riješiti
some;det. proNoun;A1;neki
somebody;proNoun;A1;neko
someone;proNoun;A1;netko
something;proNoun;A1;nešto
sometimes;Adverb;A1;ponekad
somewhat;Adverb;B2;nešto
somewhere;Adverb proNoun;A2;negdje
son;Noun;A1;sin
song;Noun;A1;pjesma
soon;Adverb;A1;uskoro
sorry;Adjective exclam.;A1;Oprosti
sort;Noun, Verb;A2, B1;vrsta
soul;Noun;B2;duša
sound;Noun Verb;A1;zvuk
soup;Noun;A1;juha
source;Noun;A2;izvor
south;Noun Adjective Adverb;A1;jug
southern;Adjective;B1;južni
space;Noun;A1;prostor
speak;Verb;A1;govoriti
speaker;Noun;A2;zvučnik
special;Adjective;A1;poseban
specialist;Noun Adjective;B2;specijalista
species;Noun;B2;vrsta
specific;Adjective;A2;specifično
specifically;Adverb;B1;posebno
speech;Noun;A2;govor
speed;Noun, Verb;A2, B2;ubrzati
spell;Verb;A1;čarolija
spelling;Noun;A1;pravopis
spend;Verb;A1;potrošiti
spending;Noun;B1;trošenje
spicy;Adjective;B1;začinjeno
spider;Noun;A2;pauk
spirit;Noun;B1;duh
spiritual;Adjective;B2;duhovni
split;Verb Noun;B2;podjela
spoken;Adjective;B1;govorni
sponsor;Verb Noun;B2;sponzor
spoon;Noun;A2;žlica
sport;Noun;A1;sport
spot;Noun, Verb;B1, B2;mjesto
spread;Verb , Noun;B1, B2;širenje
spring;Noun, Verb;A1, B1;Proljeće
square;Adjective Noun;A2;kvadrat
stable;Adjective;B2;stabilan
stadium;Noun;B1;stadion
staff;Noun;B1;osoblje
stage;Noun, Verb;A2, B2;faza
stair;Noun;A2;stepenik
stamp;Noun;A2;pečat
stand;Verb , Noun;A1, B2;stajati
standard;Noun Adjective;B1;standard
star;Noun, Verb;A1, A2;zvijezda
stare;Verb;B2;buljiti
start;Verb , Noun;A1, A2;početak
state;Noun, Adjective , v;A2, B1;država
statement;Noun;A1;izjava
station;Noun;A1;stanica
statistic;Noun;B1;statistički
statue;Noun;B1;kip
status;Noun;B2;status
stay;Verb , Noun;A1, A2;boravak
steady;Adjective;B2;postojan
steal;Verb;A2;ukrasti
steel;Noun;B2;željezo
steep;Adjective;B2;strm
step;Noun, Verb;A2, B2;korak
stick (push into/attach);Verb;B1;štap (guranje u / priložiti)
stick (piece of wood);Noun;B1;štap (komada drveta)
sticky;Adjective;B2;ljepljiv
stiff;Adjective;B2;krut
still;Adverb , Adjective;A1, B1;još
stock;Noun;B2;zaliha
stomach;Noun;A2;trbuh
stone;Noun;A2;kamen
stop;Verb Noun;A1;Stop
store;Noun, Verb;A2, B1;dućan
storm;Noun;A2;oluja
story;Noun;A1;priča
straight;Adverb Adjective;A2;ravno
strange;Adjective;A2;čudan
stranger;Noun;B1;stranac
strategy;Noun;A2;strategija
stream;Noun;B2;potok
street;Noun;A1;ulica
strength;Noun;B1;snaga
stress;Noun Verb;A2;stres
stretch;Verb Noun;B2;rastezanje
strict;Adjective;B2;strog
strike;Verb Noun;B2;štrajk
string;Noun;B1;niz
strong;Adjective;A1;jak
strongly;Adverb;B1;snažno
structure;Noun, Verb;A2, B2;struktura
struggle;Verb Noun;B2;borba
student;Noun;A1;student
studio;Noun;B1;studio
study;Noun Verb;A1;studija
stuff;Noun, Verb;B1, B2;stvari
stupid;Adjective;A2;glup
style;Noun;A1;stil
subject;Noun, Adjective;A1, B2;predmet
submit;Verb;B2;podnijeti
substance;Noun;B1;supstanca
succeed;Verb;A2;uspjeti
success;Noun;A1;uspjeh
successful;Adjective;A2;uspješan
successfully;Adverb;B1;uspješno
such;det./proNoun;A2;takav
sudden;Adjective;B1;naglo
suddenly;Adverb;A2;iznenada
suffer;Verb;B1;patiti
sugar;Noun;A1;šećer
suggest;Verb;A2;predložiti
suggestion;Noun;A2;prijedlog
suit;Noun, Verb;A2, B1;odijelo
suitable;Adjective;B1;prikladan
sum;Noun Verb;B2;iznos
summarize;Verb;B1;rezimirati
summary;Noun;B1;Sažetak
summer;Noun;A1;ljeto
sun;Noun;A1;Sunce
Sunday;Noun;A1;nedjelja
supermarket;Noun;A1;supermarket
supply;Noun Verb;B1;Opskrba
support;Verb Noun;A2;podrška
supporter;Noun;B1;navijač
suppose;Verb;A2;pretpostaviti
sure;Adjective , Adverb;A1, A2;Naravno
surely;Adverb;B1;sigurno
surface;Noun;B1;površinski
surgery;Noun;B2;kirurgija
surprise;Noun Verb;A2;iznenađenje
surprised;Adjective;A2;iznenadio
surprising;Adjective;A2;iznenađujuće
surround;Verb;B2;Surround
surrounding;Adjective;B2;okolni
survey;Noun, Verb;A2, B2;pregled
survive;Verb;B1;preživjeti
suspect;Verb Noun;B2;sumnjiv
swear;Verb;B2;psovati
sweater;Noun;A1;džemper
sweep;Verb;B2;pomesti
sweet;Adjective Noun;A2;slatko
swim;Verb , Noun;A1, B1;plivati
swimming;Noun;A1;plivanje
switch;Verb , Noun;B1, B2;sklopka
symbol;Noun;A2;simbol
sympathy;Noun;B2;simpatija
symptom;Noun;B1;simptom
system;Noun;A2;sustav
table;Noun;A1;stol
tablet;Noun;A2;tableta
tail;Noun;B1;rep
take;Verb;A1;uzeti
tale;Noun;B2;priča
talent;Noun;B1;talenat
talented;Adjective;B1;talentirani
talk;Verb , Noun;A1, A2;razgovor
tall;Adjective;A1;visok
tank;Noun;B2;tenk
tape;Noun;B1;traka
target;Noun, Verb;A2, B2;cilj
task;Noun;A2;zadatak
taste;Noun Verb;A2;ukus
tax;Noun Verb;B1;porez
taxi;Noun;A1;taksi
tea;Noun;A1;čaj
teach;Verb;A1;naučiti
teacher;Noun;A1;učitelj, nastavnik, profesor
teaching;Noun;A2;nastava
team;Noun;A1;tim
tear1;Verb Noun;B2;tear1
tear2;Noun;B2;tear2
technical;Adjective;B1;tehnička
technique;Noun;B1;tehnika
technology;Noun;A2;tehnologija
teenage;Adjective;A2;tinejdžerski
teenager;Noun;A1;tinejdžer
telephone;Noun Verb;A1;telefon
television;Noun;A1;televizija
tell;Verb;A1;reći
temperature;Noun;A2;temperatura
temporary;Adjective;B2;privremen
ten;number;A1;deset
tend;Verb;B1;skloni
tennis;Noun;A1;tenis
tent;Noun;B1;šator
term;Noun, Verb;A2, B2;termin
terrible;Adjective;A1;užasan
test;Noun Verb;A1;test
text;Noun, Verb;A1, A2;tekst
than;conj.;A1;od
thank;Verb;A1;zahvaliti
thanks;exclam. Noun;A1;Hvala
that;det. proNoun conj., Adverb;A1, B1;da
the;definite article;A1; 
theatre;Noun;A1;kazalište
their;det.;A1;njihov
theirs;proNoun;B1;njihov
them;proNoun;A1;ih
theme;Noun;B1;tema
themselves;proNoun;A2;se
then;Adverb;A1;zatim
theory;Noun;B1;teorija
therapy;Noun;B2;terapija
there;Adverb;A1;tamo
therefore;Adverb;B1;stoga
they;proNoun;A1;oni
thick;Adjective;A2;gust
thief;Noun;A2;lopov
thin;Adjective;A2;tanak
thing;Noun;A1;stvar
think;Verb;A1;razmišljati
thinking;Noun;A2;razmišljanje
third;number, Noun;A1, A2;treći
thirsty;Adjective;A1;žedan
thirteen;number;A1;trinaest
thirty;number;A1;trideset
this;det./proNoun, Adverb;A1, B1;ovaj
though;conj. Adverb;B1;iako
thought;Noun;A2;misao
thousand;number;A1;tisuću
threat;Noun;B2;prijetnja
threaten;Verb;B2;ugroziti
three;number;A1;tri
throat;Noun;B1;grlo
through;prep. Adverb;A1;kroz
throughout;prep./Adverb;B1;širom
throw;Verb;A2;bacanje
Thursday;Noun;A1;četvrtak
thus;Adverb;B2;Tako
ticket;Noun;A1;ulaznica
tidy;Adjective v;A2;uredan, cist
tie;Verb Noun;A2;kravata
tight;Adjective;B1;tijesan
till;conj./prep.;B1;do
time;Noun, Verb;A1, B2;vrijeme
tin;Noun;B1;kositar
tiny;Adjective;B1;sićušan
tip;Noun, Verb;A2, B1;Savjet
tired;Adjective;A1;umoran
title;Noun;A1, B2;titula
to;prep., infinitive marker;A1;do
today;Adverb Noun;A1;danas
toe;Noun;B1;nožni prst
together;Adverb;A1;zajedno
toilet;Noun;A1;WC
tomato;Noun;A1;rajčica
tomorrow;Adverb Noun;A1;sutra
tone;Noun;B2;ton
tongue;Noun;B1;jezik
tonight;Adverb n;A1;večeras
too;Adverb;A1;isto
tool;Noun;A2;alat
tooth;Noun;A1;zub
top;Noun, Adjective;A2;vrh
topic;Noun;A1;tema
total;Adjective Noun;B1;ukupno
totally;Adverb;B1;potpuno
touch;Verb , Noun;A2, B1;dodir
tough;Adjective;B2;tvrd
tour;Noun, Verb;A2, B1;obilazak
tourism;Noun;A2;turizam
tourist;Noun;A1;turist
towards;prep.;A2;za
towel;Noun;A2;ručnik
tower;Noun;A2;toranj
town;Noun;A1;grad
toy;Noun, Adjective;A2;igračka
track;Noun, Verb;A2, B2;staza
trade;Noun, Verb;B1;trgovina
tradition;Noun;A2;tradicija
traditional;Adjective;A2;tradicionalan
traffic;Noun;A1;promet
train;Noun, Verb;A1, A2;vlak
trainer;Noun;A2;trener
training;Noun;A2;trening
transfer;Verb Noun;B2;prijenos
transform;Verb;B2;transformirati
transition;Noun;B2;tranzicija
translate;Verb;B1;Prevedi
translation;Noun;B1;prijevod
transport;Noun, Verb;A2, B1;prijevoz
travel;Verb Noun;A1;putovati
traveller;Noun;A2;putnik
treat;Verb;B1;liječiti
treatment;Noun;B1;liječenje
tree;Noun;A1;drvo
trend;Noun;B1;trend
trial;Noun;B2;suđenje
trick;Noun Verb;B1;trik
trip;Noun, Verb;A1, B2;putovanje
tropical;Adjective;B2;tropski
trouble;Noun, Verb;A2, B2;nevolja
trousers;Noun;A1;hlače
truck;Noun;A2;kamion
TRUE;Adjective;A1;PRAVI
truly;Adverb;B2;uistinu
trust;Noun Verb;B2;povjerenje
truth;Noun;B1;istina
try;Verb , Noun;A1, B2;probati
T-shirt;Noun;A1;majica
tube;Noun;B1;cijev
Tuesday;Noun;A1;utorak
tune;Noun;B2;napjev
tunnel;Noun;B2;tunel
turn;Verb Noun;A1;skretanje
TV;Noun;A1;televizor
twelve;number;A1;dvanaest
twenty;number;A1;dvadeset
twice;Adverb;A1;dvaput
twin;Noun Adjective;A2;blizanac
two;number;A1;dva
type;Noun, Verb;A1, B1;tip
typical;Adjective;A2;tipičan
typically;Adverb;B1;tipično
tyre;Noun;B1;guma
ugly;Adjective;B1;ružan
ultimately;Adverb;B2;na kraju
umbrella;Noun;A1;kišobran
unable;Adjective;B1;nesposoban
uncle;Noun;A1;ujak
uncomfortable;Adjective;B1;neudoban
unconscious;Adjective;B2;bez svijesti
under;prep. Adj;A1;pod, ispod
underground;Adjective Adverb;A2;podzemlje
understand;Verb;A1;razumjeti
understanding;Noun;A2;razumijevanje
underwear;Noun;B1;donje rublje
unemployed;Adjective;B1;nezaposlen
unemployment;Noun;B1;nezaposlenost
unexpected;Adjective;B2;neočekivan
unfair;Adjective;B1;nepravedan
unfortunately;Adverb;A2;nažalost
unhappy;Adjective;A2;nesretan
uniform;Noun;A2;uniforma
union;Noun;B1;unija
unique;Adjective;B2;jedinstvena
unit;Noun;A2;jedinica
united;Adjective;A2;ujedinjen
universe;Noun;B2;svemir
university;Noun;A1;sveučilište
unknown;Adjective;B2;nepoznat
unless;conj.;B1;osim ako
unlike;prep.;B1;za razliku od
unlikely;Adjective;B1;nevjerojatno
unnecessary;Adjective;B1;nepotreban
unpleasant;Adjective;B1;neugodan
until;conj./prep.;A1;do
unusual;Adjective;A2;neuobičajen
up;Adverb proNoun;A1;gore
update;Verb Noun;B1;ažuriranje
upon;prep.;B1;na
upper;Adjective;B2;Gornji
upset;Adjective v;B1;uzrujan
upstairs;Adverb , Adjective;A1, A2;gore
upwards;Adverb;B2;nagore
urban;Adjective;B2;urbani
urge;Verb;B2;nagon
us;proNoun;A1;nas
use;Verb , Noun;A1, A2;koristiti
used;Adjective;B1;koristi
used to;modal Verb;A2;naviknut
useful;Adjective;A1;koristan
user;Noun;A2;korisnik
usual;Adjective;A2;uobičajen
usually;Adverb;A1;obično
vacation;Noun;A1;odmor
valley;Noun;A2;dolina
valuable;Adjective;B1;vrijedan
value;Noun, Verb;B1, B2;vrijednost
van;Noun;A2;kombi
variety;Noun;A2;raznolikost
various;Adjective;B1;raznovrstan
vary;Verb;B2;varirati
vast;Adjective;B2;ogroman
vegetable;Noun;A1;povrće
vehicle;Noun;A2;vozilo
venue;Noun;B2;mjesto
version;Noun;B1;verzija
very;Adverb , Adjective;A1, B1;vrlo
via;prep.;B2;preko
victim;Noun;B1;žrtva
victory;Noun;B2;pobjeda
video;Noun;A1;video
view;Noun, Verb;A2,;pogled
viewer;Noun;B1;gledatelj
village;Noun;A1;selo
violence;Noun;B2;nasilje
violent;Adjective;B1;nasilan
virtual;Adjective;B2;virtualan
virus;Noun;A2;virus
vision;Noun;B2;vizija
visit;Verb Noun;A1;posjetiti
visitor;Noun;A1;posjetilac
visual;Adjective;B2;vidni
vital;Adjective;B2;bitan
vitamin;Noun;B2;vitamin
voice;Noun;A2;glas
volume;Noun;B2;volumen
volunteer;Noun Verb;B1;dobrovoljac
vote;Noun Verb;B1;glasanje
wage;Noun;B2;plaća
wait;Verb , Noun;A1, A2;čekati
waiter;Noun;A1;konobar
wake;Verb;A1;probuditi
walk;Verb Noun;A1;hodati
wall;Noun;A1;zid
want;Verb;A1;željeti
war;Noun;A2;rat
warm;Adjective , v;A1, B1;toplo
warn;Verb;B1;upozoriti
warning;Noun;B1;upozorenje
wash;Verb , Noun;A1, A2;pranje
washing;Noun;A2;pranje
waste;Noun v, Adjective;B1;gubljenje
watch;Verb Noun;A1;Gledati
water;Noun, Verb;A1, B1;voda
wave;Noun;A2, B1;val
way;Noun;A1, B2;put
we;proNoun;A1;mi
weak;Adjective;A2;slab
weakness;Noun;B2;slabost
wealth;Noun;B2;bogatstvo
wealthy;Adjective;B2;bogat
weapon;Noun;B1;oružje
wear;Verb;A1;nositi
weather;Noun;A1;vrijeme
web;Noun;A2;mreža
website;Noun;A1;web stranica
wedding;Noun;A2;vjenčanje
Wednesday;Noun;A1;srijeda
week;Noun;A1;tjedan
weekend;Noun;A1;vikend
weigh;Verb;B1;vagati
weight;Noun;A2;težina
welcome;exclam. Verb Adjective , n;A1, A2;Dobrodošli
well;Adverb , Adjective , exclam.;A1;dobro
west;Noun Adjective Adverb;A1;Zapad
western;Adjective;B1;zapadni
wet;Adjective;A2;mokar
what;proNoun/det.;A1;što
whatever;det./proNoun;B1;što god
wheel;Noun;A2;kotač
when;Adverb proNounconj.;A1;kada
whenever;conj.;B1;kada
where;Adverb conj.;A1;gdje
whereas;conj.;B2;dok
wherever;conj.;B2;gdje god
whether;conj.;B1;da li
which;proNoun/det.;A1;koji
while;conj., Noun;A2, B1;dok
whisper;Verb Noun;B2;šapat
white;Adjective Noun;A1;bijela
who;proNoun;A1;Who
whole;Adjective , n;A2, B1;čitav
whom;proNoun;B2;kome
whose;det./proNoun;A2;čije
why;Adverb;A1;zašto
wide;Adjective;A2;širok
widely;Adverb;B2;široko
wife;Noun;A1;žena
wild;Adjective;A2;divlji
wildlife;Noun;B2;divlje životinje
will;modal, Noun Verb;A1,;htjeti
willing;Adjective;B2;spreman
win;Verb , Noun;A1, B1;pobijediti
wind1;Noun;A2;wind1
wind2;Verb;B2;wind2
window;Noun;A1;prozor
wine;Noun;A1;vino
wing;Noun;B1;krilo
winner;Noun;A2;pobjednik
winter;Noun;A1;zima
wire;Noun;B2;žica
wise;Adjective;B2;mudar
wish;Verb Noun;A2;želja
with;prep.;A1;s
within;prep.;B1;unutar
without;prep.;A1;bez
witness;Noun Verb;B2;svjedok
woman;Noun;A1;žena
wonder;Verb Noun;B1;čudo
wonderful;Adjective;A1;predivan
wood;Noun;A2;drvo
wooden;Adjective;A2;drven
wool;Noun;B1;vuna
word;Noun;A1;riječ
work;Verb Noun;A1;raditi
worker;Noun;A1;radnik
working;Adjective;A2;radna
world;Noun;A1;svijet
worldwide;Adjective Adverb;B1;širom svijeta
worried;Adjective;A2;zabrinuti
worry;Verb Noun;A2, B1;briga
worse;Adjective, AdVerb Noun;A2,B1, B2;gore
worst;Adjective, AdVerb;A2,B1, B2;najgori
worth;Adjective, Noun;B1, B2;vrijedan
would;modal, Verb;A1;bi
wound;Noun Verb;B2;rana
wow;exclam.;A2;wow
wrap;Verv;B2;folijom
write;Verb;A1;pisati
writer;Noun;A1;pisac
writing;Noun;A1;pisanje
written;Adjective;B1;napisan
wrong;Adjective, AdVerb Noun;A1, B1, B2;pogrešno
yard;Noun;B1;dvorište
yeah;exclam.;A1;Da
year;Noun;A1;godina
yellow;Adjective, Noun;A1;žuta boja
yes;exclam.;A1;Da
yesterday;AdVerb Noun;A1;jučer
yet;AdVerb conj.;A2, B2;još
you;proNoun;A1;vas
young;Adjective, Noun;A1, B1;mladi
your;det.;A1;vaš
yours;proNoun;A2;tvoj
yourself;proNoun;A1;sami
youth;Noun;B1;mladež
zero;number;A2;nula
zone;Noun;B2;zona
