a, an;indefinite, article;A1;a, en
abandon;Verb;B2;opgive
ability;Noun;A2;evne
able;Adjective;A2;i stand
about;prep. Adverb;A1;om
above;prep. Adverb;A1;over
abroad;Adverb;A2;i udlandet
absolute;Adjective;B2;absolutte
absolutely;Adverb;B1;absolut
academic;adj, Noun;B1, B2;akademisk
accept;Verb;A2;acceptere
acceptable;Adjective;B2;acceptabel
access;Noun Verb;B1;adgang
accident;Noun;A2;ulykke
accommodation;Noun;B1;indkvartering
accompany;Verb;B2;ledsage
according to;prep.;A2;ifølge
account;Noun Verb;B1, B2;konto
accurate;Adjective;B2;nøjagtig
accuse;Verb;B2;beskylde
achieve;Verb;A2;opnå
achievement;Noun;B1;præstation
acknowledge;Verb;B2;anerkende
acquire;Verb;B2;erhverve
across;prep. Adverb;A1;et kors
act;Verb Noun;A2,B1;handling
action;Noun;A1;handling
active;Adjective;A2;aktiv
activity;Noun;A1;aktivitet
actor;Noun;A1;skuespiller
actress;Noun;A1;skuespillerinde
actual;Adjective;B2;faktiske
actually;Adverb;A2;rent faktisk
ad;Noun;B1;annonce
adapt;Verb;B2;tilpasse
add;Verb;A1;tilføje
addition;Noun;B1;Ud
additional;Adjective;B2;ekstra
address;Noun Verb;A1,B2;adresse
administration;Noun;B2;administration
admire;Verb;B1;beundre
admit;Verb;B1;indrømme
adopt;Verb;B2;vedtage
adult;Noun adj;A1,A2;voksen
Advance;Noun Verb adj;B2;Rykke
Advanced;Adjective;B1;Fremskreden
Advantage;Noun;A2;Fordel
Adventure;Noun;A2;Eventyr
Advertise;Verb;A2;Annoncer
Advertisement;Noun;A2;Reklame
Advertising;Noun;A2;Reklame
Advice;Noun Verb;A1, B1;Råd
affair;Noun;B2;affære
affect;Verb;A2;påvirke
afford;Verb;B1;have råd til
afraid;Adjective;A1;bange
after;prep. conj. Adverb;A1,A2;efter
afternoon;Noun;A1;eftermiddag
afterwards;Adverb;B2;bagefter
again;Adverb;A1;en gang til
against;prep;A2;mod
age;Noun Verb;A1, B1;alder
aged;Adjective;B1;alderen
agency;Noun;B2;bureau
agenda;Noun;B2;dagsorden
agent;Noun;B1;agent
aggressive;Adjective;B2;aggressiv
ago;Adverb;A1;siden
agree;Verb;A1;enig
agreement;Noun;B1;aftale
ah;exclam.;A2;ah
ahead;Adverb;B1;foran
aid;Noun Verb;B2;hjælpe
aim;Verb Noun;B1;sigte
air;Noun;A1;luft
aircraft;Noun;B2;fly
airline;Noun;A2;flyselskab
airport;Noun;A1;lufthavn
alarm;Noun Verb;B1, B2;alarm
album;Noun;B1;album
alcohol;Noun;B1;alkohol
alcoholic;Adjective;B1;alkoholiker
alive;Adjective;A2;i live
all;det. pron, Adverb;A1, A2;alle
all right;Adjective, Adverb exclam;A2;okay
allow;Verb;A2;tillade
almost;Adverb;A2;næsten
alone;Adjective, Adverb;A2;alene
along;prep. Adverb;A2;hen ad
already;Adverb;A2;allerede
also;Adverb;A1;også
alter;Verb;B2;ændre
alternative;Noun Adjective;A2, B1;alternativ
although;conj;A2;Selvom
always;Adverb;A1;altid
amazed;Adjective;B1;forbløffet
amazing;Adjective;A1;fantastiske
ambition;Noun;B1;ambition
ambitious;Adjective;B1;ambitiøs
among;prep.;A2;blandt
amount;Noun Verb;A2, B2;beløb
analyse;Verb;B1;analysere
analysis;Noun;B1;analyse
ancient;Adjective;A2;gammel
and;conj;A1;og
anger;Noun;B2;vrede
angle;Noun;B2;vinkel
angry;Adjective;A1;vred
animal;Noun;A1;dyr
ankle;Noun;A2;ankel
anniversary;Noun;B2;jubilæum
announce;Verb;B1;annoncere
announcement;Noun;B1;bekendtgørelse
annoy;Verb;B1;irritere
annoyed;Adjective;B1;irriteret
annoying;Adjective;B1;irriterende
annual;Adjective;B2;årligt
another;det. proNoun;A1;en anden
answer;Noun Verb;A1;svar
anxious;Adjective;B2;ængstelig
any;det. proNoun, Adverb;A1, A2;nogen
anybody;pron;A2;nogen
any more;Adverb;A2;mere
anyone;pron;A1;nogen som helst
anything;pron;A1;hvad som helst
anyway;Adverb;A2;alligevel
anywhere;AdVerb proNoun;A2;overalt
apart;Adverb;B1;en del
apartment;Noun;A1;lejlighed
apologize;Verb;B1;undskylde
app;Noun;A2;app
apparent;Adjective;B2;tilsyneladende
apparently;Adverb;B2;tilsyneladende
appeal;Noun Verb;B2;appel
appear;Verb;A2;komme til syne
appearance;Noun;A2;udseende
apple;Noun;A1;æble
application;Noun;B1;Ansøgning
apply;Verb;A2;ansøge
appointment;Noun;B1;aftale
appreciate;Verb;B1;sætter pris på
approach;Noun Verb;B2;nærme sig
appropriate;Adjective;B2;passende
approval;Noun;B2;godkendelse
approve;Verb;B2;godkende
approximately;Adverb;B1;rundt regnet
April;Noun;A1;April
architect;Noun;A2;arkitekt
architecture;Noun;A2;arkitektur
area;Noun;A1;areal
argue;Verb;A2;argumentere
argument;Noun;A2;argument
arise;Verb;B2;opstå
arm;Noun;A1;arm
armed;Adjective;B2;bevæbnet
arms;Noun;B2;arme
army;Noun;A2;hær
around;prep. Adverb;A1;rundt om
arrange;Verb;A2;arrangere
arrangement;Noun;A2;arrangement
arrest;Verb Noun;B1;anholdelse
arrival;Noun;B1;ankomst
arrive;Verb;A1;ankomme
art;Noun;A1;kunst
article;Noun;A1;artiklen
artificial;Adjective;B2;kunstig
artist;Noun;A1;kunstner
artistic;Adjective;B2;kunstneriske
as;prep., Adverb conj.;A1, A2;som
ashamed;Adjective;B2;skamme sig
asleep;Adjective;A2;i søvn
ask;Verb;A1;Spørg
aspect;Noun;B2;aspekt
assess;Verb;B2;vurdere
assessment;Noun;B2;vurdering
assignment;Noun;B1;opgave
assist;Verb;B1;hjælpe
assistant;Noun Adjective;A2;assistent
associate;Verb;B2;associeret
associated;Adjective;B2;tilhørende
association;Noun;B2;forening
assume;Verb;B2;antage
at;prep.;A1;på
athlete;Noun;A2;atlet
atmosphere;Noun;B1;atmosfære
attach;Verb;B1;vedhæfte
attack;Noun Verb;A2;angreb
attempt;Noun Verb;B2;forsøg
attend;Verb;A2;deltage
attention;Noun exclam.;A2;opmærksomhed
attitude;Noun;B1;holdning
attract;Verb;B1;at tiltrække
attraction;Noun;B1;attraktion
attractive;Adjective;A2;tiltrækkende
audience;Noun;A2;publikum
August;Noun;A1;august
aunt;Noun;A1;tante
author;Noun;A2;forfatter
authority;Noun;B1;myndighed
autumn;Noun;A1;efterår
available;Adjective;A2;ledig
average;Adjective, Noun Verb;A2, B1;gennemsnit
avoid;Verb;A2;undgå
award;Noun Verb;A2, B1;pris
aware;Adjective;B1;klar over
away;Adverb;A1;væk
awful;Adjective;A2;forfærdelig
baby;Noun;A1;baby
back;Noun AdVerb Adjective, Verb;A1, A2, B2;tilbage
background;Noun;A2;baggrund
backwards;Adverb;B1;tilbage
bacteria;Noun;B2;bakterie
bad;Adjective;A1;dårlig
badly;Adverb;A2;dårligt
bag;Noun;A1;taske
bake;Verb;B1;bage
balance;Noun Verb;B1;balance
ball;Noun;A1;bold
ban;Verb Noun;B1;forbyde
banana;Noun;A1;banan
band;Noun;A1;band
bank (money);Noun;A1;bank (penge)
bank (river);Noun;B1;bank (flod)
bar;Noun Verb;A2, B2;bar
barrier;Noun;B2;barriere
base;Noun Verb;B1;grundlag
baseball;Noun;A2;baseball
based;Adjective;A2;baseret
basketball;Noun;A2;basketball
basic;Adjective;B1;grundlæggende
basically;Adverb;B2;i bund og grund
basis;Noun;B1;basis
bath;Noun;A1;bad
bathroom;Noun;A1;badeværelse
battery;Noun;B1;batteri
battle;Noun Verb;B1, B2;kamp
be;Verb auxiliary Verb;A1;være
beach;Noun;A1;strand
bean;Noun;A2;bønne
bear (deal with);Verb;B2;bjørn (aftale med)
bear (animal);Noun;A2;bear (dyr)
beat;Verb Noun;A2, B2;slå
beautiful;Adjective;A1;smuk
beauty;Noun;B1;skønhed
because;conj.;A1;fordi
become;Verb;A1;blive
bed;Noun;A1;seng
bedroom;Noun;A1;soveværelse
bee;Noun;B1;bi
beef;Noun;A2;bøf
beer;Noun;A1;øl
before;prep., conj. Adverb;A1, A2;Før
beg;Verb;B2;tigge
begin;Verb;A1;begynde
beginning;Noun;A1;starten
behave;Verb;A2;opføre sig
behaviour;Noun;A2;opførsel
behind;prep. Adverb;A1;bag
being;Noun;B2;væsen
belief;Noun;B1;tro
believe;Verb;A1;tro på
bell;Noun;B1;klokke
belong;Verb;A2;tilhører
below;Adverb prep.;A1;under
belt;Noun;A2;bælte
bend;Verb Noun;B1;bøje
benefit;Verb NouNoun;A2, B1;fordel
bent;Adjective;B2;bent
best;Adjective, AdVerb Noun;A1, A2;bedst
bet;Verb Noun;B2;vædde
better;Adjective , Adverb , Noun;A1, A2, B1;bedre
between;prep., Adverb;A1, A2;mellem
beyond;prep. Adverb;B2;ud over
bicycle;Noun;A1;cykel
big;Adjective;A1;stor
bike;Noun;A1;cykel
bill;Noun Verb;A1, B2;regning
billion number; ;A2;milliarder nummer
bin;Noun;A2;beholder
biology;Noun;A2;biologi
bird;Noun;A1;fugl
birth;Noun;A2;fødsel
birthday;Noun;A1;fødselsdag
biscuit;Noun;A2;kiks
bit;Noun;A2;bit
bite;Verb Noun;B1;bid
bitter;Adjective;B2;bitter
black;Adjective, Noun;A1;sort
blame;Verb Noun;B2;bebrejde
blank;Adjective, Noun;A2;blank
blind;Adjective;B2;blind
block;Noun Verb;B1;blok
blog;Noun;A1;blog
blonde;Adjective;A1;blond
blood;Noun;A2;blod
blow;Verb;A2;blæse
blue;Adjective, Noun;A1;blå
board;Noun Verb;A2, B1;bestyrelse
boat;Noun;A1;båd
body;Noun;A1;legeme
boil;Verb;A2;koge
bomb;Noun Verb;B1;bombe
bond;Noun;B2;bånd
bone;Noun;A2;knogle
book;Noun Verb;A1, A2;Bestil
boot;Noun;A1;støvle
border;Noun Verb;B1, B2;grænse
bored;Adjective;A1;keder sig
boring;Adjective;A1;kedelig
born;Verb;A1;Født
borrow;Verb;A2;låne
boss;Noun;A2;chef
both;det./proNoun;A1;begge
bother;Verb;B1;forstyrre
bottle;Noun;A1;flaske
bottom;NouNoun Adjective;A2;bund
bowl;Noun;A2;skål
box;Noun;A1;boks
boy;Noun;A1;dreng
boyfriend;Noun;A1;kæreste
brain;Noun;A2;hjerne
branch;Noun;B1;afdeling
brand;Noun Verb;B1;mærke
brave;Adjective;B1;modig
bread;Noun;A1;brød
break;Verb Noun;A1;pause
breakfast;Noun;A1;morgenmad
breast;Noun;B2;bryst
breath;Noun;B1;åndedrag
breathe;Verb;B1;træk vejret
breathing;Noun;B1;vejrtrækning
bride;Noun;B1;brud
bridge;Noun;A2;bro
brief;Adjective;B2;kort
bright;Adjective;A2;lyse
brilliant;Adjective;A2;strålende
bring;Verb;A1;tage med
broad;Adjective;B2;bred
broadcast;Verb Noun;B2;udsende
broken;Adjective;A2;gået i stykker
brother;Noun;A1;bror
brown;Adjective, Noun;A1;Brun
brush;Verb Noun;A2;børste
bubble;Noun;B1;boble
budget;Noun;B2;budget
build;Verb;A1;build
building;Noun;A1;bygning
bullet;Noun;B2;kugle
bunch;Noun;B2;flok
burn;Verb Noun;A2, B2;brænde
bury;Verb;B1;begrave
bus;Noun;A1;bus
bush;Noun;B2;Busk
business;Noun;A1;forretning
businessman;Noun;A2;forretningsmand
busy;Adjective;A1;travl
but;conj. prep;A1, B2;men
butter;Noun;A1;smør
button;Noun;A2;knap
buy;Verb;A1;købe
by;prep. Adverb;A1, B1;ved
bye;exclam;A1;farvel
cable;Noun;B2;kabel
cafe;Noun;A1;cafe
cake;Noun;A1;kage
calculate;Verb;B2;Beregn
call;Verb Noun;A1;opkald
calm;Adjective Verb Noun;B1;berolige
camera;Noun;A1;kamera
camp;Noun Verb;A2;lejr
campaign;Noun Verb;B1;kampagne
camping;Noun;A2;Camping
campus;Noun;B1;universitetsområde
can1;modal Verb;A1;can1
can2;Noun;A2;CAN2
cancel;Verb;B2;afbestille
cancer;Noun;B2;Kræft
candidate;Noun;B1;kandidat
cannot;Verb;A1;kan ikke
cap;Noun;B1;kasket
capable;Adjective;B2;i stand til at
capacity;Noun;B2;kapacitet
capital;Noun Adjective;A1;kapital
captain;Noun;B1;kaptajn
capture;Verb Noun;B2;fange
car;Noun;A1;bil
card;Noun;A1;kort
care;Noun Verb;A2;omsorg
career;Noun;A1;karriere
careful;Adjective;A2;forsigtig
carefully;Adverb;A2;omhyggeligt
careless;Adjective;B1;ligegyldig
carpet;Noun;A2;tæppe
carrot;Noun;A1;gulerod
carry;Verb;A1;bære
cartoon;Noun;A2;tegneserie
case;Noun;A2;sag
cash;Noun;A2;kontanter
cast;Noun Verb;B2;støbt
castle;Noun;A2;slot
cat;Noun;A1;kat
catch;Verb Noun;A2, B2;fangst
category;Noun;B1;kategori
cause;Noun Verb;A2;årsag
CD;Noun;A1;CD
ceiling;Noun;B1;loft
celebrate;Verb;A2;fejre
celebration;Noun;B1;fest
celebrity;Noun;A2;berømthed
cell;Noun;B2;celle
cent;Noun;A1;cent
central;Adjective;B1;central
centre;Noun Verb;A1, B1;centrum
century;Noun;A1;århundrede
ceremony;Noun;B1;ceremoni
certain;Adjective;A2;bestemte
certainly;Adverb;A2;sikkert
chain;Noun Verb;B1, B2;kæde
chair;Noun Verb;A1, B2;stol
chairman;Noun;B2;formand
challenge;Noun Verb;B1, B2;udfordring
champion;Noun;B1;champion
chance;Noun;A2;chance
change;Verb Noun;A1;lave om
channel;Noun;B1;kanal
chapter;Noun;B1;kapitel
character;Noun;A2;Karakter
characteristic;Noun Adjective;B2;egenskab
charge;Noun Verb;B1;oplade
charity;Noun;A2;velgørenhed
chart;Noun Verb;A1, B2;diagram
chat;Verb Noun;A2;snak
cheap;Adjective , Adverb;A1, B1;billig
cheat;Verb Noun;B1;snyde
check;Verb Noun;A1, A2;kontrollere
chef;Noun;A2;kok
cheerful;Adjective;B1;glad
cheese;Noun;A1;ost
chemical;Adjective, Noun;B1;kemisk
chemistry;Noun;A2;kemi
chest;Noun;B1;bryst
chicken;Noun;A1;kylling
chief;Adjective, Noun;B2;chef
child;Noun;A1;barn
childhood;Noun;B1;barndom
chip;Noun;A2;chip
chocolate;Noun;A1;chokolade
choice;Noun;A2;valg
choose;Verb;A1;vælge
church;Noun;A2;kirke
cigarette;Noun;A2;cigaret
cinema;Noun;A1;biograf
circle;Noun Verb;A2;cirkel
circumstance;Noun;B2;omstændighed
cite;Verb;B2;citere
citizen;Noun;B2;borger
city;Noun;A1;by
civil;Adjective;B2;civil
claim;Verb Noun;B1;påstand
class;Noun;A1;klasse
classic;Adjective, Noun;B2;klassisk
classical;Adjective;A2;klassisk
classroom;Noun;A1;klasseværelse
clause;Noun;B1;klausul
clean;Adjective, Verb;A1;ren
clear;Adjective, Verb;A2, B1;klar
clearly;Adverb;A2;klart
clever;Adjective;A2;dygtig
click;Verb Noun;B1;klik
client;Noun;B1;klient
climate;Noun;A2;klima
climb;Verb Noun;A1, B1;klatre
clock;Noun;A1;ur
close1;Verb Noun;A1, B2;close1
close2;Adjective , Adverb;A2, B1;Close2
closed;Adjective;A2;lukket
closely;Adverb;B2;nøje
cloth;Noun;B1;klæde
clothes;Noun;A1;tøj
clothing;Noun;A2;tøj
cloud;Noun;A2;Sky
club;Noun;A1;forening
clue;Noun;B1;nøgle
coach;Noun Verb;A2, B1;træner
coal;Noun;B1;kul
coast;Noun;A2;kyst
coat;Noun;A1;frakke
code;Noun;A2;kode
coffee;Noun;A1;kaffe
coin;Noun;B1;mønt
cold;Adjective Noun;A1;kold
collapse;Verb Noun;B2;falde sammen
colleague;Noun;A2;kollega
collect;Verb;A2;indsamle
collection;Noun;B1;kollektion
college;Noun;A1;kollegium
colour;Noun;A1;farve
coloured;Adjective;B1;farvet
column;Noun;A2;kolonne
combination;Noun;B2;kombination
combine;Verb;B1;forene
come;Verb;A1;komme
comedy;Noun;A2;komedie
comfort;Noun Verb;B2;komfort
comfortable;Adjective;A2;komfortabel
command;Noun Verb;B2;kommando
comment;Noun Verb;A2, B1;kommentar
commercial;Adjective Noun;B1;kommerciel
commission;Noun Verb;B2;provision
commit;Verb;B1;begå
commitment;Noun;B2;forpligtelse
committee;Noun;B2;udvalg
common;Adjective Noun;A1;almindelige
commonly;Adverb;B2;almindeligt
communicate;Verb;A2;kommunikere
communication;Noun;B1;meddelelse
community;Noun;A2;fællesskab
company;Noun;A1;Selskab
compare;Verb;A1;sammenligne
comparison;Noun;B1;sammenligning
compete;Verb;A2;konkurrere
competition;Noun;A2;konkurrence
competitor;Noun;B1;konkurrent
competitive;Adjective;B1;konkurrencedygtig
complain;Verb;A2;brokke sig
complaint;Noun;B1;klage
complete;Adjective Verb;A1;komplet
completely;Adverb;A2;fuldstændig
complex;Adjective, Noun;B1, B2;kompleks
complicated;Adjective;B2;kompliceret
component;Noun;B2;komponent
computer;Noun;A1;computer
concentrate;Verb;B1;koncentrere
concentration;Noun;B2;koncentration
concept;Noun;B2;koncept
concern;Noun Verb;B2;bekymring
concerned;Adjective;B2;berørte
concert;Noun;A1;koncert
conclude;Verb;B1;konkludere
conclusion;Noun;B1;konklusion
condition;Noun;A2;tilstand
conduct;Verb Noun;B2;adfærd
conference;Noun;A2;konference
confidence;Noun;B2;tillid
confident;Adjective;B1;selvsikker
confirm;Verb;B1;bekræfte
conflict;Noun Verb;B2;konflikt
confuse;Verb;B1;forvirre
confused;Adjective;B1;forvirret
confusing;Adjective;B2;forvirrende
connect;Verb;A2;forbinde
connected;Adjective;A2;forbundet
connection;Noun;B1;forbindelse
conscious;Adjective;B2;bevidst
consequence;Noun;B1;følge
conservative;Adjective, Noun;B2;konservativ
consider;Verb;A2;overveje
consideration;Noun;B2;betragtning
consist;Verb;B1;bestå
consistent;Adjective;B2;konsekvent
constant;Adjective;B2;konstant
constantly;Adverb;B2;konstant
construct;Verb;B2;konstruere
construction;Noun;B2;konstruktion
consume;Verb;B1;forbruge
consumer;Noun;B1;forbruger
contact;Noun Verb;B1;kontakt
contain;Verb;A2;indeholde
container;Noun;B1;beholder
contemporary;Adjective;B2;nutidige
content;Noun;B1;indhold
contest;Noun Verb;B2;konkurrence
context;Noun;A2;sammenhæng
continent;Noun;A2;kontinent
continue;Verb;A2;Blive ved
continuous;Adjective;B1;sammenhængende
contract;Noun Verb;B2;kontrakt
contrast;Noun Verb;B1;kontrast
contribute;Verb;B2;bidrage
contribution;Noun;B2;bidrag
control;Noun Verb;A2;styring
convenient;Adjective;B1;praktisk
conversation;Noun;A1;samtale
convert;Verb;B2;konvertere
convince;Verb;B1;overbevise
convinced;Adjective;B2;overbevist
cook;Verb Noun;A1, A2;laver mad
cooker;Noun;A2;komfur
cooking;Noun;A1;madlavning
cool;Adjective, Verb;A1, B1;fedt nok
copy;Noun Verb;A2;kopi
core;Noun Adjective;B2;kerne
corner;Noun;A2;hjørne
corporate;Adjective;B2;virksomhedernes
correct;Adjective Verb;A1;korrekt
correctly;Adverb;A2;korrekt
cost;Noun Verb;A1;koste
costume;Noun;B1;kostume
cottage;Noun;B1;sommerhus
cotton;Noun;B1;bomuld
could;Verb;A1;kunne
council;Noun;B2;råd
count;Verb Noun;A2, B1;tælle
country;Noun;A1;Land
countryside;Noun;B1;landskabet
county;Noun;B2;region
couple;Noun;A2;par
courage;Noun;B2;mod
course;Noun;A1;Rute
court;Noun;B1;ret
cousin;Noun;A1;fætter
cover;Verb Noun;A2, B1;dække over
covered;Adjective;B1;dækket
cow;Noun;A1;ko
crash;Noun Verb;B2;krak
crazy;Adjective;A2;helt vildt
cream;Noun Adjective;A1, B1;fløde
create;Verb;A1;skab
creation;Noun;B2;skabelse
creative;Adjective;A2;kreativ
creature;Noun;B2;væsen
credit;Noun Verb;A2, B2;kredit
crew;Noun;B2;mandskab
crime;Noun;A2;forbrydelse
criminal;Noun Adjective;A2, B1;kriminel
crisis;Noun;B2;krise
criterion;Noun;B2;kriterium
critic;Noun;B2;kritiker
critical;Adjective;B2;kritisk
criticism;Noun;B2;kritik
criticize;Verb;B2;kritisere
crop;Noun;B2;afgrøde
cross;Verb Noun;A2;kryds
crowd;Noun;A2;menneskemængde
crowded;Adjective;A2;overfyldt
crucial;Adjective;B2;afgørende
cruel;Adjective;B1;grusom
cry;Verb Noun;A2, B2;skrig
cultural;Adjective;B1;kulturel
culture;Noun;A1;kultur
cup;Noun;A1;kop
cupboard;Noun;A2;skab
cure;Verb Noun;B2;helbrede
curly;Adjective;A2;krøllet
currency;Noun;B1;betalingsmiddel
current;Adjective, Noun;B1, B2;nuværende
currently;Adverb;B1;i øjeblikket
curtain;Noun;B1;gardin
curve;Noun Verb;B2;kurve
curved;Adjective;B2;buet
custom;Noun;B1;brugerdefinerede
customer;Noun;A1;kunde
cut;Verb , Noun;A1, B1;skære
cycle;Noun Verb;A2, B1;cyklus
dad;Noun;A1;far
daily;Adjective, Adverb;A2, B1;daglige
damage;Noun Verb;B1;skade
dance;Noun Verb;A1;dans
dancer;Noun;A1;danser
dancing;Noun;A1;dans
danger;Noun;A2;fare
dangerous;Adjective;A1;farligt
dark;Adjective, Noun;A1, A2;mørk
data;Noun;A2;data
date;Noun Verb;A1, B2;dato
daughter;Noun;A1;datter
day;Noun;A1;dag
dead;Adjective;A2;død
deal;Verb Noun;A2, B1;del
dear;Adjective, exclam;A1, A2;Kære
death;Noun;A2;død
debate;Noun Verb;B2;debat
debt;Noun;B2;gæld
decade;Noun;B1;årti
December;Noun;A1;december
decent;Adjective;B2;anstændig
decide;Verb;A1;beslutte
decision;Noun;A2;afgørelse
declare;Verb;B2;erklære
decline;Verb Noun;B2;nedgang
decorate;Verb;B1;dekorere
decoration;Noun;B2;dekoration
decrease;Verb Noun;B2;formindske
deep;Adjective, Adverb;A2, B1;dyb
deeply;Adverb;B2;dybt
defeat;Verb Noun;B2;nederlag
defence;Noun;B2;forsvar
defend;Verb;B2;forsvare
define;Verb;B1;Definere
definite;Adjective;B1;bestemt
definitely;Adverb;A2;helt bestemt
definition;Noun;B1;definition
degree;Noun;A2;grad
delay;Verb Noun;B2;forsinke
deliberate;Adjective;B2;bevidst
deliberately;Adverb;B2;med vilje
delicious;Adjective;A1;lækker
delight;Verb Noun;B2;glæde
delighted;Adjective;B2;glad
deliver;Verb;B1;aflevere
delivery;Noun;B2;levering
demand;Noun Verb;B2;efterspørgsel
demonstrate;Verb;B2;demonstrere
dentist;Noun;A2;tandlæge
deny;Verb;B2;nægte
department;Noun;A2;afdeling
departure;Noun;B1;afgang
depend;Verb;A2;afhænge af
depressed;Adjective;B2;deprimeret
depressing;Adjective;B2;deprimerende
depth;Noun;B2;dybde
describe;Verb;A1;beskrive
description;Noun;A1;beskrivelse
desert;Noun Verb;A2, B2;ørken
deserve;Verb;B2;fortjener
design;Noun Verb;A1;design
designer;Noun;A2;designer
desire;Noun Verb;B2;ønske
desk;Noun;A1;skrivebord
desperate;Adjective;B2;desperat
despite;prep;B1;på trods af
destination;Noun;B1;bestemmelsessted
destroy;Verb;A2;ødelægge
detail;Noun Verb;A1, B2;detalje
detailed;Adjective;B2;detaljeret
detect;Verb;B2;opdage
detective;Noun;A2;detektiv
determine;Verb;B1;bestemme
determined;Adjective;B1;fast besluttet
develop;Verb;A2;udvikle
development;Noun;B1;udvikling
device;Noun;A2;enhed
diagram;Noun;B1;diagram
dialogue;Noun;A1;dialog
diamond;Noun;B1;diamant
diary;Noun;A2;dagbog
dictionary;Noun;A1;ordbog
die;Verb;A1;dø
diet;Noun;A1;kost
difference;Noun;A1;forskel
different;Adjective;A1;forskellige
differently;Adverb;A2;forskelligt
difficult;Adjective;A1;svært
difficulty;Noun;B1;vanskelighed
dig;Verb;B2;grave
digital;Adjective;A2;digital
dinner;Noun;A1;aftensmad
direct;Adjective, Verb Adverb;A2, B1;direkte
direction;Noun;A2;retning
directly;Adverb;B1;direkte
director;Noun;A2;direktør
dirt;Noun;B1;smuds
dirty;Adjective;A1;snavset
Dis Adverbantage;Noun;B1;Dis Adverbantage
disagree;Verb;A2;være uenig
disappear;Verb;A2;forsvinde
disappointed;Adjective;B1;skuffet
disappointing;Adjective;B1;skuffende
disaster;Noun;A2;katastrofe
disc;Noun;B2;disk
discipline;Noun;B2;disciplin
discount;Noun Verb;B1, B2;rabat
discover;Verb;A2;opdage
discovery;Noun;A2;opdagelse
discuss;Verb;A1;drøfte
discussion;Noun;A2;diskussion
disease;Noun;A2;sygdom
dish;Noun;A1;fad
dishonest;Adjective;B2;uærlig
dislike;Verb Noun;B1;kan ikke lide
dismiss;Verb;B2;afskedige
display;Verb Noun;B2;Skærm
distance;Noun;A2;afstand
distribute;Verb;B2;distribuere
distribution;Noun;B2;fordeling
district;Noun;B2;distrikt
divide;Verb Noun;B1, B2;dele
division;Noun;B2;division
divorced;Adjective;A2;skilt
do;Verb auxiliary verb;A1;gøre
doctor;Noun;A1;læge
document;Noun Verb;A2, B2;dokument
documentary;Noun;B1;dokumentarfilm
dog;Noun;A1;hund
dollar;Noun;A1;dollar
domestic;Adjective;B2;indenlandske
dominate;Verb;B2;dominere
donate;Verb;B1;donere
door;Noun;A1;dør
double;Adjective det. proNoun Verb , Adverb;A2, B1;dobbelt
doubt;Noun Verb;B1;tvivl
down;Adverb Prep;A1;ned
download;Verb Noun;A2;Hent
downstairs;Adverb , Adjective;A1, A2;nedenunder
downwards;Adverb;B2;nedad
dozen;Noun det;B2;dusin
draft;Noun Verb;B2;udkast
drag;Verb;B2;drag
drama;Noun;A2;drama
dramatic;Adjective;B2;dramatisk
draw;Verb;A1;tegne
drawing;Noun;A2;tegning
dream;Noun Verb;A2;drøm
dress;Noun Verb;A1;kjole
dressed;Adjective;B1;klædt på
drink;Noun Verb;A1;drikke
drive;Verb Noun;A1, A2;køre
driver;Noun;A1;chauffør
driving;Noun;A2;kørsel
drop;Verb Noun;A2, B1;dråbe
drug;Noun;A2;medicin
drum;Noun;B1;tromme
drunk;Adjective;B1;beruset
dry;Adjective, Verb;A2;tør
due;Adjective;B1;på grund
during;prep;A1;i løbet af
dust;Noun;B1;støv
duty;Noun;B1;pligt
DVD;Noun;A1;DVD
each;det./proNoun/Adverb;A1;hver
ear;Noun;A1;øre
early;Adjective Adverb;A1;tidlig
earn;Verb;A2;tjene
earth;Noun;A2;jorden
earthquake;Noun;B1;jordskælv
easily;Adverb;A2;let
east;Noun Adjective Adverb;A1;øst
eastern;Adjective;B1;østlige
easy;Adjective;A1;let
eat;Verb;A1;spise
economic;Adjective;B1;økonomisk
economy;Noun;B1;økonomi
edge;Noun;B1;kant
edit;Verb;B2;redigere
edition;Noun;B2;udgave
editor;Noun;B1;redaktør
educate;Verb;B1;uddanne
educated;Adjective;B1;uddannet
education;Noun;A2;uddannelse
educational;Adjective;B1;uddannelsesmæssige
effect;Noun;A2;effekt
effective;Adjective;B1;effektiv
effectively;Adverb;B1;effektivt
efficient;Adjective;B2;effektiv
effort;Noun;B1;indsats
egg;Noun;A1;æg
eight;number;A1;otte
eighteen;number;A1;atten
eighty;number;A1;firs
either;det./proNoun Adverb;A2;enten
elderly;Adjective;B2;ældre
elect;Verb;B2;vælge
election;Noun;B1;valg
electric;Adjective;A2;elektrisk
electrical;Adjective;A2;elektrisk
electricity;Noun;A2;elektricitet
electronic;Adjective;A2;elektronisk
element;Noun;B1;element
elephant;Noun;A1;elefant
eleven;number;A1;elleve
else;Adverb;A1;andet
elsewhere;Adverb;B2;andre steder
email;Noun Verb;A1;e-mail
embarrassed;Adjective;B1;flov
embarrassing;Adjective;B1;pinlig
emerge;Verb;B2;dukke op
emergency;Noun;B1;nødsituation
emotion;Noun;B1;emotion
emotional;Adjective;B2;følelsesmæssig
emphasis;Noun;B2;vægt
emphasize;Verb;B2;understrege
employ;Verb;A2;beskæftige
employee;Noun;A2;medarbejder
employer;Noun;A2;arbejdsgiver
employment;Noun;B1;beskæftigelse
empty;Adjective, Verb;A2, B1;tom
enable;Verb;B2;gøre det muligt for
encounter;Verb Noun;B2;komme ud for
encourage;Verb;B1;tilskynde
end;Noun Verb;A1;ende
ending;Noun;A2;Slutning
enemy;Noun;B1;fjende
energy;Noun;A2;energi
engage;Verb;B2;engagere
engaged;Adjective;B1;beskæftiget
engine;Noun;A2;motor
engineer;Noun;A2;ingeniør
engineering;Noun;B1;ingeniørarbejde
enhance;Verb;B2;forbedre
enjoy;Verb;A1;god fornøjelse
enormous;Adjective;A2;enorm
enough;det. proNoun Adverb;A1;nok
enquiry;Noun;B2;forespørgsel
ensure;Verb;B2;sikre
enter;Verb;A2;gå ind
entertain;Verb;B1;underholde
entertainment;Noun;B1;underholdning
enthusiasm;Noun;B2;entusiasme
enthusiastic;Adjective;B2;entusiastisk
entire;Adjective;B2;hel
entirely;Adverb;B2;helt
entrance;Noun;B1;indgang
entry;Noun;B1;indgang
environment;Noun;A2;miljø
environmental;Adjective;B1;miljømæssige
episode;Noun;B1;episode
equal;Adjective, Verb Noun;B1, B2;lige
equally;Adverb;B1;ligeligt
equipment;Noun;A2;udstyr
error;Noun;A2;fejl
escape;Verb Noun;B1;flugt
especially;Adverb;A2;især
essay;Noun;A2;historie
essential;Adjective;B1;vigtig
establish;Verb;B2;etablere
estate;Noun;B2;ejendom
estimate;Verb Noun;B2;skøn
ethical;Adjective;B2;etisk
euro;Noun;A1;euro
evaluate;Verb;B2;vurdere
even;AdVerb Adjective;A1, B2;også selvom
evening;Noun;A1;aften
event;Noun;A1;begivenhed
eventually;Adverb;B1;til sidst
ever;Adverb;A1;nogensinde
every;det;A1;hver
everybody;proNoun;A1;alle
everyday;Adjective;A2;hver dag
everyone;proNoun;A1;alle sammen
everything;proNoun;A1;alt
everywhere;Adverb;A2;overalt
evidence;Noun;A2;beviser
evil;Adjective, Noun;B2;ond
exact;Adjective;A2;præcis
exactly;Adverb;A2;Nemlig
exam;Noun;A1;eksamen
examination;Noun;B2;undersøgelse
examine;Verb;B1;undersøge
example;Noun;A1;eksempel
excellent;Adjective;A2;fremragende
except;prep, conj;A2, B1;undtagen
exchange;Noun Verb;B1;udveksle
excited;Adjective;A1;begejstret
excitement;Noun;B1;spænding
exciting;Adjective;A1;spændende
excuse;Noun Verb;B2;undskyldning
executive;Noun Adjective;B2;udøvende
exercise;Noun Verb;A1;dyrke motion
exhibition;Noun;B1;udstilling
exist;Verb;A2;eksisterer
existence;Noun;B2;eksistens
expand;Verb;B1;udvide
expect;Verb;A2;forventer
expectation;Noun;B2;forventning
expected;Adjective;B1;forventes
expedition;Noun;B1;ekspedition
expense;Noun;B2;bekostning
expensive;Adjective;A1;dyrt
experience;Noun Verb;A2, B1;erfaring
experienced;Adjective;B1;erfaren
experiment;Noun Verb;A2, B1;eksperiment
expert;Noun Adjective;A2;ekspert
explain;Verb;A1;forklare
explanation;Noun;A2;forklaring
explode;Verb;B1;eksplodere
exploration;Noun;B2;udforskning
explore;Verb;B1;udforske
explosion;Noun;B1;eksplosion
export;Noun Verb;B1;eksport
expose;Verb;B2;udsætte
express;Verb;A2;express
expression;Noun;A2;udtryk
extend;Verb;B2;forlænge
extent;Noun;B2;grad
external;Adjective;B2;ekstern
extra;Adjective, Noun Adverb;A1, B1;ekstra
extraordinary;Adjective;B2;ekstraordinær
extreme;Adjective, Noun;A2, B2;ekstrem
extremely;Adverb;A2;ekstremt
eye;Noun;A1;øje
face;Noun Verb;A1, B1;ansigt
facility;Noun;B2;facilitet
fact;Noun;A1;faktum
factor;Noun;A2;faktor
factory;Noun;A2;fabrik
fail;Verb;A2;svigte
failure;Noun;B2;fiasko
fair;Adjective;A2;retfærdig
fairly;Adverb;B1;temmelig
faith;Noun;B2;tro
fall;Verb Noun;A1, A2;efterår
FALSE;Adjective;A1;FALSK
familiar;Adjective;B1;velkendt
family;Noun Adjective;A1;familie
famous;Adjective;A1;berømt
fan;Noun;A2;ventilator
fancy;Verb Adjective;B1;fancy
fantastic;Adjective;A1;fantastisk
far;Adverb , Adjective;A1, B1;langt
farm;Noun Verb;A1, A2;gård
farmer;Noun;A1;landmand
farming;Noun;A2;landbrug
fascinating;Adjective;B1;spændende
fashion;Noun;A2;mode
fashionable;Adjective;B1;på mode
fast;Adjective, Adverb;A1;hurtig
fasten;Verb;B1;fassætte
fat;Adjective, Noun;A1, A2;fed
father;Noun;A1;far
fault;Noun;B2;fejl
favour;Noun Verb;B1, B2;fordel
favourite;Adjective, Noun;A1;favorit
fear;Noun Verb;A2, B1;frygt
feather;Noun;B2;fjer
feature;Noun Verb;A2, B1;funktion
February;Noun;A1;februar
fee;Noun;B2;betaling
feed;Verb Noun;A2, B2;foder
feedback;Noun;B2;tilbagemeldinger
feel;Verb Noun;A1, B2;føle
feeling;Noun;A1;følelse
fellow;Adjective;B2;fyr
female;Adjective, Noun;A2;kvinde
fence;Noun;B1;hegn
festival;Noun;A1;festival
few;det./Adjective, proNoun;A1;få
fiction;Noun;A2;fiktion
field;Noun;A2;Mark
fifteen;number;A1;femten
fifth;number;A1;femte
fifty;number;A1;halvtreds
fight;Verb Noun;A2;kæmpe
fighting;Noun;B1;kampene
figure;Noun Verb;A2, B2;figur
file;Noun Verb;B1, B2;fil
fill;Verb;A1;fylde
film;Noun Verb;A1, A2;film
final;Adjective, Noun;A1, A2;endelige
finally;Adverb;A2;endelig
finance;Noun Verb;B2;finansiere
financial;Adjective;B1;finansiel
find;Verb;A1;finde
finding;Noun;B2;fund
fine;Adjective;A1;bøde
finger;Noun;A2;finger
finish;Verb Noun;A1, A2;Afslut
fire;Noun Verb;A1, B1;brand
firm;Noun;B2;firma
first;det./number.AdVerb Noun;A1, A2;først
firstly;Adverb;A2;for det første
fish;Noun Verb;A1, A2;fisk
fishing;Noun;A2;fiskeri
fit;Verb Adjective;A2;passe
fitness;Noun;B1;fitness
five;number;A1;fem
fix;Verb Noun;A2, B2;rette op
fixed;Adjective;B1;fast
flag;Noun;B1;flag
flame;Noun;B2;flamme
flash;Noun Verb;B2;blitz
flat;Noun Adjective;A1, A2;flad
flexible;Adjective;B2;fleksibel
flight;Noun;A1;flyvningen
float;Verb;B2;flyde
flood;Noun Verb;B1;oversvømmelse
floor;Noun;A1;etage
flour;Noun;B1;mel
flow;Verb Noun;B1;flyde
flower;Noun;A1;blomst
flu;Noun;A2;influenza
fly;Verb Noun;A1, A2;flyve
flying;Noun Adjective;A2;flyvende
focus;Verb Noun;A2;fokus
fold;Verb Noun;B1, B2;folde
folding;Adjective;B2;folde
folk;Noun Adjective;B1;folk
follow;Verb;A1;følge efter
following;Adjective, Noun prep;A2, B1, B2;følge
food;Noun;A1;mad
foot;Noun;A1;fod
football;Noun;A1;fodbold
for;prep.;A1;til
force;NounVerb;B1;kraft
foreign;Adjective;A2;udenlandsk
forest;Noun;A2;Skov
forever;Adverb;B1;for evigt
forget;Verb;A1;glemme
forgive;Verb;B2;tilgive
fork;Noun;A2;gaffel
form;NounVerb;A1;form
formal;Adjective;A2;formel
former;Adjective;B2;tidligere
fortunately;Adverb;A2;heldigvis
fortune;Noun;B2;formue
forty;number;A1;fyrre
forward;AdVerb Adjective;A2, B2;frem
found;Verb;B2;fundet
four;number;A1;fire
fourteen;number;A1;fjorten
fourth;number;A1;fjerde
frame;NounVerb;B1;ramme
free;Adjective, AdVerb Verb;A1,A2,B2;ledig
freedom;Noun;B2;frihed
freeze;Verb;B1;fryse
frequency;Noun;B2;frekvens
frequently;Adverb;B1;hyppigt
fresh;Adjective;A2;frisk
Friday;Noun;A1;Fredag
fridge;Noun;A2;køleskab
friend;Noun;A1;ven
friendly;Adjective;A1;venlige
friendship;Noun;B1;venskab
frighten;Verb;B1;skræmme
frightened;Adjective;B1;bange
frightening;Adjective;B1;skræmmende
frog;Noun;A2;frø
from;prep;A1;fra
front;Noun Adjective;A1;foran
frozen;Adjective;B1;Frosset
fruit;Noun;A1;frugt
fry;Verb;B1;stege
fuel;Noun Verb;B1, B2;brændstof
full;Adjective;A1;fuld
fully;Adverb;B2;fuldt ud
fun;Noun Adjective;A1, A2;sjovt
function;Noun Verb;B1, B2;fungere
fund;Noun Verb;B2;fond
fundamental;Adjective;B2;grundlæggende
funding;Noun;B2;finansiering
funny;Adjective;A1;sjov
fur;Noun;B1;pels
furniture;Noun;A2;møbel
further;Adjective, Adverb;A2, B1;yderligere
furthermore;Adverb;B2;desuden
future;Noun Adjective;A1, A2;fremtid
gain;Verb Noun;B2;gevinst
gallery;Noun;A2;galleri
game;Noun;A1;spil
gang;Noun;B2;bande
gap;Noun;A2;kløft
garage;Noun;B1;garage
garden;Noun;A1;have
gas;Noun;A2;gas
gate;Noun;A2;Port
gather;Verb;B1;samle
general;Adjective;A2;generel
generally;Adverb;B1;generelt
generate;Verb;B2;frembringe
generation;Noun;B1;generation
generous;Adjective;B1;gavmild
genre;Noun;B2;genre
gentle;Adjective;B1;blid
gentleman;Noun;B1;gentleman
geography;Noun;A1;geografi
get;Verb;A1;få
ghost;Noun;B1;spøgelse
giant;Adjective, Noun;B1;kæmpe stor
gift;Noun;A2;gave
girl;Noun;A1;pige
girlfriend;Noun;A1;kæreste
give;Verb;A1;give
glad;Adjective;B1;glad
glass;Noun;A1;glas
global;Adjective;B1;global
glove;Noun;B1;handske
go;Verb Noun;A1, B1;gå
goal;Noun;A2;mål
God;Noun;A2;Gud
gold;Noun Adjective;A2;guld
golf;Noun;A2;golf
good;Adjective, Noun;A1, A2;godt
goodbye;exclam. Noun;A1;farvel
goods;Noun;B1;gods
govern;Verb;B2;styre
government;Noun;A2;regering
grab;Verb;B2;tag fat
grade;Noun Verb;B1, B2;karakter
gradually;Adverb;B2;lidt efter lidt
graduate;Noun Verb;B1;bestå
grain;Noun;B1;korn
grand;Adjective;B2;Grand
grandfather;Noun;A1;bedstefar
grandmother;Noun;A1;bedstemor
grandparent;Noun;A1;bedsteforælder
grant;Verb Noun;B2;give
grass;Noun;A2;græs
grateful;Adjective;B1;taknemmelig
great;Adjective;A1;store
green;Adjective, Noun;A1;grøn
greet;Verb;A2;hilse
grey;Adjective, Noun;A1;grå
ground;Noun;A2;jord
group;Noun;A1;gruppe
grow;Verb;A1;dyrke
growth;Noun;B1;vækst
guarantee;Verb Noun;B2;garanti
guard;Noun Verb;B1;vagt
guess;Verb Noun;A1;gætte
guest;Noun;A2;gæst
guide;Noun Verb;A2;guide
guilty;Adjective;B1;skyldig
guitar;Noun;A1;guitar
gun;Noun;A2;pistol
guy;Noun;A2;fyr
gym;Noun;A1;gym
habit;Noun;A2;vane
hair;Noun;A1;hår
half;Noundet.proNoun, Adverb;A1, A2;halvt
hall;Noun;A2;hal
hand;Noun Verb;A1, B1;hånd
handle;Verb Noun;B2;håndtere
hang;Verb;B1;hænge
happen;Verb;A1;ske
happily;Adverb;A2;lykkeligt
happiness;Noun;B1;lykke
happy;Adjective;A1;lykkelig
hard;Adjective, Adverb;A1;svært
hardly;Adverb;B1;næsten
harm;Noun Verb;B2;skade
harmful;Adjective;B2;skadelig
hat;Noun;A1;hat
hate;Verb Noun;A1, B1;had
have;Verb auxiliary Verb;A1, A2;har
have to modal;Verb;A1;Nødt til at modal
he;proNoun;A1;han
head;Noun Verb;A1, B1;hoved
headache;Noun;A2;hovedpine
headline;Noun;B1;overskrift
health;Noun;A1;sundhed
healthy;Adjective;A1;sund og rask
hear;Verb;A1;høre
hearing;Noun;B2;høring
heart;Noun;A2;hjerte
heat;Noun Verb;A2;varme
heating;Noun;B1;opvarmning
heaven;Noun;B2;himmel
heavily;Adverb;B1;stærkt
heavy;Adjective;A2;tung
heel;Noun;B2;hæl
height;Noun;A2;højde
helicopter;Noun;B1;helikopter
hell;Noun;B2;helvede
hello;exclam./Noun;A1;Hej
help;Verb Noun;A1;Hjælp
helpful;Adjective;A2;nyttig
her;proNoundet;A1;hende
here;Adverb;A1;her
hero;Noun;A2;helt
hers;proNoun;A2;Hendes
herself;proNoun;A2;hende selv
hesitate;Verb;B2;tøve
hey;exclam;A1;Hej
hi;exclam;A1;Hej
hide;Verb;A2;skjule
high;Adjective, AdVerb Noun;A1, A2, B2;høj
highlight;Verb Noun;B1;højdepunkt
highly;Adverb;B1;meget
hill;Noun;A2;bakke
him;proNoun;A1;Hej M
himself;proNoun;A2;ham selv
hire;Verb Noun;B1, B2;leje
his;det. proNoun;A1, A2;hans
historic;Adjective;B1;historisk
historical;Adjective;B1;historisk
history;Noun;A1;historie
hit;Verb Noun;A2;hit
hobby;Noun;A1;hobby
hockey;Noun;A2;hockey
hold;Verb Noun;A2, B2;holde
hole;Noun;A2;hul
holiday;Noun;A1;ferie
hollow;Adjective;B2;hule
holy;Adjective;B2;hellig
home;Noun AdVerb Adjective;A1, A2;hjem
homework;Noun;A1;lektier
honest;Adjective;B1;ærlig
honour;Noun Verb;B2;Ære
hope;Verb Noun;A1, A2;håber
horrible;Adjective;B1;forfærdelig
horror;Noun;B1;rædsel
horse;Noun;A1;hest
hospital;Noun;A1;Hospital
host;Noun Verb;B1, B2;vært
hot;Adjective;A1;hed
hotel;Noun;A1;Hotel
hour;Noun;A1;time
house;Noun Verb;A1, B2;hus
household;Noun;B2;husstand
housing;Noun;B2;boliger
how;Adverb;A1;hvordan
however;Adverb;A1;imidlertid
huge;Adjective;A2;kæmpe stor
human;Adjective, Noun;A2;human
humorous;Adjective;B2;humoristisk
humour;Noun;B2;humor
hundred;number;A1;hundrede
hungry;Adjective;A1;sulten
hunt;Verb Noun;B1, B2;jage
hunting;Noun;B2;jagt
hurricane;Noun;B1;orkan
hurry;Noun Verb;B1;skynde sig
hurt;Verb Adjective Noun;A2, B2;gøre ondt
husband;Noun;A1;mand
I;proNoun;A1;jeg
ice;Noun;A1;is
ice cream;Noun;A1;flødeis
idea;Noun;A1;ide
ideal;Adjective , Noun;A2, B2;ideal
identify;Verb;A2;identificere
identity;Noun;B1;identitet
if;conj.;A1;hvis
ignore;Verb;B1;ignorere
ill;Adjective;A2;syg
illegal;Adjective;B1;ulovlig
illness;Noun;A2;sygdom
illustrate;Verb;B2;illustrere
illustration;Noun;B2;illustration
image;Noun;A2;billede
imaginary;Adjective;B1;imaginært
imagination;Noun;B2;fantasi
imagine;Verb;A1;forestille
immediate;Adjective;B1;umiddelbar
immediately;Adverb;A2;med det samme
immigrant;Noun;B1;immigrant
impact;Noun Verb;B1;indvirkning
impatient;Adjective;B2;utålmodig
imply;Verb;B2;indebære
import;Noun Verb;B1;importere
importance;Noun;B1;betydning
important;Adjective;A1;vigtig
impose;Verb;B2;pålægge
impossible;Adjective;A2;umulig
impress;Verb;B2;imponere
impressed;Adjective;B2;imponeret
impression;Noun;B1;indtryk
impressive;Adjective;B1;imponerende
improve;Verb;A1;forbedre
improvement;Noun;B1;forbedring
in;prep., Adverb;A1;i
inch;Noun;B2;inch
incident;Noun;B2;utilsigtet hændelse
include;Verb;A1;omfatte
included;Adjective;A2;inkluderet
including;prep.;A2;inklusive
income;Noun;B2;indkomst
increase;Verb Noun;A2;øge
increasingly;Adverb;B2;i stigende grad
incredible;Adjective;A2;utrolig
incredibly;Adverb;B1;utroligt
indeed;Adverb;B1;Ja
independent;Adjective;A2;uafhængig
indicate;Verb;B1;angive
indirect;Adjective;B1;indirekte
individual;Noun, adj;A2;individuel
indoor;Adjective;B1;indendørs
indoors;Adverb;B1;indendørs
industrial;Adjective;B2;industriel
industry;Noun;A2;industri
infection;Noun;B2;infektion
influence;NounVerb;B1;indflydelse
inform;Verb;B2;meddele
informal;Adjective;A2;uformel
information;Noun;A1;Information
ingredient;Noun;B1;ingrediens
initial;Adjective;B2;initial
initially;Adverb;B2;i første omgang
initiative;Noun;B2;initiativ
injure;Verb;B1;beskadige
injured;Adjective;B1;skadede
injury;Noun;A2;skade
inner;Adjective;B2;indre
innocent;Adjective;B1;uskyldig
insect;Noun;A2;insekt
inside;prep.Adverb Noun Adjective;A2;inde
insight;Noun;B2;indsigt
insist;Verb;B2;insistere
inspire;Verb;B2;inspirere
install;Verb;B2;installere
instance;Noun;B2;instans
instead;Adverb;A2;i stedet
institute;Noun;B2;institut
institution;Noun;B2;institution
instruction;Noun;A2;instruktion
instructor;Noun;A2;instruktør
instrument;Noun;A2;instrument
insurance;Noun;B2;forsikring
intelligence;Noun;B1;intelligens
intelligent;Adjective;A2;intelligent
intend;Verb;B1;hensigt
intended;Adjective;B2;beregnet
intense;Adjective;B2;intens
intention;Noun;B1;hensigt
interest;Noun Verb;A1;interesse
interested;Adjective;A1;interesseret
interesting;Adjective;A1;interessant
internal;Adjective;B2;indre
international;Adjective;A2;international
internet;Noun;A1;internet
interpret;Verb;B2;fortolke
interrupt;Verb;B2;afbryde
interview;Noun Verb;A1;interview
into;prep.;A1;ind i
introduce;Verb;A1;indføre
introduction;Noun;A2;introduktion
invent;Verb;A2;opfinde
invention;Noun;A2;opfindelse
invest;Verb;B1;investere
investigate;Verb;B1;undersøge
investigation;Noun;B2;efterforskning
investment;Noun;B2;investering
invitation;Noun;A2;invitation
invite;Verb;A2;invitere
involve;Verb;A2;involvere
involved;Adjective;B1;involveret
iron;Noun Verb;B1;jern
island;Noun;A1;ø
issue;Noun, Verb;B1, B2;problem
IT;Noun;B1;DET
it;proNoun;A1;det
item;Noun;A2;vare
its;det.;A1;dens
itself;proNoun;A2;sig selv
jacket;Noun;A1;jakke
jam;Noun;A2;marmelade
January;Noun;A1;januar
jazz;Noun;A2;jazz
jeans;Noun;A1;jeans
jewellery;Noun;A2;smykker
job;Noun;A1;job
join;Verb;A1;tilslutte
joke;Noun Verb;A2;joke
journal;Noun;B1;tidsskrift
journalist;Noun;A2;journalist
journey;Noun;A1;rejse
joy;Noun;B2;glæde
judge;Noun Verb;B1;dommer
judgement;Noun;B2;dom
juice;Noun;A1;Juice
July;Noun;A1;juli
jump;Verb Noun;A2;hoppe
June;Noun;A1;juni
junior;Adjective;B2;junior-
just;Adverb;A1;lige
justice;Noun;B2;retfærdighed
justify;Verb;B2;retfærdiggøre
keen;Adjective;B1;opsat
keep;Verb;A1;holde
key;Noun, Adjective Verb;A1, B1;nøgle
keyboard;Noun;B1;tastatur
kick;Verb Noun;B1;sparke
kid;Noun;A2;barn
kill;Verb;A2;dræbe
killing;Noun;B1;drab
kilometre;Noun;A1;kilometer
kind(type);Noun;A1;art (type)
kind(caring);Adjective;B1;art (caring)
king;Noun;A2;konge
kiss;Verb Noun;B1;kys
kitchen;Noun;A1;køkken
knee;Noun;A2;knæ
knife;Noun;A2;kniv
knock;Verb , Noun;A2, B1;banke
know;Verb;A1;ved godt
knowledge;Noun;A2;viden
lab;Noun;A2;lab
label;Noun Verb;B1;etiket
laboratory;Noun;B1;laboratorium
labour;Noun;B2;arbejdskraft
lack;Noun Verb;B1;mangel
lady;Noun;A2;dame
lake;Noun;A2;sø
lamp;Noun;A2;lampe
land;Noun, Verb;A1, A2;jord
landscape;Noun;B2;landskab
language;Noun;A1;Sprog
laptop;Noun;A2;bærbar
large;Adjective;A1;stor
largely;Adverb;B2;i det store hele
last1 (final);det., Adverb n;A1, A2;last1 (endelig)
last1 (taking time);Verb;A2;last1 (tager tid)
late;Adjective Adverb;A1;sent
later;Adverb , Adjective;A1, A2;senere
latest;Adjective , Noun;B1, B2;seneste
laugh;Verb Noun;A1;grine
laughter;Noun;A2;latter
launch;Verb Noun;B2;lancering
law;Noun;A2;lov
lawyer;Noun;A2;jurist
lay;Verb;B1;lay
layer;Noun;B1;lag
lazy;Adjective;A2;doven
lead;Verb , Noun;A2, B1;at føre
leader;Noun;A2;leder
leadership;Noun;B2;ledelse
leading;Adjective;B1;førende
leaf;Noun;B1;blad
league;Noun;B2;liga
lean;Verb;B2;læne
learn;Verb;A1;lære
learning;Noun;A2;læring
least;det./proNoun Adverb;A2;mindst
leather;Noun;B1;læder
leave;Verb , Noun;A1, B2;forlade
lecture;Noun Verb;A2;foredrag
left;Adjective Adverb Verb;A1;venstre
leg;Noun;A1;ben
legal;Adjective;B1;gyldige
leisure;Noun;B1;fritid
lemon;Noun;A2;citron
lend;Verb;A2;låne
length;Noun;B1;længde
less;det./pro Noun Adverb;A2;mindre
lesson;Noun;A1;lektie
let;Verb;A1;lade
letter;Noun;A1;brev
level;Noun, Adjective , Verb;A2, B1, B2;niveau
library;Noun;A1;bibliotek
licence;Noun;B2;licens
lie;Verb;A1;ligge
lie;Verb Noun;B2;ligge
life;Noun;A1;liv
lifestyle;Noun;A2;levevis
lift;Verb;Noun;løfte op
light (from the sun/a lamp);Noun Adverb , Verb;A1, A2;lys (fra solen / en lampe)
light (not heavy);Adjective;A2;lys (ikke tung)
like (similar);prep.;A1;lignende (lignende)
like (find sb/sth pleasant);Verb , n;A1, B1;lignende (finde sb / sth behageligt)
Noun;B1; ;Navneord
likely;Adjective;A2;sandsynligt
limit;Noun Verb;B1;begrænse
limited;Adjective;B2;begrænset
line;Noun, Verb;A1, B2;linje
link;Noun Verb;A2;link
lion;Noun;A1;løve
lip;Noun;B1;læbe
liquid;Noun Adjective;B1;væske
list;Noun Verb;A1;liste
listen;Verb;A1;Hør efter
listener;Noun;A2;lytter
literature;Noun;B1;litteratur
little;Adjective det./proNoun, Adverb;A1, A2;lille
live1;Verb;A1;live1
live2;Adjective Adverb;B1;live2
lively;Adjective;B2;livlig
living;Adjective Noun;B1;levende
load;Noun Verb;B2;belastning
loan;Noun;B2;lån
local;Adjective , Noun;A1, B1;lokal
locate;Verb;B1;lokalisere
located;Adjective;B1;befinde sig
location;Noun;B1;Beliggenhed
lock;Verb Noun;A2;låse
logical;Adjective;B2;logisk
lonely;Adjective;B1;ensom
long;Adjective Adverb;A1;lang
long-term;Adjective Adverb;B2;langsigtet
look;Verb , Noun;A1, A2;se
loose;Adjective;B2;løs
lord;Noun;B2;herre
lorry;Noun;A2;lastbil
lose;Verb;A1;tabe
loss;Noun;B1;tab
lost;Adjective;A2;faret vild
lot;proNoun det. Adverb;A1;masse
loud;Adjective Adverb;A2;højt
loudly;Adverb;A2;højt
love;Noun Verb;A1;elsker
lovely;Adjective;A2;dejlig
low;Adjective Adverb , n;A2, B2;lav
lower;Verb;B2;nederste
luck;Noun;A2;held
lucky;Adjective;A2;heldig
lunch;Noun;A1;frokost
lung;Noun;B2;lunge
luxury;Noun;B1;luksus
machine;Noun;A1;maskine
mad;Adjective;B1;gal
magazine;Noun;A1;magasin
magic;Noun Adjective;B1;magi
mail;Noun Verb;A2;post
main;Adjective;A1;vigtigste
mainly;Adverb;B1;hovedsagelig
maintain;Verb;B2;opretholde
major;Adjective;A2;større
majority;Noun;B2;flertal
make;Verb , Noun;A1, B2;lave
male;Adjective Noun;A2;han-
mall;Noun;B1;indkøbscenter
man;Noun;A1;mand
manage;Verb;A2;styre
management;Noun;B1;ledelse
manager;Noun;A2;Manager
manner;Noun;A2;måde
many;det./proNoun;A1;mange
map;Noun, Verb;A1, B2;kort
March;Noun;A1;marts
mark;Verb Noun;A2;mærke
market;Noun, Verb;A1, B1;marked
marketing;Noun;B1;markedsføring
marriage;Noun;B1;ægteskab
married;Adjective;A1;gift
marry;Verb;A2;gifte
mass;Noun Adjective;B2;masse
massive;Adjective;B2;massiv
master;Noun Verb;B2;mestre
match (contest/correspond);Noun Verb;A1;match (contest / svarer)
matching;Adjective;B2;matchning
material;Noun, Adjective;A2, B2;materiale
mathematics;Noun;A2;matematik
maths;Noun;A2;matematik
matter;Noun Verb;A2;stof
maximum;Adjective Noun;B2;maksimum
May;Noun;A1;Kan
may modal;Verb;A2;kan modal
maybe;Adverb;A1;måske
me;proNoun;A1;mig
meal;Noun;A1;måltid
mean;Verb;A1;betyde
meaning;Noun;A1;betyder
means;Noun;B2;midler
meanwhile;Adverb;B1;i mellemtiden
measure;Verb Noun;B1;måle
measurement;Noun;B2;måling
meat;Noun;A1;kød
media;Noun;A2;medier
medical;Adjective;A2;medicinsk
medicine;Noun;A2;medicin
medium;Adjective , Noun;B1, B2;medium
meet;Verb;A1;møde
meeting;Noun;A1;møde
melt;Verb;B2;smelte
member;Noun;A1;medlem
memory;Noun;A2;hukommelse
mental;Adjective;B1;mental
mention;Verb , Noun;A2, B1;nævne
menu;Noun;A1;menu
mess;Noun Verb;B1;rod
message;Noun;A1;besked
metal;Noun;A2;metal
method;Noun;A2;metode
metre;Noun;A1;måler
middle;Noun Adjective;A2;midten
midnight;Noun;A1;midnat
might modal;Verb;A2;kunne modal
mild;Adjective;B1;mild
mile;Noun;A1;mil
military;Adjective Noun;B2;militær
milk;Noun;A1;mælk
million number; ;A1;millioner nummer
mind;Noun Verb;A2;sind
mine (belongs to me);proNoun;A2;mine (tilhører mig)
mine (hole in the ground);Noun;B1;mine (hul i jorden)
mineral;Noun;B2;mineral
minimum;Adjective Noun;B2;minimum
minister;Noun;B2;minister
minor;Adjective;B2;mindre
minority;Noun;B2;mindretal
minute;Noun;A1;minut
mirror;Noun;A2;spejl
miss;Verb;A1;gå glip af
missing;Adjective;A2;mangler
mission;Noun;B2;mission
mistake;Noun, Verb;A1, B2;fejl
mix;Verb Noun;B1;blande
mixed;Adjective;B2;blandet
mixture;Noun;B1;blanding
mobile;Adjective Noun;A2;mobil
model;Noun, Verb;A1, B2;model
modern;Adjective;A1;moderne
modify;Verb;B2;modificere
moment;Noun;A1;øjeblik
Monday;Noun;A1;Mandag
money;Noun;A1;penge
monitor;Noun Verb;B2;overvåge
monkey;Noun;A2;abe
month;Noun;A1;måned
mood;Noun;B1;humør
moon;Noun;A2;måne
moral;Adjective Noun;B2;moralsk
more;det./proNoun Adverb;A1;mere
morning;Noun;A1;morgen
most;det./proNoun Adverb;A1;mest
mostly;Adverb;A2;for det meste
mother;Noun;A1;mor
motor;Noun Adjective;B2;motor
motorcycle;Noun;A2;motorcykel
mount;Verb;B2;mount
mountain;Noun;A1;bjerg
mouse;Noun;A1;mus
mouth;Noun;A1;mund
move;Verb , Noun;A1, B1;bevæge sig
movement;Noun;A2;bevægelse
movie;Noun;A1;film
much;det./proNoun Adverb;A1;meget
mud;Noun;B1;mudder
multiple;Adjective;B2;mange
multiply;Verb;B2;formere sig
mum;Noun;A1;mor
murder;NounVerb;B1;mord
muscle;Noun;B1;muskel
museum;Noun;A1;museum
music;Noun;A1;musik
musical;Adjective , Noun;A2, B1;musikalsk
musician;Noun;A2;musiker
must modal;Verb;A1;skal modal
my;det.;A1;min
myself;proNoun;A2;Mig selv
mysterious;Adjective;B2;mystisk
mystery;Noun;B1;mysterium
nail;Noun;B1;søm
name;Noun Verb;A1;navn
narrative;Noun Adjective;B1;fortælling
narrow;Adjective , Verb;A2, B2;smal
nation;Noun;B1;nation
national;Adjective , Noun;A2, B2;national
native;Adjective Noun;B1;hjemmehørende
natural;Adjective;A1;naturlig
naturally;Adverb;B1;naturligt
nature;Noun;A2;natur
near;prep. Adjective Adverb;A1;nær ved
nearly;Adverb;A2;næsten
neat;Adjective;B2;pæn
necessarily;Adverb;B1;nødvendigvis
necessary;Adjective;A2;nødvendig
neck;Noun;A2;nakke
need;Verb , Noun, modal Verb;A1, A2, B1;brug for
needle;Noun;B1;nål
negative;Adjective , Noun;A1, B2;negativ
neighbour;Noun;A1;nabo
neighbourhood;Noun;B1;kvarter
neither;det./proNoun, Adverb;A2, B1;ingen af ​​dem
nerve;Noun;B2;nerve
nervous;Adjective;A2;nervøs
net;Noun;B1;net
network;Noun;A2;netværk
never;Adverb;A1;aldrig
nevertheless;Adverb;B2;alligevel
new;Adjective;A1;ny
news;Noun;A1;nyheder
newspaper;Noun;A1;avis
next;Adjective Adverb , Noun;A1, B1;Næste
next to;prep.;A1;ved siden af
nice;Adjective;A1;pæn
night;Noun;A1;nat
nightmare;Noun;B2;mareridt
nine;number;A1;ni
nineteen;number;A1;nitten
ninety;number;A1;halvfems
no;exclam. det.;A1;ingen
no one;proNoun;A1;ingen
nobody;proNoun;A1;ingen
noise;Noun;A2;støj
noisy;Adjective;A2;støjende
none;pro Noun;A2;ingen
nor;conj./Adverb;B1;heller ikke
normal;Adjective , Noun;A2, B1;normal
normally;Adverb;A2;normalt
north;Noun Adjective Adverb;A1;nord
northern;Adjective;B1;nordlige
nose;Noun;A1;næse
not;Adverb;A1;ikke
note;Noun Verb;A1, B1;Bemærk
nothing;proNoun;A1;ikke noget
notice;Verb Noun;A2;varsel
notion;Noun;B2;begreb
novel;Noun;A2;roman
November;Noun;A1;november
now;Adverb , conj.;A1, B1;nu
nowhere;Adverb;A2;ingen steder
nuclear;Adjective;B1;atomisk
number;Noun, Verb;A1, A2;nummer
numerous;Adjective;B2;talrige
nurse;Noun;A1;amme
nut;Noun;A2;nød
obey;Verb;B2;adlyde
object;Noun Verb;A1, B2;objekt
objective;Noun Adjective;B2;objektiv
obligation;Noun;B2;forpligtelse
observation;Noun;B2;observation
observe;Verb;B2;observere
obtain;Verb;B2;opnå
obvious;Adjective;B1;indlysende
obviously;Adverb;B1;naturligvis
occasion;Noun;B1;lejlighed
occasionally;Adverb;B2;en gang imellem
occur;Verb;B1;forekomme
ocean;Noun;A2;ocean
o’clock;Adverb;A1;klokken
October;Noun;A1;oktober
odd;Adjective;B1;ulige
of;prep.;A1;af
off;Adverb prep.;A1;af
offence;Noun;B2;forbrydelse
offend;Verb;B2;fornærme
offensive;Adjective;B2;offensiv
offer;Verb Noun;A2;tilbud
office;Noun;A1;kontor
officer;Noun;A2;officer
official;Adjective , Noun;B1, B2;officiel
often;Adverb;A1;tit
oh;exclam.;A1;åh
oil;Noun;A2;olie
OK;exclam. Adjective /Adverb;A1;Okay
old;Adjective;A1;gammel
old-fashioned;Adjective;B1;gammeldags
on;prep. Adverb;A1;på
once;Adverb , conj.;A1, B1;enkelt gang
one;number-det. proNoun;A1;en
onion;Noun;A1;løg
online;Adjective Adverb;A1;online
only;Adjective Adverb;A1;kun
onto;prep.;A2;på
open;Adjective Verb;A1;åben
opening;Noun;B2;åbning
operate;Verb;B2;betjene
operation;Noun;B1;operation
opinion;Noun;A1;mening
opponent;Noun;B2;modstander
opportunity;Noun;A2;mulighed
oppose;Verb;B2;modsætte sig
opposed;Adjective;B2;imod
opposite;Adjective Adverb prep. Noun;A1;modsatte
opposition;Noun;B2;modstand
option;Noun;A2;mulighed
or;conj.;A1;eller
orange;Noun Adjective;A1;orange
order;Noun Verb;A1;bestille
ordinary;Adjective;A2;almindelig
organ;Noun;B2;organ
organization;Noun;A2;organisation
organize;Verb;A2;organisere
organized;Adjective;B1;organiseret
organizer;Noun;B1;organisator
origin;Noun;B2;oprindelse
original;Adjective , Noun;A2, B1;original
originally;Adverb;B1;oprindeligt
other;Adjective /proNoun;A1;Andet
otherwise;Adverb;B2;Ellers
ought;modal Verb;B1;burde
our;det.;A1;vores
ours;proNoun;B1;vores
ourselves;proNoun;A2;os selv
out;Adverb /prep.;A1;ud
outcome;Noun;B2;resultat
outdoor;Adjective;B1;udendørs
outdoors;Adverb;B1;udendørs
outer;Adjective;B2;ydre
outline;Noun Verb;B2;omrids
outside;Adverb , prep. nouNoun Adjective;A1, A2;uden for
oven;Noun;A2;ovn
over;prep. Adverb;A1;over
overall;Adjective Adverb;B2;samlet set
owe;Verb;B2;skylde
own;Adjective /proNoun, Verb;A1, A2;egen
owner;Noun;A2;ejer
pace;Noun, Verb;B2;tempo
pack;Verb , Noun;A2, B1;pakke
package;Noun, Verb;B1, B2;pakke
page;Noun;A1;side
pain;Noun;A2;smerte
painful;Adjective;B1;smertefuld
paint;Verb Noun;A1;maling
painter;Noun;A2;maler
painting;Noun;A1;maleri
pair;Noun;A1;par
palace;Noun;A2;palads
pale;Adjective;B1;bleg
pan;Noun;B1;pande
panel;Noun;B2;panel
pants;Noun;A2;bukser
paper;Noun;A1;papir
paragraph;Noun;A1;afsnit
parent;Noun;A1;forælder
park;Noun Verb;A1;parkere
parking;Noun;A2;parkering
parliament;Noun;B2;parlament
part;Noun;A1;en del
participant;Noun;B2;deltager
participate;Verb;B1;deltage
particular;Adjective;A2;særlig
particularly;Adverb;B1;især
partly;Adverb;B2;til dels
partner;Noun;A1;partner
party;Noun;A1;parti
pass;Verb , Noun;A2, B1;passere
passage;Noun;B2;passage
passenger;Noun;A2;passager
passion;Noun;B1;lidenskab
passport;Noun;A1;pas
past;Adjective Noun prep., Adverb;A1, A2;forbi
path;Noun;B1;sti
patient;Noun, Adjective;A2, B2;patient
pattern;Noun;A2;mønster
pay;Verb , Noun;A1, A2;betale
payment;Noun;B1;betaling
peace;Noun;A2;fred
peaceful;Adjective;B1;fredelig
pen;Noun;A1;pen
pencil;Noun;A1;blyant
penny;Noun;A2;krone
pension;Noun;B2;pension
people;Noun;A1;mennesker
pepper;Noun;A1;peber
per;prep.;A2;om
per cent;Noun Adjective /Adverb;A2;procent
percentage;Noun;B1;procent
perfect;Adjective;A1;Perfekt
perfectly;Adverb;B1;perfekt
perform;Verb;A2;udføre
performance;Noun;B1;ydeevne
perhaps;Adverb;A2;måske
period;Noun;A1;periode
permanent;Adjective;B2;permanent
permission;Noun;A2;tilladelse
permit;Verb Noun;B2;tilladelse
person;Noun;A1;person
personal;Adjective;A1;personlig
personality;Noun;A2;personlighed
personally;Adverb;B1;personligt
perspective;Noun;B2;perspektiv
persuade;Verb;B1;overtale
pet;Noun;A2;kæledyr
petrol;Noun;A2;benzin
phase;Noun;B2;fase
phenomenon;Noun;B2;fænomen
philosophy;Noun;B2;filosofi
phone;Noun Verb;A1;telefon
photo;Noun;A1;Foto
photograph;Noun, Verb;A1, A2;fotografi
photographer;Noun;B1;fotograf
photography;Noun;B1;fotografering
phrase;Noun;A1;udtryk
physical;Adjective;A2;fysisk
physics;Noun;A2;fysik
piano;Noun;A1;klaver
pick;Verb , Noun;A2, B2;plukke
picture;Noun, Verb;A1, B2;billede
piece;Noun;A1;stykke
pig;Noun;A1;svin
pile;Noun Verb;B2;bunke
pilot;Noun;A2;pilot
pin;Noun Verb;B1;pin
pink;Adjective Noun;A1;lyserød
pipe;Noun;B1;rør
pitch;Noun;B2;tonehøjde
place;Noun Verb;A1, B1;placere
plain;Adjective;B2;almindeligt
plan;Noun Verb;A1;plan
plane;Noun;A1;fly
planet;Noun;A2;planet
planning;Noun;B1;planlægning
plant;Noun Verb;A1, A2;plante
plastic;Noun Adjective;A2;plast
plate;Noun;A2;plade
platform;Noun;A2;platform
play;Verb Noun;A1;Spil
player;Noun;A1;spiller
pleasant;Adjective;B1;behagelig
please;exclam., Verb;A1, A2;Vær venlig
pleased;Adjective;A2;tilfreds
pleasure;Noun;B1;fornøjelse
plenty;proNoun;B1;masser
plot;Noun, Verb;B1, B2;grund
plus;prep., Adjective conj., Noun;B1, B2;plus
pocket;Noun;A2;lomme
poem;Noun;B1;digt
poet;Noun;B1;digter
poetry;Noun;B1;poesi
point;Noun, Verb;A1, B1;punkt
pointed;Adjective;B2;spidst
poison;Noun Verb;B1;gift
poisonous;Adjective;B1;giftig
police;Noun;A1;politi
policeman;Noun;A1;politibetjent
policy;Noun;B1;politik
polite;Adjective;A2;høflig
political;Adjective;B1;politisk
politician;Noun;B1;politiker
politics;Noun;B1;politik
pollution;Noun;A2;forurening
pool;Noun;A1;pool
poor;Adjective;A1;fattige
pop;Noun Adjective;A2;pop
popular;Adjective;A1;populær
popularity;Noun;B2;popularitet
population;Noun;A2;befolkning
port;Noun;B1;Havn
portrait;Noun;B1;portræt
pose;Verb;B2;positur
position;Noun, Verb;A2, B2;position
positive;Adjective , Noun;A1, B2;positiv
possess;Verb;B2;have
possession;Noun;A2;besiddelse
possibility;Noun;A2;mulighed
possible;Adjective;A1;muligt
possibly;Adverb;B1;eventuelt
post;Noun Verb;A1;stolpe
poster;Noun;A2;plakat
pot;Noun;B1;gryde
potato;Noun;A1;kartoffel
potential;Adjective Noun;B2;potentiel
pound;Noun;A1;pund
pour;Verb;B1;hælde
poverty;Noun;B1;fattigdom
powder;Noun;B1;pulver
power;Noun, Verb;A2, B2;strøm
powerful;Adjective;B1;magtfulde
practical;Adjective;B1;praktisk
practice;Noun;A1;øve sig
practise;Verb;A1;øve sig
praise;Noun Verb;B2;ros
pray;Verb;B1;bede
prayer;Noun;B1;bøn
predict;Verb;A2;forudsige
prediction;Noun;B1;forudsigelse
prefer;Verb;A1;foretrække
pregnant;Adjective;B2;gravid
preparation;Noun;B2;forberedelse
prepare;Verb;A1;forberede
prepared;Adjective;B1;forberedt
presence;Noun;B2;tilstedeværelse
present;Adjective Noun, Verb;A1, A2;til stede
presentation;Noun;B1;præsentation
preserve;Verb;B2;bevare
president;Noun;A2;formand
press;Verb Noun;B1;trykke
pressure;Noun;B1;tryk
pretend;Verb;B1;lade som om
pretty;Adjective Adverb;A1;smuk
prevent;Verb;A2;forhindre
previous;Adjective;B1;Tidligere
previously;Adverb;B1;tidligere
price;Noun, Verb;A1, B2;pris
priest;Noun;B1;præst
primary;Adjective;B1;primær
prime;Adjective;B2;prime
prince;Noun;B1;prins
princess;Noun;B1;prinsesse
principle;Noun;B2;princip
print;Verb , Noun;A2, B2;Print
printer;Noun;A2;printer
printing;Noun;B1;trykning
priority;Noun;B2;prioritet
prison;Noun;A2;fængsel
prisoner;Noun;B1;fange
privacy;Noun;B2;privatliv
private;Adjective;B1;privat
prize;Noun;A2;præmie
probably;Adverb;A1;sandsynligvis
problem;Noun;A1;problem
procedure;Noun;B2;procedure
process;Noun, Verb;A2, B2;behandle
produce;Verb , Verb;A2, B2;fremstille
producer;Noun;B1;producent
product;Noun;A1;produkt
production;Noun;B1;produktion
profession;Noun;B1;erhverv
professional;Adjective , Noun;A2, B2;professionel
professor;Noun;A2;professor
profile;Noun;A2;profil
profit;Noun;B1;profit
program;Noun, Verb;A2, B1;program
programme;Noun;A1;program
progress;Noun, Verb;A2, B2;fremskridt
project;Noun, Verb;A1, B2;projekt
promise;Verb Noun;A2;løfte
promote;Verb;B1;fremme
pronounce;Verb;A2;udtale
proof;Noun;B2;bevis
proper;Adjective;B1;passende
properly;Adverb;B1;korrekt
property;Noun;B1;ejendom
proposal;Noun;B2;forslag
propose;Verb;B2;foreslå
prospect;Noun;B2;udsigt
protect;Verb;A2;beskytte
protection;Noun;B2;beskyttelse
protest;Noun Verb;B1;protest
proud;Adjective;B1;stolt
prove;Verb;B1;bevise
provide;Verb;A2;give
psychologist;Noun;B2;psykolog
psychology;Noun;B2;psykologi
pub;Noun;A2;pub
public;Adjective Noun;A2;offentlig
publication;Noun;B2;offentliggørelse
publish;Verb;A2;offentliggøre
pull;Verb , Noun;A2, B1;trække
punish;Verb;B1;straffe
punishment;Noun;B1;straf
pupil;Noun;B2;elev
purchase;Noun Verb;B2;køb
pure;Adjective;B2;ren
purple;Adjective Noun;A1;lilla
purpose;Noun;A2;formål
pursue;Verb;B2;forfølge
push;Verb , Noun;A2, B1;skubbe
put;Verb;A1;sætte
qualification;Noun;B1;kvalifikation
qualified;Adjective;B1;kvalificeret
qualify;Verb;B1;kvalificere
quality;Noun;A2;kvalitet
quantity;Noun;A2;antal
quarter;Noun;A1;kvarter
queen;Noun;A2;dronning
question;Noun, Verb;A1, A2;spørgsmål
queue;Noun Verb;B1;kø
quick;Adjective;A1;hurtig
quickly;Adverb;A1;hurtigt
quiet;Adjective;A1;rolige
quietly;Adverb;A2;lige så stille
quit;Verb;B1;Afslut
quite;Adverb;A1;temmelig
quotation;Noun;B1;citat
quote;Verb Noun;B1;citere
race (competition);NounVerb;A2;løb (konkurrence)
race (people);Noun;B1;løb (mennesker)
racing;Noun;B1;væddeløb
radio;Noun;A1;radio
railway;Noun;A2;jernbane
rain;Noun Verb;A1;regn
raise;Verb;A2;hæve
range;Noun, Verb;B1, B2;rækkevidde
rank;Noun Verb;B2;rang
rapid;Adjective;B2;hurtig
rapidly;Adverb;B2;hurtigt
rare;Adjective;B1;sjælden
rarely;Adverb;B1;sjældent
rate;Noun, Verb;A2, B2;sats
rather;Adverb;A2;hellere
raw;Adjective;B2;rå
reach;Verb , Noun;A2, B2;nå
react;Verb;A2;reagere
reaction;Noun;B1;reaktion
read;Verb;A1;Læs
reader;Noun;A1;læser
reading;Noun;A1;læsning
ready;Adjective;A1;parat
real;Adjective;A1;ægte
realistic;Adjective;B2;realistisk
reality;Noun;B1;virkelighed
realize;Verb;A2;realisere
really;Adverb;A1;virkelig
reason;Noun;A1;grund
reasonable;Adjective;B2;rimelig
recall;Verb;B2;minde om
receipt;Noun;B1;Kvittering
receive;Verb;A2;modtage
recent;Adjective;A2;nylig
recently;Adverb;A2;for nylig
reception;Noun;A2;reception
recipe;Noun;A2;opskrift
recognize;Verb;A2;genkende
recommend;Verb;A2;anbefale
recommendation;Noun;B1;henstilling
record;Noun Verb;A2;optage
recording;Noun;A2;indspilning
recover;Verb;B2;gendanne
recycle;Verb;A2;genbruge
red;Adjective Noun;A1;rød
reduce;Verb;A2;reducere
reduction;Noun;B2;reduktion
refer;Verb;A2;henvise
reference;Noun;B1;reference
reflect;Verb;B1;afspejle
refuse;Verb;A2;nægte
regard;Verb Noun;B2;hensyn
region;Noun;A2;område
regional;Adjective;B2;regional
register;Verb Noun;B2;Tilmeld
regret;Verb Noun;B2;fortryde
regular;Adjective;A2;fast
regularly;Adverb;B1;regelmæssigt
regulation;Noun;B2;regulering
reject;Verb;B1;afvise
relate;Verb;B1;forholde sig
related;Adjective;B1;relaterede
relation;Noun;B1;forhold
relationship;Noun;A2;forhold
relative;Adjective Noun;B1;i forhold
relatively;Adverb;B2;forholdsvis
relax;Verb;A1;slap af
relaxed;Adjective;B1;afslappet
relaxing;Adjective;B1;slapper af
release;Verb Noun;B1;frigøre
relevant;Adjective;B2;relevant
reliable;Adjective;B1;pålidelig
relief;Noun;B2;lettelse
religion;Noun;B1;religion
religious;Adjective;B1;religiøs
rely;Verb;B2;stole
remain;Verb;B1;forblive
remark;Noun Verb;B2;bemærkning
remember;Verb;A1;Husk
remind;Verb;B1;minde om
remote;Adjective;B1;fjern
remove;Verb;A2;fjerne
rent;Noun Verb;B1;leje
repair;Verb , Noun;A2, B1;reparere
repeat;Verb , Noun;A1, B1;gentage
repeated;Adjective;B1;gentaget
replace;Verb;A2;erstatte
reply;Verb Noun;A2;svar
report;Noun, Verb;A1, A2;rapport
reporter;Noun;A2;reporter
represent;Verb;B1;repræsentere
representative;Noun Adjective;B2;repræsentant
reputation;Noun;B2;omdømme
request;Noun, Verb;A2, B1;anmodning
require;Verb;B1;kræve
requirement;Noun;B2;krav
rescue;Verb Noun;B2;redde
research;Noun Verb;A2;forskning
researcher;Noun;A2;forsker
reservation;Noun;B1;reservation
reserve;Noun Verb;B2;reservere
resident;NounAdjective;B2;bosiddende
resist;Verb;B2;modstå
resolve;Verb;B2;beslutte
resort;Noun;B2;udvej
resource;Noun;B1;ressource
respect;Noun Verb;B1;respektere
respond;Verb;A2;svare
response;Noun;A2;respons
responsibility;Noun;B1;ansvar
responsible;Adjective;B1;ansvarlig
rest (remaining part);Noun;A2;hvile (resterende del)
rest (sleep/relax);Noun Verb;A2;hvile (søvn / slappe af)
restaurant;Noun;A1;restaurant
result;Noun, Verb;A1, B1;resultat
retain;Verb;B2;beholde
retire;Verb;B1;gå på pension
retired;Adjective;B1;pensioneret
return;Verb Noun;A1;Vend tilbage
reveal;Verb;B2;løfte sløret
review;Noun Verb;A2;anmeldelse
revise;Verb;B1;revidere
revolution;Noun;B2;revolution
reward;Noun Verb;B2;belønning
rhythm;Noun;B2;rytme
rice;Noun;A1;ris
rich;Adjective;A1;rig
rid;Verb;B2;befri
ride;Verb , Noun;A1, A2;ride
right;Adjective Adverb Noun;A1;højre
ring;Noun;A2;ring
ring;Verb , Noun;A2, B1;ring
rise;Verb , Noun;A2, B1;stige
risk;Noun Verb;B1;risiko
river;Noun;A1;flod
road;Noun;A1;vej
robot;Noun;B1;robot
rock (stone);Noun;A2;sten (sten)
rock (music);Noun;A2;rockmusik)
role;Noun;A2;rolle
roll;Verb Noun;B1;rulle
romantic;Adjective;B1;romantisk
roof;Noun;A2;tag
room;Noun;A1;værelse
root;Noun;B2;rod
rope;Noun;B1;reb
rough;Adjective;B1;ru
round;Adjective Adverb prep., Noun;A2, B2;rund
route;Noun;A2;rute
routine;Noun, Adjective;A1, B2;rutine
row;Noun;B1;række
royal;Adjective;B1;Royal
rub;Verb;B2;gnide
rubber;Noun Adjective;B2;gummi
rubbish;Noun;A2;vrøvl
rude;Adjective;A2;uhøflig
rugby;Noun;B1;Rugby
rule;Noun, Verb;A1, B1;Herske
run;Verb , Noun;A1, A2;løb
runner;Noun;A2;løber
running;Noun;A2;kører
rural;Adjective;B2;landdistrikterne
rush;Verb Noun;B2;siv
sad;Adjective;A1;trist
sadly;Adverb;A2;desværre
safe;Adjective;A2;sikker
safety;Noun;B1;sikkerhed
sail;Verb , Noun;A2, B1;sejle
sailing;Noun;A2;sejlads
sailor;Noun;B1;sømand
salad;Noun;A1;salat
salary;Noun;A2;løn
sale;Noun;A2;salg
salt;Noun;A1;salt
same;Adjective proNoun Adverb;A1;samme
sample;Noun, Verb;B1, B2;prøve
sand;Noun;B1;sand
sandwich;Noun;A1;sandwich
satellite;Noun;B2;satellit
satisfied;Adjective;B2;tilfreds
satisfy;Verb;B2;tilfredsstille
Saturday;Noun;A1;lørdag
sauce;Noun;A2;sovs
save;Verb;A2;Gemme
saving;Noun;B2;besparelse
say;Verb;A1;sige
scale;Noun;B2;vægt
scan;Verb;B1;Scan
scared;Adjective;A2;skræmt
scary;Adjective;A2;skræmmende
scene;Noun;A2;scene
schedule;Noun, Verb;A2, B2;tidsplan
scheme;Noun;B2;ordningen
school;Noun;A1;skole
science;Noun;A1;videnskab
scientific;Adjective;B1;videnskabelig
scientist;Noun;A1;videnskabsmand
score;Verb Noun;A2;score
scream;Verb Noun;B2;skrige
screen;NounVerb;A2, B2;skærm
script;Noun;B1;manuskript
sculpture;Noun;B1;skulptur
sea;Noun;A1;hav
search;Noun Verb;A2;Søg
season;Noun;A2;sæson
seat;Noun Verb;A2, B2;sæde
second1 (next after the first);et./ number, Adverb;A1, A2;second1 (næste efter den første)
second1 (unit of time);Noun;A1;second1 (tidsenhed)
secondary;Adjective;B1;sekundær
secondly;Adverb;A2;for det andet
secret;Adjective, Noun;A2;hemmelighed
secretary;Noun;A2;sekretær
section;Noun;A1;afsnit
sector;Noun;B2;sektor
secure;Verb Adjective;B2;sikker
security;Noun;B1;sikkerhed
see;Verb;A1;se
seed;Noun;B1;frø
seek;Verb;B2;søge
seem;Verb;A2;synes
select;Verb;B2;Vælg
selection;Noun;B2;udvælgelse
self;Noun;B2;selv
sell;Verb;A1;sælge
send;Verb;A1;sende
senior;Adjective;B2;senior-
sense;Noun Verb;A2, B2;følelse
sensible;Adjective;B1;fornuftig
sensitive;Adjective;B2;følsom
sentence;Noun Verb;A1, B2;dømme
separate;Adjective, Verb;A2, B1;adskille
September;Noun;A1;september
sequence;Noun;B2;sekvens
series;Noun;A2;serie
serious;Adjective;A2;alvorlig
seriously;Adverb;B1;helt seriøst
servant;Noun;B1;tjener
serve;Verb;A2;tjene
service;Noun;A2;service
session;Noun;B2;session
set (put);Verb;B1;sæt (put)
set (group);Noun;B1;sæt (gruppe)
setting;Noun;B1;indstilling
settle;Verb;B2;bosætte
seven;number;A1;syv
seventeen;number;A1;sytten
seventy;number;A1;halvfjerds
several;det./proNoun;A2;flere
severe;Adjective;B2;alvorlig
sex;Noun;B1;køn
sexual;Adjective;B1;seksuel
shade;Noun;B2;skygge
shadow;Noun;B2;skygge
shake;Verb Noun;A2, B1;ryste
shall;modal Verb;A2;skal
shallow;Adjective;B2;overfladisk
shame;Noun;B2;skam
shape;Noun Verb;A2, B2;form
share;Verb Noun;A1, B1;del
sharp;Adjective;B1;skarp
she;proNoun;A1;hun
sheep;Noun;A1;får
sheet;Noun;A2;ark
shelf;Noun;B1;hylde
shell;Noun;B1;skal
shelter;Noun Verb;B2;ly
shift;Noun Verb;B1, B2;flytte
shine;Verb;B1;skinne
shiny;Adjective;B1;skinnende
ship;Noun Verb;A2, B2;skib
shirt;Noun;A1;skjorte
shock;Noun Verb;B2;chok
shocked;Adjective;B2;chokeret
shoe;Noun;A1;sko
shoot;Verb;B1;skyde
shooting;Noun;B2;skydning
shop;Noun Verb;A1;butik
shopping;Noun;A1;handle ind
short;Adjective;A1;kort
shot;Noun;B2;skud
should;modal Verb;A1;bør
shoulder;Noun;A2;skulder
shout;Verb Noun;A2;råbe
show;Verb Noun;A1;at vise
shower;Noun;A1;bruser
shut;Verb Adjective;A2;lukke
shy;Adjective;B1;genert
sick;Adjective;A1;syg
side;Noun;A2;side
sight;Noun;B1;syn
sign;Noun Verb;A2;skilt
signal;Noun Verb;B1;signal
significant;Adjective;B2;væsentlig
significantly;Adverb;B2;væsentligt
silence;Noun;B2;stilhed
silent;Adjective;B1;stille
silk;Noun;B2;silke
silly;Adjective;B1;fjollet
silver;Noun Adjective;A2;sølv
similar;Adjective;A1;lignende
similarity;Noun;B1;lighed
similarly;Adverb;B1;på samme måde
simple;Adjective;A2;enkel
simply;Adverb;B1;ganske enkelt
since;prep. conj., Adverb;A2, B1;siden
sincere;Adjective;B2;oprigtig
sing;Verb;A1;synge
singer;Noun;A1;sanger
singing;Noun;A2;sang
single;Adjective Noun;A2;enkelt
sink;Verb;B1;håndvask
sir;Noun;A2;hr
sister;Noun;A1;søster
sit;Verb;A1;sidde
site;Noun;A2;websted
situation;Noun;A1;situation
six;number;A1;seks
sixteen;number;A1;seksten
sixty;number;A1;tres
size;Noun;A2;størrelse
ski;Verb Noun;A2;ski
skiing;Noun;A2;stå på ski
skill;Noun;A1;evne
skin;Noun;A2;hud
skirt;Noun;A1;nederdel
sky;Noun;A2;himmel
slave;Noun;B2;slave
sleep;Verb , Noun;A1, A2;søvn
slice;Noun Verb;B1;skive
slide;Verb Noun;B2;glide
slight;Adjective;B2;svag
slightly;Adverb;B1;en smule
slip;Verb;B2;glide
slope;Noun Verb;B2;hældning
slow;Adjective , Verb;A1, B1;langsom
slowly;Adverb;A2;langsomt
small;Adjective;A1;lille
smart;Adjective;B1;smart
smartphone;Noun;A2;smartphone
smell;Verb Noun;A2;lugt
smile;Verb Noun;A2;smil
smoke;Noun Verb;A2;røg
smoking;Noun;A2;rygning
smooth;Adjective;B1;glat
snake;Noun;A1;slange
snow;Noun Verb;A1;sne
so;Adverb conj.;A1;så
soap;Noun;A2;sæbe
soccer;Noun;A2;fodbold
social;Adjective;A2;social
society;Noun;A2;samfund
sock;Noun;A2;sok
soft;Adjective;A2;blød
software;Noun;B1;software
soil;Noun;B1;jord
solar;Adjective;B2;sol
soldier;Noun;A2;soldat
solid;Adjective Noun;B1;solid
solution;Noun;A2;løsning
solve;Verb;A2;løse
some;det. proNoun;A1;nogle
somebody;proNoun;A1;en eller anden
someone;proNoun;A1;nogen
something;proNoun;A1;noget
sometimes;Adverb;A1;Sommetider
somewhat;Adverb;B2;noget
somewhere;Adverb proNoun;A2;et eller andet sted
son;Noun;A1;søn
song;Noun;A1;sang
soon;Adverb;A1;snart
sorry;Adjective exclam.;A1;undskyld
sort;Noun, Verb;A2, B1;sortere
soul;Noun;B2;sjæl
sound;Noun Verb;A1;lyd
soup;Noun;A1;suppe
source;Noun;A2;kilde
south;Noun Adjective Adverb;A1;syd
southern;Adjective;B1;syd-
space;Noun;A1;plads
speak;Verb;A1;tale
speaker;Noun;A2;højttaler
special;Adjective;A1;særlig
specialist;Noun Adjective;B2;specialist
species;Noun;B2;arter
specific;Adjective;A2;bestemt
specifically;Adverb;B1;specifikt
speech;Noun;A2;tale
speed;Noun, Verb;A2, B2;hastighed
spell;Verb;A1;stave
spelling;Noun;A1;stavning
spend;Verb;A1;bruge
spending;Noun;B1;udgifter
spicy;Adjective;B1;krydret
spider;Noun;A2;edderkop
spirit;Noun;B1;ånd
spiritual;Adjective;B2;åndelig
split;Verb Noun;B2;dele
spoken;Adjective;B1;talt
sponsor;Verb Noun;B2;sponsor
spoon;Noun;A2;ske
sport;Noun;A1;sport
spot;Noun, Verb;B1, B2;få øje på
spread;Verb , Noun;B1, B2;spredning
spring;Noun, Verb;A1, B1;forår
square;Adjective Noun;A2;firkant
stable;Adjective;B2;stabil
stadium;Noun;B1;stadion
staff;Noun;B1;personale
stage;Noun, Verb;A2, B2;scene
stair;Noun;A2;trappe
stamp;Noun;A2;frimærke
stand;Verb , Noun;A1, B2;stå
standard;Noun Adjective;B1;standard
star;Noun, Verb;A1, A2;stjerne
stare;Verb;B2;stirre
start;Verb , Noun;A1, A2;Start
state;Noun, Adjective , v;A2, B1;stat
statement;Noun;A1;udmelding
station;Noun;A1;station
statistic;Noun;B1;statistik
statue;Noun;B1;statue
status;Noun;B2;status
stay;Verb , Noun;A1, A2;Bliv
steady;Adjective;B2;steady
steal;Verb;A2;stjæle
steel;Noun;B2;stål
steep;Adjective;B2;stejl
step;Noun, Verb;A2, B2;trin
stick (push into/attach);Verb;B1;stick (tryk ind / vedhæfte)
stick (piece of wood);Noun;B1;stick (træstykket)
sticky;Adjective;B2;klæbrig
stiff;Adjective;B2;stiv
still;Adverb , Adjective;A1, B1;stadig
stock;Noun;B2;lager
stomach;Noun;A2;mave
stone;Noun;A2;sten
stop;Verb Noun;A1;hold op
store;Noun, Verb;A2, B1;butik
storm;Noun;A2;storm
story;Noun;A1;historie
straight;Adverb Adjective;A2;lige
strange;Adjective;A2;mærkelig
stranger;Noun;B1;fremmed
strategy;Noun;A2;strategi
stream;Noun;B2;strøm
street;Noun;A1;gade
strength;Noun;B1;styrke
stress;Noun Verb;A2;stress
stretch;Verb Noun;B2;strække
strict;Adjective;B2;streng
strike;Verb Noun;B2;strejke
string;Noun;B1;snor
strong;Adjective;A1;stærk
strongly;Adverb;B1;stærkt
structure;Noun, Verb;A2, B2;struktur
struggle;Verb Noun;B2;kamp
student;Noun;A1;studerende
studio;Noun;B1;studie
study;Noun Verb;A1;undersøgelse
stuff;Noun, Verb;B1, B2;ting og sager
stupid;Adjective;A2;Dum
style;Noun;A1;stil
subject;Noun, Adjective;A1, B2;emne
submit;Verb;B2;Indsend
substance;Noun;B1;stof
succeed;Verb;A2;lykkes
success;Noun;A1;succes
successful;Adjective;A2;vellykket
successfully;Adverb;B1;succesfuldt
such;det./proNoun;A2;sådan
sudden;Adjective;B1;pludselig
suddenly;Adverb;A2;pludselig
suffer;Verb;B1;lide
sugar;Noun;A1;sukker
suggest;Verb;A2;antyder
suggestion;Noun;A2;forslag
suit;Noun, Verb;A2, B1;dragt
suitable;Adjective;B1;egnet
sum;Noun Verb;B2;sum
summarize;Verb;B1;sammenfatte
summary;Noun;B1;Resumé
summer;Noun;A1;sommer
sun;Noun;A1;sol
Sunday;Noun;A1;Søndag
supermarket;Noun;A1;supermarked
supply;Noun Verb;B1;levere
support;Verb Noun;A2;support
supporter;Noun;B1;supporter
suppose;Verb;A2;formode
sure;Adjective , Adverb;A1, A2;jo da
surely;Adverb;B1;sikkert
surface;Noun;B1;overflade
surgery;Noun;B2;kirurgi
surprise;Noun Verb;A2;overraskelse
surprised;Adjective;A2;overrasket
surprising;Adjective;A2;overraskende
surround;Verb;B2;omgive
surrounding;Adjective;B2;omkringliggende
survey;Noun, Verb;A2, B2;undersøgelse
survive;Verb;B1;overleve
suspect;Verb Noun;B2;formode
swear;Verb;B2;sværge
sweater;Noun;A1;sweater
sweep;Verb;B2;feje
sweet;Adjective Noun;A2;sød
swim;Verb , Noun;A1, B1;svømme
swimming;Noun;A1;svømning
switch;Verb , Noun;B1, B2;kontakt
symbol;Noun;A2;symbol
sympathy;Noun;B2;sympati
symptom;Noun;B1;symptom
system;Noun;A2;system
table;Noun;A1;bord
tablet;Noun;A2;tablet
tail;Noun;B1;hale
take;Verb;A1;tage
tale;Noun;B2;fortælling
talent;Noun;B1;talent
talented;Adjective;B1;talentfuld
talk;Verb , Noun;A1, A2;tale
tall;Adjective;A1;høj
tank;Noun;B2;tank
tape;Noun;B1;bånd
target;Noun, Verb;A2, B2;mål
task;Noun;A2;opgave
taste;Noun Verb;A2;smag
tax;Noun Verb;B1;skat
taxi;Noun;A1;taxa
tea;Noun;A1;te
teach;Verb;A1;underviser
teacher;Noun;A1;lærer
teaching;Noun;A2;undervisning
team;Noun;A1;hold
tear1;Verb Noun;B2;tear1
tear2;Noun;B2;tear2
technical;Adjective;B1;teknisk
technique;Noun;B1;teknik
technology;Noun;A2;teknologi
teenage;Adjective;A2;teenage
teenager;Noun;A1;teenager
telephone;Noun Verb;A1;telefon
television;Noun;A1;television
tell;Verb;A1;fortælle
temperature;Noun;A2;temperatur
temporary;Adjective;B2;midlertidig
ten;number;A1;ti
tend;Verb;B1;tendens
tennis;Noun;A1;tennis
tent;Noun;B1;telt
term;Noun, Verb;A2, B2;semester
terrible;Adjective;A1;forfærdeligt
test;Noun Verb;A1;prøve
text;Noun, Verb;A1, A2;tekst
than;conj.;A1;end
thank;Verb;A1;takke
thanks;exclam. Noun;A1;tak
that;det. proNoun conj., Adverb;A1, B1;at
the;definite article;A1;det
theatre;Noun;A1;teater
their;det.;A1;deres
theirs;proNoun;B1;deres
them;proNoun;A1;dem
theme;Noun;B1;tema
themselves;proNoun;A2;dem selv
then;Adverb;A1;derefter
theory;Noun;B1;teori
therapy;Noun;B2;terapi
there;Adverb;A1;der
therefore;Adverb;B1;derfor
they;proNoun;A1;de
thick;Adjective;A2;tyk
thief;Noun;A2;tyv
thin;Adjective;A2;tynd
thing;Noun;A1;ting
think;Verb;A1;tænke
thinking;Noun;A2;tænkning
third;number, Noun;A1, A2;tredje
thirsty;Adjective;A1;tørstig
thirteen;number;A1;tretten
thirty;number;A1;tredive
this;det./proNoun, Adverb;A1, B1;dette
though;conj. Adverb;B1;selvom
thought;Noun;A2;tanke
thousand;number;A1;tusind
threat;Noun;B2;trussel
threaten;Verb;B2;TRUE
three;number;A1;tre
throat;Noun;B1;hals
through;prep. Adverb;A1;igennem
throughout;prep./Adverb;B1;hele vejen igennem
throw;Verb;A2;kaste
Thursday;Noun;A1;torsdag
thus;Adverb;B2;dermed
ticket;Noun;A1;billet
tidy;Adjective v;A2;ryddelig
tie;Verb Noun;A2;binde
tight;Adjective;B1;tæt
till;conj./prep.;B1;indtil
time;Noun, Verb;A1, B2;tid
tin;Noun;B1;tin
tiny;Adjective;B1;lille bitte
tip;Noun, Verb;A2, B1;tip
tired;Adjective;A1;træt
title;Noun;A1, B2;titel
to;prep., infinitive marker;A1;til
today;Adverb Noun;A1;i dag
toe;Noun;B1;tå
together;Adverb;A1;sammen
toilet;Noun;A1;toilet
tomato;Noun;A1;tomat
tomorrow;Adverb Noun;A1;i morgen
tone;Noun;B2;tone
tongue;Noun;B1;tunge
tonight;Adverb n;A1;i aften
too;Adverb;A1;også
tool;Noun;A2;værktøj
tooth;Noun;A1;tand
top;Noun, Adjective;A2;top
topic;Noun;A1;emne
total;Adjective Noun;B1;Total
totally;Adverb;B1;helt
touch;Verb , Noun;A2, B1;røre ved
tough;Adjective;B2;sej
tour;Noun, Verb;A2, B1;tur
tourism;Noun;A2;turisme
tourist;Noun;A1;turist
towards;prep.;A2;hen imod
towel;Noun;A2;håndklæde
tower;Noun;A2;tårn
town;Noun;A1;by
toy;Noun, Adjective;A2;legetøj
track;Noun, Verb;A2, B2;spore
trade;Noun, Verb;B1;handle
tradition;Noun;A2;tradition
traditional;Adjective;A2;traditionel
traffic;Noun;A1;Trafik
train;Noun, Verb;A1, A2;tog
trainer;Noun;A2;træner
training;Noun;A2;uddannelse
transfer;Verb Noun;B2;overførsel
transform;Verb;B2;omdanne
transition;Noun;B2;overgang
translate;Verb;B1;Oversætte
translation;Noun;B1;oversættelse
transport;Noun, Verb;A2, B1;transportere
travel;Verb Noun;A1;rejse
traveller;Noun;A2;rejsende
treat;Verb;B1;behandle
treatment;Noun;B1;behandling
tree;Noun;A1;træ
trend;Noun;B1;trend
trial;Noun;B2;forsøg
trick;Noun Verb;B1;trick
trip;Noun, Verb;A1, B2;rejse
tropical;Adjective;B2;tropisk
trouble;Noun, Verb;A2, B2;problemer
trousers;Noun;A1;bukser
truck;Noun;A2;lastbil
TRUE;Adjective;A1;RIGTIGT
truly;Adverb;B2;virkelig
trust;Noun Verb;B2;tillid
truth;Noun;B1;sandhed
try;Verb , Noun;A1, B2;prøve
T-shirt;Noun;A1;T-shirt
tube;Noun;B1;rør
Tuesday;Noun;A1;tirsdag
tune;Noun;B2;tune
tunnel;Noun;B2;tunnel
turn;Verb Noun;A1;tur
TV;Noun;A1;fjernsyn
twelve;number;A1;tolv
twenty;number;A1;tyve
twice;Adverb;A1;to gange
twin;Noun Adjective;A2;tvilling
two;number;A1;to
type;Noun, Verb;A1, B1;type
typical;Adjective;A2;typisk
typically;Adverb;B1;typisk
tyre;Noun;B1;dæk
ugly;Adjective;B1;grim
ultimately;Adverb;B2;ultimativt
umbrella;Noun;A1;paraply
unable;Adjective;B1;ude af stand
uncle;Noun;A1;onkel
uncomfortable;Adjective;B1;ubehageligt
unconscious;Adjective;B2;bevidstløs
under;prep. Adj;A1;under
underground;Adjective Adverb;A2;underjordisk
understand;Verb;A1;forstå
understanding;Noun;A2;forståelse
underwear;Noun;B1;undertøj
unemployed;Adjective;B1;arbejdsløs
unemployment;Noun;B1;arbejdsløshed
unexpected;Adjective;B2;uventet
unfair;Adjective;B1;urimelig
unfortunately;Adverb;A2;uheldigvis
unhappy;Adjective;A2;ulykkelig
uniform;Noun;A2;uniform
union;Noun;B1;Union
unique;Adjective;B2;enestående
unit;Noun;A2;enhed
united;Adjective;A2;forenet
universe;Noun;B2;univers
university;Noun;A1;universitet
unknown;Adjective;B2;ukendt
unless;conj.;B1;med mindre
unlike;prep.;B1;I modsætning til
unlikely;Adjective;B1;usandsynlig
unnecessary;Adjective;B1;unødvendig
unpleasant;Adjective;B1;ubehagelig
until;conj./prep.;A1;indtil
unusual;Adjective;A2;usædvanlig
up;Adverb proNoun;A1;op
update;Verb Noun;B1;opdatering
upon;prep.;B1;på
upper;Adjective;B2;øverst
upset;Adjective v;B1;forstyrret
upstairs;Adverb , Adjective;A1, A2;ovenpå
upwards;Adverb;B2;opad
urban;Adjective;B2;by-
urge;Verb;B2;trang til
us;proNoun;A1;os
use;Verb , Noun;A1, A2;brug
used;Adjective;B1;Brugt
used to;modal Verb;A2;plejede
useful;Adjective;A1;nyttig
user;Noun;A2;bruger
usual;Adjective;A2;sædvanlig
usually;Adverb;A1;som regel
vacation;Noun;A1;ferie
valley;Noun;A2;dal
valuable;Adjective;B1;værdifuld
value;Noun, Verb;B1, B2;værdi
van;Noun;A2;van
variety;Noun;A2;bred vifte
various;Adjective;B1;forskellige
vary;Verb;B2;variere
vast;Adjective;B2;langt
vegetable;Noun;A1;grøntsag
vehicle;Noun;A2;køretøj
venue;Noun;B2;mødested
version;Noun;B1;version
very;Adverb , Adjective;A1, B1;meget
via;prep.;B2;via
victim;Noun;B1;offer
victory;Noun;B2;sejr
video;Noun;A1;video
view;Noun, Verb;A2,;udsigt
viewer;Noun;B1;seeren
village;Noun;A1;landsby
violence;Noun;B2;vold
violent;Adjective;B1;voldsom
virtual;Adjective;B2;virtuel
virus;Noun;A2;virus
vision;Noun;B2;vision
visit;Verb Noun;A1;besøg
visitor;Noun;A1;besøgende
visual;Adjective;B2;visuel
vital;Adjective;B2;vital
vitamin;Noun;B2;vitamin
voice;Noun;A2;stemme
volume;Noun;B2;bind
volunteer;Noun Verb;B1;frivillig
vote;Noun Verb;B1;stemme
wage;Noun;B2;løn
wait;Verb , Noun;A1, A2;vente
waiter;Noun;A1;tjener
wake;Verb;A1;vågne
walk;Verb Noun;A1;gå
wall;Noun;A1;væg
want;Verb;A1;vil have
war;Noun;A2;krig
warm;Adjective , v;A1, B1;varm
warn;Verb;B1;advare
warning;Noun;B1;advarsel
wash;Verb , Noun;A1, A2;vask
washing;Noun;A2;vask
waste;Noun v, Adjective;B1;spild
watch;Verb Noun;A1;ur
water;Noun, Verb;A1, B1;vand
wave;Noun;A2, B1;bølge
way;Noun;A1, B2;vej
we;proNoun;A1;vi
weak;Adjective;A2;svag
weakness;Noun;B2;svaghed
wealth;Noun;B2;rigdom
wealthy;Adjective;B2;velhavende
weapon;Noun;B1;våben
wear;Verb;A1;have på
weather;Noun;A1;vejr
web;Noun;A2;web
website;Noun;A1;internet side
wedding;Noun;A2;bryllup
Wednesday;Noun;A1;onsdag
week;Noun;A1;uge
weekend;Noun;A1;weekend
weigh;Verb;B1;veje
weight;Noun;A2;vægt
welcome;exclam. Verb Adjective , n;A1, A2;Velkommen
well;Adverb , Adjective , exclam.;A1;godt
west;Noun Adjective Adverb;A1;vest
western;Adjective;B1;vestlig
wet;Adjective;A2;våd
what;proNoun/det.;A1;hvad
whatever;det./proNoun;B1;uanset hvad
wheel;Noun;A2;hjul
when;Adverb proNounconj.;A1;hvornår
whenever;conj.;B1;hver gang
where;Adverb conj.;A1;hvor
whereas;conj.;B2;hvorimod
wherever;conj.;B2;hvor som helst
whether;conj.;B1;om
which;proNoun/det.;A1;hvilken
while;conj., Noun;A2, B1;mens
whisper;Verb Noun;B2;hviske
white;Adjective Noun;A1;hvid
who;proNoun;A1;hvem
whole;Adjective , n;A2, B1;hel
whom;proNoun;B2;hvem
whose;det./proNoun;A2;hvis
why;Adverb;A1;hvorfor
wide;Adjective;A2;bred
widely;Adverb;B2;bredt
wife;Noun;A1;kone
wild;Adjective;A2;vild
wildlife;Noun;B2;dyreliv
will;modal, Noun Verb;A1,;vilje
willing;Adjective;B2;villig
win;Verb , Noun;A1, B1;vinde
wind1;Noun;A2;wind1
wind2;Verb;B2;Wind2
window;Noun;A1;vindue
wine;Noun;A1;vin
wing;Noun;B1;vinge
winner;Noun;A2;vinder
winter;Noun;A1;vinter
wire;Noun;B2;tråd
wise;Adjective;B2;klog
wish;Verb Noun;A2;ønske
with;prep.;A1;med
within;prep.;B1;inden for
without;prep.;A1;uden
witness;Noun Verb;B2;vidne
woman;Noun;A1;kvinde
wonder;Verb Noun;B1;undre mig
wonderful;Adjective;A1;vidunderlig
wood;Noun;A2;træ
wooden;Adjective;A2;træ-
wool;Noun;B1;uld
word;Noun;A1;ord
work;Verb Noun;A1;arbejde
worker;Noun;A1;arbejder
working;Adjective;A2;arbejder
world;Noun;A1;verden
worldwide;Adjective Adverb;B1;i hele verden
worried;Adjective;A2;bekymret
worry;Verb Noun;A2, B1;bekymre
worse;Adjective, AdVerb Noun;A2,B1, B2;værre
worst;Adjective, AdVerb;A2,B1, B2;værst
worth;Adjective, Noun;B1, B2;værdi
would;modal, Verb;A1;Ville
wound;Noun Verb;B2;sår
wow;exclam.;A2;wow
wrap;Verv;B2;wrap
write;Verb;A1;skrive
writer;Noun;A1;forfatter
writing;Noun;A1;skrivning
written;Adjective;B1;skriftlig
wrong;Adjective, AdVerb Noun;A1, B1, B2;forkert
yard;Noun;B1;gård
yeah;exclam.;A1;ja
year;Noun;A1;år
yellow;Adjective, Noun;A1;gul
yes;exclam.;A1;Ja
yesterday;AdVerb Noun;A1;i går
yet;AdVerb conj.;A2, B2;endnu
you;proNoun;A1;du
young;Adjective, Noun;A1, B1;ung
your;det.;A1;jeres
yours;proNoun;A2;dine
yourself;proNoun;A1;dig selv
youth;Noun;B1;ungdom
zero;number;A2;nul
zone;Noun;B2;zone
