a, an;indefinite, article;A1;a, een
abandon;Verb;B2;in de steek laten
ability;Noun;A2;vermogen
able;Adjective;A2;in staat
about;prep. Adverb;A1;over
above;prep. Adverb;A1;bovenstaande
abroad;Adverb;A2;Buitenland
absolute;Adjective;B2;absoluut
absolutely;Adverb;B1;Absoluut
academic;adj, Noun;B1, B2;academische
accept;Verb;A2;aanvaarden
acceptable;Adjective;B2;aanvaardbaar
access;Noun Verb;B1;toegang
accident;Noun;A2;ongeluk
accommodation;Noun;B1;accommodatie
accompany;Verb;B2;begeleiden
according to;prep.;A2;volgens
account;Noun Verb;B1, B2;account
accurate;Adjective;B2;accuraat
accuse;Verb;B2;beschuldigen
achieve;Verb;A2;bereiken
achievement;Noun;B1;prestatie
acknowledge;Verb;B2;erkennen
acquire;Verb;B2;verkrijgen
across;prep. Adverb;A1;aan de overkant
act;Verb Noun;A2,B1;handelen
action;Noun;A1;actie
active;Adjective;A2;actief
activity;Noun;A1;activiteit
actor;Noun;A1;acteur
actress;Noun;A1;actrice
actual;Adjective;B2;werkelijk
actually;Adverb;A2;werkelijk
ad;Noun;B1;advertentie
adapt;Verb;B2;zich aanpassen
add;Verb;A1;toevoegen
addition;Noun;B1;toevoeging
additional;Adjective;B2;extra
address;Noun Verb;A1,B2;adres
administration;Noun;B2;administratie
admire;Verb;B1;bewonderen
admit;Verb;B1;toegeven
adopt;Verb;B2;adopteren
adult;Noun adj;A1,A2;volwassen
Advance;Noun Verb adj;B2;Vooruitgaan
Advanced;Adjective;B1;Geavanceerd
Advantage;Noun;A2;Voordeel
Adventure;Noun;A2;Avontuur
Advertise;Verb;A2;Reclame maken
Advertisement;Noun;A2;Advertentie
Advertising;Noun;A2;Advertising
Advice;Noun Verb;A1, B1;Advies
affair;Noun;B2;affaire
affect;Verb;A2;beïnvloeden
afford;Verb;B1;veroorloven
afraid;Adjective;A1;bang
after;prep. conj. Adverb;A1,A2;na
afternoon;Noun;A1;namiddag
afterwards;Adverb;B2;daarna
again;Adverb;A1;opnieuw
against;prep;A2;tegen
age;Noun Verb;A1, B1;leeftijd
aged;Adjective;B1;oud
agency;Noun;B2;agentschap
agenda;Noun;B2;agenda
agent;Noun;B1;agent
aggressive;Adjective;B2;agressief
ago;Adverb;A1;geleden
agree;Verb;A1;mee eens
agreement;Noun;B1;overeenkomst
ah;exclam.;A2;Ah
ahead;Adverb;B1;verder
aid;Noun Verb;B2;steun
aim;Verb Noun;B1;doel
air;Noun;A1;lucht
aircraft;Noun;B2;vliegtuig
airline;Noun;A2;vliegmaatschappij
airport;Noun;A1;luchthaven
alarm;Noun Verb;B1, B2;alarm
album;Noun;B1;album
alcohol;Noun;B1;alcohol
alcoholic;Adjective;B1;alcoholisch
alive;Adjective;A2;levend
all;det. pron, Adverb;A1, A2;allemaal
all right;Adjective, Adverb exclam;A2;oke
allow;Verb;A2;toestaan
almost;Adverb;A2;bijna
alone;Adjective, Adverb;A2;alleen
along;prep. Adverb;A2;langs
already;Adverb;A2;nu al
also;Adverb;A1;ook
alter;Verb;B2;wijzigen
alternative;Noun Adjective;A2, B1;alternatief
although;conj;A2;hoewel
always;Adverb;A1;altijd
amazed;Adjective;B1;versteld staan
amazing;Adjective;A1;verbazingwekkend
ambition;Noun;B1;ambitie
ambitious;Adjective;B1;ambitieus
among;prep.;A2;tussen
amount;Noun Verb;A2, B2;bedrag
analyse;Verb;B1;analyseren
analysis;Noun;B1;analyse
ancient;Adjective;A2;oude
and;conj;A1;en
anger;Noun;B2;boosheid
angle;Noun;B2;hoek
angry;Adjective;A1;boos
animal;Noun;A1;dier
ankle;Noun;A2;enkel
anniversary;Noun;B2;verjaardag
announce;Verb;B1;aankondigen
announcement;Noun;B1;Aankondiging
annoy;Verb;B1;ergeren
annoyed;Adjective;B1;geërgerd
annoying;Adjective;B1;vervelend
annual;Adjective;B2;jaar-
another;det. proNoun;A1;een ander
answer;Noun Verb;A1;antwoord
anxious;Adjective;B2;angstig
any;det. proNoun, Adverb;A1, A2;ieder
anybody;pron;A2;iemand
any more;Adverb;A2;meer
anyone;pron;A1;iedereen
anything;pron;A1;iets
anyway;Adverb;A2;in ieder geval
anywhere;AdVerb proNoun;A2;overal
apart;Adverb;B1;deel
apartment;Noun;A1;appartement
apologize;Verb;B1;verontschuldigen
app;Noun;A2;app
apparent;Adjective;B2;schijnbaar
apparently;Adverb;B2;blijkbaar
appeal;Noun Verb;B2;in beroep gaan
appear;Verb;A2;verschijnen
appearance;Noun;A2;verschijning
apple;Noun;A1;appel
application;Noun;B1;toepassing
apply;Verb;A2;van toepassing zijn
appointment;Noun;B1;afspraak
appreciate;Verb;B1;op prijs stellen
approach;Noun Verb;B2;nadering
appropriate;Adjective;B2;eigenen
approval;Noun;B2;goedkeuring
approve;Verb;B2;goedkeuren
approximately;Adverb;B1;ongeveer
April;Noun;A1;april
architect;Noun;A2;architect
architecture;Noun;A2;architectuur
area;Noun;A1;Oppervlakte
argue;Verb;A2;ruzie maken
argument;Noun;A2;argument
arise;Verb;B2;ontstaan
arm;Noun;A1;arm
armed;Adjective;B2;gewapend
arms;Noun;B2;armen
army;Noun;A2;leger
around;prep. Adverb;A1;in de omgeving van
arrange;Verb;A2;regelen
arrangement;Noun;A2;arrangement
arrest;Verb Noun;B1;arresteren
arrival;Noun;B1;aankomst
arrive;Verb;A1;aankomen
art;Noun;A1;kunst
article;Noun;A1;artikel
artificial;Adjective;B2;kunstmatig
artist;Noun;A1;artiest
artistic;Adjective;B2;artistiek
as;prep., Adverb conj.;A1, A2;net zo
ashamed;Adjective;B2;beschaamd
asleep;Adjective;A2;in slaap
ask;Verb;A1;vragen
aspect;Noun;B2;aspect
assess;Verb;B2;schatten
assessment;Noun;B2;beoordeling
assignment;Noun;B1;toewijzing
assist;Verb;B1;helpen
assistant;Noun Adjective;A2;assistent
associate;Verb;B2;associëren
associated;Adjective;B2;geassocieerd
association;Noun;B2;vereniging
assume;Verb;B2;uitgaan van
at;prep.;A1;Bij
athlete;Noun;A2;atleet
atmosphere;Noun;B1;atmosfeer
attach;Verb;B1;vastmaken
attack;Noun Verb;A2;aanval
attempt;Noun Verb;B2;poging
attend;Verb;A2;bijwonen
attention;Noun exclam.;A2;aandacht
attitude;Noun;B1;houding
attract;Verb;B1;aantrekken
attraction;Noun;B1;aantrekkelijkheid
attractive;Adjective;A2;aantrekkelijk
audience;Noun;A2;publiek
August;Noun;A1;augustus
aunt;Noun;A1;tante
author;Noun;A2;auteur
authority;Noun;B1;Gezag
autumn;Noun;A1;herfst
available;Adjective;A2;beschikbaar
average;Adjective, Noun Verb;A2, B1;gemiddelde
avoid;Verb;A2;Vermijd
award;Noun Verb;A2, B1;prijs
aware;Adjective;B1;bewust
away;Adverb;A1;weg
awful;Adjective;A2;afschuwelijk
baby;Noun;A1;baby
back;Noun AdVerb Adjective, Verb;A1, A2, B2;terug
background;Noun;A2;achtergrond
backwards;Adverb;B1;achteruit
bacteria;Noun;B2;bacterie
bad;Adjective;A1;slecht
badly;Adverb;A2;slecht
bag;Noun;A1;zak
bake;Verb;B1;bakken
balance;Noun Verb;B1;balans
ball;Noun;A1;bal
ban;Verb Noun;B1;ban
banana;Noun;A1;banaan
band;Noun;A1;band
bank (money);Noun;A1;bank (geld)
bank (river);Noun;B1;bank (rivier)
bar;Noun Verb;A2, B2;bar
barrier;Noun;B2;barrière
base;Noun Verb;B1;baseren
baseball;Noun;A2;basketbal
based;Adjective;A2;gebaseerde
basketball;Noun;A2;basketbal
basic;Adjective;B1;basis-
basically;Adverb;B2;eigenlijk
basis;Noun;B1;basis
bath;Noun;A1;bad
bathroom;Noun;A1;badkamer
battery;Noun;B1;accu
battle;Noun Verb;B1, B2;strijd
be;Verb auxiliary Verb;A1;worden
beach;Noun;A1;strand
bean;Noun;A2;Boon
bear (deal with);Verb;B2;beer (behandelen)
bear (animal);Noun;A2;beer)
beat;Verb Noun;A2, B2;ritme
beautiful;Adjective;A1;mooi
beauty;Noun;B1;schoonheid
because;conj.;A1;omdat
become;Verb;A1;worden
bed;Noun;A1;bed
bedroom;Noun;A1;slaapkamer
bee;Noun;B1;bij
beef;Noun;A2;rundvlees
beer;Noun;A1;bier
before;prep., conj. Adverb;A1, A2;voordat
beg;Verb;B2;bedelen
begin;Verb;A1;beginnen
beginning;Noun;A1;begin
behave;Verb;A2;gedragen
behaviour;Noun;A2;gedrag
behind;prep. Adverb;A1;achter
being;Noun;B2;wezen
belief;Noun;B1;geloof
believe;Verb;A1;geloven
bell;Noun;B1;klok
belong;Verb;A2;behoren
below;Adverb prep.;A1;beneden
belt;Noun;A2;riem
bend;Verb Noun;B1;buigen
benefit;Verb NouNoun;A2, B1;voordeel
bent;Adjective;B2;krom
best;Adjective, AdVerb Noun;A1, A2;het beste
bet;Verb Noun;B2;inzet
better;Adjective , Adverb , Noun;A1, A2, B1;beter
between;prep., Adverb;A1, A2;tussen
beyond;prep. Adverb;B2;voorbij
bicycle;Noun;A1;fiets
big;Adjective;A1;groot
bike;Noun;A1;fiets
bill;Noun Verb;A1, B2;Bill
billion number; ;A2;miljard nummer
bin;Noun;A2;bak
biology;Noun;A2;biologie
bird;Noun;A1;vogel
birth;Noun;A2;geboorte
birthday;Noun;A1;verjaardag
biscuit;Noun;A2;biscuit
bit;Noun;A2;beetje
bite;Verb Noun;B1;beet
bitter;Adjective;B2;bitter
black;Adjective, Noun;A1;zwart
blame;Verb Noun;B2;de schuld geven
blank;Adjective, Noun;A2;blank
blind;Adjective;B2;Blind
block;Noun Verb;B1;blok
blog;Noun;A1;blog
blonde;Adjective;A1;blond
blood;Noun;A2;bloed
blow;Verb;A2;blazen
blue;Adjective, Noun;A1;blauw
board;Noun Verb;A2, B1;bord
boat;Noun;A1;boot
body;Noun;A1;lichaam
boil;Verb;A2;B' olie
bomb;Noun Verb;B1;bom
bond;Noun;B2;obligatie
bone;Noun;A2;bot
book;Noun Verb;A1, A2;boek
boot;Noun;A1;laars
border;Noun Verb;B1, B2;grens
bored;Adjective;A1;verveeld
boring;Adjective;A1;saai
born;Verb;A1;geboren
borrow;Verb;A2;lenen
boss;Noun;A2;baas
both;det./proNoun;A1;beide
bother;Verb;B1;dwars zitten
bottle;Noun;A1;fles
bottom;NouNoun Adjective;A2;bodem
bowl;Noun;A2;kom
box;Noun;A1;doos
boy;Noun;A1;jongen
boyfriend;Noun;A1;vriendje
brain;Noun;A2;hersenen
branch;Noun;B1;Afdeling
brand;Noun Verb;B1;merk
brave;Adjective;B1;dapper
bread;Noun;A1;brood
break;Verb Noun;A1;breken
breakfast;Noun;A1;ontbijt
breast;Noun;B2;borst
breath;Noun;B1;adem
breathe;Verb;B1;ademen
breathing;Noun;B1;ademen
bride;Noun;B1;bruid
bridge;Noun;A2;brug
brief;Adjective;B2;kort
bright;Adjective;A2;helder
brilliant;Adjective;A2;briljant
bring;Verb;A1;brengen
broad;Adjective;B2;breed
broadcast;Verb Noun;B2;uitzending
broken;Adjective;A2;gebroken
brother;Noun;A1;broer
brown;Adjective, Noun;A1;bruin
brush;Verb Noun;A2;borstel
bubble;Noun;B1;bubbel
budget;Noun;B2;begroting
build;Verb;A1;bouwen
building;Noun;A1;gebouw
bullet;Noun;B2;kogel
bunch;Noun;B2;bundel
burn;Verb Noun;A2, B2;brandwond
bury;Verb;B1;begraven
bus;Noun;A1;bus
bush;Noun;B2;struik
business;Noun;A1;bedrijf
businessman;Noun;A2;zakenman
busy;Adjective;A1;druk
but;conj. prep;A1, B2;maar
butter;Noun;A1;boter
button;Noun;A2;knop
buy;Verb;A1;kopen
by;prep. Adverb;A1, B1;door
bye;exclam;A1;doei
cable;Noun;B2;kabel
cafe;Noun;A1;cafe
cake;Noun;A1;taart
calculate;Verb;B2;berekenen
call;Verb Noun;A1;telefoontje
calm;Adjective Verb Noun;B1;kalmte
camera;Noun;A1;camera
camp;Noun Verb;A2;kamp
campaign;Noun Verb;B1;campagne
camping;Noun;A2;camping
campus;Noun;B1;campus
can1;modal Verb;A1;CAN1
can2;Noun;A2;CAN2
cancel;Verb;B2;Annuleer
cancer;Noun;B2;kanker
candidate;Noun;B1;kandidaat
cannot;Verb;A1;kan niet
cap;Noun;B1;pet
capable;Adjective;B2;in staat
capacity;Noun;B2;capaciteit
capital;Noun Adjective;A1;hoofdstad
captain;Noun;B1;kapitein
capture;Verb Noun;B2;gevangen nemen
car;Noun;A1;auto
card;Noun;A1;kaart
care;Noun Verb;A2;zorg
career;Noun;A1;carrière
careful;Adjective;A2;voorzichtig
carefully;Adverb;A2;voorzichtig
careless;Adjective;B1;zorgeloos
carpet;Noun;A2;tapijt
carrot;Noun;A1;wortel
carry;Verb;A1;carry
cartoon;Noun;A2;tekenfilm
case;Noun;A2;geval
cash;Noun;A2;contant geld
cast;Noun Verb;B2;gips
castle;Noun;A2;kasteel
cat;Noun;A1;kat
catch;Verb Noun;A2, B2;vangst
category;Noun;B1;categorie
cause;Noun Verb;A2;oorzaak
CD;Noun;A1;CD
ceiling;Noun;B1;plafond
celebrate;Verb;A2;vieren
celebration;Noun;B1;viering
celebrity;Noun;A2;beroemdheid
cell;Noun;B2;cel
cent;Noun;A1;cent
central;Adjective;B1;centraal
centre;Noun Verb;A1, B1;centrum
century;Noun;A1;eeuw
ceremony;Noun;B1;ceremonie
certain;Adjective;A2;zeker
certainly;Adverb;A2;zeker
chain;Noun Verb;B1, B2;ketting
chair;Noun Verb;A1, B2;stoel
chairman;Noun;B2;Voorzitter
challenge;Noun Verb;B1, B2;uitdaging
champion;Noun;B1;kampioen
chance;Noun;A2;kans
change;Verb Noun;A1;verandering
channel;Noun;B1;kanaal
chapter;Noun;B1;hoofdstuk
character;Noun;A2;karakter
characteristic;Noun Adjective;B2;karakteristiek
charge;Noun Verb;B1;in rekening brengen
charity;Noun;A2;goed doel
chart;Noun Verb;A1, B2;tabel
chat;Verb Noun;A2;babbelen
cheap;Adjective , Adverb;A1, B1;goedkoop
cheat;Verb Noun;B1;bedriegen
check;Verb Noun;A1, A2;controleren
chef;Noun;A2;chef
cheerful;Adjective;B1;vrolijk
cheese;Noun;A1;kaas
chemical;Adjective, Noun;B1;chemisch
chemistry;Noun;A2;chemie
chest;Noun;B1;borst
chicken;Noun;A1;kip
chief;Adjective, Noun;B2;chef
child;Noun;A1;kind
childhood;Noun;B1;kinderjaren
chip;Noun;A2;spaander
chocolate;Noun;A1;chocola
choice;Noun;A2;keuze
choose;Verb;A1;Kiezen
church;Noun;A2;kerk
cigarette;Noun;A2;sigaret
cinema;Noun;A1;bioscoop
circle;Noun Verb;A2;cirkel
circumstance;Noun;B2;omstandigheid
cite;Verb;B2;citeren
citizen;Noun;B2;inwoner
city;Noun;A1;stad
civil;Adjective;B2;civiel
claim;Verb Noun;B1;beweren
class;Noun;A1;klasse
classic;Adjective, Noun;B2;klassiek
classical;Adjective;A2;klassiek
classroom;Noun;A1;klas
clause;Noun;B1;clausule
clean;Adjective, Verb;A1;schoon
clear;Adjective, Verb;A2, B1;Doorzichtig
clearly;Adverb;A2;duidelijk
clever;Adjective;A2;knap
click;Verb Noun;B1;Klik
client;Noun;B1;cliënt
climate;Noun;A2;klimaat
climb;Verb Noun;A1, B1;beklimmen
clock;Noun;A1;klok
close1;Verb Noun;A1, B2;close1
close2;Adjective , Adverb;A2, B1;Close2
closed;Adjective;A2;Gesloten
closely;Adverb;B2;van nabij
cloth;Noun;B1;kleding
clothes;Noun;A1;kleren
clothing;Noun;A2;kleding
cloud;Noun;A2;wolk
club;Noun;A1;club
clue;Noun;B1;aanwijzing
coach;Noun Verb;A2, B1;trainer
coal;Noun;B1;steenkool
coast;Noun;A2;kust
coat;Noun;A1;jas
code;Noun;A2;code
coffee;Noun;A1;koffie
coin;Noun;B1;munt
cold;Adjective Noun;A1;verkoudheid
collapse;Verb Noun;B2;ineenstorting
colleague;Noun;A2;collega
collect;Verb;A2;verzamelen
collection;Noun;B1;verzameling
college;Noun;A1;college
colour;Noun;A1;kleur
coloured;Adjective;B1;gekleurde
column;Noun;A2;kolom
combination;Noun;B2;combinatie
combine;Verb;B1;combineren
come;Verb;A1;komen
comedy;Noun;A2;komedie
comfort;Noun Verb;B2;comfort
comfortable;Adjective;A2;comfortabel
command;Noun Verb;B2;opdracht
comment;Noun Verb;A2, B1;commentaar
commercial;Adjective Noun;B1;reclame
commission;Noun Verb;B2;commissie
commit;Verb;B1;plegen
commitment;Noun;B2;inzet
committee;Noun;B2;commissie
common;Adjective Noun;A1;gemeenschappelijk
commonly;Adverb;B2;algemeen
communicate;Verb;A2;communiceren
communication;Noun;B1;communicatie
community;Noun;A2;gemeenschap
company;Noun;A1;bedrijf
compare;Verb;A1;vergelijken
comparison;Noun;B1;vergelijking
compete;Verb;A2;concurreren
competition;Noun;A2;wedstrijd
competitor;Noun;B1;concurrent
competitive;Adjective;B1;competitief
complain;Verb;A2;klagen
complaint;Noun;B1;klacht
complete;Adjective Verb;A1;compleet
completely;Adverb;A2;helemaal
complex;Adjective, Noun;B1, B2;complex
complicated;Adjective;B2;ingewikkeld
component;Noun;B2;bestanddeel
computer;Noun;A1;computer
concentrate;Verb;B1;concentreren
concentration;Noun;B2;concentratie
concept;Noun;B2;concept
concern;Noun Verb;B2;bezorgdheid
concerned;Adjective;B2;bezorgd
concert;Noun;A1;concert
conclude;Verb;B1;concluderen
conclusion;Noun;B1;gevolgtrekking
condition;Noun;A2;staat
conduct;Verb Noun;B2;gedrag
conference;Noun;A2;conferentie
confidence;Noun;B2;vertrouwen
confident;Adjective;B1;zelfverzekerd
confirm;Verb;B1;bevestigen
conflict;Noun Verb;B2;conflict
confuse;Verb;B1;verwarren
confused;Adjective;B1;verward
confusing;Adjective;B2;verwarrend
connect;Verb;A2;aansluiten
connected;Adjective;A2;verbonden
connection;Noun;B1;verbinding
conscious;Adjective;B2;bewust
consequence;Noun;B1;gevolg
conservative;Adjective, Noun;B2;conservatief
consider;Verb;A2;overwegen
consideration;Noun;B2;overweging
consist;Verb;B1;bestaan ​​uit
consistent;Adjective;B2;consequent
constant;Adjective;B2;constante
constantly;Adverb;B2;voortdurend
construct;Verb;B2;construct
construction;Noun;B2;bouw
consume;Verb;B1;consumeren
consumer;Noun;B1;klant
contact;Noun Verb;B1;contact
contain;Verb;A2;bevatten
container;Noun;B1;houder
contemporary;Adjective;B2;hedendaags
content;Noun;B1;inhoud
contest;Noun Verb;B2;wedstrijd
context;Noun;A2;context
continent;Noun;A2;continent
continue;Verb;A2;doorgaan met
continuous;Adjective;B1;doorlopend
contract;Noun Verb;B2;contract
contrast;Noun Verb;B1;contrast
contribute;Verb;B2;bijdragen
contribution;Noun;B2;bijdrage
control;Noun Verb;A2;controle
convenient;Adjective;B1;handig
conversation;Noun;A1;gesprek
convert;Verb;B2;converteren
convince;Verb;B1;overtuigen
convinced;Adjective;B2;overtuigd
cook;Verb Noun;A1, A2;koken
cooker;Noun;A2;kookplaat
cooking;Noun;A1;Koken
cool;Adjective, Verb;A1, B1;koel
copy;Noun Verb;A2;kopiëren
core;Noun Adjective;B2;kern
corner;Noun;A2;hoek
corporate;Adjective;B2;zakelijke
correct;Adjective Verb;A1;correct
correctly;Adverb;A2;correct
cost;Noun Verb;A1;kosten
costume;Noun;B1;kostuum
cottage;Noun;B1;huisje
cotton;Noun;B1;katoen
could;Verb;A1;kon
council;Noun;B2;raad
count;Verb Noun;A2, B1;tellen
country;Noun;A1;land
countryside;Noun;B1;platteland
county;Noun;B2;provincie
couple;Noun;A2;paar
courage;Noun;B2;moed
course;Noun;A1;Cursus
court;Noun;B1;rechtbank
cousin;Noun;A1;neef
cover;Verb Noun;A2, B1;Hoes
covered;Adjective;B1;bedekt
cow;Noun;A1;koe
crash;Noun Verb;B2;Botsing
crazy;Adjective;A2;gek
cream;Noun Adjective;A1, B1;room
create;Verb;A1;creëren
creation;Noun;B2;schepping
creative;Adjective;A2;creatief
creature;Noun;B2;schepsel
credit;Noun Verb;A2, B2;credit
crew;Noun;B2;bemanning
crime;Noun;A2;misdrijf
criminal;Noun Adjective;A2, B1;crimineel
crisis;Noun;B2;crisis
criterion;Noun;B2;criterium
critic;Noun;B2;criticus
critical;Adjective;B2;kritisch
criticism;Noun;B2;kritiek
criticize;Verb;B2;bekritiseren
crop;Noun;B2;Bijsnijden
cross;Verb Noun;A2;kruis
crowd;Noun;A2;menigte
crowded;Adjective;A2;druk
crucial;Adjective;B2;beslissend
cruel;Adjective;B1;wreed
cry;Verb Noun;A2, B2;huilen
cultural;Adjective;B1;cultureel
culture;Noun;A1;cultuur
cup;Noun;A1;kop
cupboard;Noun;A2;kast
cure;Verb Noun;B2;genezen
curly;Adjective;A2;gekruld
currency;Noun;B1;valuta
current;Adjective, Noun;B1, B2;actueel
currently;Adverb;B1;momenteel
curtain;Noun;B1;gordijn
curve;Noun Verb;B2;kromme
curved;Adjective;B2;gebogen
custom;Noun;B1;Op maat
customer;Noun;A1;klant
cut;Verb , Noun;A1, B1;besnoeiing
cycle;Noun Verb;A2, B1;fiets
dad;Noun;A1;pa
daily;Adjective, Adverb;A2, B1;dagelijks
damage;Noun Verb;B1;schade
dance;Noun Verb;A1;dans
dancer;Noun;A1;danser
dancing;Noun;A1;dansen
danger;Noun;A2;Gevaar
dangerous;Adjective;A1;gevaarlijk
dark;Adjective, Noun;A1, A2;donker
data;Noun;A2;gegevens
date;Noun Verb;A1, B2;datum
daughter;Noun;A1;dochter
day;Noun;A1;dag
dead;Adjective;A2;dood
deal;Verb Noun;A2, B1;transactie
dear;Adjective, exclam;A1, A2;Geachte
death;Noun;A2;dood
debate;Noun Verb;B2;debat
debt;Noun;B2;schuld
decade;Noun;B1;decennium
December;Noun;A1;december
decent;Adjective;B2;fatsoenlijk
decide;Verb;A1;besluiten
decision;Noun;A2;besluit
declare;Verb;B2;verklaren
decline;Verb Noun;B2;afwijzen
decorate;Verb;B1;versieren
decoration;Noun;B2;decoratie
decrease;Verb Noun;B2;verminderen
deep;Adjective, Adverb;A2, B1;diep
deeply;Adverb;B2;diep
defeat;Verb Noun;B2;nederlaag
defence;Noun;B2;verdediging
defend;Verb;B2;verdedigen
define;Verb;B1;bepalen
definite;Adjective;B1;definitief
definitely;Adverb;A2;Vast en zeker
definition;Noun;B1;definitie
degree;Noun;A2;mate
delay;Verb Noun;B2;vertraging
deliberate;Adjective;B2;beraadslagen
deliberately;Adverb;B2;opzettelijk
delicious;Adjective;A1;heerlijk
delight;Verb Noun;B2;genot
delighted;Adjective;B2;verheugd
deliver;Verb;B1;leveren
delivery;Noun;B2;levering
demand;Noun Verb;B2;vraag naar
demonstrate;Verb;B2;demonstreren
dentist;Noun;A2;tandarts
deny;Verb;B2;ontkennen
department;Noun;A2;afdeling
departure;Noun;B1;vertrek
depend;Verb;A2;afhangen
depressed;Adjective;B2;depressief
depressing;Adjective;B2;indrukken
depth;Noun;B2;diepte
describe;Verb;A1;beschrijven
description;Noun;A1;Omschrijving
desert;Noun Verb;A2, B2;woestijn
deserve;Verb;B2;verdienen
design;Noun Verb;A1;ontwerp
designer;Noun;A2;ontwerper
desire;Noun Verb;B2;verlangen
desk;Noun;A1;bureau
desperate;Adjective;B2;ten einde raad
despite;prep;B1;ondanks
destination;Noun;B1;bestemming
destroy;Verb;A2;vernietigen
detail;Noun Verb;A1, B2;detail
detailed;Adjective;B2;gedetailleerd
detect;Verb;B2;opsporen
detective;Noun;A2;detective
determine;Verb;B1;bepalen
determined;Adjective;B1;vastbesloten
develop;Verb;A2;ontwikkelen
development;Noun;B1;ontwikkeling
device;Noun;A2;apparaat
diagram;Noun;B1;diagram
dialogue;Noun;A1;dialoog
diamond;Noun;B1;diamant
diary;Noun;A2;dagboek
dictionary;Noun;A1;woordenboek
die;Verb;A1;dood gaan
diet;Noun;A1;eetpatroon
difference;Noun;A1;verschil
different;Adjective;A1;verschillend
differently;Adverb;A2;anders
difficult;Adjective;A1;moeilijk
difficulty;Noun;B1;moeilijkheid
dig;Verb;B2;graven
digital;Adjective;A2;digitaal
dinner;Noun;A1;avondeten
direct;Adjective, Verb Adverb;A2, B1;direct
direction;Noun;A2;richting
directly;Adverb;B1;direct
director;Noun;A2;regisseur
dirt;Noun;B1;aarde
dirty;Adjective;A1;vuil
Dis Adverbantage;Noun;B1;Dis Adverbantage
disagree;Verb;A2;het oneens zijn
disappear;Verb;A2;verdwijnen
disappointed;Adjective;B1;teleurgesteld
disappointing;Adjective;B1;teleurstellend
disaster;Noun;A2;ramp
disc;Noun;B2;schijf
discipline;Noun;B2;discipline
discount;Noun Verb;B1, B2;korting
discover;Verb;A2;Ontdek
discovery;Noun;A2;ontdekking
discuss;Verb;A1;bespreken
discussion;Noun;A2;discussie
disease;Noun;A2;ziekte
dish;Noun;A1;schotel
dishonest;Adjective;B2;oneerlijk
dislike;Verb Noun;B1;afkeer
dismiss;Verb;B2;ontslaan
display;Verb Noun;B2;Scherm
distance;Noun;A2;afstand
distribute;Verb;B2;verdelen
distribution;Noun;B2;distributie
district;Noun;B2;wijk
divide;Verb Noun;B1, B2;verdelen
division;Noun;B2;afdeling
divorced;Adjective;A2;gescheiden
do;Verb auxiliary verb;A1;Doen
doctor;Noun;A1;dokter
document;Noun Verb;A2, B2;document
documentary;Noun;B1;documentaire
dog;Noun;A1;hond
dollar;Noun;A1;dollar
domestic;Adjective;B2;huiselijk
dominate;Verb;B2;domineren
donate;Verb;B1;schenken
door;Noun;A1;deur
double;Adjective det. proNoun Verb , Adverb;A2, B1;dubbele
doubt;Noun Verb;B1;twijfel
down;Adverb Prep;A1;naar beneden
download;Verb Noun;A2;downloaden
downstairs;Adverb , Adjective;A1, A2;beneden
downwards;Adverb;B2;naar beneden
dozen;Noun det;B2;dozijn
draft;Noun Verb;B2;droogte
drag;Verb;B2;slepen
drama;Noun;A2;drama
dramatic;Adjective;B2;dramatisch
draw;Verb;A1;trek
drawing;Noun;A2;tekening
dream;Noun Verb;A2;droom
dress;Noun Verb;A1;jurk
dressed;Adjective;B1;gekleed
drink;Noun Verb;A1;drinken
drive;Verb Noun;A1, A2;rijden
driver;Noun;A1;bestuurder
driving;Noun;A2;het rijden
drop;Verb Noun;A2, B1;laten vallen
drug;Noun;A2;drug
drum;Noun;B1;trommel
drunk;Adjective;B1;dronken
dry;Adjective, Verb;A2;droog
due;Adjective;B1;ten gevolge
during;prep;A1;gedurende
dust;Noun;B1;stof
duty;Noun;B1;plicht
DVD;Noun;A1;DVD
each;det./proNoun/Adverb;A1;elk
ear;Noun;A1;oor
early;Adjective Adverb;A1;vroeg
earn;Verb;A2;verdienen
earth;Noun;A2;aarde
earthquake;Noun;B1;aardbeving
easily;Adverb;A2;gemakkelijk
east;Noun Adjective Adverb;A1;oosten-
eastern;Adjective;B1;oostelijk
easy;Adjective;A1;gemakkelijk
eat;Verb;A1;eten
economic;Adjective;B1;economisch
economy;Noun;B1;economie
edge;Noun;B1;rand
edit;Verb;B2;Bewerk
edition;Noun;B2;editie
editor;Noun;B1;editor
educate;Verb;B1;onderwijzen
educated;Adjective;B1;geleerd
education;Noun;A2;opleiding
educational;Adjective;B1;leerzaam
effect;Noun;A2;effect
effective;Adjective;B1;effectief
effectively;Adverb;B1;effectief
efficient;Adjective;B2;doeltreffend
effort;Noun;B1;inspanning
egg;Noun;A1;ei
eight;number;A1;acht
eighteen;number;A1;achttien
eighty;number;A1;tachtig
either;det./proNoun Adverb;A2;een van beide
elderly;Adjective;B2;ouderen
elect;Verb;B2;kiezen
election;Noun;B1;verkiezing
electric;Adjective;A2;elektrisch
electrical;Adjective;A2;elektrisch
electricity;Noun;A2;elektriciteit
electronic;Adjective;A2;elektronisch
element;Noun;B1;element
elephant;Noun;A1;olifant
eleven;number;A1;elf
else;Adverb;A1;anders
elsewhere;Adverb;B2;ergens anders
email;Noun Verb;A1;e-mail
embarrassed;Adjective;B1;in verlegenheid gebracht
embarrassing;Adjective;B1;gênant
emerge;Verb;B2;opduiken
emergency;Noun;B1;noodgeval
emotion;Noun;B1;emotie
emotional;Adjective;B2;emotioneel
emphasis;Noun;B2;nadruk
emphasize;Verb;B2;benadrukken
employ;Verb;A2;dienst
employee;Noun;A2;werknemer
employer;Noun;A2;werkgever
employment;Noun;B1;werk
empty;Adjective, Verb;A2, B1;leeg
enable;Verb;B2;inschakelen
encounter;Verb Noun;B2;stuiten op
encourage;Verb;B1;aanmoedigen
end;Noun Verb;A1;einde
ending;Noun;A2;einde
enemy;Noun;B1;vijand
energy;Noun;A2;energie
engage;Verb;B2;bezighouden
engaged;Adjective;B1;bezet
engine;Noun;A2;motor
engineer;Noun;A2;ingenieur
engineering;Noun;B1;bouwkunde
enhance;Verb;B2;verbeteren
enjoy;Verb;A1;genieten
enormous;Adjective;A2;enorm
enough;det. proNoun Adverb;A1;genoeg
enquiry;Noun;B2;onderzoek
ensure;Verb;B2;ervoor zorgen
enter;Verb;A2;invoeren
entertain;Verb;B1;vermaken
entertainment;Noun;B1;vermaak
enthusiasm;Noun;B2;enthousiasme
enthusiastic;Adjective;B2;enthousiast
entire;Adjective;B2;geheel
entirely;Adverb;B2;geheel
entrance;Noun;B1;Ingang
entry;Noun;B1;binnenkomst
environment;Noun;A2;milieu
environmental;Adjective;B1;milieu
episode;Noun;B1;aflevering
equal;Adjective, Verb Noun;B1, B2;Gelijk
equally;Adverb;B1;even
equipment;Noun;A2;uitrusting
error;Noun;A2;fout
escape;Verb Noun;B1;ontsnappen
especially;Adverb;A2;vooral
essay;Noun;A2;opstel
essential;Adjective;B1;essentieel
establish;Verb;B2;tot stand brengen
estate;Noun;B2;landgoed
estimate;Verb Noun;B2;schatting
ethical;Adjective;B2;ethisch
euro;Noun;A1;euro
evaluate;Verb;B2;schatten
even;AdVerb Adjective;A1, B2;zelfs
evening;Noun;A1;avond
event;Noun;A1;evenement
eventually;Adverb;B1;uiteindelijk
ever;Adverb;A1;ooit
every;det;A1;elk
everybody;proNoun;A1;iedereen
everyday;Adjective;A2;elke dag
everyone;proNoun;A1;iedereen
everything;proNoun;A1;alles
everywhere;Adverb;A2;overal
evidence;Noun;A2;bewijs
evil;Adjective, Noun;B2;onheil
exact;Adjective;A2;exact
exactly;Adverb;A2;precies
exam;Noun;A1;tentamen
examination;Noun;B2;examen
examine;Verb;B1;onderzoeken
example;Noun;A1;voorbeeld
excellent;Adjective;A2;uitstekend
except;prep, conj;A2, B1;behalve
exchange;Noun Verb;B1;uitwisseling
excited;Adjective;A1;opgewonden
excitement;Noun;B1;opwinding
exciting;Adjective;A1;spannend
excuse;Noun Verb;B2;excuus
executive;Noun Adjective;B2;uitvoerend
exercise;Noun Verb;A1;oefening
exhibition;Noun;B1;tentoonstelling
exist;Verb;A2;bestaan
existence;Noun;B2;bestaan
expand;Verb;B1;uitbreiden
expect;Verb;A2;verwachten
expectation;Noun;B2;verwachting
expected;Adjective;B1;verwacht
expedition;Noun;B1;expeditie
expense;Noun;B2;kosten
expensive;Adjective;A1;duur
experience;Noun Verb;A2, B1;ervaring
experienced;Adjective;B1;ervaren
experiment;Noun Verb;A2, B1;experiment
expert;Noun Adjective;A2;deskundige
explain;Verb;A1;leg uit
explanation;Noun;A2;uitleg
explode;Verb;B1;ontploffen
exploration;Noun;B2;exploratie
explore;Verb;B1;onderzoeken
explosion;Noun;B1;explosie
export;Noun Verb;B1;exporteren
expose;Verb;B2;blootstellen
express;Verb;A2;uitdrukken
expression;Noun;A2;uitdrukking
extend;Verb;B2;uitbreiden
extent;Noun;B2;omvang
external;Adjective;B2;extern
extra;Adjective, Noun Adverb;A1, B1;extra
extraordinary;Adjective;B2;buitengewoon
extreme;Adjective, Noun;A2, B2;extreem
extremely;Adverb;A2;uiterst
eye;Noun;A1;oog
face;Noun Verb;A1, B1;gezicht
facility;Noun;B2;faciliteit
fact;Noun;A1;feit
factor;Noun;A2;factor
factory;Noun;A2;fabriek
fail;Verb;A2;fail
failure;Noun;B2;mislukking
fair;Adjective;A2;eerlijk
fairly;Adverb;B1;tamelijk
faith;Noun;B2;geloof
fall;Verb Noun;A1, A2;vallen
FALSE;Adjective;A1;VALSE
familiar;Adjective;B1;vertrouwd
family;Noun Adjective;A1;familie
famous;Adjective;A1;beroemd
fan;Noun;A2;ventilator
fancy;Verb Adjective;B1;luxe
fantastic;Adjective;A1;fantastisch
far;Adverb , Adjective;A1, B1;ver
farm;Noun Verb;A1, A2;boerderij
farmer;Noun;A1;boer
farming;Noun;A2;landbouw
fascinating;Adjective;B1;fascinerend
fashion;Noun;A2;mode
fashionable;Adjective;B1;in de mode
fast;Adjective, Adverb;A1;snel
fasten;Verb;B1;vastmaken
fat;Adjective, Noun;A1, A2;vet
father;Noun;A1;vader
fault;Noun;B2;fout
favour;Noun Verb;B1, B2;gunst
favourite;Adjective, Noun;A1;favoriete
fear;Noun Verb;A2, B1;angst
feather;Noun;B2;veer
feature;Noun Verb;A2, B1;voorzien zijn van
February;Noun;A1;februari
fee;Noun;B2;vergoeding
feed;Verb Noun;A2, B2;eten geven
feedback;Noun;B2;terugkoppeling
feel;Verb Noun;A1, B2;voelen
feeling;Noun;A1;gevoel
fellow;Adjective;B2;kameraad
female;Adjective, Noun;A2;vrouw
fence;Noun;B1;hek
festival;Noun;A1;festival
few;det./Adjective, proNoun;A1;weinig
fiction;Noun;A2;fictie
field;Noun;A2;veld-
fifteen;number;A1;vijftien
fifth;number;A1;vijfde
fifty;number;A1;vijftig
fight;Verb Noun;A2;strijd
fighting;Noun;B1;vechten
figure;Noun Verb;A2, B2;figuur
file;Noun Verb;B1, B2;het dossier
fill;Verb;A1;vullen
film;Noun Verb;A1, A2;film
final;Adjective, Noun;A1, A2;laatste
finally;Adverb;A2;Tenslotte
finance;Noun Verb;B2;financiën
financial;Adjective;B1;financieel
find;Verb;A1;vind
finding;Noun;B2;bevinding
fine;Adjective;A1;fijn
finger;Noun;A2;vinger
finish;Verb Noun;A1, A2;af hebben
fire;Noun Verb;A1, B1;brand
firm;Noun;B2;firma
first;det./number.AdVerb Noun;A1, A2;eerste
firstly;Adverb;A2;ten eerste
fish;Noun Verb;A1, A2;vis
fishing;Noun;A2;visvangst
fit;Verb Adjective;A2;fit
fitness;Noun;B1;geschiktheid
five;number;A1;vijf
fix;Verb Noun;A2, B2;fix
fixed;Adjective;B1;gemaakt
flag;Noun;B1;vlag
flame;Noun;B2;vlam
flash;Noun Verb;B2;flash
flat;Noun Adjective;A1, A2;vlak
flexible;Adjective;B2;flexibel
flight;Noun;A1;vlucht
float;Verb;B2;vlotter
flood;Noun Verb;B1;overstroming
floor;Noun;A1;verdieping
flour;Noun;B1;meel
flow;Verb Noun;B1;stromen
flower;Noun;A1;bloem
flu;Noun;A2;griep
fly;Verb Noun;A1, A2;vlieg
flying;Noun Adjective;A2;vliegend
focus;Verb Noun;A2;focus
fold;Verb Noun;B1, B2;vouwen
folding;Adjective;B2;vouwen
folk;Noun Adjective;B1;volk
follow;Verb;A1;volgen
following;Adjective, Noun prep;A2, B1, B2;volgend
food;Noun;A1;eten
foot;Noun;A1;voet
football;Noun;A1;Amerikaans voetbal
for;prep.;A1;voor
force;NounVerb;B1;dwingen
foreign;Adjective;A2;buitenlands
forest;Noun;A2;Woud
forever;Adverb;B1;voor altijd
forget;Verb;A1;vergeten
forgive;Verb;B2;vergeven
fork;Noun;A2;vork
form;NounVerb;A1;het formulier
formal;Adjective;A2;formeel
former;Adjective;B2;voormalig
fortunately;Adverb;A2;gelukkig
fortune;Noun;B2;fortuin
forty;number;A1;veertig
forward;AdVerb Adjective;A2, B2;vooruit
found;Verb;B2;gevonden
four;number;A1;vier
fourteen;number;A1;veertien
fourth;number;A1;vierde
frame;NounVerb;B1;kader
free;Adjective, AdVerb Verb;A1,A2,B2;vrij
freedom;Noun;B2;vrijheid
freeze;Verb;B1;bevriezen
frequency;Noun;B2;frequentie
frequently;Adverb;B1;vaak
fresh;Adjective;A2;vers
Friday;Noun;A1;vrijdag
fridge;Noun;A2;koelkast
friend;Noun;A1;vriend
friendly;Adjective;A1;vriendelijk
friendship;Noun;B1;vriendschap
frighten;Verb;B1;schrikken
frightened;Adjective;B1;bang
frightening;Adjective;B1;beangstigend
frog;Noun;A2;kikker
from;prep;A1;van
front;Noun Adjective;A1;voorkant
frozen;Adjective;B1;bevroren
fruit;Noun;A1;fruit
fry;Verb;B1;bakken
fuel;Noun Verb;B1, B2;brandstof
full;Adjective;A1;vol
fully;Adverb;B2;ten volle
fun;Noun Adjective;A1, A2;pret
function;Noun Verb;B1, B2;functie
fund;Noun Verb;B2;fonds
fundamental;Adjective;B2;fundamenteel
funding;Noun;B2;financiering
funny;Adjective;A1;grappig
fur;Noun;B1;vacht
furniture;Noun;A2;meubilair
further;Adjective, Adverb;A2, B1;verder
furthermore;Adverb;B2;voorts
future;Noun Adjective;A1, A2;toekomst
gain;Verb Noun;B2;krijgen
gallery;Noun;A2;galerij
game;Noun;A1;spel
gang;Noun;B2;bende
gap;Noun;A2;kloof
garage;Noun;B1;garage
garden;Noun;A1;tuin
gas;Noun;A2;gas-
gate;Noun;A2;poort
gather;Verb;B1;verzamelen
general;Adjective;A2;algemeen
generally;Adverb;B1;over het algemeen
generate;Verb;B2;voortbrengen
generation;Noun;B1;generatie
generous;Adjective;B1;genereus
genre;Noun;B2;genre
gentle;Adjective;B1;zacht
gentleman;Noun;B1;heer
geography;Noun;A1;aardrijkskunde
get;Verb;A1;krijgen
ghost;Noun;B1;geest
giant;Adjective, Noun;B1;reusachtig
gift;Noun;A2;geschenk
girl;Noun;A1;meisje
girlfriend;Noun;A1;vriendin
give;Verb;A1;geven
glad;Adjective;B1;blij
glass;Noun;A1;glas
global;Adjective;B1;globaal
glove;Noun;B1;handschoen
go;Verb Noun;A1, B1;Gaan
goal;Noun;A2;doel
God;Noun;A2;God
gold;Noun Adjective;A2;goud
golf;Noun;A2;golf
good;Adjective, Noun;A1, A2;goed
goodbye;exclam. Noun;A1;Vaarwel
goods;Noun;B1;goederen
govern;Verb;B2;regeren
government;Noun;A2;regering
grab;Verb;B2;grijpen
grade;Noun Verb;B1, B2;rang
gradually;Adverb;B2;geleidelijk
graduate;Noun Verb;B1;afstuderen
grain;Noun;B1;graan
grand;Adjective;B2;groots
grandfather;Noun;A1;opa
grandmother;Noun;A1;grootmoeder
grandparent;Noun;A1;grootvader
grant;Verb Noun;B2;verlenen
grass;Noun;A2;gras
grateful;Adjective;B1;dankbaar
great;Adjective;A1;Super goed
green;Adjective, Noun;A1;groen
greet;Verb;A2;begroeten
grey;Adjective, Noun;A1;grijs
ground;Noun;A2;grond
group;Noun;A1;groep
grow;Verb;A1;toenemen
growth;Noun;B1;groei
guarantee;Verb Noun;B2;garantie
guard;Noun Verb;B1;bewaker
guess;Verb Noun;A1;Raad eens
guest;Noun;A2;gast
guide;Noun Verb;A2;gids
guilty;Adjective;B1;schuldig
guitar;Noun;A1;gitaar
gun;Noun;A2;geweer
guy;Noun;A2;kerel
gym;Noun;A1;Sportschool
habit;Noun;A2;gewoonte
hair;Noun;A1;haar-
half;Noundet.proNoun, Adverb;A1, A2;voor de helft
hall;Noun;A2;hal
hand;Noun Verb;A1, B1;hand-
handle;Verb Noun;B2;handvat
hang;Verb;B1;hangen
happen;Verb;A1;gebeuren
happily;Adverb;A2;gelukkig
happiness;Noun;B1;geluk
happy;Adjective;A1;gelukkig
hard;Adjective, Adverb;A1;moeilijk
hardly;Adverb;B1;nauwelijks
harm;Noun Verb;B2;kwaad
harmful;Adjective;B2;schadelijk
hat;Noun;A1;hoed
hate;Verb Noun;A1, B1;een hekel hebben aan
have;Verb auxiliary Verb;A1, A2;hebben
have to modal;Verb;A1;Moet modale
he;proNoun;A1;hij
head;Noun Verb;A1, B1;hoofd
headache;Noun;A2;hoofdpijn
headline;Noun;B1;opschrift
health;Noun;A1;Gezondheid
healthy;Adjective;A1;gezond
hear;Verb;A1;horen
hearing;Noun;B2;gehoor
heart;Noun;A2;hart
heat;Noun Verb;A2;warmte
heating;Noun;B1;verwarming
heaven;Noun;B2;hemel
heavily;Adverb;B1;hard
heavy;Adjective;A2;zwaar
heel;Noun;B2;hiel-
height;Noun;A2;hoogte
helicopter;Noun;B1;helikopter
hell;Noun;B2;hel
hello;exclam./Noun;A1;Hallo
help;Verb Noun;A1;helpen
helpful;Adjective;A2;nuttig
her;proNoundet;A1;haar
here;Adverb;A1;hier
hero;Noun;A2;held
hers;proNoun;A2;de hare
herself;proNoun;A2;haarzelf
hesitate;Verb;B2;aarzelen
hey;exclam;A1;Hallo
hi;exclam;A1;Hoi
hide;Verb;A2;zich verstoppen
high;Adjective, AdVerb Noun;A1, A2, B2;hoog
highlight;Verb Noun;B1;hoogtepunt
highly;Adverb;B1;zeer
hill;Noun;A2;heuvel
him;proNoun;A1;hem
himself;proNoun;A2;zichzelf
hire;Verb Noun;B1, B2;huren
his;det. proNoun;A1, A2;zijn
historic;Adjective;B1;historisch
historical;Adjective;B1;historisch
history;Noun;A1;geschiedenis
hit;Verb Noun;A2;raken
hobby;Noun;A1;hobby
hockey;Noun;A2;hockey
hold;Verb Noun;A2, B2;houden
hole;Noun;A2;gat
holiday;Noun;A1;vakantie
hollow;Adjective;B2;hol
holy;Adjective;B2;heilig
home;Noun AdVerb Adjective;A1, A2;huis
homework;Noun;A1;huiswerk
honest;Adjective;B1;eerlijk
honour;Noun Verb;B2;eer
hope;Verb Noun;A1, A2;hoop
horrible;Adjective;B1;verschrikkelijk
horror;Noun;B1;verschrikking
horse;Noun;A1;paard
hospital;Noun;A1;ziekenhuis
host;Noun Verb;B1, B2;gastheer
hot;Adjective;A1;heet
hotel;Noun;A1;hotel
hour;Noun;A1;uur
house;Noun Verb;A1, B2;huis
household;Noun;B2;huishouden
housing;Noun;B2;huisvesting
how;Adverb;A1;hoe
however;Adverb;A1;echter
huge;Adjective;A2;reusachtig
human;Adjective, Noun;A2;menselijk
humorous;Adjective;B2;humoristisch
humour;Noun;B2;humor
hundred;number;A1;honderd
hungry;Adjective;A1;hongerig
hunt;Verb Noun;B1, B2;jacht
hunting;Noun;B2;jacht-
hurricane;Noun;B1;orkaan
hurry;Noun Verb;B1;haast je
hurt;Verb Adjective Noun;A2, B2;pijn doen
husband;Noun;A1;man
I;proNoun;A1;ik
ice;Noun;A1;ijs
ice cream;Noun;A1;ijsje
idea;Noun;A1;idee
ideal;Adjective , Noun;A2, B2;ideaal
identify;Verb;A2;identificeren
identity;Noun;B1;identiteit
if;conj.;A1;als
ignore;Verb;B1;negeren
ill;Adjective;A2;ziek
illegal;Adjective;B1;onwettig
illness;Noun;A2;ziekte
illustrate;Verb;B2;illustreren
illustration;Noun;B2;illustratie
image;Noun;A2;beeld
imaginary;Adjective;B1;denkbeeldig
imagination;Noun;B2;verbeelding
imagine;Verb;A1;stel je voor
immediate;Adjective;B1;onmiddellijk
immediately;Adverb;A2;direct
immigrant;Noun;B1;immigrant
impact;Noun Verb;B1;gevolg
impatient;Adjective;B2;ongeduldig
imply;Verb;B2;impliceren
import;Noun Verb;B1;importeren
importance;Noun;B1;belang
important;Adjective;A1;belangrijk
impose;Verb;B2;opleggen
impossible;Adjective;A2;onmogelijk
impress;Verb;B2;indruk maken
impressed;Adjective;B2;onder de indruk
impression;Noun;B1;indruk
impressive;Adjective;B1;indrukwekkend
improve;Verb;A1;verbeteren
improvement;Noun;B1;verbetering
in;prep., Adverb;A1;in
inch;Noun;B2;duim
incident;Noun;B2;incident
include;Verb;A1;omvatten
included;Adjective;A2;ingesloten
including;prep.;A2;inclusief
income;Noun;B2;inkomen
increase;Verb Noun;A2;toename
increasingly;Adverb;B2;meer en meer
incredible;Adjective;A2;ongelooflijk
incredibly;Adverb;B1;ongelooflijk
indeed;Adverb;B1;inderdaad
independent;Adjective;A2;onafhankelijk
indicate;Verb;B1;aangeven
indirect;Adjective;B1;indirect
individual;Noun, adj;A2;individu
indoor;Adjective;B1;binnen-
indoors;Adverb;B1;binnenshuis
industrial;Adjective;B2;industrieel
industry;Noun;A2;industrie
infection;Noun;B2;infectie
influence;NounVerb;B1;invloed
inform;Verb;B2;informeren
informal;Adjective;A2;informele
information;Noun;A1;informatie
ingredient;Noun;B1;ingrediënt
initial;Adjective;B2;eerste
initially;Adverb;B2;eerste
initiative;Noun;B2;initiatief
injure;Verb;B1;verwonden
injured;Adjective;B1;gewonde
injury;Noun;A2;letsel
inner;Adjective;B2;binnenste
innocent;Adjective;B1;onschuldig
insect;Noun;A2;insect
inside;prep.Adverb Noun Adjective;A2;binnen
insight;Noun;B2;in zicht
insist;Verb;B2;aandringen
inspire;Verb;B2;inspireren
install;Verb;B2;installeren
instance;Noun;B2;voorbeeld
instead;Adverb;A2;in plaats daarvan
institute;Noun;B2;instituut
institution;Noun;B2;instelling
instruction;Noun;A2;instructie
instructor;Noun;A2;instructeur
instrument;Noun;A2;instrument
insurance;Noun;B2;verzekering
intelligence;Noun;B1;intelligentie-
intelligent;Adjective;A2;intelligent
intend;Verb;B1;van plan zijn
intended;Adjective;B2;voorgenomen
intense;Adjective;B2;intens
intention;Noun;B1;intentie
interest;Noun Verb;A1;interesseren
interested;Adjective;A1;geïnteresseerd
interesting;Adjective;A1;interessant
internal;Adjective;B2;intern
international;Adjective;A2;Internationale
internet;Noun;A1;internet
interpret;Verb;B2;interpreteren
interrupt;Verb;B2;onderbreken
interview;Noun Verb;A1;interview
into;prep.;A1;in
introduce;Verb;A1;voorstellen
introduction;Noun;A2;invoering
invent;Verb;A2;uitvinden
invention;Noun;A2;uitvinding
invest;Verb;B1;investeren
investigate;Verb;B1;onderzoeken
investigation;Noun;B2;onderzoek
investment;Noun;B2;investering
invitation;Noun;A2;uitnodiging
invite;Verb;A2;nodig uit
involve;Verb;A2;bij betrekken
involved;Adjective;B1;betrokken
iron;Noun Verb;B1;ijzer
island;Noun;A1;eiland
issue;Noun, Verb;B1, B2;kwestie
IT;Noun;B1;HET
it;proNoun;A1;het
item;Noun;A2;item
its;det.;A1;haar
itself;proNoun;A2;zelf
jacket;Noun;A1;jas
jam;Noun;A2;jam
January;Noun;A1;januari
jazz;Noun;A2;jazz-
jeans;Noun;A1;jeans
jewellery;Noun;A2;sieraden
job;Noun;A1;baan
join;Verb;A1;toetreden
joke;Noun Verb;A2;grap
journal;Noun;B1;logboek
journalist;Noun;A2;journalist
journey;Noun;A1;reis
joy;Noun;B2;vreugde
judge;Noun Verb;B1;rechter
judgement;Noun;B2;oordeel
juice;Noun;A1;sap
July;Noun;A1;juli
jump;Verb Noun;A2;springen
June;Noun;A1;juni
junior;Adjective;B2;junior
just;Adverb;A1;alleen maar
justice;Noun;B2;gerechtigheid
justify;Verb;B2;rechtvaardigen
keen;Adjective;B1;trappelen
keep;Verb;A1;houden
key;Noun, Adjective Verb;A1, B1;sleutel
keyboard;Noun;B1;toetsenbord
kick;Verb Noun;B1;trap
kid;Noun;A2;kind
kill;Verb;A2;doden
killing;Noun;B1;doden
kilometre;Noun;A1;kilometer
kind(type);Noun;A1;aardig type)
kind(caring);Adjective;B1;kind (geven)
king;Noun;A2;koning
kiss;Verb Noun;B1;kus
kitchen;Noun;A1;keuken
knee;Noun;A2;knie
knife;Noun;A2;mes
knock;Verb , Noun;A2, B1;klop
know;Verb;A1;weten
knowledge;Noun;A2;kennis
lab;Noun;A2;laboratorium
label;Noun Verb;B1;label
laboratory;Noun;B1;laboratorium
labour;Noun;B2;arbeid
lack;Noun Verb;B1;gebrek
lady;Noun;A2;dame
lake;Noun;A2;meer
lamp;Noun;A2;lamp
land;Noun, Verb;A1, A2;land-
landscape;Noun;B2;landschap
language;Noun;A1;taal
laptop;Noun;A2;laptop
large;Adjective;A1;groot
largely;Adverb;B2;grotendeels
last1 (final);det., Adverb n;A1, A2;last1 (final)
last1 (taking time);Verb;A2;last1 (tijd nemen)
late;Adjective Adverb;A1;laat
later;Adverb , Adjective;A1, A2;later
latest;Adjective , Noun;B1, B2;laatste
laugh;Verb Noun;A1;lach
laughter;Noun;A2;gelach
launch;Verb Noun;B2;lancering
law;Noun;A2;wet
lawyer;Noun;A2;advocaat
lay;Verb;B1;leggen
layer;Noun;B1;laag
lazy;Adjective;A2;lui
lead;Verb , Noun;A2, B1;lood
leader;Noun;A2;leider
leadership;Noun;B2;leiderschap
leading;Adjective;B1;leidend
leaf;Noun;B1;blad
league;Noun;B2;competitie
lean;Verb;B2;slank
learn;Verb;A1;leren
learning;Noun;A2;aan het leren
least;det./proNoun Adverb;A2;minst
leather;Noun;B1;leer
leave;Verb , Noun;A1, B2;vertrekken
lecture;Noun Verb;A2;lezing
left;Adjective Adverb Verb;A1;links
leg;Noun;A1;been
legal;Adjective;B1;wettelijk
leisure;Noun;B1;vrije tijd
lemon;Noun;A2;citroen
lend;Verb;A2;lenen
length;Noun;B1;lengte
less;det./pro Noun Adverb;A2;minder
lesson;Noun;A1;les
let;Verb;A1;laat
letter;Noun;A1;brief
level;Noun, Adjective , Verb;A2, B1, B2;niveau
library;Noun;A1;bibliotheek
licence;Noun;B2;licentie
lie;Verb;A1;liggen
lie;Verb Noun;B2;liggen
life;Noun;A1;leven
lifestyle;Noun;A2;levensstijl
lift;Verb;Noun;optillen
light (from the sun/a lamp);Noun Adverb , Verb;A1, A2;licht (van de zon / a lamp)
light (not heavy);Adjective;A2;licht (niet zwaar)
like (similar);prep.;A1;zoals (vergelijkbare)
like (find sb/sth pleasant);Verb , n;A1, B1;zoals (Zoek sb / sth aangenaam)
Noun;B1; ;Zelfstandig naamwoord
likely;Adjective;A2;waarschijnlijk
limit;Noun Verb;B1;begrenzing
limited;Adjective;B2;beperkt
line;Noun, Verb;A1, B2;lijn
link;Noun Verb;A2;koppeling
lion;Noun;A1;leeuw
lip;Noun;B1;lip
liquid;Noun Adjective;B1;vloeistof
list;Noun Verb;A1;lijst
listen;Verb;A1;luister
listener;Noun;A2;luisteraar
literature;Noun;B1;literatuur
little;Adjective det./proNoun, Adverb;A1, A2;weinig
live1;Verb;A1;Live1
live2;Adjective Adverb;B1;LIVE2
lively;Adjective;B2;levendig
living;Adjective Noun;B1;leven
load;Noun Verb;B2;laden
loan;Noun;B2;lening
local;Adjective , Noun;A1, B1;lokaal
locate;Verb;B1;bevind zich
located;Adjective;B1;gelegen
location;Noun;B1;plaats
lock;Verb Noun;A2;slot
logical;Adjective;B2;logisch
lonely;Adjective;B1;eenzaam
long;Adjective Adverb;A1;lang
long-term;Adjective Adverb;B2;langetermijn
look;Verb , Noun;A1, A2;kijken
loose;Adjective;B2;los
lord;Noun;B2;heer
lorry;Noun;A2;vrachtwagen
lose;Verb;A1;verliezen
loss;Noun;B1;verlies
lost;Adjective;A2;verloren
lot;proNoun det. Adverb;A1;lot
loud;Adjective Adverb;A2;luid
loudly;Adverb;A2;luid
love;Noun Verb;A1;liefde
lovely;Adjective;A2;lief
low;Adjective Adverb , n;A2, B2;laag
lower;Verb;B2;lager
luck;Noun;A2;geluk
lucky;Adjective;A2;Lucky
lunch;Noun;A1;lunch
lung;Noun;B2;long
luxury;Noun;B1;luxe
machine;Noun;A1;machine
mad;Adjective;B1;boos
magazine;Noun;A1;tijdschrift
magic;Noun Adjective;B1;magie
mail;Noun Verb;A2;mail
main;Adjective;A1;hoofd
mainly;Adverb;B1;hoofdzakelijk
maintain;Verb;B2;in stand houden
major;Adjective;A2;groot
majority;Noun;B2;meerderheid
make;Verb , Noun;A1, B2;maken
male;Adjective Noun;A2;mannetje
mall;Noun;B1;winkelcentrum
man;Noun;A1;Mens
manage;Verb;A2;beheren
management;Noun;B1;beheer
manager;Noun;A2;manager
manner;Noun;A2;manier
many;det./proNoun;A1;veel
map;Noun, Verb;A1, B2;kaart
March;Noun;A1;maart
mark;Verb Noun;A2;Mark
market;Noun, Verb;A1, B1;markt
marketing;Noun;B1;afzet
marriage;Noun;B1;huwelijk
married;Adjective;A1;getrouwd
marry;Verb;A2;trouwen
mass;Noun Adjective;B2;massa
massive;Adjective;B2;massief
master;Noun Verb;B2;meester
match (contest/correspond);Noun Verb;A1;match (wedstrijd / overeenkomen)
matching;Adjective;B2;bij elkaar passen
material;Noun, Adjective;A2, B2;materiaal
mathematics;Noun;A2;wiskunde
maths;Noun;A2;wiskunde
matter;Noun Verb;A2;er toe doen
maximum;Adjective Noun;B2;maximum
May;Noun;A1;mei
may modal;Verb;A2;kan modal
maybe;Adverb;A1;kan zijn
me;proNoun;A1;me
meal;Noun;A1;maaltijd
mean;Verb;A1;gemeen
meaning;Noun;A1;betekenis
means;Noun;B2;middelen
meanwhile;Adverb;B1;ondertussen
measure;Verb Noun;B1;meten
measurement;Noun;B2;meting
meat;Noun;A1;vlees
media;Noun;A2;media
medical;Adjective;A2;medisch
medicine;Noun;A2;geneesmiddel
medium;Adjective , Noun;B1, B2;medium
meet;Verb;A1;ontmoeten
meeting;Noun;A1;vergadering
melt;Verb;B2;smelten
member;Noun;A1;lid
memory;Noun;A2;geheugen
mental;Adjective;B1;geestelijk
mention;Verb , Noun;A2, B1;vermelden
menu;Noun;A1;menu
mess;Noun Verb;B1;knoeien
message;Noun;A1;bericht
metal;Noun;A2;metaal
method;Noun;A2;methode
metre;Noun;A1;meter
middle;Noun Adjective;A2;midden-
midnight;Noun;A1;middernacht
might modal;Verb;A2;misschien modale
mild;Adjective;B1;mild
mile;Noun;A1;mijl
military;Adjective Noun;B2;leger
milk;Noun;A1;melk
million number; ;A1;miljoen nummer
mind;Noun Verb;A2;geest
mine (belongs to me);proNoun;A2;mine (hoort bij mij)
mine (hole in the ground);Noun;B1;mine (gat in de grond)
mineral;Noun;B2;mineraal
minimum;Adjective Noun;B2;minimum
minister;Noun;B2;minister
minor;Adjective;B2;mineur
minority;Noun;B2;minderheid
minute;Noun;A1;minuut
mirror;Noun;A2;spiegel
miss;Verb;A1;mevrouw
missing;Adjective;A2;missend
mission;Noun;B2;missie
mistake;Noun, Verb;A1, B2;vergissing
mix;Verb Noun;B1;mengen
mixed;Adjective;B2;gemengd
mixture;Noun;B1;mengsel
mobile;Adjective Noun;A2;mobiel
model;Noun, Verb;A1, B2;model-
modern;Adjective;A1;modern
modify;Verb;B2;aanpassen
moment;Noun;A1;moment
Monday;Noun;A1;maandag
money;Noun;A1;geld
monitor;Noun Verb;B2;monitor
monkey;Noun;A2;aap
month;Noun;A1;maand
mood;Noun;B1;humeur
moon;Noun;A2;maan
moral;Adjective Noun;B2;Moreel
more;det./proNoun Adverb;A1;meer
morning;Noun;A1;ochtend-
most;det./proNoun Adverb;A1;meest
mostly;Adverb;A2;meestal
mother;Noun;A1;moeder
motor;Noun Adjective;B2;motor
motorcycle;Noun;A2;motorfiets
mount;Verb;B2;berg
mountain;Noun;A1;berg
mouse;Noun;A1;muis
mouth;Noun;A1;mond
move;Verb , Noun;A1, B1;Actie
movement;Noun;A2;beweging
movie;Noun;A1;film
much;det./proNoun Adverb;A1;veel
mud;Noun;B1;modder
multiple;Adjective;B2;meerdere
multiply;Verb;B2;vermenigvuldigen
mum;Noun;A1;mamma
murder;NounVerb;B1;moord
muscle;Noun;B1;spier
museum;Noun;A1;museum
music;Noun;A1;muziek-
musical;Adjective , Noun;A2, B1;musical
musician;Noun;A2;musicus
must modal;Verb;A1;moet modal
my;det.;A1;mijn
myself;proNoun;A2;mezelf
mysterious;Adjective;B2;mysterieus
mystery;Noun;B1;mysterie
nail;Noun;B1;nagel
name;Noun Verb;A1;naam
narrative;Noun Adjective;B1;verhaal
narrow;Adjective , Verb;A2, B2;versmallen
nation;Noun;B1;natie
national;Adjective , Noun;A2, B2;nationaal
native;Adjective Noun;B1;inheems
natural;Adjective;A1;natuurlijk
naturally;Adverb;B1;van nature
nature;Noun;A2;natuur
near;prep. Adjective Adverb;A1;in de buurt
nearly;Adverb;A2;bijna
neat;Adjective;B2;netjes
necessarily;Adverb;B1;nodig
necessary;Adjective;A2;noodzakelijk
neck;Noun;A2;nek
need;Verb , Noun, modal Verb;A1, A2, B1;nodig hebben
needle;Noun;B1;naald-
negative;Adjective , Noun;A1, B2;negatief
neighbour;Noun;A1;buurman
neighbourhood;Noun;B1;buurt
neither;det./proNoun, Adverb;A2, B1;geen van beide
nerve;Noun;B2;zenuw
nervous;Adjective;A2;nerveus
net;Noun;B1;netto
network;Noun;A2;netwerk
never;Adverb;A1;nooit
nevertheless;Adverb;B2;niettemin
new;Adjective;A1;nieuw
news;Noun;A1;nieuws
newspaper;Noun;A1;krant-
next;Adjective Adverb , Noun;A1, B1;De volgende
next to;prep.;A1;naast
nice;Adjective;A1;leuk
night;Noun;A1;nacht
nightmare;Noun;B2;nachtmerrie
nine;number;A1;negen
nineteen;number;A1;negentien
ninety;number;A1;negentig
no;exclam. det.;A1;Nee
no one;proNoun;A1;niemand
nobody;proNoun;A1;niemand
noise;Noun;A2;lawaai
noisy;Adjective;A2;luidruchtig
none;pro Noun;A2;geen
nor;conj./Adverb;B1;noch
normal;Adjective , Noun;A2, B1;normaal
normally;Adverb;A2;normaal gesproken
north;Noun Adjective Adverb;A1;noorden
northern;Adjective;B1;noordelijk
nose;Noun;A1;neus-
not;Adverb;A1;niet
note;Noun Verb;A1, B1;Notitie
nothing;proNoun;A1;niets
notice;Verb Noun;A2;merk op
notion;Noun;B2;begrip
novel;Noun;A2;roman
November;Noun;A1;november
now;Adverb , conj.;A1, B1;nu
nowhere;Adverb;A2;nergens
nuclear;Adjective;B1;nucleair
number;Noun, Verb;A1, A2;aantal
numerous;Adjective;B2;talrijk
nurse;Noun;A1;verpleegster
nut;Noun;A2;noot
obey;Verb;B2;gehoorzamen
object;Noun Verb;A1, B2;voorwerp
objective;Noun Adjective;B2;objectief
obligation;Noun;B2;verplichting
observation;Noun;B2;observatie
observe;Verb;B2;waarnemen
obtain;Verb;B2;verwerven
obvious;Adjective;B1;voor de hand liggend
obviously;Adverb;B1;klaarblijkelijk
occasion;Noun;B1;gelegenheid
occasionally;Adverb;B2;af en toe
occur;Verb;B1;voorkomen
ocean;Noun;A2;oceaan
o’clock;Adverb;A1;uur
October;Noun;A1;oktober
odd;Adjective;B1;vreemd
of;prep.;A1;van
off;Adverb prep.;A1;uit
offence;Noun;B2;overtreding
offend;Verb;B2;beledigen
offensive;Adjective;B2;aanvallend
offer;Verb Noun;A2;aanbod
office;Noun;A1;kantoor
officer;Noun;A2;officier
official;Adjective , Noun;B1, B2;officieel
often;Adverb;A1;vaak
oh;exclam.;A1;Oh
oil;Noun;A2;olie
OK;exclam. Adjective /Adverb;A1;OK
old;Adjective;A1;oud
old-fashioned;Adjective;B1;oubollig
on;prep. Adverb;A1;Aan
once;Adverb , conj.;A1, B1;een keer
one;number-det. proNoun;A1;een
onion;Noun;A1;ui
online;Adjective Adverb;A1;online
only;Adjective Adverb;A1;enkel en alleen
onto;prep.;A2;naar
open;Adjective Verb;A1;Open
opening;Noun;B2;opening
operate;Verb;B2;bedienen
operation;Noun;B1;operatie
opinion;Noun;A1;mening
opponent;Noun;B2;tegenstander
opportunity;Noun;A2;kans
oppose;Verb;B2;zich verzetten tegen
opposed;Adjective;B2;tegengestelde
opposite;Adjective Adverb prep. Noun;A1;tegenover
opposition;Noun;B2;oppositie
option;Noun;A2;keuze
or;conj.;A1;of
orange;Noun Adjective;A1;oranje
order;Noun Verb;A1;bestellen
ordinary;Adjective;A2;gewoon
organ;Noun;B2;orgaan
organization;Noun;A2;organisatie
organize;Verb;A2;organiseren
organized;Adjective;B1;georganiseerd
organizer;Noun;B1;organisator
origin;Noun;B2;oorsprong
original;Adjective , Noun;A2, B1;origineel
originally;Adverb;B1;oorspronkelijk
other;Adjective /proNoun;A1;anders
otherwise;Adverb;B2;anders-
ought;modal Verb;B1;moeten
our;det.;A1;onze
ours;proNoun;B1;De onze
ourselves;proNoun;A2;onszelf
out;Adverb /prep.;A1;uit
outcome;Noun;B2;resultaat
outdoor;Adjective;B1;buitenshuis
outdoors;Adverb;B1;buitenshuis
outer;Adjective;B2;buitenste
outline;Noun Verb;B2;schets
outside;Adverb , prep. nouNoun Adjective;A1, A2;buiten
oven;Noun;A2;oven
over;prep. Adverb;A1;over-
overall;Adjective Adverb;B2;globaal
owe;Verb;B2;te danken hebben
own;Adjective /proNoun, Verb;A1, A2;eigen
owner;Noun;A2;eigenaar
pace;Noun, Verb;B2;tempo
pack;Verb , Noun;A2, B1;pak
package;Noun, Verb;B1, B2;pakket
page;Noun;A1;bladzijde
pain;Noun;A2;pijn
painful;Adjective;B1;pijnlijk
paint;Verb Noun;A1;verf
painter;Noun;A2;schilder
painting;Noun;A1;schilderij
pair;Noun;A1;paar-
palace;Noun;A2;paleis
pale;Adjective;B1;pale
pan;Noun;B1;pan
panel;Noun;B2;paneel
pants;Noun;A2;broek
paper;Noun;A1;papier
paragraph;Noun;A1;paragraaf
parent;Noun;A1;ouder
park;Noun Verb;A1;park
parking;Noun;A2;parkeren
parliament;Noun;B2;parlement
part;Noun;A1;een deel
participant;Noun;B2;deelnemer
participate;Verb;B1;deelnemen
particular;Adjective;A2;bijzonder
particularly;Adverb;B1;vooral
partly;Adverb;B2;gedeeltelijk
partner;Noun;A1;partner
party;Noun;A1;partij
pass;Verb , Noun;A2, B1;slagen voor
passage;Noun;B2;passage
passenger;Noun;A2;passagier
passion;Noun;B1;passie
passport;Noun;A1;paspoort
past;Adjective Noun prep., Adverb;A1, A2;Verleden
path;Noun;B1;pad
patient;Noun, Adjective;A2, B2;geduldig
pattern;Noun;A2;patroon
pay;Verb , Noun;A1, A2;betalen
payment;Noun;B1;betaling
peace;Noun;A2;vrede
peaceful;Adjective;B1;vredig
pen;Noun;A1;pen
pencil;Noun;A1;potlood
penny;Noun;A2;cent
pension;Noun;B2;pensioen
people;Noun;A1;mensen
pepper;Noun;A1;peper
per;prep.;A2;per
per cent;Noun Adjective /Adverb;A2;procent
percentage;Noun;B1;percentage
perfect;Adjective;A1;perfect
perfectly;Adverb;B1;volmaakt
perform;Verb;A2;uitvoeren
performance;Noun;B1;prestatie
perhaps;Adverb;A2;misschien
period;Noun;A1;periode
permanent;Adjective;B2;blijvend
permission;Noun;A2;toestemming
permit;Verb Noun;B2;toestaan
person;Noun;A1;persoon
personal;Adjective;A1;persoonlijk
personality;Noun;A2;persoonlijkheid
personally;Adverb;B1;persoonlijk
perspective;Noun;B2;perspectief
persuade;Verb;B1;overtuigen
pet;Noun;A2;huisdier
petrol;Noun;A2;benzine
phase;Noun;B2;fase
phenomenon;Noun;B2;fenomeen
philosophy;Noun;B2;filosofie
phone;Noun Verb;A1;telefoon
photo;Noun;A1;foto
photograph;Noun, Verb;A1, A2;fotograaf
photographer;Noun;B1;fotograaf
photography;Noun;B1;fotografie
phrase;Noun;A1;uitdrukking
physical;Adjective;A2;fysiek
physics;Noun;A2;fysica
piano;Noun;A1;piano
pick;Verb , Noun;A2, B2;plukken
picture;Noun, Verb;A1, B2;afbeelding
piece;Noun;A1;stuk
pig;Noun;A1;varken
pile;Noun Verb;B2;stapel
pilot;Noun;A2;piloot
pin;Noun Verb;B1;pin
pink;Adjective Noun;A1;roze
pipe;Noun;B1;pijp
pitch;Noun;B2;toonhoogte
place;Noun Verb;A1, B1;plaats
plain;Adjective;B2;vlakte
plan;Noun Verb;A1;plan
plane;Noun;A1;vliegtuig
planet;Noun;A2;planeet
planning;Noun;B1;planning
plant;Noun Verb;A1, A2;fabriek
plastic;Noun Adjective;A2;plastic
plate;Noun;A2;bord
platform;Noun;A2;platform
play;Verb Noun;A1;Speel
player;Noun;A1;speler
pleasant;Adjective;B1;aangenaam
please;exclam., Verb;A1, A2;alstublieft
pleased;Adjective;A2;verheugd
pleasure;Noun;B1;genoegen
plenty;proNoun;B1;overvloed
plot;Noun, Verb;B1, B2;verhaal
plus;prep., Adjective conj., Noun;B1, B2;plus
pocket;Noun;A2;zak-
poem;Noun;B1;gedicht
poet;Noun;B1;dichter
poetry;Noun;B1;poëzie
point;Noun, Verb;A1, B1;punt
pointed;Adjective;B2;puntig
poison;Noun Verb;B1;vergiftigen
poisonous;Adjective;B1;giftig
police;Noun;A1;Politie
policeman;Noun;A1;politieagent
policy;Noun;B1;het beleid
polite;Adjective;A2;beleefd
political;Adjective;B1;politiek
politician;Noun;B1;politicus
politics;Noun;B1;politiek
pollution;Noun;A2;verontreiniging
pool;Noun;A1;zwembad
poor;Adjective;A1;arm
pop;Noun Adjective;A2;knal
popular;Adjective;A1;populair
popularity;Noun;B2;populariteit
population;Noun;A2;bevolking
port;Noun;B1;haven
portrait;Noun;B1;portret
pose;Verb;B2;houding
position;Noun, Verb;A2, B2;positie
positive;Adjective , Noun;A1, B2;positief
possess;Verb;B2;bezitten
possession;Noun;A2;bezit
possibility;Noun;A2;mogelijkheid
possible;Adjective;A1;mogelijk
possibly;Adverb;B1;mogelijk
post;Noun Verb;A1;post
poster;Noun;A2;poster
pot;Noun;B1;pot
potato;Noun;A1;aardappel
potential;Adjective Noun;B2;potentieel
pound;Noun;A1;pond
pour;Verb;B1;gieten
poverty;Noun;B1;armoede
powder;Noun;B1;poeder
power;Noun, Verb;A2, B2;macht
powerful;Adjective;B1;krachtig
practical;Adjective;B1;praktisch
practice;Noun;A1;praktijk
practise;Verb;A1;praktijk
praise;Noun Verb;B2;lof
pray;Verb;B1;bidden
prayer;Noun;B1;gebed
predict;Verb;A2;voorspellen
prediction;Noun;B1;voorspelling
prefer;Verb;A1;verkiezen
pregnant;Adjective;B2;zwanger
preparation;Noun;B2;voorbereiding
prepare;Verb;A1;bereiden
prepared;Adjective;B1;bereid
presence;Noun;B2;aanwezigheid
present;Adjective Noun, Verb;A1, A2;Cadeau
presentation;Noun;B1;presentatie
preserve;Verb;B2;behouden
president;Noun;A2;president
press;Verb Noun;B1;druk op
pressure;Noun;B1;druk
pretend;Verb;B1;doen alsof
pretty;Adjective Adverb;A1;mooi
prevent;Verb;A2;voorkomen
previous;Adjective;B1;voorgaand
previously;Adverb;B1;eerder
price;Noun, Verb;A1, B2;prijs
priest;Noun;B1;priester
primary;Adjective;B1;primair
prime;Adjective;B2;eerste
prince;Noun;B1;prins
princess;Noun;B1;prinses
principle;Noun;B2;beginsel
print;Verb , Noun;A2, B2;afdrukken
printer;Noun;A2;printer
printing;Noun;B1;het drukken
priority;Noun;B2;prioriteit
prison;Noun;A2;gevangenis
prisoner;Noun;B1;gevangene
privacy;Noun;B2;privacy
private;Adjective;B1;privaat
prize;Noun;A2;prijs
probably;Adverb;A1;waarschijnlijk
problem;Noun;A1;probleem
procedure;Noun;B2;procedure
process;Noun, Verb;A2, B2;werkwijze
produce;Verb , Verb;A2, B2;produceren
producer;Noun;B1;producent
product;Noun;A1;Product
production;Noun;B1;productie
profession;Noun;B1;beroep
professional;Adjective , Noun;A2, B2;professioneel
professor;Noun;A2;professor
profile;Noun;A2;profiel
profit;Noun;B1;winst
program;Noun, Verb;A2, B1;programma
programme;Noun;A1;programma
progress;Noun, Verb;A2, B2;vooruitgang
project;Noun, Verb;A1, B2;project
promise;Verb Noun;A2;belofte
promote;Verb;B1;promoten
pronounce;Verb;A2;Spreek
proof;Noun;B2;bewijs
proper;Adjective;B1;gepast
properly;Adverb;B1;naar behoren
property;Noun;B1;eigendom
proposal;Noun;B2;voorstel
propose;Verb;B2;voorstellen
prospect;Noun;B2;vooruitzicht
protect;Verb;A2;beschermen
protection;Noun;B2;bescherming
protest;Noun Verb;B1;protest
proud;Adjective;B1;trots
prove;Verb;B1;bewijzen
provide;Verb;A2;voorzien
psychologist;Noun;B2;psycholoog
psychology;Noun;B2;psychologie
pub;Noun;A2;kroeg
public;Adjective Noun;A2;openbaar
publication;Noun;B2;publicatie
publish;Verb;A2;publiceren
pull;Verb , Noun;A2, B1;Trekken
punish;Verb;B1;straffen
punishment;Noun;B1;straf
pupil;Noun;B2;leerling
purchase;Noun Verb;B2;aankoop
pure;Adjective;B2;zuiver
purple;Adjective Noun;A1;Purper
purpose;Noun;A2;doel
pursue;Verb;B2;na te streven
push;Verb , Noun;A2, B1;Duwen
put;Verb;A1;zetten
qualification;Noun;B1;kwalificatie
qualified;Adjective;B1;gekwalificeerd
qualify;Verb;B1;kwalificeren
quality;Noun;A2;kwaliteit
quantity;Noun;A2;aantal stuks
quarter;Noun;A1;kwartaal
queen;Noun;A2;koningin
question;Noun, Verb;A1, A2;vraag
queue;Noun Verb;B1;wachtrij
quick;Adjective;A1;snel
quickly;Adverb;A1;snel
quiet;Adjective;A1;rustig
quietly;Adverb;A2;zachtjes
quit;Verb;B1;ophouden
quite;Adverb;A1;heel
quotation;Noun;B1;citaat
quote;Verb Noun;B1;citaat
race (competition);NounVerb;A2;wedstrijd (competitie)
race (people);Noun;B1;ras (mensen)
racing;Noun;B1;racing
radio;Noun;A1;radio
railway;Noun;A2;spoorweg
rain;Noun Verb;A1;regen
raise;Verb;A2;raise
range;Noun, Verb;B1, B2;reeks
rank;Noun Verb;B2;rang
rapid;Adjective;B2;snel
rapidly;Adverb;B2;snel
rare;Adjective;B1;bijzonder
rarely;Adverb;B1;zelden
rate;Noun, Verb;A2, B2;tarief
rather;Adverb;A2;liever
raw;Adjective;B2;rauw
reach;Verb , Noun;A2, B2;bereiken
react;Verb;A2;Reageer
reaction;Noun;B1;reactie
read;Verb;A1;lezen
reader;Noun;A1;lezer
reading;Noun;A1;lezing
ready;Adjective;A1;klaar
real;Adjective;A1;echt
realistic;Adjective;B2;realistisch
reality;Noun;B1;realiteit
realize;Verb;A2;realiseren
really;Adverb;A1;werkelijk
reason;Noun;A1;reden
reasonable;Adjective;B2;redelijk
recall;Verb;B2;terugroepen
receipt;Noun;B1;bon
receive;Verb;A2;te ontvangen
recent;Adjective;A2;recent
recently;Adverb;A2;kort geleden
reception;Noun;A2;ontvangst
recipe;Noun;A2;recept
recognize;Verb;A2;herken
recommend;Verb;A2;adviseren
recommendation;Noun;B1;aanbeveling
record;Noun Verb;A2;Vermelding
recording;Noun;A2;opname
recover;Verb;B2;herstellen
recycle;Verb;A2;recycle
red;Adjective Noun;A1;rood
reduce;Verb;A2;verminderen
reduction;Noun;B2;vermindering
refer;Verb;A2;verwijzen
reference;Noun;B1;referentie
reflect;Verb;B1;reflecteren
refuse;Verb;A2;weigeren
regard;Verb Noun;B2;beschouwen
region;Noun;A2;regio
regional;Adjective;B2;regionaal
register;Verb Noun;B2;registreren
regret;Verb Noun;B2;spijt
regular;Adjective;A2;regelmatig
regularly;Adverb;B1;regelmatig
regulation;Noun;B2;regulatie
reject;Verb;B1;afwijzen
relate;Verb;B1;betrekking hebben
related;Adjective;B1;verwant
relation;Noun;B1;relatie
relationship;Noun;A2;verhouding
relative;Adjective Noun;B1;familielid
relatively;Adverb;B2;naar verhouding
relax;Verb;A1;kom tot rust
relaxed;Adjective;B1;ontspannen
relaxing;Adjective;B1;ontspannende
release;Verb Noun;B1;vrijlating
relevant;Adjective;B2;relevant
reliable;Adjective;B1;betrouwbaar
relief;Noun;B2;Verlichting
religion;Noun;B1;religie
religious;Adjective;B1;religieus
rely;Verb;B2;vertrouwen
remain;Verb;B1;blijven
remark;Noun Verb;B2;opmerking
remember;Verb;A1;onthouden
remind;Verb;B1;herinneren
remote;Adjective;B1;afgelegen
remove;Verb;A2;verwijderen
rent;Noun Verb;B1;huur
repair;Verb , Noun;A2, B1;reparatie
repeat;Verb , Noun;A1, B1;herhaling
repeated;Adjective;B1;herhaald
replace;Verb;A2;vervangen
reply;Verb Noun;A2;antwoord
report;Noun, Verb;A1, A2;verslag doen van
reporter;Noun;A2;verslaggever
represent;Verb;B1;staan ​​voor
representative;Noun Adjective;B2;vertegenwoordiger
reputation;Noun;B2;reputatie
request;Noun, Verb;A2, B1;verzoek
require;Verb;B1;vereisen
requirement;Noun;B2;eis
rescue;Verb Noun;B2;redden
research;Noun Verb;A2;Onderzoek
researcher;Noun;A2;onderzoeker
reservation;Noun;B1;reservering
reserve;Noun Verb;B2;reserveren
resident;NounAdjective;B2;inwoner
resist;Verb;B2;weerstand bieden
resolve;Verb;B2;resolve
resort;Noun;B2;toevlucht
resource;Noun;B1;hulpbron
respect;Noun Verb;B1;respecteren
respond;Verb;A2;reageren
response;Noun;A2;antwoord
responsibility;Noun;B1;verantwoordelijkheid
responsible;Adjective;B1;verantwoordelijk
rest (remaining part);Noun;A2;rust (rest)
rest (sleep/relax);Noun Verb;A2;rust (slaap / ontspanning)
restaurant;Noun;A1;restaurant
result;Noun, Verb;A1, B1;resultaat
retain;Verb;B2;behouden
retire;Verb;B1;met pensioen gaan
retired;Adjective;B1;gepensioneerd
return;Verb Noun;A1;terugkeer
reveal;Verb;B2;onthullen
review;Noun Verb;A2;beoordeling
revise;Verb;B1;Herzien
revolution;Noun;B2;revolutie
reward;Noun Verb;B2;beloning
rhythm;Noun;B2;ritme
rice;Noun;A1;rijst-
rich;Adjective;A1;rijk
rid;Verb;B2;ontdoen
ride;Verb , Noun;A1, A2;rijden
right;Adjective Adverb Noun;A1;Rechtsaf
ring;Noun;A2;ring
ring;Verb , Noun;A2, B1;ring
rise;Verb , Noun;A2, B1;stijgen
risk;Noun Verb;B1;risico
river;Noun;A1;rivier-
road;Noun;A1;weg
robot;Noun;B1;robot
rock (stone);Noun;A2;rots (steen)
rock (music);Noun;A2;Rock muziek)
role;Noun;A2;rol
roll;Verb Noun;B1;rollen
romantic;Adjective;B1;romantisch
roof;Noun;A2;dak
room;Noun;A1;kamer
root;Noun;B2;wortel
rope;Noun;B1;touw
rough;Adjective;B1;ruw
round;Adjective Adverb prep., Noun;A2, B2;ronde
route;Noun;A2;route
routine;Noun, Adjective;A1, B2;routine-
row;Noun;B1;rij
royal;Adjective;B1;Koninklijk
rub;Verb;B2;wrijven
rubber;Noun Adjective;B2;rubber
rubbish;Noun;A2;onzin
rude;Adjective;A2;onbeleefd
rugby;Noun;B1;rugby
rule;Noun, Verb;A1, B1;regel
run;Verb , Noun;A1, A2;rennen
runner;Noun;A2;loper
running;Noun;A2;rennen
rural;Adjective;B2;landelijk
rush;Verb Noun;B2;stormloop
sad;Adjective;A1;verdrietig
sadly;Adverb;A2;droevig
safe;Adjective;A2;veilig
safety;Noun;B1;veiligheid
sail;Verb , Noun;A2, B1;zeil
sailing;Noun;A2;het zeilen
sailor;Noun;B1;matroos
salad;Noun;A1;salade
salary;Noun;A2;salaris
sale;Noun;A2;uitverkoop
salt;Noun;A1;zout
same;Adjective proNoun Adverb;A1;dezelfde
sample;Noun, Verb;B1, B2;monster
sand;Noun;B1;zand
sandwich;Noun;A1;Sandwich
satellite;Noun;B2;satelliet
satisfied;Adjective;B2;tevreden
satisfy;Verb;B2;voldoen
Saturday;Noun;A1;zaterdag
sauce;Noun;A2;saus
save;Verb;A2;sparen
saving;Noun;B2;besparing
say;Verb;A1;zeggen
scale;Noun;B2;schaal
scan;Verb;B1;scannen
scared;Adjective;A2;bang
scary;Adjective;A2;eng
scene;Noun;A2;tafereel
schedule;Noun, Verb;A2, B2;schema
scheme;Noun;B2;schema
school;Noun;A1;school-
science;Noun;A1;wetenschap
scientific;Adjective;B1;wetenschappelijk
scientist;Noun;A1;wetenschapper
score;Verb Noun;A2;partituur
scream;Verb Noun;B2;schreeuw
screen;NounVerb;A2, B2;scherm
script;Noun;B1;script
sculpture;Noun;B1;beeldhouwwerk
sea;Noun;A1;zee
search;Noun Verb;A2;zoeken
season;Noun;A2;seizoen
seat;Noun Verb;A2, B2;stoel
second1 (next after the first);et./ number, Adverb;A1, A2;second1 (next na de eerste)
second1 (unit of time);Noun;A1;second1 (tijdseenheid)
secondary;Adjective;B1;ondergeschikt
secondly;Adverb;A2;ten tweede
secret;Adjective, Noun;A2;geheim
secretary;Noun;A2;secretaris
section;Noun;A1;sectie
sector;Noun;B2;sector
secure;Verb Adjective;B2;beveiligen
security;Noun;B1;veiligheid
see;Verb;A1;zien
seed;Noun;B1;zaad
seek;Verb;B2;zoeken
seem;Verb;A2;lijken
select;Verb;B2;kiezen
selection;Noun;B2;selectie
self;Noun;B2;zelf
sell;Verb;A1;verkopen
send;Verb;A1;sturen
senior;Adjective;B2;senior
sense;Noun Verb;A2, B2;zin
sensible;Adjective;B1;verstandig
sensitive;Adjective;B2;gevoelig
sentence;Noun Verb;A1, B2;zin
separate;Adjective, Verb;A2, B1;scheiden
September;Noun;A1;september
sequence;Noun;B2;volgorde
series;Noun;A2;serie
serious;Adjective;A2;echt
seriously;Adverb;B1;ernstig
servant;Noun;B1;knecht
serve;Verb;A2;dienen
service;Noun;A2;onderhoud
session;Noun;B2;sessie
set (put);Verb;B1;set (put)
set (group);Noun;B1;set (groep)
setting;Noun;B1;omgeving
settle;Verb;B2;settle
seven;number;A1;zeven
seventeen;number;A1;zeventien
seventy;number;A1;zeventig
several;det./proNoun;A2;verscheidene
severe;Adjective;B2;erge, ernstige
sex;Noun;B1;seks
sexual;Adjective;B1;seksueel
shade;Noun;B2;schaduw
shadow;Noun;B2;schaduw
shake;Verb Noun;A2, B1;schudden
shall;modal Verb;A2;zal
shallow;Adjective;B2;oppervlakkig
shame;Noun;B2;schaamte
shape;Noun Verb;A2, B2;vorm
share;Verb Noun;A1, B1;delen
sharp;Adjective;B1;scherp
she;proNoun;A1;ze
sheep;Noun;A1;schapen
sheet;Noun;A2;vel
shelf;Noun;B1;plank
shell;Noun;B1;schelp
shelter;Noun Verb;B2;schuilplaats
shift;Noun Verb;B1, B2;verschuiving
shine;Verb;B1;schijnen
shiny;Adjective;B1;glimmend
ship;Noun Verb;A2, B2;schip
shirt;Noun;A1;overhemd
shock;Noun Verb;B2;schok
shocked;Adjective;B2;geschokt
shoe;Noun;A1;schoen
shoot;Verb;B1;schieten
shooting;Noun;B2;het schieten
shop;Noun Verb;A1;winkel
shopping;Noun;A1;boodschappen doen
short;Adjective;A1;kort
shot;Noun;B2;schot
should;modal Verb;A1;Moeten
shoulder;Noun;A2;schouder
shout;Verb Noun;A2;roepen
show;Verb Noun;A1;laten zien
shower;Noun;A1;douche
shut;Verb Adjective;A2;shut
shy;Adjective;B1;verlegen
sick;Adjective;A1;ziek
side;Noun;A2;kant
sight;Noun;B1;zicht
sign;Noun Verb;A2;teken
signal;Noun Verb;B1;signaal
significant;Adjective;B2;significant
significantly;Adverb;B2;aanzienlijk
silence;Noun;B2;stilte
silent;Adjective;B1;stil
silk;Noun;B2;zijde
silly;Adjective;B1;dwaas
silver;Noun Adjective;A2;zilver
similar;Adjective;A1;soortgelijk
similarity;Noun;B1;gelijkenis
similarly;Adverb;B1;evenzo
simple;Adjective;A2;gemakkelijk
simply;Adverb;B1;eenvoudigweg
since;prep. conj., Adverb;A2, B1;sinds
sincere;Adjective;B2;oprecht
sing;Verb;A1;zingen
singer;Noun;A1;zanger
singing;Noun;A2;het zingen
single;Adjective Noun;A2;single
sink;Verb;B1;wastafel
sir;Noun;A2;mijnheer
sister;Noun;A1;zus
sit;Verb;A1;zitten
site;Noun;A2;plaats
situation;Noun;A1;situatie
six;number;A1;zes
sixteen;number;A1;zestien
sixty;number;A1;zestig
size;Noun;A2;grootte
ski;Verb Noun;A2;ski
skiing;Noun;A2;skiën
skill;Noun;A1;vaardigheid
skin;Noun;A2;huid
skirt;Noun;A1;rok
sky;Noun;A2;lucht
slave;Noun;B2;slaaf
sleep;Verb , Noun;A1, A2;slaap
slice;Noun Verb;B1;plak
slide;Verb Noun;B2;glijbaan
slight;Adjective;B2;gering
slightly;Adverb;B1;licht
slip;Verb;B2;uitglijden
slope;Noun Verb;B2;helling
slow;Adjective , Verb;A1, B1;langzaam
slowly;Adverb;A2;langzaam
small;Adjective;A1;klein
smart;Adjective;B1;slim
smartphone;Noun;A2;smartphone
smell;Verb Noun;A2;geur
smile;Verb Noun;A2;glimlach
smoke;Noun Verb;A2;rook
smoking;Noun;A2;roken
smooth;Adjective;B1;glad
snake;Noun;A1;slang
snow;Noun Verb;A1;sneeuw
so;Adverb conj.;A1;zo
soap;Noun;A2;zeep
soccer;Noun;A2;voetbal
social;Adjective;A2;sociaal
society;Noun;A2;maatschappij
sock;Noun;A2;sok
soft;Adjective;A2;zacht
software;Noun;B1;software
soil;Noun;B1;bodem
solar;Adjective;B2;zonne-
soldier;Noun;A2;soldaat
solid;Adjective Noun;B1;solide
solution;Noun;A2;oplossing
solve;Verb;A2;oplossen
some;det. proNoun;A1;sommige
somebody;proNoun;A1;iemand
someone;proNoun;A1;iemand
something;proNoun;A1;iets
sometimes;Adverb;A1;soms
somewhat;Adverb;B2;iets
somewhere;Adverb proNoun;A2;ergens
son;Noun;A1;zoon
song;Noun;A1;lied
soon;Adverb;A1;spoedig
sorry;Adjective exclam.;A1;Sorry
sort;Noun, Verb;A2, B1;soort
soul;Noun;B2;ziel
sound;Noun Verb;A1;geluid
soup;Noun;A1;soep
source;Noun;A2;bron
south;Noun Adjective Adverb;A1;zuiden
southern;Adjective;B1;zuidelijk
space;Noun;A1;ruimte
speak;Verb;A1;spreken
speaker;Noun;A2;spreker
special;Adjective;A1;speciaal
specialist;Noun Adjective;B2;specialist
species;Noun;B2;soorten
specific;Adjective;A2;specifiek
specifically;Adverb;B1;specifiek
speech;Noun;A2;toespraak
speed;Noun, Verb;A2, B2;snelheid
spell;Verb;A1;spellen
spelling;Noun;A1;spelling
spend;Verb;A1;besteden
spending;Noun;B1;uitgaven
spicy;Adjective;B1;gekruid
spider;Noun;A2;spin
spirit;Noun;B1;geest
spiritual;Adjective;B2;geestelijk
split;Verb Noun;B2;spleet
spoken;Adjective;B1;gesproken
sponsor;Verb Noun;B2;sponsor
spoon;Noun;A2;lepel
sport;Noun;A1;sport
spot;Noun, Verb;B1, B2;plek
spread;Verb , Noun;B1, B2;verspreiding
spring;Noun, Verb;A1, B1;voorjaar
square;Adjective Noun;A2;vierkant
stable;Adjective;B2;stal
stadium;Noun;B1;stadion
staff;Noun;B1;personeel
stage;Noun, Verb;A2, B2;stadium
stair;Noun;A2;trap
stamp;Noun;A2;postzegel
stand;Verb , Noun;A1, B2;stand
standard;Noun Adjective;B1;standaard-
star;Noun, Verb;A1, A2;ster
stare;Verb;B2;staren
start;Verb , Noun;A1, A2;begin
state;Noun, Adjective , v;A2, B1;staat
statement;Noun;A1;uitspraak
station;Noun;A1;station
statistic;Noun;B1;statistisch
statue;Noun;B1;standbeeld
status;Noun;B2;toestand
stay;Verb , Noun;A1, A2;blijven
steady;Adjective;B2;vast
steal;Verb;A2;stelen
steel;Noun;B2;staal
steep;Adjective;B2;steil
step;Noun, Verb;A2, B2;stap
stick (push into/attach);Verb;B1;stok (duw in / attach)
stick (piece of wood);Noun;B1;stok (stuk hout)
sticky;Adjective;B2;kleverig
stiff;Adjective;B2;stijf
still;Adverb , Adjective;A1, B1;nog steeds
stock;Noun;B2;voorraad
stomach;Noun;A2;maag
stone;Noun;A2;steen
stop;Verb Noun;A1;hou op
store;Noun, Verb;A2, B1;op te slaan
storm;Noun;A2;storm
story;Noun;A1;verhaal
straight;Adverb Adjective;A2;Rechtdoor
strange;Adjective;A2;vreemd
stranger;Noun;B1;vreemdeling
strategy;Noun;A2;strategie
stream;Noun;B2;stroom
street;Noun;A1;straat
strength;Noun;B1;kracht
stress;Noun Verb;A2;spanning
stretch;Verb Noun;B2;uitrekken
strict;Adjective;B2;streng
strike;Verb Noun;B2;staking
string;Noun;B1;draad
strong;Adjective;A1;sterk
strongly;Adverb;B1;sterk
structure;Noun, Verb;A2, B2;structuur
struggle;Verb Noun;B2;worstelen
student;Noun;A1;leerling
studio;Noun;B1;studio
study;Noun Verb;A1;studie
stuff;Noun, Verb;B1, B2;spul
stupid;Adjective;A2;dom
style;Noun;A1;stijl
subject;Noun, Adjective;A1, B2;onderwerpen
submit;Verb;B2;voorleggen
substance;Noun;B1;stof
succeed;Verb;A2;slagen
success;Noun;A1;succes
successful;Adjective;A2;geslaagd
successfully;Adverb;B1;met succes
such;det./proNoun;A2;zodanig
sudden;Adjective;B1;plotseling
suddenly;Adverb;A2;plotseling
suffer;Verb;B1;lijden
sugar;Noun;A1;suiker
suggest;Verb;A2;stel voor
suggestion;Noun;A2;suggestie
suit;Noun, Verb;A2, B1;pak
suitable;Adjective;B1;geschikt
sum;Noun Verb;B2;som
summarize;Verb;B1;samenvatten
summary;Noun;B1;overzicht
summer;Noun;A1;zomer
sun;Noun;A1;zon
Sunday;Noun;A1;zondag
supermarket;Noun;A1;supermarkt
supply;Noun Verb;B1;levering
support;Verb Noun;A2;ondersteuning
supporter;Noun;B1;supporter
suppose;Verb;A2;veronderstellen
sure;Adjective , Adverb;A1, A2;zeker
surely;Adverb;B1;zeker
surface;Noun;B1;oppervlakte
surgery;Noun;B2;chirurgie
surprise;Noun Verb;A2;verrassing
surprised;Adjective;A2;verrast
surprising;Adjective;A2;verrassend
surround;Verb;B2;omringen
surrounding;Adjective;B2;nabijgelegen
survey;Noun, Verb;A2, B2;enquête
survive;Verb;B1;overleven
suspect;Verb Noun;B2;verdachte
swear;Verb;B2;zweer
sweater;Noun;A1;trui
sweep;Verb;B2;vegen
sweet;Adjective Noun;A2;zoet
swim;Verb , Noun;A1, B1;zwemmen
swimming;Noun;A1;zwemmen
switch;Verb , Noun;B1, B2;schakelaar
symbol;Noun;A2;symbool
sympathy;Noun;B2;sympathie
symptom;Noun;B1;symptoom
system;Noun;A2;systeem
table;Noun;A1;tafel
tablet;Noun;A2;tablet
tail;Noun;B1;staart
take;Verb;A1;nemen
tale;Noun;B2;verhaal
talent;Noun;B1;talent
talented;Adjective;B1;getalenteerd
talk;Verb , Noun;A1, A2;praten
tall;Adjective;A1;hoog
tank;Noun;B2;tank
tape;Noun;B1;plakband
target;Noun, Verb;A2, B2;doelwit
task;Noun;A2;taak
taste;Noun Verb;A2;smaak
tax;Noun Verb;B1;belasting
taxi;Noun;A1;taxi
tea;Noun;A1;thee
teach;Verb;A1;onderwijzen
teacher;Noun;A1;leraar
teaching;Noun;A2;onderwijs
team;Noun;A1;team
tear1;Verb Noun;B2;tear1
tear2;Noun;B2;tear2
technical;Adjective;B1;technisch
technique;Noun;B1;techniek
technology;Noun;A2;technologie
teenage;Adjective;A2;tiener-
teenager;Noun;A1;tiener
telephone;Noun Verb;A1;telefoon
television;Noun;A1;televisie
tell;Verb;A1;vertellen
temperature;Noun;A2;temperatuur
temporary;Adjective;B2;tijdelijk
ten;number;A1;tien
tend;Verb;B1;de neiging hebben
tennis;Noun;A1;tennis
tent;Noun;B1;tent
term;Noun, Verb;A2, B2;termijn
terrible;Adjective;A1;vreselijk
test;Noun Verb;A1;test
text;Noun, Verb;A1, A2;tekst
than;conj.;A1;dan
thank;Verb;A1;bedanken
thanks;exclam. Noun;A1;bedankt
that;det. proNoun conj., Adverb;A1, B1;dat
the;definite article;A1;de
theatre;Noun;A1;theater
their;det.;A1;hun
theirs;proNoun;B1;van hen
them;proNoun;A1;hen
theme;Noun;B1;thema
themselves;proNoun;A2;zich
then;Adverb;A1;vervolgens
theory;Noun;B1;theorie
therapy;Noun;B2;behandeling
there;Adverb;A1;Daar
therefore;Adverb;B1;daarom
they;proNoun;A1;ze
thick;Adjective;A2;dik
thief;Noun;A2;dief
thin;Adjective;A2;dun
thing;Noun;A1;ding
think;Verb;A1;denken
thinking;Noun;A2;denken
third;number, Noun;A1, A2;derde
thirsty;Adjective;A1;dorstig
thirteen;number;A1;dertien
thirty;number;A1;dertig
this;det./proNoun, Adverb;A1, B1;dit
though;conj. Adverb;B1;hoewel
thought;Noun;A2;gedachte
thousand;number;A1;duizend
threat;Noun;B2;bedreiging
threaten;Verb;B2;dreigen
three;number;A1;drie
throat;Noun;B1;keel
through;prep. Adverb;A1;door
throughout;prep./Adverb;B1;gedurende
throw;Verb;A2;werpen
Thursday;Noun;A1;donderdag
thus;Adverb;B2;dus
ticket;Noun;A1;ticket
tidy;Adjective v;A2;ordelijk
tie;Verb Noun;A2;stropdas
tight;Adjective;B1;strak
till;conj./prep.;B1;tot
time;Noun, Verb;A1, B2;tijd
tin;Noun;B1;blik
tiny;Adjective;B1;klein
tip;Noun, Verb;A2, B1;tip
tired;Adjective;A1;moe
title;Noun;A1, B2;titel
to;prep., infinitive marker;A1;naar
today;Adverb Noun;A1;vandaag
toe;Noun;B1;teen
together;Adverb;A1;samen
toilet;Noun;A1;toilet
tomato;Noun;A1;tomaat
tomorrow;Adverb Noun;A1;morgen
tone;Noun;B2;toon
tongue;Noun;B1;tong
tonight;Adverb n;A1;vanavond
too;Adverb;A1;te
tool;Noun;A2;gereedschap
tooth;Noun;A1;tand
top;Noun, Adjective;A2;top
topic;Noun;A1;onderwerp
total;Adjective Noun;B1;totaal
totally;Adverb;B1;helemaal
touch;Verb , Noun;A2, B1;tintje
tough;Adjective;B2;taai
tour;Noun, Verb;A2, B1;tour
tourism;Noun;A2;toerisme
tourist;Noun;A1;toerist
towards;prep.;A2;naar
towel;Noun;A2;handdoek
tower;Noun;A2;toren
town;Noun;A1;stad-
toy;Noun, Adjective;A2;speelgoed-
track;Noun, Verb;A2, B2;bijhouden
trade;Noun, Verb;B1;handel
tradition;Noun;A2;traditie
traditional;Adjective;A2;traditioneel
traffic;Noun;A1;verkeer
train;Noun, Verb;A1, A2;trein
trainer;Noun;A2;trainer
training;Noun;A2;opleiding
transfer;Verb Noun;B2;overdracht
transform;Verb;B2;transformeren
transition;Noun;B2;overgang
translate;Verb;B1;vertalen
translation;Noun;B1;vertaling
transport;Noun, Verb;A2, B1;vervoer
travel;Verb Noun;A1;reizen
traveller;Noun;A2;reiziger
treat;Verb;B1;traktatie
treatment;Noun;B1;behandeling
tree;Noun;A1;boom
trend;Noun;B1;neiging
trial;Noun;B2;proces
trick;Noun Verb;B1;truc
trip;Noun, Verb;A1, B2;reis
tropical;Adjective;B2;tropisch
trouble;Noun, Verb;A2, B2;probleem
trousers;Noun;A1;broek
truck;Noun;A2;vrachtwagen
TRUE;Adjective;A1;TRUE
truly;Adverb;B2;werkelijk
trust;Noun Verb;B2;vertrouwen
truth;Noun;B1;waarheid
try;Verb , Noun;A1, B2;proberen
T-shirt;Noun;A1;t-shirt
tube;Noun;B1;buis
Tuesday;Noun;A1;dinsdag
tune;Noun;B2;afstemmen
tunnel;Noun;B2;tunnel
turn;Verb Noun;A1;beurt
TV;Noun;A1;TV
twelve;number;A1;twaalf
twenty;number;A1;twintig
twice;Adverb;A1;tweemaal
twin;Noun Adjective;A2;tweeling
two;number;A1;twee
type;Noun, Verb;A1, B1;type
typical;Adjective;A2;typisch
typically;Adverb;B1;typisch
tyre;Noun;B1;band
ugly;Adjective;B1;lelijk
ultimately;Adverb;B2;tenslotte
umbrella;Noun;A1;paraplu
unable;Adjective;B1;niet in staat
uncle;Noun;A1;oom
uncomfortable;Adjective;B1;ongemakkelijk
unconscious;Adjective;B2;bewusteloos
under;prep. Adj;A1;onder
underground;Adjective Adverb;A2;ondergronds
understand;Verb;A1;begrijpen
understanding;Noun;A2;begrip
underwear;Noun;B1;ondergoed
unemployed;Adjective;B1;werkloos
unemployment;Noun;B1;werkloosheid
unexpected;Adjective;B2;niet verwacht
unfair;Adjective;B1;oneerlijk
unfortunately;Adverb;A2;helaas
unhappy;Adjective;A2;ongelukkig
uniform;Noun;A2;uniform
union;Noun;B1;unie
unique;Adjective;B2;uniek
unit;Noun;A2;eenheid
united;Adjective;A2;Verenigde
universe;Noun;B2;universum
university;Noun;A1;Universiteit
unknown;Adjective;B2;onbekend
unless;conj.;B1;tenzij
unlike;prep.;B1;in tegenstelling tot
unlikely;Adjective;B1;onwaarschijnlijk
unnecessary;Adjective;B1;onnodig
unpleasant;Adjective;B1;onplezierig
until;conj./prep.;A1;tot
unusual;Adjective;A2;ongebruikelijk
up;Adverb proNoun;A1;omhoog
update;Verb Noun;B1;bijwerken
upon;prep.;B1;op
upper;Adjective;B2;bovenste
upset;Adjective v;B1;van streek
upstairs;Adverb , Adjective;A1, A2;boven
upwards;Adverb;B2;omhoog
urban;Adjective;B2;stedelijk
urge;Verb;B2;drang
us;proNoun;A1;ons
use;Verb , Noun;A1, A2;gebruik
used;Adjective;B1;gebruikt
used to;modal Verb;A2;gewend om
useful;Adjective;A1;nuttig
user;Noun;A2;gebruiker
usual;Adjective;A2;gebruikelijk
usually;Adverb;A1;doorgaans
vacation;Noun;A1;vakantie
valley;Noun;A2;vallei
valuable;Adjective;B1;waardevol
value;Noun, Verb;B1, B2;waarde
van;Noun;A2;busje
variety;Noun;A2;verscheidenheid
various;Adjective;B1;divers
vary;Verb;B2;variëren
vast;Adjective;B2;groot
vegetable;Noun;A1;groente
vehicle;Noun;A2;voertuig
venue;Noun;B2;evenementenlocatie
version;Noun;B1;versie
very;Adverb , Adjective;A1, B1;heel
via;prep.;B2;via
victim;Noun;B1;slachtoffer
victory;Noun;B2;zege
video;Noun;A1;video
view;Noun, Verb;A2,;visie
viewer;Noun;B1;viewer
village;Noun;A1;dorp
violence;Noun;B2;geweld
violent;Adjective;B1;gewelddadig
virtual;Adjective;B2;virtueel
virus;Noun;A2;virus
vision;Noun;B2;visie
visit;Verb Noun;A1;bezoek
visitor;Noun;A1;bezoeker
visual;Adjective;B2;zichtbaar
vital;Adjective;B2;vitaal
vitamin;Noun;B2;vitamine
voice;Noun;A2;stem
volume;Noun;B2;volume
volunteer;Noun Verb;B1;vrijwilliger
vote;Noun Verb;B1;stemmen
wage;Noun;B2;salaris
wait;Verb , Noun;A1, A2;wacht
waiter;Noun;A1;ober
wake;Verb;A1;wake
walk;Verb Noun;A1;wandelen
wall;Noun;A1;muur
want;Verb;A1;willen
war;Noun;A2;oorlog
warm;Adjective , v;A1, B1;warm
warn;Verb;B1;waarschuwen
warning;Noun;B1;waarschuwing
wash;Verb , Noun;A1, A2;wassen
washing;Noun;A2;het wassen
waste;Noun v, Adjective;B1;verspilling
watch;Verb Noun;A1;kijk maar
water;Noun, Verb;A1, B1;water
wave;Noun;A2, B1;Golf
way;Noun;A1, B2;manier
we;proNoun;A1;wij
weak;Adjective;A2;zwak
weakness;Noun;B2;zwakheid
wealth;Noun;B2;rijkdom
wealthy;Adjective;B2;rijk
weapon;Noun;B1;wapen
wear;Verb;A1;slijtage
weather;Noun;A1;weer
web;Noun;A2;web
website;Noun;A1;website
wedding;Noun;A2;bruiloft
Wednesday;Noun;A1;woensdag
week;Noun;A1;week
weekend;Noun;A1;weekend
weigh;Verb;B1;wegen
weight;Noun;A2;gewicht
welcome;exclam. Verb Adjective , n;A1, A2;Welkom
well;Adverb , Adjective , exclam.;A1;goed
west;Noun Adjective Adverb;A1;westen
western;Adjective;B1;western
wet;Adjective;A2;nat
what;proNoun/det.;A1;wat
whatever;det./proNoun;B1;wat dan ook
wheel;Noun;A2;wiel
when;Adverb proNounconj.;A1;wanneer
whenever;conj.;B1;telkens als
where;Adverb conj.;A1;waar
whereas;conj.;B2;terwijl
wherever;conj.;B2;waar dan ook
whether;conj.;B1;of
which;proNoun/det.;A1;welke
while;conj., Noun;A2, B1;terwijl
whisper;Verb Noun;B2;fluisteren
white;Adjective Noun;A1;wit
who;proNoun;A1;WHO
whole;Adjective , n;A2, B1;geheel
whom;proNoun;B2;wie
whose;det./proNoun;A2;van wie
why;Adverb;A1;waarom
wide;Adjective;A2;breed
widely;Adverb;B2;wijd
wife;Noun;A1;vrouw
wild;Adjective;A2;wild
wildlife;Noun;B2;dieren in het wild
will;modal, Noun Verb;A1,;zullen
willing;Adjective;B2;gewillig
win;Verb , Noun;A1, B1;winnen
wind1;Noun;A2;wind1
wind2;Verb;B2;wind2
window;Noun;A1;venster
wine;Noun;A1;wijn
wing;Noun;B1;vleugel
winner;Noun;A2;winnaar
winter;Noun;A1;winter
wire;Noun;B2;draad
wise;Adjective;B2;wijs
wish;Verb Noun;A2;wens
with;prep.;A1;met
within;prep.;B1;binnen
without;prep.;A1;zonder
witness;Noun Verb;B2;getuige
woman;Noun;A1;vrouw
wonder;Verb Noun;B1;zich afvragen
wonderful;Adjective;A1;prachtig
wood;Noun;A2;hout
wooden;Adjective;A2;houten
wool;Noun;B1;wol
word;Noun;A1;woord
work;Verb Noun;A1;werk
worker;Noun;A1;arbeider
working;Adjective;A2;werken
world;Noun;A1;wereld
worldwide;Adjective Adverb;B1;wereldwijd
worried;Adjective;A2;bezorgd
worry;Verb Noun;A2, B1;zich zorgen maken
worse;Adjective, AdVerb Noun;A2,B1, B2;erger
worst;Adjective, AdVerb;A2,B1, B2;slechtst
worth;Adjective, Noun;B1, B2;waard
would;modal, Verb;A1;Zou
wound;Noun Verb;B2;wond
wow;exclam.;A2;Wauw
wrap;Verv;B2;inpakken
write;Verb;A1;schrijven
writer;Noun;A1;auteur
writing;Noun;A1;schrijven
written;Adjective;B1;geschreven
wrong;Adjective, AdVerb Noun;A1, B1, B2;mis
yard;Noun;B1;werf
yeah;exclam.;A1;Ja
year;Noun;A1;jaar
yellow;Adjective, Noun;A1;geel
yes;exclam.;A1;Ja
yesterday;AdVerb Noun;A1;gisteren
yet;AdVerb conj.;A2, B2;nog
you;proNoun;A1;u
young;Adjective, Noun;A1, B1;jong
your;det.;A1;uw
yours;proNoun;A2;de jouwe
yourself;proNoun;A1;jezelf
youth;Noun;B1;jeugd
zero;number;A2;nul
zone;Noun;B2;zone
