a, an;indefinite, article;A1;a, an
abandon;Verb;B2;luopua
ability;Noun;A2;kyky
able;Adjective;A2;pystyä
about;prep. Adverb;A1;noin
above;prep. Adverb;A1;edellä
abroad;Adverb;A2;ulkomailla
absolute;Adjective;B2;absoluuttinen
absolutely;Adverb;B1;ehdottomasti
academic;adj, Noun;B1, B2;akateeminen
accept;Verb;A2;hyväksyä
acceptable;Adjective;B2;hyväksyttävä
access;Noun Verb;B1;pääsy
accident;Noun;A2;onnettomuus
accommodation;Noun;B1;majoitus
accompany;Verb;B2;seurata
according to;prep.;A2;mukaan
account;Noun Verb;B1, B2;tili
accurate;Adjective;B2;tarkka
accuse;Verb;B2;moittia
achieve;Verb;A2;saavuttaa
achievement;Noun;B1;saavutus
acknowledge;Verb;B2;tunnustaa
acquire;Verb;B2;hankkia
across;prep. Adverb;A1;poikki
act;Verb Noun;A2,B1;toimia
action;Noun;A1;toiminta
active;Adjective;A2;aktiivinen
activity;Noun;A1;toiminta
actor;Noun;A1;näyttelijä
actress;Noun;A1;näyttelijä
actual;Adjective;B2;todellinen
actually;Adverb;A2;itse asiassa
ad;Noun;B1;ilmoitus
adapt;Verb;B2;sopeuttaa
add;Verb;A1;lisätä
addition;Noun;B1;lisäys
additional;Adjective;B2;lisä-
address;Noun Verb;A1,B2;osoite
administration;Noun;B2;antaminen
admire;Verb;B1;ihailla
admit;Verb;B1;myöntää
adopt;Verb;B2;hyväksyä
adult;Noun adj;A1,A2;aikuinen
Advance;Noun Verb adj;B2;Advance
Advanced;Adjective;B1;Pitkälle kehittynyt
Advantage;Noun;A2;Etu
Adventure;Noun;A2;Seikkailu
Advertise;Verb;A2;Mainostaa
Advertisement;Noun;A2;Mainos
Advertising;Noun;A2;Mainonta
Advice;Noun Verb;A1, B1;neuvot
affair;Noun;B2;asia
affect;Verb;A2;vaikuttaa
afford;Verb;B1;olla varaa
afraid;Adjective;A1;peloissaan
after;prep. conj. Adverb;A1,A2;jälkeen
afternoon;Noun;A1;iltapäivällä
afterwards;Adverb;B2;jälkeenpäin
again;Adverb;A1;uudelleen
against;prep;A2;vastaan
age;Noun Verb;A1, B1;ikä
aged;Adjective;B1;ikäinen
agency;Noun;B2;virasto
agenda;Noun;B2;esityslista
agent;Noun;B1;agentti
aggressive;Adjective;B2;aggressiivinen
ago;Adverb;A1;sitten
agree;Verb;A1;olla samaa mieltä
agreement;Noun;B1;sopimus
ah;exclam.;A2;Ah
ahead;Adverb;B1;eteenpäin
aid;Noun Verb;B2;apu
aim;Verb Noun;B1;tavoite
air;Noun;A1;ilma
aircraft;Noun;B2;ilma-alus
airline;Noun;A2;lentoyhtiö
airport;Noun;A1;lentokenttä
alarm;Noun Verb;B1, B2;hälytys
album;Noun;B1;albumi
alcohol;Noun;B1;alkoholi
alcoholic;Adjective;B1;alkoholisti
alive;Adjective;A2;elossa
all;det. pron, Adverb;A1, A2;kaikki
all right;Adjective, Adverb exclam;A2;selvä
allow;Verb;A2;sallia
almost;Adverb;A2;melkein
alone;Adjective, Adverb;A2;yksin
along;prep. Adverb;A2;pitkin
already;Adverb;A2;jo
also;Adverb;A1;myös
alter;Verb;B2;muuttaa
alternative;Noun Adjective;A2, B1;vaihtoehto
although;conj;A2;siitä huolimatta
always;Adverb;A1;aina
amazed;Adjective;B1;hämmästynyt
amazing;Adjective;A1;hämmästyttävä
ambition;Noun;B1;kunnianhimo
ambitious;Adjective;B1;kunnianhimoinen
among;prep.;A2;keskuudessa
amount;Noun Verb;A2, B2;määrä
analyse;Verb;B1;analysoida
analysis;Noun;B1;analyysi
ancient;Adjective;A2;muinainen
and;conj;A1;ja
anger;Noun;B2;suututtaa
angle;Noun;B2;kulma
angry;Adjective;A1;vihainen
animal;Noun;A1;eläin
ankle;Noun;A2;nilkka
anniversary;Noun;B2;vuosipäivä
announce;Verb;B1;ilmoittaa
announcement;Noun;B1;ilmoitus
annoy;Verb;B1;ärsyttää
annoyed;Adjective;B1;vihainen
annoying;Adjective;B1;ärsyttävä
annual;Adjective;B2;vuotuinen
another;det. proNoun;A1;toinen
answer;Noun Verb;A1;vastaus
anxious;Adjective;B2;ahdistunut
any;det. proNoun, Adverb;A1, A2;minkä tahansa
anybody;pron;A2;kukaan
any more;Adverb;A2;enää
anyone;pron;A1;kukaan
anything;pron;A1;mitä tahansa
anyway;Adverb;A2;joka tapauksessa
anywhere;AdVerb proNoun;A2;missä tahansa
apart;Adverb;B1;erilleen
apartment;Noun;A1;huoneisto
apologize;Verb;B1;pyydä anteeksi
app;Noun;A2;sovellus
apparent;Adjective;B2;näennäinen
apparently;Adverb;B2;ilmeisesti
appeal;Noun Verb;B2;vetoomus
appear;Verb;A2;ilmestyä
appearance;Noun;A2;ulkomuoto
apple;Noun;A1;omena
application;Noun;B1;hakemus
apply;Verb;A2;Käytä
appointment;Noun;B1;nimittäminen
appreciate;Verb;B1;arvostaa
approach;Noun Verb;B2;lähestyä
appropriate;Adjective;B2;sopiva
approval;Noun;B2;hyväksyminen
approve;Verb;B2;hyväksyä
approximately;Adverb;B1;suunnilleen
April;Noun;A1;huhtikuu
architect;Noun;A2;arkkitehti
architecture;Noun;A2;arkkitehtuuri
area;Noun;A1;alue
argue;Verb;A2;väitellä
argument;Noun;A2;Perustelu
arise;Verb;B2;nousta
arm;Noun;A1;arm
armed;Adjective;B2;aseistettu
arms;Noun;B2;aseet
army;Noun;A2;armeija
around;prep. Adverb;A1;noin
arrange;Verb;A2;järjestää
arrangement;Noun;A2;järjestely
arrest;Verb Noun;B1;pidätys
arrival;Noun;B1;saapuminen
arrive;Verb;A1;saapua
art;Noun;A1;taide
article;Noun;A1;artikla
artificial;Adjective;B2;keinotekoinen
artist;Noun;A1;taiteilija
artistic;Adjective;B2;taiteellinen
as;prep., Adverb conj.;A1, A2;kuten
ashamed;Adjective;B2;häpeissään
asleep;Adjective;A2;unessa
ask;Verb;A1;kysyä
aspect;Noun;B2;näkökohta
assess;Verb;B2;arvioida
assessment;Noun;B2;arviointi
assignment;Noun;B1;toimeksianto
assist;Verb;B1;avustaa
assistant;Noun Adjective;A2;avustaja
associate;Verb;B2;kumppani
associated;Adjective;B2;liittyvien
association;Noun;B2;yhdistys
assume;Verb;B2;olettaa
at;prep.;A1;at
athlete;Noun;A2;urheilija
atmosphere;Noun;B1;ilmapiiri
attach;Verb;B1;liittää
attack;Noun Verb;A2;hyökkäys
attempt;Noun Verb;B2;yrittää
attend;Verb;A2;Osallistu
attention;Noun exclam.;A2;huomio
attitude;Noun;B1;asenne
attract;Verb;B1;vetää puoleensa
attraction;Noun;B1;vetovoima
attractive;Adjective;A2;viehättävä
audience;Noun;A2;yleisö
August;Noun;A1;elokuu
aunt;Noun;A1;täti
author;Noun;A2;kirjailija
authority;Noun;B1;auktoriteetti
autumn;Noun;A1;syksy
available;Adjective;A2;saatavilla
average;Adjective, Noun Verb;A2, B1;keskiverto
avoid;Verb;A2;välttää
award;Noun Verb;A2, B1;myöntää
aware;Adjective;B1;tietoinen
away;Adverb;A1;pois
awful;Adjective;A2;hirveä
baby;Noun;A1;vauva
back;Noun AdVerb Adjective, Verb;A1, A2, B2;takaisin
background;Noun;A2;tausta
backwards;Adverb;B1;taaksepäin
bacteria;Noun;B2;bakteerit
bad;Adjective;A1;huono
badly;Adverb;A2;huonosti
bag;Noun;A1;laukku
bake;Verb;B1;leipoa
balance;Noun Verb;B1;saldo
ball;Noun;A1;pallo
ban;Verb Noun;B1;kieltää
banana;Noun;A1;banaani
band;Noun;A1;bändi
bank (money);Noun;A1;pankki (rahaa)
bank (river);Noun;B1;pankki (joki)
bar;Noun Verb;A2, B2;baari
barrier;Noun;B2;este
base;Noun Verb;B1;pohja
baseball;Noun;A2;baseball
based;Adjective;A2;perustuu
basketball;Noun;A2;koripallo
basic;Adjective;B1;perustiedot
basically;Adverb;B2;pohjimmiltaan
basis;Noun;B1;perusta
bath;Noun;A1;kylpy
bathroom;Noun;A1;kylpyhuone
battery;Noun;B1;akku
battle;Noun Verb;B1, B2;taistelu
be;Verb auxiliary Verb;A1;olla
beach;Noun;A1;ranta
bean;Noun;A2;papu
bear (deal with);Verb;B2;Karhu (käsitellä)
bear (animal);Noun;A2;Karhu (eläin)
beat;Verb Noun;A2, B2;lyödä
beautiful;Adjective;A1;kaunis
beauty;Noun;B1;kauneus
because;conj.;A1;koska
become;Verb;A1;tulla
bed;Noun;A1;sänky
bedroom;Noun;A1;makuuhuone
bee;Noun;B1;mehiläinen
beef;Noun;A2;naudanliha
beer;Noun;A1;olut
before;prep., conj. Adverb;A1, A2;ennen
beg;Verb;B2;kerjätä
begin;Verb;A1;alkaa
beginning;Noun;A1;alku
behave;Verb;A2;käyttäytyä
behaviour;Noun;A2;käytös
behind;prep. Adverb;A1;takana
being;Noun;B2;olento
belief;Noun;B1;uskomus
believe;Verb;A1;uskoa
bell;Noun;B1;soittokello
belong;Verb;A2;kuulua
below;Adverb prep.;A1;alla
belt;Noun;A2;vyö
bend;Verb Noun;B1;mutka
benefit;Verb NouNoun;A2, B1;hyöty
bent;Adjective;B2;taipunut
best;Adjective, AdVerb Noun;A1, A2;parhaat
bet;Verb Noun;B2;veto
better;Adjective , Adverb , Noun;A1, A2, B1;paremmin
between;prep., Adverb;A1, A2;välillä
beyond;prep. Adverb;B2;ulkopuolella
bicycle;Noun;A1;polkupyörä
big;Adjective;A1;iso
bike;Noun;A1;pyörä
bill;Noun Verb;A1, B2;laskuttaa
billion number; ;A2;miljardia numero
bin;Noun;A2;astia
biology;Noun;A2;biologia
bird;Noun;A1;lintu
birth;Noun;A2;syntymä
birthday;Noun;A1;syntymäpäivä
biscuit;Noun;A2;keksi
bit;Noun;A2;bitti
bite;Verb Noun;B1;purra
bitter;Adjective;B2;katkera
black;Adjective, Noun;A1;musta
blame;Verb Noun;B2;syyttää
blank;Adjective, Noun;A2;tyhjä
blind;Adjective;B2;sokea
block;Noun Verb;B1;lohko
blog;Noun;A1;blogi
blonde;Adjective;A1;vaalea
blood;Noun;A2;veri
blow;Verb;A2;isku
blue;Adjective, Noun;A1;sininen
board;Noun Verb;A2, B1;lauta
boat;Noun;A1;vene
body;Noun;A1;ruumis
boil;Verb;A2;kiehua
bomb;Noun Verb;B1;pommi
bond;Noun;B2;side
bone;Noun;A2;luu
book;Noun Verb;A1, A2;kirja
boot;Noun;A1;saapas
border;Noun Verb;B1, B2;reunus
bored;Adjective;A1;tylsistynyt
boring;Adjective;A1;tylsä
born;Verb;A1;syntynyt
borrow;Verb;A2;lainata
boss;Noun;A2;pomo
both;det./proNoun;A1;molemmat
bother;Verb;B1;vaivautua
bottle;Noun;A1;pullo
bottom;NouNoun Adjective;A2;pohja
bowl;Noun;A2;kulho
box;Noun;A1;laatikko
boy;Noun;A1;poika
boyfriend;Noun;A1;poikaystävä
brain;Noun;A2;aivot
branch;Noun;B1;haara
brand;Noun Verb;B1;brändi
brave;Adjective;B1;urhea
bread;Noun;A1;leipä
break;Verb Noun;A1;tauko
breakfast;Noun;A1;aamiainen
breast;Noun;B2;rinta
breath;Noun;B1;hengitys
breathe;Verb;B1;hengittää
breathing;Noun;B1;hengittäminen
bride;Noun;B1;morsian
bridge;Noun;A2;silta
brief;Adjective;B2;lyhyt
bright;Adjective;A2;kirkas
brilliant;Adjective;A2;loistava
bring;Verb;A1;tuoda
broad;Adjective;B2;laaja
broadcast;Verb Noun;B2;lähettää
broken;Adjective;A2;rikki
brother;Noun;A1;veli
brown;Adjective, Noun;A1;ruskea
brush;Verb Noun;A2;harjata
bubble;Noun;B1;kupla
budget;Noun;B2;talousarvio
build;Verb;A1;rakentaa
building;Noun;A1;rakennus
bullet;Noun;B2;luoti
bunch;Noun;B2;kimppu
burn;Verb Noun;A2, B2;polttaa
bury;Verb;B1;haudata
bus;Noun;A1;bussi
bush;Noun;B2;Puska
business;Noun;A1;liiketoiminta
businessman;Noun;A2;liikemies
busy;Adjective;A1;kiireinen
but;conj. prep;A1, B2;mutta
butter;Noun;A1;voi
button;Noun;A2;nappi
buy;Verb;A1;ostaa
by;prep. Adverb;A1, B1;mennessä
bye;exclam;A1;Hei hei
cable;Noun;B2;kaapeli
cafe;Noun;A1;kahvila
cake;Noun;A1;kakku
calculate;Verb;B2;laskea
call;Verb Noun;A1;soittaa puhelimella
calm;Adjective Verb Noun;B1;rauhoittaa
camera;Noun;A1;kamera
camp;Noun Verb;A2;leiri
campaign;Noun Verb;B1;kampanja
camping;Noun;A2;telttailu
campus;Noun;B1;kampus
can1;modal Verb;A1;CAN1
can2;Noun;A2;CAN2
cancel;Verb;B2;peruuttaa
cancer;Noun;B2;syöpä
candidate;Noun;B1;ehdokas
cannot;Verb;A1;ei voi
cap;Noun;B1;korkki
capable;Adjective;B2;kykenevä
capacity;Noun;B2;kapasiteetti
capital;Noun Adjective;A1;iso alkukirjain
captain;Noun;B1;kapteeni
capture;Verb Noun;B2;kaapata
car;Noun;A1;auto
card;Noun;A1;kortti-
care;Noun Verb;A2;hoito
career;Noun;A1;ura
careful;Adjective;A2;varovainen
carefully;Adverb;A2;huolellisesti
careless;Adjective;B1;varomaton
carpet;Noun;A2;matto
carrot;Noun;A1;porkkana
carry;Verb;A1;carry
cartoon;Noun;A2;sarjakuva
case;Noun;A2;tapaus
cash;Noun;A2;Käteinen raha
cast;Noun Verb;B2;heittää
castle;Noun;A2;linna
cat;Noun;A1;kissa
catch;Verb Noun;A2, B2;saada kiinni
category;Noun;B1;kategoria
cause;Noun Verb;A2;syy
CD;Noun;A1;CD
ceiling;Noun;B1;katto
celebrate;Verb;A2;juhlia
celebration;Noun;B1;juhla
celebrity;Noun;A2;julkkis
cell;Noun;B2;solu
cent;Noun;A1;sentti
central;Adjective;B1;keskus-
centre;Noun Verb;A1, B1;keskusta
century;Noun;A1;vuosisata
ceremony;Noun;B1;seremonia
certain;Adjective;A2;tietty
certainly;Adverb;A2;varmasti
chain;Noun Verb;B1, B2;ketju
chair;Noun Verb;A1, B2;tuoli
chairman;Noun;B2;puheenjohtaja
challenge;Noun Verb;B1, B2;haaste
champion;Noun;B1;mestari
chance;Noun;A2;mahdollisuus
change;Verb Noun;A1;muuttaa
channel;Noun;B1;kanava
chapter;Noun;B1;luku
character;Noun;A2;merkki
characteristic;Noun Adjective;B2;luonteenomainen
charge;Noun Verb;B1;maksu
charity;Noun;A2;hyväntekeväisyys
chart;Noun Verb;A1, B2;kartoittaa
chat;Verb Noun;A2;jutella
cheap;Adjective , Adverb;A1, B1;halpa
cheat;Verb Noun;B1;huijata
check;Verb Noun;A1, A2;tarkistaa
chef;Noun;A2;kokki
cheerful;Adjective;B1;iloinen
cheese;Noun;A1;juusto
chemical;Adjective, Noun;B1;kemiallinen
chemistry;Noun;A2;kemia
chest;Noun;B1;rinta
chicken;Noun;A1;kana
chief;Adjective, Noun;B2;päällikkö
child;Noun;A1;lapsi
childhood;Noun;B1;lapsuus
chip;Noun;A2;siru
chocolate;Noun;A1;suklaa
choice;Noun;A2;valinta
choose;Verb;A1;valita
church;Noun;A2;kirkko
cigarette;Noun;A2;savuke
cinema;Noun;A1;elokuva
circle;Noun Verb;A2;ympyrä
circumstance;Noun;B2;seikka
cite;Verb;B2;siteerata
citizen;Noun;B2;kansalainen
city;Noun;A1;kaupunki
civil;Adjective;B2;siviili-
claim;Verb Noun;B1;vaatimus
class;Noun;A1;luokka
classic;Adjective, Noun;B2;klassinen
classical;Adjective;A2;klassinen
classroom;Noun;A1;luokkahuone
clause;Noun;B1;lauseke
clean;Adjective, Verb;A1;puhdistaa
clear;Adjective, Verb;A2, B1;asia selvä
clearly;Adverb;A2;selvästi
clever;Adjective;A2;taitava
click;Verb Noun;B1;klikkaus
client;Noun;B1;asiakas
climate;Noun;A2;ilmasto
climb;Verb Noun;A1, B1;kiivetä
clock;Noun;A1;kello
close1;Verb Noun;A1, B2;close1
close2;Adjective , Adverb;A2, B1;Close2
closed;Adjective;A2;suljettu
closely;Adverb;B2;tarkasti
cloth;Noun;B1;kangas
clothes;Noun;A1;vaatteet
clothing;Noun;A2;vaatetus
cloud;Noun;A2;pilvi
club;Noun;A1;klubi
clue;Noun;B1;vihje
coach;Noun Verb;A2, B1;valmentaja
coal;Noun;B1;kivihiili
coast;Noun;A2;rannikko
coat;Noun;A1;takki
code;Noun;A2;koodi
coffee;Noun;A1;kahvi
coin;Noun;B1;kolikko
cold;Adjective Noun;A1;kylmä
collapse;Verb Noun;B2;romahdus
colleague;Noun;A2;kollega
collect;Verb;A2;kerätä
collection;Noun;B1;kokoelma
college;Noun;A1;college
colour;Noun;A1;väri
coloured;Adjective;B1;värillinen
column;Noun;A2;sarake
combination;Noun;B2;yhdistelmä
combine;Verb;B1;yhdistää
come;Verb;A1;tulla
comedy;Noun;A2;komedia
comfort;Noun Verb;B2;mukavuus
comfortable;Adjective;A2;mukava
command;Noun Verb;B2;komento
comment;Noun Verb;A2, B1;kommentti
commercial;Adjective Noun;B1;kaupallinen
commission;Noun Verb;B2;komissio
commit;Verb;B1;tehdä
commitment;Noun;B2;sitoutuminen
committee;Noun;B2;komitea
common;Adjective Noun;A1;yhteinen
commonly;Adverb;B2;yleisesti
communicate;Verb;A2;tiedottaa
communication;Noun;B1;viestintä
community;Noun;A2;Yhteisö
company;Noun;A1;yhtiö
compare;Verb;A1;vertailla
comparison;Noun;B1;vertailu
compete;Verb;A2;kilpailla
competition;Noun;A2;kilpailu
competitor;Noun;B1;kilpailija
competitive;Adjective;B1;kilpailukykyinen
complain;Verb;A2;kannella
complaint;Noun;B1;valitus
complete;Adjective Verb;A1;saattaa loppuun
completely;Adverb;A2;täysin
complex;Adjective, Noun;B1, B2;monimutkainen
complicated;Adjective;B2;monimutkainen
component;Noun;B2;komponentti
computer;Noun;A1;tietokone
concentrate;Verb;B1;Keskity
concentration;Noun;B2;keskittyminen
concept;Noun;B2;konsepti
concern;Noun Verb;B2;koskea
concerned;Adjective;B2;huolestunut
concert;Noun;A1;konsertti
conclude;Verb;B1;solmia
conclusion;Noun;B1;johtopäätös
condition;Noun;A2;kunto
conduct;Verb Noun;B2;käytös
conference;Noun;A2;konferenssi
confidence;Noun;B2;luottamus
confident;Adjective;B1;luottavainen
confirm;Verb;B1;vahvistaa
conflict;Noun Verb;B2;konflikti
confuse;Verb;B1;sekoittaa
confused;Adjective;B1;hämmentynyt
confusing;Adjective;B2;hämmentävä
connect;Verb;A2;kytkeä
connected;Adjective;A2;kytketty
connection;Noun;B1;yhteys
conscious;Adjective;B2;tajuissaan
consequence;Noun;B1;seuraus
conservative;Adjective, Noun;B2;konservatiivinen
consider;Verb;A2;harkita
consideration;Noun;B2;harkinta
consist;Verb;B1;muodostuvat
consistent;Adjective;B2;johdonmukainen
constant;Adjective;B2;jatkuva
constantly;Adverb;B2;alituisesti
construct;Verb;B2;rakentaa
construction;Noun;B2;rakentaminen
consume;Verb;B1;kuluttaa
consumer;Noun;B1;kuluttaja
contact;Noun Verb;B1;ottaa yhteyttä
contain;Verb;A2;sisältää
container;Noun;B1;kontti
contemporary;Adjective;B2;nykyajan
content;Noun;B1;sisältö
contest;Noun Verb;B2;kilpailu
context;Noun;A2;konteksti
continent;Noun;A2;maanosa
continue;Verb;A2;jatkaa
continuous;Adjective;B1;jatkuva
contract;Noun Verb;B2;sopimus
contrast;Noun Verb;B1;kontrasti
contribute;Verb;B2;edistävät
contribution;Noun;B2;panos
control;Noun Verb;A2;ohjaus
convenient;Adjective;B1;mukava
conversation;Noun;A1;keskustelu
convert;Verb;B2;muuntaa
convince;Verb;B1;vakuuttaa
convinced;Adjective;B2;vakuuttunut
cook;Verb Noun;A1, A2;kokki
cooker;Noun;A2;liesi
cooking;Noun;A1;ruoanlaitto
cool;Adjective, Verb;A1, B1;viileä
copy;Noun Verb;A2;kopio
core;Noun Adjective;B2;ydin
corner;Noun;A2;kulma
corporate;Adjective;B2;yritys-
correct;Adjective Verb;A1;oikea
correctly;Adverb;A2;oikein
cost;Noun Verb;A1;kustannus
costume;Noun;B1;puku
cottage;Noun;B1;mökki
cotton;Noun;B1;puuvilla
could;Verb;A1;voisi
council;Noun;B2;neuvosto
count;Verb Noun;A2, B1;Kreivi
country;Noun;A1;maa
countryside;Noun;B1;maaseutu
county;Noun;B2;lääni
couple;Noun;A2;pari
courage;Noun;B2;rohkeus
course;Noun;A1;kurssi
court;Noun;B1;tuomioistuin
cousin;Noun;A1;serkku
cover;Verb Noun;A2, B1;peite
covered;Adjective;B1;katettu
cow;Noun;A1;lehmä
crash;Noun Verb;B2;romahdus
crazy;Adjective;A2;hullu
cream;Noun Adjective;A1, B1;kerma
create;Verb;A1;luoda
creation;Noun;B2;luominen
creative;Adjective;A2;luova
creature;Noun;B2;olento
credit;Noun Verb;A2, B2;luotto
crew;Noun;B2;miehistö
crime;Noun;A2;rikollisuus
criminal;Noun Adjective;A2, B1;rikollinen
crisis;Noun;B2;kriisi
criterion;Noun;B2;kriteeri
critic;Noun;B2;kriitikko
critical;Adjective;B2;kriittinen
criticism;Noun;B2;kritiikki
criticize;Verb;B2;arvostella
crop;Noun;B2;sato
cross;Verb Noun;A2;ylittää
crowd;Noun;A2;väkijoukko
crowded;Adjective;A2;tungosta
crucial;Adjective;B2;ratkaiseva
cruel;Adjective;B1;julma
cry;Verb Noun;A2, B2;itkeä
cultural;Adjective;B1;kulttuurinen
culture;Noun;A1;kulttuuri
cup;Noun;A1;kuppi
cupboard;Noun;A2;kaappi
cure;Verb Noun;B2;parantaa
curly;Adjective;A2;kihara
currency;Noun;B1;valuutta
current;Adjective, Noun;B1, B2;nykyinen
currently;Adverb;B1;tällä hetkellä
curtain;Noun;B1;verho
curve;Noun Verb;B2;käyrä
curved;Adjective;B2;kaareva
custom;Noun;B1;mukautettu
customer;Noun;A1;asiakas
cut;Verb , Noun;A1, B1;leikata
cycle;Noun Verb;A2, B1;sykli
dad;Noun;A1;isä
daily;Adjective, Adverb;A2, B1;päivittäin
damage;Noun Verb;B1;vahingoittaa
dance;Noun Verb;A1;tanssi
dancer;Noun;A1;tanssija
dancing;Noun;A1;tanssi
danger;Noun;A2;vaara
dangerous;Adjective;A1;vaarallinen
dark;Adjective, Noun;A1, A2;tumma
data;Noun;A2;data
date;Noun Verb;A1, B2;Päivämäärä
daughter;Noun;A1;tytär
day;Noun;A1;päivä
dead;Adjective;A2;kuollut
deal;Verb Noun;A2, B1;sopimus
dear;Adjective, exclam;A1, A2;rakas
death;Noun;A2;kuolema
debate;Noun Verb;B2;keskustelu
debt;Noun;B2;velka
decade;Noun;B1;vuosikymmen
December;Noun;A1;joulukuu
decent;Adjective;B2;kunnollinen
decide;Verb;A1;päättää
decision;Noun;A2;päätös
declare;Verb;B2;julistaa
decline;Verb Noun;B2;aleneminen
decorate;Verb;B1;koristella
decoration;Noun;B2;koriste
decrease;Verb Noun;B2;vähennys
deep;Adjective, Adverb;A2, B1;syvä
deeply;Adverb;B2;syvästi
defeat;Verb Noun;B2;tappio
defence;Noun;B2;puolustus
defend;Verb;B2;puolustaa
define;Verb;B1;määritellä
definite;Adjective;B1;selvä
definitely;Adverb;A2;ehdottomasti
definition;Noun;B1;määritelmä
degree;Noun;A2;aste
delay;Verb Noun;B2;viive
deliberate;Adjective;B2;tahallinen
deliberately;Adverb;B2;tarkoituksella
delicious;Adjective;A1;herkullinen
delight;Verb Noun;B2;ilahduttaa
delighted;Adjective;B2;iloinen
deliver;Verb;B1;toimittaa
delivery;Noun;B2;toimitus
demand;Noun Verb;B2;kysyntä
demonstrate;Verb;B2;osoittaa
dentist;Noun;A2;hammaslääkäri
deny;Verb;B2;kieltää
department;Noun;A2;osasto
departure;Noun;B1;lähtö
depend;Verb;A2;riippua
depressed;Adjective;B2;masentunut
depressing;Adjective;B2;masentava
depth;Noun;B2;syvyys
describe;Verb;A1;kuvata
description;Noun;A1;kuvaus
desert;Noun Verb;A2, B2;aavikko
deserve;Verb;B2;ansaita
design;Noun Verb;A1;design
designer;Noun;A2;suunnittelija
desire;Noun Verb;B2;himoita
desk;Noun;A1;vastaanotto
desperate;Adjective;B2;epätoivoinen
despite;prep;B1;huolimatta
destination;Noun;B1;määränpää
destroy;Verb;A2;tuhota
detail;Noun Verb;A1, B2;yksityiskohta
detailed;Adjective;B2;yksityiskohtainen
detect;Verb;B2;havaita
detective;Noun;A2;etsivä
determine;Verb;B1;määrittää
determined;Adjective;B1;määrätietoinen
develop;Verb;A2;kehittää
development;Noun;B1;kehitys
device;Noun;A2;laite
diagram;Noun;B1;kaavio
dialogue;Noun;A1;vuoropuhelu
diamond;Noun;B1;timantti-
diary;Noun;A2;päiväkirja
dictionary;Noun;A1;sanakirja
die;Verb;A1;kuolla
diet;Noun;A1;ruokavalio
difference;Noun;A1;ero
different;Adjective;A1;eri
differently;Adverb;A2;eri tavalla
difficult;Adjective;A1;vaikea
difficulty;Noun;B1;vaikeus
dig;Verb;B2;kaivaa
digital;Adjective;A2;digitaalinen
dinner;Noun;A1;päivällinen
direct;Adjective, Verb Adverb;A2, B1;suoraan
direction;Noun;A2;suunta
directly;Adverb;B1;suoraan
director;Noun;A2;johtaja
dirt;Noun;B1;lika
dirty;Adjective;A1;likainen
Dis Adverbantage;Noun;B1;Dis Adverbantage
disagree;Verb;A2;olla eri mieltä
disappear;Verb;A2;kadota
disappointed;Adjective;B1;pettynyt
disappointing;Adjective;B1;pettymys
disaster;Noun;A2;katastrofi
disc;Noun;B2;levy
discipline;Noun;B2;kuri
discount;Noun Verb;B1, B2;alennus
discover;Verb;A2;Tutustu
discovery;Noun;A2;löytö
discuss;Verb;A1;keskustella
discussion;Noun;A2;keskustelu
disease;Noun;A2;tauti
dish;Noun;A1;ruokalaji
dishonest;Adjective;B2;epärehellinen
dislike;Verb Noun;B1;vastenmielisyys
dismiss;Verb;B2;erottaa
display;Verb Noun;B2;näyttö
distance;Noun;A2;etäisyys
distribute;Verb;B2;jakaa
distribution;Noun;B2;jakelu
district;Noun;B2;kaupunginosa
divide;Verb Noun;B1, B2;jakaa
division;Noun;B2;jako
divorced;Adjective;A2;eronnut
do;Verb auxiliary verb;A1;tehdä
doctor;Noun;A1;lääkäri
document;Noun Verb;A2, B2;asiakirja
documentary;Noun;B1;dokumenttielokuva
dog;Noun;A1;koira
dollar;Noun;A1;dollari
domestic;Adjective;B2;kotimainen
dominate;Verb;B2;hallitsevat
donate;Verb;B1;lahjoittaa
door;Noun;A1;ovi
double;Adjective det. proNoun Verb , Adverb;A2, B1;kaksinkertainen
doubt;Noun Verb;B1;epäillä
down;Adverb Prep;A1;alas
download;Verb Noun;A2;ladata
downstairs;Adverb , Adjective;A1, A2;alakerta
downwards;Adverb;B2;alaspäin
dozen;Noun det;B2;tusina
draft;Noun Verb;B2;luonnos
drag;Verb;B2;raahata
drama;Noun;A2;draama
dramatic;Adjective;B2;dramaattinen
draw;Verb;A1;piirtää
drawing;Noun;A2;piirustus
dream;Noun Verb;A2;unelma
dress;Noun Verb;A1;pukeutua
dressed;Adjective;B1;pukeutunut
drink;Noun Verb;A1;juoda
drive;Verb Noun;A1, A2;ajaa
driver;Noun;A1;kuljettaja
driving;Noun;A2;ajo
drop;Verb Noun;A2, B1;pudota
drug;Noun;A2;lääke
drum;Noun;B1;rumpu
drunk;Adjective;B1;humalassa
dry;Adjective, Verb;A2;kuiva
due;Adjective;B1;maksettava
during;prep;A1;aikana
dust;Noun;B1;pöly
duty;Noun;B1;velvollisuus
DVD;Noun;A1;DVD
each;det./proNoun/Adverb;A1;kukin
ear;Noun;A1;korva
early;Adjective Adverb;A1;aikaisin
earn;Verb;A2;ansaita
earth;Noun;A2;maa
earthquake;Noun;B1;maanjäristys
easily;Adverb;A2;helposti
east;Noun Adjective Adverb;A1;itään
eastern;Adjective;B1;itäinen
easy;Adjective;A1;helppo
eat;Verb;A1;syödä
economic;Adjective;B1;taloudellinen
economy;Noun;B1;talous
edge;Noun;B1;reuna
edit;Verb;B2;muokata
edition;Noun;B2;painos
editor;Noun;B1;toimittaja
educate;Verb;B1;kouluttaa
educated;Adjective;B1;koulutettu
education;Noun;A2;koulutus
educational;Adjective;B1;koulutuksellinen
effect;Noun;A2;vaikutus
effective;Adjective;B1;tehokas
effectively;Adverb;B1;tehokkaasti
efficient;Adjective;B2;tehokas
effort;Noun;B1;ponnistus
egg;Noun;A1;kananmuna
eight;number;A1;kahdeksan
eighteen;number;A1;kahdeksantoista
eighty;number;A1;kahdeksankymmentä
either;det./proNoun Adverb;A2;jompikumpi
elderly;Adjective;B2;vanhukset
elect;Verb;B2;valita
election;Noun;B1;vaalit
electric;Adjective;A2;sähköinen
electrical;Adjective;A2;sähkö-
electricity;Noun;A2;sähkö
electronic;Adjective;A2;elektroninen
element;Noun;B1;elementti
elephant;Noun;A1;norsu
eleven;number;A1;yksitoista
else;Adverb;A1;muu
elsewhere;Adverb;B2;muualla
email;Noun Verb;A1;sähköposti
embarrassed;Adjective;B1;hämmentynyt
embarrassing;Adjective;B1;kiusallinen
emerge;Verb;B2;ilmaantua
emergency;Noun;B1;hätä
emotion;Noun;B1;tunne
emotional;Adjective;B2;tunteellinen
emphasis;Noun;B2;painotus
emphasize;Verb;B2;painottaa
employ;Verb;A2;käyttää
employee;Noun;A2;työntekijä
employer;Noun;A2;työnantaja
employment;Noun;B1;työllisyys
empty;Adjective, Verb;A2, B1;tyhjä
enable;Verb;B2;ota käyttöön
encounter;Verb Noun;B2;kohdata
encourage;Verb;B1;kannustaa
end;Noun Verb;A1;pää
ending;Noun;A2;pääte
enemy;Noun;B1;vihollinen
energy;Noun;A2;energia
engage;Verb;B2;sitoutua
engaged;Adjective;B1;kihloissa
engine;Noun;A2;moottori
engineer;Noun;A2;insinööri
engineering;Noun;B1;tekniikka
enhance;Verb;B2;parantaa
enjoy;Verb;A1;nauttia
enormous;Adjective;A2;valtava
enough;det. proNoun Adverb;A1;tarpeeksi
enquiry;Noun;B2;tiedustelu
ensure;Verb;B2;varmistaa
enter;Verb;A2;tulla sisään
entertain;Verb;B1;viihdyttää
entertainment;Noun;B1;viihde
enthusiasm;Noun;B2;innostusta
enthusiastic;Adjective;B2;innostunut
entire;Adjective;B2;koko
entirely;Adverb;B2;täysin
entrance;Noun;B1;Sisäänkäynti
entry;Noun;B1;merkintä
environment;Noun;A2;ympäristö
environmental;Adjective;B1;ympäristö-
episode;Noun;B1;episodi
equal;Adjective, Verb Noun;B1, B2;yhtä suuri
equally;Adverb;B1;yhtä
equipment;Noun;A2;laitteet
error;Noun;A2;virhe
escape;Verb Noun;B1;paeta
especially;Adverb;A2;erityisesti
essay;Noun;A2;essee
essential;Adjective;B1;olennainen
establish;Verb;B2;perustaa
estate;Noun;B2;omaisuus
estimate;Verb Noun;B2;arvio
ethical;Adjective;B2;eettinen
euro;Noun;A1;euro
evaluate;Verb;B2;arvioida
even;AdVerb Adjective;A1, B2;jopa
evening;Noun;A1;ilta
event;Noun;A1;tapahtuma
eventually;Adverb;B1;lopulta
ever;Adverb;A1;koskaan
every;det;A1;joka
everybody;proNoun;A1;jokainen
everyday;Adjective;A2;joka päivä
everyone;proNoun;A1;jokainen
everything;proNoun;A1;kaikki
everywhere;Adverb;A2;joka paikassa
evidence;Noun;A2;näyttö
evil;Adjective, Noun;B2;paha
exact;Adjective;A2;tarkka
exactly;Adverb;A2;tarkalleen
exam;Noun;A1;koe
examination;Noun;B2;tutkimus
examine;Verb;B1;tutkia
example;Noun;A1;esimerkki
excellent;Adjective;A2;erinomainen
except;prep, conj;A2, B1;paitsi
exchange;Noun Verb;B1;vaihto
excited;Adjective;A1;innoissaan
excitement;Noun;B1;jännitys
exciting;Adjective;A1;jännittävä
excuse;Noun Verb;B2;tekosyy
executive;Noun Adjective;B2;johtaja
exercise;Noun Verb;A1;Harjoittele
exhibition;Noun;B1;näyttely
exist;Verb;A2;olla olemassa
existence;Noun;B2;olemassaolo
expand;Verb;B1;laajentaa
expect;Verb;A2;odottaa
expectation;Noun;B2;odotus
expected;Adjective;B1;odotettu
expedition;Noun;B1;retkikunta
expense;Noun;B2;kulu
expensive;Adjective;A1;kallis
experience;Noun Verb;A2, B1;kokea
experienced;Adjective;B1;kokenut
experiment;Noun Verb;A2, B1;koe
expert;Noun Adjective;A2;asiantuntija
explain;Verb;A1;selittää
explanation;Noun;A2;selitys
explode;Verb;B1;räjähtää
exploration;Noun;B2;tutkiminen
explore;Verb;B1;tutkia
explosion;Noun;B1;räjähdys
export;Noun Verb;B1;viedä
expose;Verb;B2;paljastaa
express;Verb;A2;ilmaista
expression;Noun;A2;ilmaisu
extend;Verb;B2;pidentää
extent;Noun;B2;laajuus
external;Adjective;B2;ulkoinen
extra;Adjective, Noun Adverb;A1, B1;ylimääräinen
extraordinary;Adjective;B2;epätavallinen
extreme;Adjective, Noun;A2, B2;äärimmäinen
extremely;Adverb;A2;erittäin
eye;Noun;A1;silmä
face;Noun Verb;A1, B1;kasvot
facility;Noun;B2;laitos
fact;Noun;A1;tosiasia
factor;Noun;A2;tekijä
factory;Noun;A2;tehdas
fail;Verb;A2;Fail
failure;Noun;B2;vika
fair;Adjective;A2;oikeudenmukainen
fairly;Adverb;B1;melko
faith;Noun;B2;usko
fall;Verb Noun;A1, A2;pudota
FALSE;Adjective;A1;VÄÄRÄ
familiar;Adjective;B1;tuttu
family;Noun Adjective;A1;perhe
famous;Adjective;A1;kuuluisa
fan;Noun;A2;tuuletin
fancy;Verb Adjective;B1;mieltymys
fantastic;Adjective;A1;fantastinen
far;Adverb , Adjective;A1, B1;pitkälle
farm;Noun Verb;A1, A2;maatila
farmer;Noun;A1;viljelijä
farming;Noun;A2;viljely
fascinating;Adjective;B1;kiehtova
fashion;Noun;A2;muoti
fashionable;Adjective;B1;muodikas
fast;Adjective, Adverb;A1;nopeasti
fasten;Verb;B1;kiinnittyä
fat;Adjective, Noun;A1, A2;rasva
father;Noun;A1;isä
fault;Noun;B2;vika
favour;Noun Verb;B1, B2;hyväksi
favourite;Adjective, Noun;A1;suosikki
fear;Noun Verb;A2, B1;pelko
feather;Noun;B2;sulka
feature;Noun Verb;A2, B1;ominaisuus
February;Noun;A1;helmikuu
fee;Noun;B2;maksu
feed;Verb Noun;A2, B2;rehu
feedback;Noun;B2;palaute
feel;Verb Noun;A1, B2;tuntea
feeling;Noun;A1;tunne
fellow;Adjective;B2;kaveri
female;Adjective, Noun;A2;Nainen
fence;Noun;B1;aita
festival;Noun;A1;festivaali
few;det./Adjective, proNoun;A1;harvat
fiction;Noun;A2;kaunokirjallisuus
field;Noun;A2;ala
fifteen;number;A1;viisitoista
fifth;number;A1;viides
fifty;number;A1;viisikymmentä
fight;Verb Noun;A2;taistella
fighting;Noun;B1;taistelevat
figure;Noun Verb;A2, B2;kuva
file;Noun Verb;B1, B2;tiedosto
fill;Verb;A1;täyttää
film;Noun Verb;A1, A2;elokuva
final;Adjective, Noun;A1, A2;lopullinen
finally;Adverb;A2;vihdoin
finance;Noun Verb;B2;Rahoittaa
financial;Adjective;B1;taloudellinen
find;Verb;A1;löytö
finding;Noun;B2;havainto
fine;Adjective;A1;hieno
finger;Noun;A2;sormi
finish;Verb Noun;A1, A2;viedä loppuun
fire;Noun Verb;A1, B1;antaa potkut
firm;Noun;B2;yritys
first;det./number.AdVerb Noun;A1, A2;ensimmäinen
firstly;Adverb;A2;ensiksi
fish;Noun Verb;A1, A2;kalastaa
fishing;Noun;A2;kalastus
fit;Verb Adjective;A2;istuvuus
fitness;Noun;B1;kunto
five;number;A1;viisi
fix;Verb Noun;A2, B2;korjata
fixed;Adjective;B1;kiinteät
flag;Noun;B1;lippu
flame;Noun;B2;liekki
flash;Noun Verb;B2;salama
flat;Noun Adjective;A1, A2;tasainen
flexible;Adjective;B2;joustava
flight;Noun;A1;lento
float;Verb;B2;kellua
flood;Noun Verb;B1;tulva
floor;Noun;A1;lattia
flour;Noun;B1;jauhot
flow;Verb Noun;B1;virtaus
flower;Noun;A1;kukka
flu;Noun;A2;flunssa
fly;Verb Noun;A1, A2;lentää
flying;Noun Adjective;A2;lentäminen
focus;Verb Noun;A2;fokus
fold;Verb Noun;B1, B2;taittaa
folding;Adjective;B2;taitto
folk;Noun Adjective;B1;kansan-
follow;Verb;A1;seurata
following;Adjective, Noun prep;A2, B1, B2;seurata
food;Noun;A1;ruoka
foot;Noun;A1;jalka
football;Noun;A1;jalkapallo
for;prep.;A1;varten
force;NounVerb;B1;pakottaa
foreign;Adjective;A2;ulkomainen
forest;Noun;A2;metsä
forever;Adverb;B1;ikuisesti
forget;Verb;A1;unohtaa
forgive;Verb;B2;antaa anteeksi
fork;Noun;A2;haarukka
form;NounVerb;A1;muoto
formal;Adjective;A2;muodollinen
former;Adjective;B2;entinen
fortunately;Adverb;A2;onneksi
fortune;Noun;B2;onni
forty;number;A1;neljäkymmentä
forward;AdVerb Adjective;A2, B2;eteenpäin
found;Verb;B2;löydetty
four;number;A1;neljä
fourteen;number;A1;neljätoista
fourth;number;A1;neljäs
frame;NounVerb;B1;kehys
free;Adjective, AdVerb Verb;A1,A2,B2;vapaa
freedom;Noun;B2;vapaus
freeze;Verb;B1;jäädyttää
frequency;Noun;B2;taajuus
frequently;Adverb;B1;usein
fresh;Adjective;A2;tuore
Friday;Noun;A1;perjantai
fridge;Noun;A2;jääkaappi
friend;Noun;A1;ystävä
friendly;Adjective;A1;ystävällinen
friendship;Noun;B1;ystävyys
frighten;Verb;B1;pelotella
frightened;Adjective;B1;peloissaan
frightening;Adjective;B1;pelottava
frog;Noun;A2;sammakko
from;prep;A1;alkaen
front;Noun Adjective;A1;etuosa
frozen;Adjective;B1;jäädytetty
fruit;Noun;A1;hedelmä
fry;Verb;B1;paistaa
fuel;Noun Verb;B1, B2;polttoaine
full;Adjective;A1;koko
fully;Adverb;B2;täysin
fun;Noun Adjective;A1, A2;hauska
function;Noun Verb;B1, B2;toiminto
fund;Noun Verb;B2;rahoittaa
fundamental;Adjective;B2;perus-
funding;Noun;B2;rahoitus
funny;Adjective;A1;hauska
fur;Noun;B1;turkis
furniture;Noun;A2;huonekalut
further;Adjective, Adverb;A2, B1;edelleen
furthermore;Adverb;B2;lisäksi
future;Noun Adjective;A1, A2;tulevaisuus
gain;Verb Noun;B2;saada
gallery;Noun;A2;galleria
game;Noun;A1;peli
gang;Noun;B2;jengi
gap;Noun;A2;aukko
garage;Noun;B1;autotalli
garden;Noun;A1;puutarha
gas;Noun;A2;kaasu
gate;Noun;A2;portti
gather;Verb;B1;kerätä
general;Adjective;A2;yleinen
generally;Adverb;B1;yleisesti
generate;Verb;B2;Tuottaa
generation;Noun;B1;sukupolvi
generous;Adjective;B1;antelias
genre;Noun;B2;laji
gentle;Adjective;B1;lempeä
gentleman;Noun;B1;herrasmies
geography;Noun;A1;maantiede
get;Verb;A1;saada
ghost;Noun;B1;aave
giant;Adjective, Noun;B1;jättiläinen
gift;Noun;A2;lahja
girl;Noun;A1;tyttö
girlfriend;Noun;A1;tyttöystävä
give;Verb;A1;antaa
glad;Adjective;B1;iloinen
glass;Noun;A1;lasi-
global;Adjective;B1;maailmanlaajuinen
glove;Noun;B1;käsine
go;Verb Noun;A1, B1;mennä
goal;Noun;A2;päämäärä
God;Noun;A2;Jumala
gold;Noun Adjective;A2;kulta
golf;Noun;A2;golf
good;Adjective, Noun;A1, A2;hyvä
goodbye;exclam. Noun;A1;Hyvästi
goods;Noun;B1;tavarat
govern;Verb;B2;hallita
government;Noun;A2;hallitus
grab;Verb;B2;napata
grade;Noun Verb;B1, B2;arvosana
gradually;Adverb;B2;vähitellen
graduate;Noun Verb;B1;valmistua
grain;Noun;B1;jyvä
grand;Adjective;B2;suuri
grandfather;Noun;A1;isoisä
grandmother;Noun;A1;isoäiti
grandparent;Noun;A1;isovanhempi
grant;Verb Noun;B2;myöntää
grass;Noun;A2;ruoho
grateful;Adjective;B1;kiitollinen
great;Adjective;A1;loistava
green;Adjective, Noun;A1;vihreä
greet;Verb;A2;tervehtiä
grey;Adjective, Noun;A1;harmaa
ground;Noun;A2;maa
group;Noun;A1;ryhmä
grow;Verb;A1;kasvaa
growth;Noun;B1;kasvu
guarantee;Verb Noun;B2;takuu
guard;Noun Verb;B1;vartija
guess;Verb Noun;A1;arvaus
guest;Noun;A2;vieras
guide;Noun Verb;A2;opas
guilty;Adjective;B1;syyllinen
guitar;Noun;A1;kitara
gun;Noun;A2;ase
guy;Noun;A2;kaveri
gym;Noun;A1;kuntosali
habit;Noun;A2;tapa
hair;Noun;A1;hiukset
half;Noundet.proNoun, Adverb;A1, A2;puoli
hall;Noun;A2;sali
hand;Noun Verb;A1, B1;käsi
handle;Verb Noun;B2;käsitellä
hang;Verb;B1;ripustaa
happen;Verb;A1;tapahtua
happily;Adverb;A2;onnellisesti
happiness;Noun;B1;onnellisuus
happy;Adjective;A1;onnellinen
hard;Adjective, Adverb;A1;kova
hardly;Adverb;B1;tuskin
harm;Noun Verb;B2;vahingoittaa
harmful;Adjective;B2;haitallinen
hat;Noun;A1;hattu
hate;Verb Noun;A1, B1;viha
have;Verb auxiliary Verb;A1, A2;omistaa
have to modal;Verb;A1;Täytyy modaalinen
he;proNoun;A1;hän
head;Noun Verb;A1, B1;pää
headache;Noun;A2;päänsärky
headline;Noun;B1;otsikko
health;Noun;A1;terveys
healthy;Adjective;A1;terve
hear;Verb;A1;kuulla
hearing;Noun;B2;kuulo
heart;Noun;A2;sydän
heat;Noun Verb;A2;lämpö
heating;Noun;B1;lämmitys
heaven;Noun;B2;taivas
heavily;Adverb;B1;raskaasti
heavy;Adjective;A2;raskas
heel;Noun;B2;kantapää
height;Noun;A2;korkeus
helicopter;Noun;B1;helikopteri
hell;Noun;B2;helvetti
hello;exclam./Noun;A1;Hei
help;Verb Noun;A1;auta
helpful;Adjective;A2;hyödyllinen
her;proNoundet;A1;hänen
here;Adverb;A1;tässä
hero;Noun;A2;sankari
hers;proNoun;A2;hänen
herself;proNoun;A2;oma itsensä
hesitate;Verb;B2;epäröidä
hey;exclam;A1;Hei
hi;exclam;A1;Hei
hide;Verb;A2;piilottaa
high;Adjective, AdVerb Noun;A1, A2, B2;korkea
highlight;Verb Noun;B1;kohokohta
highly;Adverb;B1;erittäin
hill;Noun;A2;mäki
him;proNoun;A1;häntä
himself;proNoun;A2;hän itse
hire;Verb Noun;B1, B2;vuokraus
his;det. proNoun;A1, A2;hänen
historic;Adjective;B1;historiallinen
historical;Adjective;B1;historiallinen
history;Noun;A1;historia
hit;Verb Noun;A2;osuma
hobby;Noun;A1;harraste
hockey;Noun;A2;jääkiekko
hold;Verb Noun;A2, B2;hold
hole;Noun;A2;reikä
holiday;Noun;A1;loma
hollow;Adjective;B2;ontto
holy;Adjective;B2;pyhä
home;Noun AdVerb Adjective;A1, A2;Koti
homework;Noun;A1;kotitehtävät
honest;Adjective;B1;rehellinen
honour;Noun Verb;B2;kunnia
hope;Verb Noun;A1, A2;toivoa
horrible;Adjective;B1;kamala
horror;Noun;B1;kauhu
horse;Noun;A1;hevonen
hospital;Noun;A1;sairaala
host;Noun Verb;B1, B2;isäntä
hot;Adjective;A1;kuuma
hotel;Noun;A1;hotelli
hour;Noun;A1;tunnin
house;Noun Verb;A1, B2;talo
household;Noun;B2;kotitalous
housing;Noun;B2;kotelo
how;Adverb;A1;Miten
however;Adverb;A1;kuitenkin
huge;Adjective;A2;valtava
human;Adjective, Noun;A2;ihmisen
humorous;Adjective;B2;humoristinen
humour;Noun;B2;huumori
hundred;number;A1;sata
hungry;Adjective;A1;nälkäinen
hunt;Verb Noun;B1, B2;metsästää
hunting;Noun;B2;metsästys
hurricane;Noun;B1;Hurrikaani
hurry;Noun Verb;B1;kiire
hurt;Verb Adjective Noun;A2, B2;satuttaa
husband;Noun;A1;aviomies
I;proNoun;A1;minä
ice;Noun;A1;jää
ice cream;Noun;A1;jäätelö
idea;Noun;A1;ajatus
ideal;Adjective , Noun;A2, B2;ihanteellinen
identify;Verb;A2;tunnistaa
identity;Noun;B1;identiteetti
if;conj.;A1;jos
ignore;Verb;B1;jättää huomiotta
ill;Adjective;A2;sairas
illegal;Adjective;B1;laiton
illness;Noun;A2;sairaus
illustrate;Verb;B2;valaista
illustration;Noun;B2;kuva
image;Noun;A2;kuva
imaginary;Adjective;B1;kuvitteellinen
imagination;Noun;B2;mielikuvitus
imagine;Verb;A1;kuvitella
immediate;Adjective;B1;välitön
immediately;Adverb;A2;heti
immigrant;Noun;B1;maahanmuuttaja
impact;Noun Verb;B1;vaikutus
impatient;Adjective;B2;kärsimätön
imply;Verb;B2;vihjata
import;Noun Verb;B1;tuonti
importance;Noun;B1;merkitys
important;Adjective;A1;tärkeä
impose;Verb;B2;määrätä
impossible;Adjective;A2;mahdoton
impress;Verb;B2;tehdä vaikutus
impressed;Adjective;B2;vaikuttunut
impression;Noun;B1;vaikutelma
impressive;Adjective;B1;vaikuttava
improve;Verb;A1;parantaa
improvement;Noun;B1;parannus
in;prep., Adverb;A1;sisään
inch;Noun;B2;tuuma
incident;Noun;B2;tapaus
include;Verb;A1;sisältää
included;Adjective;A2;Sisältää
including;prep.;A2;mukaan lukien
income;Noun;B2;tulo
increase;Verb Noun;A2;lisääntyä
increasingly;Adverb;B2;yhä useammin
incredible;Adjective;A2;uskomaton
incredibly;Adverb;B1;uskomattoman
indeed;Adverb;B1;todellakin
independent;Adjective;A2;itsenäinen
indicate;Verb;B1;osoittaa
indirect;Adjective;B1;epäsuora
individual;Noun, adj;A2;yksilö
indoor;Adjective;B1;sisä-
indoors;Adverb;B1;sisällä
industrial;Adjective;B2;teollinen
industry;Noun;A2;ala
infection;Noun;B2;infektio
influence;NounVerb;B1;vaikutus
inform;Verb;B2;ilmoittaa
informal;Adjective;A2;epävirallinen
information;Noun;A1;tiedot
ingredient;Noun;B1;ainesosa
initial;Adjective;B2;alkukirjain
initially;Adverb;B2;ensin
initiative;Noun;B2;aloite
injure;Verb;B1;vahingoittaa
injured;Adjective;B1;loukkaantunut
injury;Noun;A2;vahinko
inner;Adjective;B2;sisäinen
innocent;Adjective;B1;viaton
insect;Noun;A2;hyönteinen
inside;prep.Adverb Noun Adjective;A2;sisällä
insight;Noun;B2;oivallus
insist;Verb;B2;vaatia
inspire;Verb;B2;innostaa
install;Verb;B2;Asentaa
instance;Noun;B2;ilmentymä
instead;Adverb;A2;sen sijaan
institute;Noun;B2;instituutti
institution;Noun;B2;instituutio
instruction;Noun;A2;ohje
instructor;Noun;A2;ohjaaja
instrument;Noun;A2;väline
insurance;Noun;B2;vakuutus
intelligence;Noun;B1;älykkyys
intelligent;Adjective;A2;älykäs
intend;Verb;B1;aikovat
intended;Adjective;B2;tarkoitettu
intense;Adjective;B2;voimakas
intention;Noun;B1;tarkoitus
interest;Noun Verb;A1;kiinnostuksen kohde
interested;Adjective;A1;kiinnostunut
interesting;Adjective;A1;mielenkiintoista
internal;Adjective;B2;sisäinen
international;Adjective;A2;kansainvälinen
internet;Noun;A1;Internet
interpret;Verb;B2;tulkita
interrupt;Verb;B2;keskeyttää
interview;Noun Verb;A1;haastatella
into;prep.;A1;osaksi
introduce;Verb;A1;esitellä
introduction;Noun;A2;esittely
invent;Verb;A2;keksiä
invention;Noun;A2;keksintö
invest;Verb;B1;sijoittaa
investigate;Verb;B1;tutkia
investigation;Noun;B2;tutkimus
investment;Noun;B2;investointi
invitation;Noun;A2;kutsu
invite;Verb;A2;kutsu
involve;Verb;A2;sisältää
involved;Adjective;B1;mukana
iron;Noun Verb;B1;rauta-
island;Noun;A1;saari
issue;Noun, Verb;B1, B2;ongelma
IT;Noun;B1;SE
it;proNoun;A1;se
item;Noun;A2;erä
its;det.;A1;sen
itself;proNoun;A2;itse
jacket;Noun;A1;takki
jam;Noun;A2;hillo
January;Noun;A1;tammikuu
jazz;Noun;A2;jazz
jeans;Noun;A1;farkut
jewellery;Noun;A2;korut
job;Noun;A1;Job
join;Verb;A1;liittyä seuraan
joke;Noun Verb;A2;vitsi
journal;Noun;B1;päiväkirja
journalist;Noun;A2;toimittaja
journey;Noun;A1;matka
joy;Noun;B2;ilo
judge;Noun Verb;B1;tuomari
judgement;Noun;B2;tuomio
juice;Noun;A1;mehu
July;Noun;A1;heinäkuu
jump;Verb Noun;A2;hypätä
June;Noun;A1;kesäkuu
junior;Adjective;B2;nuorempi
just;Adverb;A1;vain
justice;Noun;B2;oikeudenmukaisuus
justify;Verb;B2;perustella
keen;Adjective;B1;innokas
keep;Verb;A1;pitää
key;Noun, Adjective Verb;A1, B1;avain
keyboard;Noun;B1;näppäimistö
kick;Verb Noun;B1;potkia
kid;Noun;A2;lapsi
kill;Verb;A2;tappaa
killing;Noun;B1;tappaminen
kilometre;Noun;A1;kilometri
kind(type);Noun;A1;laji (tyyppi)
kind(caring);Adjective;B1;laji (huolehtiva)
king;Noun;A2;kuningas
kiss;Verb Noun;B1;suudella
kitchen;Noun;A1;keittiö
knee;Noun;A2;polvi
knife;Noun;A2;veitsi
knock;Verb , Noun;A2, B1;koputtaa
know;Verb;A1;tietää
knowledge;Noun;A2;tuntemus
lab;Noun;A2;laboratorio
label;Noun Verb;B1;etiketti
laboratory;Noun;B1;laboratorio
labour;Noun;B2;työvoima
lack;Noun Verb;B1;puute
lady;Noun;A2;nainen
lake;Noun;A2;järvi
lamp;Noun;A2;lamppu
land;Noun, Verb;A1, A2;maa
landscape;Noun;B2;maisema
language;Noun;A1;Kieli
laptop;Noun;A2;kannettava tietokone
large;Adjective;A1;suuri
largely;Adverb;B2;enimmäkseen
last1 (final);det., Adverb n;A1, A2;last1 (lopullinen)
last1 (taking time);Verb;A2;last1 (ottaen aika)
late;Adjective Adverb;A1;myöhään
later;Adverb , Adjective;A1, A2;myöhemmin
latest;Adjective , Noun;B1, B2;Viimeisin
laugh;Verb Noun;A1;nauraa
laughter;Noun;A2;nauru
launch;Verb Noun;B2;tuoda markkinoille
law;Noun;A2;laki
lawyer;Noun;A2;lakimies
lay;Verb;B1;Lay
layer;Noun;B1;kerros
lazy;Adjective;A2;laiska
lead;Verb , Noun;A2, B1;johtaa
leader;Noun;A2;johtaja
leadership;Noun;B2;johto
leading;Adjective;B1;johtava
leaf;Noun;B1;puun lehti
league;Noun;B2;liiga
lean;Verb;B2;nojata
learn;Verb;A1;oppia
learning;Noun;A2;oppiminen
least;det./proNoun Adverb;A2;vähiten
leather;Noun;B1;nahka
leave;Verb , Noun;A1, B2;leave
lecture;Noun Verb;A2;luento
left;Adjective Adverb Verb;A1;vasen
leg;Noun;A1;jalka
legal;Adjective;B1;oikeudellinen
leisure;Noun;B1;vapaa-
lemon;Noun;A2;sitruuna
lend;Verb;A2;lainata
length;Noun;B1;pituus
less;det./pro Noun Adverb;A2;Vähemmän
lesson;Noun;A1;oppitunti
let;Verb;A1;antaa
letter;Noun;A1;kirje
level;Noun, Adjective , Verb;A2, B1, B2;taso
library;Noun;A1;kirjasto
licence;Noun;B2;lisenssi
lie;Verb;A1;valehdella
lie;Verb Noun;B2;valehdella
life;Noun;A1;elämä
lifestyle;Noun;A2;elämäntapa
lift;Verb;Noun;hissi
light (from the sun/a lamp);Noun Adverb , Verb;A1, A2;valo (auringon / lamppu)
light (not heavy);Adjective;A2;valo (ei raskas)
like (similar);prep.;A1;kuten (vastaava)
like (find sb/sth pleasant);Verb , n;A1, B1;kuten (löytää SB / STH miellyttävä)
Noun;B1; ;Substantiivi
likely;Adjective;A2;todennäköisesti
limit;Noun Verb;B1;raja
limited;Adjective;B2;rajallinen
line;Noun, Verb;A1, B2;linja
link;Noun Verb;A2;linkki
lion;Noun;A1;leijona
lip;Noun;B1;huuli
liquid;Noun Adjective;B1;neste
list;Noun Verb;A1;lista
listen;Verb;A1;kuunnella
listener;Noun;A2;kuuntelija
literature;Noun;B1;kirjallisuus
little;Adjective det./proNoun, Adverb;A1, A2;vähän
live1;Verb;A1;live1
live2;Adjective Adverb;B1;live2
lively;Adjective;B2;vilkas
living;Adjective Noun;B1;elävä
load;Noun Verb;B2;ladata
loan;Noun;B2;lainata
local;Adjective , Noun;A1, B1;paikallinen
locate;Verb;B1;paikantaa
located;Adjective;B1;sijaitsevat
location;Noun;B1;sijainti
lock;Verb Noun;A2;Lukko
logical;Adjective;B2;looginen
lonely;Adjective;B1;yksinäinen
long;Adjective Adverb;A1;pitkä
long-term;Adjective Adverb;B2;pitkäaikainen
look;Verb , Noun;A1, A2;Katso
loose;Adjective;B2;löysä
lord;Noun;B2;herra
lorry;Noun;A2;rekka
lose;Verb;A1;menettää
loss;Noun;B1;menetys
lost;Adjective;A2;menetetty
lot;proNoun det. Adverb;A1;erä
loud;Adjective Adverb;A2;äänekäs
loudly;Adverb;A2;kovaäänisesti
love;Noun Verb;A1;rakkaus
lovely;Adjective;A2;ihana
low;Adjective Adverb , n;A2, B2;matala
lower;Verb;B2;alempi
luck;Noun;A2;onni
lucky;Adjective;A2;onnekas
lunch;Noun;A1;lounas
lung;Noun;B2;keuhko
luxury;Noun;B1;ylellisyys
machine;Noun;A1;kone
mad;Adjective;B1;vihainen
magazine;Noun;A1;aikakauslehti
magic;Noun Adjective;B1;taika-
mail;Noun Verb;A2;posti
main;Adjective;A1;tärkein
mainly;Adverb;B1;pääosin
maintain;Verb;B2;ylläpitää
major;Adjective;A2;suuri
majority;Noun;B2;suurin osa
make;Verb , Noun;A1, B2;tehdä
male;Adjective Noun;A2;Uros
mall;Noun;B1;ostoskeskus
man;Noun;A1;mies
manage;Verb;A2;hoitaa
management;Noun;B1;johto
manager;Noun;A2;johtaja
manner;Noun;A2;tapa
many;det./proNoun;A1;monet
map;Noun, Verb;A1, B2;kartta
March;Noun;A1;maaliskuu
mark;Verb Noun;A2;merkki
market;Noun, Verb;A1, B1;markkinoida
marketing;Noun;B1;markkinointi
marriage;Noun;B1;avioliitto
married;Adjective;A1;naimisissa
marry;Verb;A2;naida
mass;Noun Adjective;B2;massa
massive;Adjective;B2;massiivinen
master;Noun Verb;B2;hallita
match (contest/correspond);Noun Verb;A1;ottelu (kilpailu / vastaavat)
matching;Adjective;B2;vastaavat
material;Noun, Adjective;A2, B2;materiaali
mathematics;Noun;A2;matematiikka
maths;Noun;A2;matematiikka
matter;Noun Verb;A2;asia
maximum;Adjective Noun;B2;maksimi
May;Noun;A1;saattaa
may modal;Verb;A2;voi modaalinen
maybe;Adverb;A1;voi olla
me;proNoun;A1;minä
meal;Noun;A1;ateria
mean;Verb;A1;tarkoittaa
meaning;Noun;A1;merkitys
means;Noun;B2;välineet
meanwhile;Adverb;B1;sillä välin
measure;Verb Noun;B1;mitata
measurement;Noun;B2;mittaus
meat;Noun;A1;liha
media;Noun;A2;tiedotusvälineet
medical;Adjective;A2;lääketieteellinen
medicine;Noun;A2;lääke
medium;Adjective , Noun;B1, B2;keskikokoinen
meet;Verb;A1;tavata
meeting;Noun;A1;tapaaminen
melt;Verb;B2;sulaa
member;Noun;A1;jäsen
memory;Noun;A2;muisti
mental;Adjective;B1;henkinen
mention;Verb , Noun;A2, B1;mainita
menu;Noun;A1;valikko
mess;Noun Verb;B1;sotku
message;Noun;A1;viesti
metal;Noun;A2;metalli-
method;Noun;A2;menetelmä
metre;Noun;A1;mittari
middle;Noun Adjective;A2;keskimmäinen
midnight;Noun;A1;keskiyö
might modal;Verb;A2;ehkä modaalinen
mild;Adjective;B1;lievä
mile;Noun;A1;maili
military;Adjective Noun;B2;sotilaallinen
milk;Noun;A1;maito
million number; ;A1;miljoonaa numero
mind;Noun Verb;A2;mieli
mine (belongs to me);proNoun;A2;kaivoksen (kuuluu minulle)
mine (hole in the ground);Noun;B1;kaivoksen (reikä maahan)
mineral;Noun;B2;mineraali
minimum;Adjective Noun;B2;minimi
minister;Noun;B2;ministeri
minor;Adjective;B2;vähäinen
minority;Noun;B2;vähemmistö
minute;Noun;A1;minuutti
mirror;Noun;A2;peili
miss;Verb;A1;neiti
missing;Adjective;A2;puuttuva
mission;Noun;B2;tehtävä
mistake;Noun, Verb;A1, B2;virhe
mix;Verb Noun;B1;mix
mixed;Adjective;B2;sekoitettu
mixture;Noun;B1;seos
mobile;Adjective Noun;A2;mobile
model;Noun, Verb;A1, B2;malli
modern;Adjective;A1;moderni
modify;Verb;B2;muuttaa
moment;Noun;A1;hetki
Monday;Noun;A1;maanantai
money;Noun;A1;raha
monitor;Noun Verb;B2;monitori
monkey;Noun;A2;apina
month;Noun;A1;kuukausi
mood;Noun;B1;mieliala
moon;Noun;A2;kuu
moral;Adjective Noun;B2;moraalinen
more;det./proNoun Adverb;A1;lisää
morning;Noun;A1;aamu
most;det./proNoun Adverb;A1;useimmat
mostly;Adverb;A2;enimmäkseen
mother;Noun;A1;äiti
motor;Noun Adjective;B2;moottori
motorcycle;Noun;A2;moottoripyörä
mount;Verb;B2;asentaa
mountain;Noun;A1;vuori
mouse;Noun;A1;hiiri
mouth;Noun;A1;suu
move;Verb , Noun;A1, B1;liikkua
movement;Noun;A2;liike
movie;Noun;A1;elokuva
much;det./proNoun Adverb;A1;paljon
mud;Noun;B1;muta
multiple;Adjective;B2;moninkertainen
multiply;Verb;B2;lisääntyä
mum;Noun;A1;äiti
murder;NounVerb;B1;murhata
muscle;Noun;B1;lihas
museum;Noun;A1;museo
music;Noun;A1;musiikki
musical;Adjective , Noun;A2, B1;musikaali
musician;Noun;A2;muusikko
must modal;Verb;A1;on modaalinen
my;det.;A1;minun
myself;proNoun;A2;itse
mysterious;Adjective;B2;salaperäinen
mystery;Noun;B1;mysteeri
nail;Noun;B1;naulata
name;Noun Verb;A1;nimi
narrative;Noun Adjective;B1;kerronta
narrow;Adjective , Verb;A2, B2;kapea
nation;Noun;B1;kansakunta
national;Adjective , Noun;A2, B2;kansallinen
native;Adjective Noun;B1;syntyperäinen
natural;Adjective;A1;luonnollinen
naturally;Adverb;B1;luonnollisesti
nature;Noun;A2;luonto
near;prep. Adjective Adverb;A1;lähellä
nearly;Adverb;A2;lähes
neat;Adjective;B2;siisti
necessarily;Adverb;B1;välttämättä
necessary;Adjective;A2;välttämätön
neck;Noun;A2;niska
need;Verb , Noun, modal Verb;A1, A2, B1;tarve
needle;Noun;B1;neula
negative;Adjective , Noun;A1, B2;negatiivinen
neighbour;Noun;A1;naapuri
neighbourhood;Noun;B1;naapuruus
neither;det./proNoun, Adverb;A2, B1;ei kumpikaan
nerve;Noun;B2;hermo
nervous;Adjective;A2;hermostunut
net;Noun;B1;netto
network;Noun;A2;verkko
never;Adverb;A1;ei koskaan
nevertheless;Adverb;B2;tästä huolimatta
new;Adjective;A1;Uusi
news;Noun;A1;uutiset
newspaper;Noun;A1;sanomalehti
next;Adjective Adverb , Noun;A1, B1;Seuraava
next to;prep.;A1;vieressä
nice;Adjective;A1;kiva
night;Noun;A1;yö
nightmare;Noun;B2;painajainen
nine;number;A1;yhdeksän
nineteen;number;A1;yhdeksäntoista
ninety;number;A1;yhdeksänkymmentä
no;exclam. det.;A1;ei
no one;proNoun;A1;ei kukaan
nobody;proNoun;A1;ei kukaan
noise;Noun;A2;melu
noisy;Adjective;A2;meluisa
none;pro Noun;A2;ei mitään
nor;conj./Adverb;B1;ei myöskään
normal;Adjective , Noun;A2, B1;normaali
normally;Adverb;A2;yleensä
north;Noun Adjective Adverb;A1;pohjoinen
northern;Adjective;B1;pohjoinen
nose;Noun;A1;nenä
not;Adverb;A1;ei
note;Noun Verb;A1, B1;merkintä
nothing;proNoun;A1;ei mitään
notice;Verb Noun;A2;ilmoitus
notion;Noun;B2;käsite
novel;Noun;A2;uusi
November;Noun;A1;marraskuu
now;Adverb , conj.;A1, B1;nyt
nowhere;Adverb;A2;ei mihinkään
nuclear;Adjective;B1;ydin
number;Noun, Verb;A1, A2;määrä
numerous;Adjective;B2;useat
nurse;Noun;A1;sairaanhoitaja
nut;Noun;A2;mutteri
obey;Verb;B2;totella
object;Noun Verb;A1, B2;esine
objective;Noun Adjective;B2;tavoite
obligation;Noun;B2;vaatimus
observation;Noun;B2;havainto
observe;Verb;B2;tarkkailla
obtain;Verb;B2;saada
obvious;Adjective;B1;ilmeinen
obviously;Adverb;B1;ilmeisesti
occasion;Noun;B1;tilaisuus
occasionally;Adverb;B2;silloin tällöin
occur;Verb;B1;tapahtua
ocean;Noun;A2;valtameri
o’clock;Adverb;A1;kello
October;Noun;A1;lokakuu
odd;Adjective;B1;outo
of;prep.;A1;of
off;Adverb prep.;A1;vinossa
offence;Noun;B2;rikkomus
offend;Verb;B2;loukata
offensive;Adjective;B2;loukkaava
offer;Verb Noun;A2;tarjous
office;Noun;A1;toimisto
officer;Noun;A2;upseeri
official;Adjective , Noun;B1, B2;virallinen
often;Adverb;A1;usein
oh;exclam.;A1;vai niin
oil;Noun;A2;öljy
OK;exclam. Adjective /Adverb;A1;kunnossa
old;Adjective;A1;vanha
old-fashioned;Adjective;B1;vanhanaikainen
on;prep. Adverb;A1;päällä
once;Adverb , conj.;A1, B1;kerran
one;number-det. proNoun;A1;yksi
onion;Noun;A1;sipuli
online;Adjective Adverb;A1;verkossa
only;Adjective Adverb;A1;vain
onto;prep.;A2;päälle
open;Adjective Verb;A1;avata
opening;Noun;B2;aukko
operate;Verb;B2;toimia
operation;Noun;B1;operaatio
opinion;Noun;A1;lausunto
opponent;Noun;B2;vastustaja
opportunity;Noun;A2;tilaisuus
oppose;Verb;B2;vastustaa
opposed;Adjective;B2;vastakkaiset
opposite;Adjective Adverb prep. Noun;A1;vastapäätä
opposition;Noun;B2;oppositio
option;Noun;A2;vaihtoehto
or;conj.;A1;tai
orange;Noun Adjective;A1;oranssi
order;Noun Verb;A1;Tilaus
ordinary;Adjective;A2;tavallinen
organ;Noun;B2;urut
organization;Noun;A2;organisaatio
organize;Verb;A2;järjestää
organized;Adjective;B1;järjestetty
organizer;Noun;B1;järjestäjä
origin;Noun;B2;alkuperä
original;Adjective , Noun;A2, B1;alkuperäinen
originally;Adverb;B1;alun perin
other;Adjective /proNoun;A1;muut
otherwise;Adverb;B2;muuten
ought;modal Verb;B1;pitäisi
our;det.;A1;meidän
ours;proNoun;B1;meidän
ourselves;proNoun;A2;itse
out;Adverb /prep.;A1;ulos
outcome;Noun;B2;tulokset
outdoor;Adjective;B1;ulko-
outdoors;Adverb;B1;ulkona
outer;Adjective;B2;ulompi
outline;Noun Verb;B2;ääriviivat
outside;Adverb , prep. nouNoun Adjective;A1, A2;ulkopuolella
oven;Noun;A2;uuni
over;prep. Adverb;A1;yli
overall;Adjective Adverb;B2;yleensä ottaen
owe;Verb;B2;olla velkaa
own;Adjective /proNoun, Verb;A1, A2;oma
owner;Noun;A2;omistaja
pace;Noun, Verb;B2;vauhti
pack;Verb , Noun;A2, B1;pakkaus
package;Noun, Verb;B1, B2;paketti
page;Noun;A1;sivu
pain;Noun;A2;kipu
painful;Adjective;B1;tuskallinen
paint;Verb Noun;A1;maali-
painter;Noun;A2;taidemaalari
painting;Noun;A1;maalaus
pair;Noun;A1;pari
palace;Noun;A2;palatsi
pale;Adjective;B1;kalpea
pan;Noun;B1;panoroida
panel;Noun;B2;paneeli
pants;Noun;A2;housut
paper;Noun;A1;paperi
paragraph;Noun;A1;kohta
parent;Noun;A1;vanhempi
park;Noun Verb;A1;pysäköidä
parking;Noun;A2;pysäköinti
parliament;Noun;B2;eduskunta
part;Noun;A1;osa
participant;Noun;B2;osallistuja
participate;Verb;B1;osallistua
particular;Adjective;A2;tietty
particularly;Adverb;B1;erityisesti
partly;Adverb;B2;osittain
partner;Noun;A1;kumppani
party;Noun;A1;juhla
pass;Verb , Noun;A2, B1;kulkea
passage;Noun;B2;kulku
passenger;Noun;A2;matkustaja
passion;Noun;B1;intohimo
passport;Noun;A1;passi
past;Adjective Noun prep., Adverb;A1, A2;menneisyys
path;Noun;B1;polku
patient;Noun, Adjective;A2, B2;potilas
pattern;Noun;A2;kuvio
pay;Verb , Noun;A1, A2;maksaa
payment;Noun;B1;maksu
peace;Noun;A2;rauha
peaceful;Adjective;B1;rauhallinen
pen;Noun;A1;kynä
pencil;Noun;A1;lyijykynä
penny;Noun;A2;penni
pension;Noun;B2;eläke
people;Noun;A1;ihmiset
pepper;Noun;A1;pippuri
per;prep.;A2;kohti
per cent;Noun Adjective /Adverb;A2;prosenttia
percentage;Noun;B1;prosenttimäärä
perfect;Adjective;A1;täydellinen
perfectly;Adverb;B1;täydellisesti
perform;Verb;A2;suorittaa
performance;Noun;B1;esitys
perhaps;Adverb;A2;kenties
period;Noun;A1;aika
permanent;Adjective;B2;pysyvä
permission;Noun;A2;lupa
permit;Verb Noun;B2;lupa
person;Noun;A1;henkilö
personal;Adjective;A1;henkilökohtainen
personality;Noun;A2;persoonallisuus
personally;Adverb;B1;henkilökohtaisesti
perspective;Noun;B2;näkökulma
persuade;Verb;B1;suostutella
pet;Noun;A2;lemmikki
petrol;Noun;A2;bensiini
phase;Noun;B2;vaihe
phenomenon;Noun;B2;ilmiö
philosophy;Noun;B2;filosofia
phone;Noun Verb;A1;puhelin
photo;Noun;A1;kuva
photograph;Noun, Verb;A1, A2;valokuva
photographer;Noun;B1;valokuvaaja
photography;Noun;B1;valokuvaus
phrase;Noun;A1;fraasi
physical;Adjective;A2;fyysinen
physics;Noun;A2;fysiikka
piano;Noun;A1;piano
pick;Verb , Noun;A2, B2;valita
picture;Noun, Verb;A1, B2;kuva
piece;Noun;A1;pala
pig;Noun;A1;sika
pile;Noun Verb;B2;pino
pilot;Noun;A2;lentäjä
pin;Noun Verb;B1;tappi
pink;Adjective Noun;A1;vaaleanpunainen
pipe;Noun;B1;putki
pitch;Noun;B2;piki
place;Noun Verb;A1, B1;paikka
plain;Adjective;B2;tavallinen
plan;Noun Verb;A1;suunnitelma
plane;Noun;A1;kone
planet;Noun;A2;planeetta
planning;Noun;B1;suunnittelu
plant;Noun Verb;A1, A2;tehdas
plastic;Noun Adjective;A2;muovi-
plate;Noun;A2;lautanen
platform;Noun;A2;foorumi
play;Verb Noun;A1;pelata
player;Noun;A1;pelaaja
pleasant;Adjective;B1;miellyttävä
please;exclam., Verb;A1, A2;ole kiltti
pleased;Adjective;A2;tyytyväinen
pleasure;Noun;B1;ilo
plenty;proNoun;B1;paljon
plot;Noun, Verb;B1, B2;juoni
plus;prep., Adjective conj., Noun;B1, B2;plus
pocket;Noun;A2;tasku
poem;Noun;B1;runo
poet;Noun;B1;runoilija
poetry;Noun;B1;runous
point;Noun, Verb;A1, B1;kohta
pointed;Adjective;B2;terävä
poison;Noun Verb;B1;myrkyttää
poisonous;Adjective;B1;Varo myrkyllistä
police;Noun;A1;Poliisi
policeman;Noun;A1;poliisi
policy;Noun;B1;käytäntö
polite;Adjective;A2;kohtelias
political;Adjective;B1;poliittinen
politician;Noun;B1;poliitikko
politics;Noun;B1;politiikka
pollution;Noun;A2;saastuminen
pool;Noun;A1;pool
poor;Adjective;A1;huono
pop;Noun Adjective;A2;pop-
popular;Adjective;A1;suosittu
popularity;Noun;B2;suosio
population;Noun;A2;väestö
port;Noun;B1;portti
portrait;Noun;B1;muotokuva
pose;Verb;B2;aiheuttaa
position;Noun, Verb;A2, B2;asento
positive;Adjective , Noun;A1, B2;positiivinen
possess;Verb;B2;omistaa
possession;Noun;A2;hallinta
possibility;Noun;A2;mahdollisuus
possible;Adjective;A1;mahdollinen
possibly;Adverb;B1;mahdollisesti
post;Noun Verb;A1;lähettää
poster;Noun;A2;juliste
pot;Noun;B1;pannu
potato;Noun;A1;peruna
potential;Adjective Noun;B2;mahdollinen
pound;Noun;A1;punta
pour;Verb;B1;kaataa
poverty;Noun;B1;köyhyys
powder;Noun;B1;jauhe
power;Noun, Verb;A2, B2;teho
powerful;Adjective;B1;voimakas
practical;Adjective;B1;käytännöllinen
practice;Noun;A1;harjoitella
practise;Verb;A1;harjoitella
praise;Noun Verb;B2;kehua
pray;Verb;B1;rukoilla
prayer;Noun;B1;rukous
predict;Verb;A2;ennustaa
prediction;Noun;B1;ennustus
prefer;Verb;A1;mieluummin
pregnant;Adjective;B2;raskaana
preparation;Noun;B2;valmistautuminen
prepare;Verb;A1;valmistella
prepared;Adjective;B1;valmis
presence;Noun;B2;läsnäolo
present;Adjective Noun, Verb;A1, A2;esittää
presentation;Noun;B1;esittely
preserve;Verb;B2;Suojella
president;Noun;A2;presidentti
press;Verb Noun;B1;Lehdistö
pressure;Noun;B1;paine
pretend;Verb;B1;teeskennellä
pretty;Adjective Adverb;A1;nätti
prevent;Verb;A2;estää
previous;Adjective;B1;Edellinen
previously;Adverb;B1;aiemmin
price;Noun, Verb;A1, B2;hinta
priest;Noun;B1;pappi
primary;Adjective;B1;ensisijainen
prime;Adjective;B2;tärkein
prince;Noun;B1;prinssi
princess;Noun;B1;prinsessa
principle;Noun;B2;periaate
print;Verb , Noun;A2, B2;Tulosta
printer;Noun;A2;kirjoitin
printing;Noun;B1;painaminen
priority;Noun;B2;prioriteetti
prison;Noun;A2;vankila
prisoner;Noun;B1;vanki
privacy;Noun;B2;yksityisyys
private;Adjective;B1;yksityinen
prize;Noun;A2;palkinto
probably;Adverb;A1;todennäköisesti
problem;Noun;A1;ongelma
procedure;Noun;B2;menettely
process;Noun, Verb;A2, B2;prosessi
produce;Verb , Verb;A2, B2;tuottaa
producer;Noun;B1;tuottaja
product;Noun;A1;tuote
production;Noun;B1;tuotanto
profession;Noun;B1;ammatti
professional;Adjective , Noun;A2, B2;ammattilainen
professor;Noun;A2;professori
profile;Noun;A2;profiili
profit;Noun;B1;voitto
program;Noun, Verb;A2, B1;ohjelmoida
programme;Noun;A1;ohjelmoida
progress;Noun, Verb;A2, B2;edistyminen
project;Noun, Verb;A1, B2;projekti
promise;Verb Noun;A2;lupaus
promote;Verb;B1;edistää
pronounce;Verb;A2;lausua
proof;Noun;B2;todiste
proper;Adjective;B1;asianmukainen
properly;Adverb;B1;asianmukaisesti
property;Noun;B1;omaisuus
proposal;Noun;B2;ehdotus
propose;Verb;B2;ehdottaa
prospect;Noun;B2;näkymä
protect;Verb;A2;suojella
protection;Noun;B2;suojaus
protest;Noun Verb;B1;protesti
proud;Adjective;B1;ylpeä
prove;Verb;B1;todistaa
provide;Verb;A2;säätää
psychologist;Noun;B2;psykologi
psychology;Noun;B2;psykologia
pub;Noun;A2;pub
public;Adjective Noun;A2;julkinen
publication;Noun;B2;julkaisu
publish;Verb;A2;julkaista
pull;Verb , Noun;A2, B1;Vedä
punish;Verb;B1;rangaista
punishment;Noun;B1;rankaiseminen
pupil;Noun;B2;oppilas
purchase;Noun Verb;B2;ostaa
pure;Adjective;B2;puhdas
purple;Adjective Noun;A1;violetti
purpose;Noun;A2;tarkoitus
pursue;Verb;B2;jatkaa
push;Verb , Noun;A2, B1;työntää
put;Verb;A1;laittaa
qualification;Noun;B1;pätevyys
qualified;Adjective;B1;pätevä
qualify;Verb;B1;pätevöityä
quality;Noun;A2;laatu
quantity;Noun;A2;määrä
quarter;Noun;A1;neljännes
queen;Noun;A2;kuningatar
question;Noun, Verb;A1, A2;kysymys
queue;Noun Verb;B1;jonottaa
quick;Adjective;A1;nopea
quickly;Adverb;A1;nopeasti
quiet;Adjective;A1;hiljainen
quietly;Adverb;A2;hiljaa
quit;Verb;B1;lopettaa
quite;Adverb;A1;melko
quotation;Noun;B1;lainaus
quote;Verb Noun;B1;lainata
race (competition);NounVerb;A2;rotu (kilpailu)
race (people);Noun;B1;rotu (henkilöä)
racing;Noun;B1;kilpa-
radio;Noun;A1;radio
railway;Noun;A2;rautatie
rain;Noun Verb;A1;sade
raise;Verb;A2;nostaa
range;Noun, Verb;B1, B2;alue
rank;Noun Verb;B2;arvo
rapid;Adjective;B2;nopea
rapidly;Adverb;B2;nopeasti
rare;Adjective;B1;harvinainen
rarely;Adverb;B1;harvoin
rate;Noun, Verb;A2, B2;nopeus
rather;Adverb;A2;pikemminkin
raw;Adjective;B2;raaka
reach;Verb , Noun;A2, B2;saavuttaa
react;Verb;A2;suhtautua
reaction;Noun;B1;reaktio
read;Verb;A1;lukea
reader;Noun;A1;lukija
reading;Noun;A1;lukeminen
ready;Adjective;A1;valmis
real;Adjective;A1;todellinen
realistic;Adjective;B2;realistinen
reality;Noun;B1;todellisuus
realize;Verb;A2;realize
really;Adverb;A1;Todella
reason;Noun;A1;syy
reasonable;Adjective;B2;kohtuullinen
recall;Verb;B2;palauttaa mieleen
receipt;Noun;B1;kuitti
receive;Verb;A2;vastaanottaa
recent;Adjective;A2;viimeaikainen
recently;Adverb;A2;äskettäin
reception;Noun;A2;vastaanotto
recipe;Noun;A2;resepti
recognize;Verb;A2;tunnistaa
recommend;Verb;A2;suositella
recommendation;Noun;B1;suositus
record;Noun Verb;A2;ennätys
recording;Noun;A2;äänite
recover;Verb;B2;toipua
recycle;Verb;A2;kierrättää
red;Adjective Noun;A1;punainen
reduce;Verb;A2;vähentää
reduction;Noun;B2;vähentäminen
refer;Verb;A2;viitata
reference;Noun;B1;viite
reflect;Verb;B1;heijastaa
refuse;Verb;A2;kieltäytyä
regard;Verb Noun;B2;ottaa huomioon
region;Noun;A2;alue
regional;Adjective;B2;alueellinen
register;Verb Noun;B2;ilmoittautua
regret;Verb Noun;B2;pahoillani
regular;Adjective;A2;säännöllinen
regularly;Adverb;B1;säännöllisesti
regulation;Noun;B2;säätö
reject;Verb;B1;hylätä
relate;Verb;B1;koskea
related;Adjective;B1;liittyvä
relation;Noun;B1;suhde
relationship;Noun;A2;yhteys
relative;Adjective Noun;B1;suhteellinen
relatively;Adverb;B2;suhteellisesti
relax;Verb;A1;rentoutua
relaxed;Adjective;B1;rento
relaxing;Adjective;B1;rentouttava
release;Verb Noun;B1;julkaisu
relevant;Adjective;B2;merkityksellinen
reliable;Adjective;B1;luotettava
relief;Noun;B2;helpotus
religion;Noun;B1;uskonto
religious;Adjective;B1;uskonnollinen
rely;Verb;B2;luottaa
remain;Verb;B1;jäädä jäljelle
remark;Noun Verb;B2;huomautus
remember;Verb;A1;muistaa
remind;Verb;B1;muistuttaa
remote;Adjective;B1;etä
remove;Verb;A2;Poista
rent;Noun Verb;B1;vuokrata
repair;Verb , Noun;A2, B1;korjaus
repeat;Verb , Noun;A1, B1;toistaa
repeated;Adjective;B1;toistettu
replace;Verb;A2;korvata
reply;Verb Noun;A2;Vastaa
report;Noun, Verb;A1, A2;raportti
reporter;Noun;A2;reportteri
represent;Verb;B1;edustaa
representative;Noun Adjective;B2;edustaja
reputation;Noun;B2;maine
request;Noun, Verb;A2, B1;pyyntö
require;Verb;B1;vaatia
requirement;Noun;B2;vaatimus
rescue;Verb Noun;B2;pelastaa
research;Noun Verb;A2;tutkimus
researcher;Noun;A2;tutkija
reservation;Noun;B1;varaus
reserve;Noun Verb;B2;varata
resident;NounAdjective;B2;asukas
resist;Verb;B2;vastustaa
resolve;Verb;B2;ratkaista
resort;Noun;B2;turvautua
resource;Noun;B1;resurssi
respect;Noun Verb;B1;kunnioittaminen
respond;Verb;A2;vastata
response;Noun;A2;vastaus
responsibility;Noun;B1;vastuu
responsible;Adjective;B1;vastuullinen
rest (remaining part);Noun;A2;levätä (loppuosa)
rest (sleep/relax);Noun Verb;A2;Loput (uni / rentoutua)
restaurant;Noun;A1;ravintola
result;Noun, Verb;A1, B1;tulos
retain;Verb;B2;säilyttää
retire;Verb;B1;jäädä eläkkeelle
retired;Adjective;B1;eläkkeellä
return;Verb Noun;A1;palata
reveal;Verb;B2;paljastaa
review;Noun Verb;A2;arvostelu
revise;Verb;B1;tarkistaa
revolution;Noun;B2;vallankumous
reward;Noun Verb;B2;palkinto
rhythm;Noun;B2;rytmi
rice;Noun;A1;riisi
rich;Adjective;A1;rikas
rid;Verb;B2;eroon
ride;Verb , Noun;A1, A2;ratsastaa
right;Adjective Adverb Noun;A1;oikea
ring;Noun;A2;rengas
ring;Verb , Noun;A2, B1;rengas
rise;Verb , Noun;A2, B1;kohota
risk;Noun Verb;B1;riski
river;Noun;A1;joki
road;Noun;A1;tie
robot;Noun;B1;robotti
rock (stone);Noun;A2;kallio (kivi)
rock (music);Noun;A2;Rock-musiikki)
role;Noun;A2;rooli
roll;Verb Noun;B1;rulla
romantic;Adjective;B1;romanttinen
roof;Noun;A2;katto
room;Noun;A1;huone
root;Noun;B2;juuri
rope;Noun;B1;köysi
rough;Adjective;B1;karkea
round;Adjective Adverb prep., Noun;A2, B2;pyöristää
route;Noun;A2;reitti
routine;Noun, Adjective;A1, B2;rutiini
row;Noun;B1;rivi
royal;Adjective;B1;kuninkaallinen
rub;Verb;B2;hieroa
rubber;Noun Adjective;B2;kumi
rubbish;Noun;A2;roskat
rude;Adjective;A2;töykeä
rugby;Noun;B1;rugby
rule;Noun, Verb;A1, B1;sääntö
run;Verb , Noun;A1, A2;juosta
runner;Noun;A2;juoksija
running;Noun;A2;käynnissä
rural;Adjective;B2;maaseudun
rush;Verb Noun;B2;kiire
sad;Adjective;A1;surullinen
sadly;Adverb;A2;valitettavasti
safe;Adjective;A2;turvallinen
safety;Noun;B1;turvallisuus
sail;Verb , Noun;A2, B1;purjehtia
sailing;Noun;A2;purjehdus
sailor;Noun;B1;merimies
salad;Noun;A1;salaatti
salary;Noun;A2;palkkaus
sale;Noun;A2;myynti
salt;Noun;A1;suola
same;Adjective proNoun Adverb;A1;sama
sample;Noun, Verb;B1, B2;näyte
sand;Noun;B1;hiekka
sandwich;Noun;A1;voileipä
satellite;Noun;B2;satelliitti
satisfied;Adjective;B2;vakuuttunut
satisfy;Verb;B2;tyydyttää
Saturday;Noun;A1;lauantai
sauce;Noun;A2;kastike
save;Verb;A2;Tallentaa
saving;Noun;B2;tallentaa
say;Verb;A1;sanoa
scale;Noun;B2;asteikko
scan;Verb;B1;skannata
scared;Adjective;A2;pelottaa
scary;Adjective;A2;pelottava
scene;Noun;A2;näkymä
schedule;Noun, Verb;A2, B2;ajoittaa
scheme;Noun;B2;ohjelma
school;Noun;A1;koulu
science;Noun;A1;tiede
scientific;Adjective;B1;tieteellinen
scientist;Noun;A1;tiedemies
score;Verb Noun;A2;pisteet
scream;Verb Noun;B2;huutaa
screen;NounVerb;A2, B2;kuvaruutu
script;Noun;B1;käsikirjoitus
sculpture;Noun;B1;veistos
sea;Noun;A1;meri
search;Noun Verb;A2;Hae
season;Noun;A2;kausi
seat;Noun Verb;A2, B2;istuin
second1 (next after the first);et./ number, Adverb;A1, A2;second1 (seuraava jälkeen ensimmäinen)
second1 (unit of time);Noun;A1;second1 (aikayksikkö)
secondary;Adjective;B1;toissijainen
secondly;Adverb;A2;toiseksi
secret;Adjective, Noun;A2;salaisuus
secretary;Noun;A2;sihteeri
section;Noun;A1;jakso
sector;Noun;B2;sektori
secure;Verb Adjective;B2;turvallinen
security;Noun;B1;turvallisuus
see;Verb;A1;nähdä
seed;Noun;B1;siemen
seek;Verb;B2;etsiä
seem;Verb;A2;näyttää
select;Verb;B2;valita
selection;Noun;B2;valinta
self;Noun;B2;itse
sell;Verb;A1;myydä
send;Verb;A1;lähettää
senior;Adjective;B2;vanhempi
sense;Noun Verb;A2, B2;tunne
sensible;Adjective;B1;järkevä
sensitive;Adjective;B2;herkkä
sentence;Noun Verb;A1, B2;tuomita
separate;Adjective, Verb;A2, B1;erillinen
September;Noun;A1;syyskuu
sequence;Noun;B2;jakso
series;Noun;A2;sarja
serious;Adjective;A2;vakava
seriously;Adverb;B1;vakavasti
servant;Noun;B1;palvelija
serve;Verb;A2;palvella
service;Noun;A2;palvelu
session;Noun;B2;istunto
set (put);Verb;B1;setti (put)
set (group);Noun;B1;sarja (ryhmä)
setting;Noun;B1;asetus
settle;Verb;B2;laskeutua
seven;number;A1;seitsemän
seventeen;number;A1;seitsemäntoista
seventy;number;A1;seitsemänkymmentä
several;det./proNoun;A2;useat
severe;Adjective;B2;vaikea
sex;Noun;B1;sukupuoli
sexual;Adjective;B1;seksuaalinen
shade;Noun;B2;sävy
shadow;Noun;B2;varjo
shake;Verb Noun;A2, B1;ravistaa
shall;modal Verb;A2;on
shallow;Adjective;B2;matala
shame;Noun;B2;häpeä
shape;Noun Verb;A2, B2;muoto
share;Verb Noun;A1, B1;Jaa
sharp;Adjective;B1;terävä
she;proNoun;A1;hän
sheep;Noun;A1;lammas
sheet;Noun;A2;arkki
shelf;Noun;B1;hylly
shell;Noun;B1;kuori
shelter;Noun Verb;B2;suoja
shift;Noun Verb;B1, B2;siirtää
shine;Verb;B1;paistaa
shiny;Adjective;B1;kiiltävä
ship;Noun Verb;A2, B2;laiva
shirt;Noun;A1;paita
shock;Noun Verb;B2;shokki
shocked;Adjective;B2;järkyttynyt
shoe;Noun;A1;kenkä
shoot;Verb;B1;ampua
shooting;Noun;B2;ammunta
shop;Noun Verb;A1;myymälä
shopping;Noun;A1;ostokset
short;Adjective;A1;lyhyt
shot;Noun;B2;laukaus
should;modal Verb;A1;pitäisi
shoulder;Noun;A2;olkapää
shout;Verb Noun;A2;huutaa
show;Verb Noun;A1;näytä
shower;Noun;A1;suihku
shut;Verb Adjective;A2;sulkea
shy;Adjective;B1;ujo
sick;Adjective;A1;sairas
side;Noun;A2;puoli
sight;Noun;B1;näky
sign;Noun Verb;A2;merkki
signal;Noun Verb;B1;signaali
significant;Adjective;B2;merkittävä
significantly;Adverb;B2;merkittävästi
silence;Noun;B2;hiljaisuus
silent;Adjective;B1;hiljainen
silk;Noun;B2;silkki
silly;Adjective;B1;typerä
silver;Noun Adjective;A2;hopea
similar;Adjective;A1;samankaltainen
similarity;Noun;B1;samankaltaisuus
similarly;Adverb;B1;samoin
simple;Adjective;A2;yksinkertainen
simply;Adverb;B1;yksinkertaisesti
since;prep. conj., Adverb;A2, B1;siitä asti kun
sincere;Adjective;B2;vilpitön
sing;Verb;A1;laulaa
singer;Noun;A1;laulaja
singing;Noun;A2;laulu
single;Adjective Noun;A2;yksittäinen
sink;Verb;B1;pesuallas
sir;Noun;A2;arvon herra
sister;Noun;A1;sisko
sit;Verb;A1;istua
site;Noun;A2;paikka
situation;Noun;A1;tilanne
six;number;A1;kuusi
sixteen;number;A1;kuusitoista
sixty;number;A1;kuusikymmentä
size;Noun;A2;koko
ski;Verb Noun;A2;hiihtää
skiing;Noun;A2;hiihto
skill;Noun;A1;taito
skin;Noun;A2;iho
skirt;Noun;A1;hame
sky;Noun;A2;taivas
slave;Noun;B2;orja
sleep;Verb , Noun;A1, A2;nukkua
slice;Noun Verb;B1;viipale
slide;Verb Noun;B2;dia
slight;Adjective;B2;hienoinen
slightly;Adverb;B1;hieman
slip;Verb;B2;lipsahdus
slope;Noun Verb;B2;rinne
slow;Adjective , Verb;A1, B1;hidas
slowly;Adverb;A2;hitaasti
small;Adjective;A1;pieni
smart;Adjective;B1;fiksu
smartphone;Noun;A2;älypuhelin
smell;Verb Noun;A2;haju
smile;Verb Noun;A2;hymy
smoke;Noun Verb;A2;savu
smoking;Noun;A2;tupakointi
smooth;Adjective;B1;sileä
snake;Noun;A1;käärme
snow;Noun Verb;A1;lumi
so;Adverb conj.;A1;niin
soap;Noun;A2;saippua
soccer;Noun;A2;jalkapallo
social;Adjective;A2;sosiaalinen
society;Noun;A2;yhteiskunta
sock;Noun;A2;sukka
soft;Adjective;A2;pehmeä
software;Noun;B1;ohjelmisto
soil;Noun;B1;maaperä
solar;Adjective;B2;aurinko-
soldier;Noun;A2;sotilas
solid;Adjective Noun;B1;vankka
solution;Noun;A2;ratkaisu
solve;Verb;A2;ratkaista
some;det. proNoun;A1;jonkin verran
somebody;proNoun;A1;joku
someone;proNoun;A1;joku
something;proNoun;A1;jotain
sometimes;Adverb;A1;joskus
somewhat;Adverb;B2;jokseenkin
somewhere;Adverb proNoun;A2;jonnekin
son;Noun;A1;poika
song;Noun;A1;laulu
soon;Adverb;A1;pian
sorry;Adjective exclam.;A1;anteeksi
sort;Noun, Verb;A2, B1;järjestellä
soul;Noun;B2;sielu
sound;Noun Verb;A1;ääni
soup;Noun;A1;keitto
source;Noun;A2;lähde
south;Noun Adjective Adverb;A1;etelä
southern;Adjective;B1;eteläinen
space;Noun;A1;tila
speak;Verb;A1;puhua
speaker;Noun;A2;kaiutin
special;Adjective;A1;erityinen
specialist;Noun Adjective;B2;asiantuntija
species;Noun;B2;laji
specific;Adjective;A2;erityinen
specifically;Adverb;B1;erityisesti
speech;Noun;A2;puhe
speed;Noun, Verb;A2, B2;nopeus
spell;Verb;A1;loitsu
spelling;Noun;A1;oikeinkirjoitus
spend;Verb;A1;viettää
spending;Noun;B1;menot
spicy;Adjective;B1;mausteinen
spider;Noun;A2;hämähäkki
spirit;Noun;B1;henki
spiritual;Adjective;B2;hengellinen
split;Verb Noun;B2;jakaa
spoken;Adjective;B1;puhuttu
sponsor;Verb Noun;B2;sponsori
spoon;Noun;A2;lusikka
sport;Noun;A1;Urheilu
spot;Noun, Verb;B1, B2;täplä
spread;Verb , Noun;B1, B2;levitän
spring;Noun, Verb;A1, B1;kevät
square;Adjective Noun;A2;neliö
stable;Adjective;B2;vakaa
stadium;Noun;B1;stadion
staff;Noun;B1;henkilöstö
stage;Noun, Verb;A2, B2;vaihe
stair;Noun;A2;rappu
stamp;Noun;A2;leima
stand;Verb , Noun;A1, B2;seistä
standard;Noun Adjective;B1;standardi
star;Noun, Verb;A1, A2;tähti
stare;Verb;B2;tuijotus
start;Verb , Noun;A1, A2;alkaa
state;Noun, Adjective , v;A2, B1;osavaltio
statement;Noun;A1;selvitys
station;Noun;A1;asema
statistic;Noun;B1;tilastollinen
statue;Noun;B1;patsas
status;Noun;B2;Tila
stay;Verb , Noun;A1, A2;pysyä
steady;Adjective;B2;vakaa
steal;Verb;A2;varastaa
steel;Noun;B2;teräs
steep;Adjective;B2;jyrkkä
step;Noun, Verb;A2, B2;vaihe
stick (push into/attach);Verb;B1;tikku (työnnä / liittää)
stick (piece of wood);Noun;B1;tikku (puukappaleen)
sticky;Adjective;B2;tahmea
stiff;Adjective;B2;jäykkä
still;Adverb , Adjective;A1, B1;edelleen
stock;Noun;B2;kalusto
stomach;Noun;A2;vatsa
stone;Noun;A2;kivi
stop;Verb Noun;A1;lopettaa
store;Noun, Verb;A2, B1;myymälä
storm;Noun;A2;myrsky
story;Noun;A1;tarina
straight;Adverb Adjective;A2;suoraan
strange;Adjective;A2;outo
stranger;Noun;B1;muukalainen
strategy;Noun;A2;strategia
stream;Noun;B2;virta
street;Noun;A1;katu
strength;Noun;B1;vahvuus
stress;Noun Verb;A2;stressi
stretch;Verb Noun;B2;venyttää
strict;Adjective;B2;tiukka
strike;Verb Noun;B2;lakko
string;Noun;B1;jono
strong;Adjective;A1;vahva
strongly;Adverb;B1;voimakkaasti
structure;Noun, Verb;A2, B2;rakenne
struggle;Verb Noun;B2;kamppailu
student;Noun;A1;opiskelija
studio;Noun;B1;studio
study;Noun Verb;A1;tutkimus
stuff;Noun, Verb;B1, B2;jutut
stupid;Adjective;A2;tyhmä
style;Noun;A1;tyyli
subject;Noun, Adjective;A1, B2;aihe
submit;Verb;B2;Lähetä
substance;Noun;B1;aine
succeed;Verb;A2;onnistua
success;Noun;A1;menestys
successful;Adjective;A2;onnistunut
successfully;Adverb;B1;onnistuneesti
such;det./proNoun;A2;sellainen
sudden;Adjective;B1;äkillinen
suddenly;Adverb;A2;yhtäkkiä
suffer;Verb;B1;kärsiä
sugar;Noun;A1;sokeri
suggest;Verb;A2;ehdottaa
suggestion;Noun;A2;ehdotus
suit;Noun, Verb;A2, B1;-puku
suitable;Adjective;B1;sopiva
sum;Noun Verb;B2;summa
summarize;Verb;B1;yhteenveto
summary;Noun;B1;yhteenveto
summer;Noun;A1;kesä
sun;Noun;A1;aurinko
Sunday;Noun;A1;sunnuntai
supermarket;Noun;A1;supermarket
supply;Noun Verb;B1;toimittaa
support;Verb Noun;A2;tuki
supporter;Noun;B1;tukija
suppose;Verb;A2;olettaa
sure;Adjective , Adverb;A1, A2;varma
surely;Adverb;B1;varmasti
surface;Noun;B1;pinta
surgery;Noun;B2;leikkaus
surprise;Noun Verb;A2;yllätys
surprised;Adjective;A2;yllättynyt
surprising;Adjective;A2;yllättävä
surround;Verb;B2;ympäröidä
surrounding;Adjective;B2;ympäröivä
survey;Noun, Verb;A2, B2;tutkimus
survive;Verb;B1;hengissä
suspect;Verb Noun;B2;epäilty
swear;Verb;B2;vannoa
sweater;Noun;A1;villapaita
sweep;Verb;B2;lakaista
sweet;Adjective Noun;A2;makea
swim;Verb , Noun;A1, B1;uida
swimming;Noun;A1;uima-
switch;Verb , Noun;B1, B2;vaihtaa
symbol;Noun;A2;symboli
sympathy;Noun;B2;myötätunto
symptom;Noun;B1;oire
system;Noun;A2;järjestelmä
table;Noun;A1;pöytä
tablet;Noun;A2;tabletti
tail;Noun;B1;pyrstö
take;Verb;A1;ottaa
tale;Noun;B2;tarina
talent;Noun;B1;lahjakkuus
talented;Adjective;B1;lahjakas
talk;Verb , Noun;A1, A2;puhua
tall;Adjective;A1;pitkä
tank;Noun;B2;säiliö
tape;Noun;B1;nauha
target;Noun, Verb;A2, B2;kohde
task;Noun;A2;tehtävä
taste;Noun Verb;A2;maku
tax;Noun Verb;B1;verottaa
taxi;Noun;A1;Taksi
tea;Noun;A1;tee
teach;Verb;A1;opettaa
teacher;Noun;A1;opettaja
teaching;Noun;A2;opetus
team;Noun;A1;tiimi
tear1;Verb Noun;B2;tear1
tear2;Noun;B2;tear2
technical;Adjective;B1;tekninen
technique;Noun;B1;tekniikka
technology;Noun;A2;tekniikka
teenage;Adjective;A2;teini-ikäinen
teenager;Noun;A1;teini-ikäinen
telephone;Noun Verb;A1;puhelin
television;Noun;A1;televisio
tell;Verb;A1;kertoa
temperature;Noun;A2;lämpötila
temporary;Adjective;B2;tilapäinen
ten;number;A1;kymmenen
tend;Verb;B1;taipumus
tennis;Noun;A1;tennis
tent;Noun;B1;teltta
term;Noun, Verb;A2, B2;termi
terrible;Adjective;A1;kauhea
test;Noun Verb;A1;testata
text;Noun, Verb;A1, A2;teksti
than;conj.;A1;kuin
thank;Verb;A1;kiittää
thanks;exclam. Noun;A1;Kiitos
that;det. proNoun conj., Adverb;A1, B1;että
the;definite article;A1; 
theatre;Noun;A1;teatteri
their;det.;A1;heidän
theirs;proNoun;B1;heidän
them;proNoun;A1;niitä
theme;Noun;B1;teema
themselves;proNoun;A2;itse
then;Adverb;A1;sitten
theory;Noun;B1;teoria
therapy;Noun;B2;terapia
there;Adverb;A1;siellä
therefore;Adverb;B1;siksi
they;proNoun;A1;ne
thick;Adjective;A2;paksu
thief;Noun;A2;varas
thin;Adjective;A2;ohut
thing;Noun;A1;asia
think;Verb;A1;ajatella
thinking;Noun;A2;ajattelu
third;number, Noun;A1, A2;kolmas
thirsty;Adjective;A1;janoinen
thirteen;number;A1;kolmetoista
thirty;number;A1;kolmekymmentä
this;det./proNoun, Adverb;A1, B1;Tämä
though;conj. Adverb;B1;vaikka
thought;Noun;A2;ajatus
thousand;number;A1;tuhat
threat;Noun;B2;uhkaus
threaten;Verb;B2;uhata
three;number;A1;kolme
throat;Noun;B1;kurkku
through;prep. Adverb;A1;kautta
throughout;prep./Adverb;B1;kauttaaltaan
throw;Verb;A2;heittää
Thursday;Noun;A1;torstai
thus;Adverb;B2;täten
ticket;Noun;A1;lippu
tidy;Adjective v;A2;siisti
tie;Verb Noun;A2;solmio
tight;Adjective;B1;tiukka
till;conj./prep.;B1;asti
time;Noun, Verb;A1, B2;aika
tin;Noun;B1;tina
tiny;Adjective;B1;pikkuruinen
tip;Noun, Verb;A2, B1;kärki
tired;Adjective;A1;väsynyt
title;Noun;A1, B2;otsikko
to;prep., infinitive marker;A1;että
today;Adverb Noun;A1;tänään
toe;Noun;B1;varvas
together;Adverb;A1;yhdessä
toilet;Noun;A1;WC
tomato;Noun;A1;tomaatti
tomorrow;Adverb Noun;A1;huomenna
tone;Noun;B2;sävy
tongue;Noun;B1;kieli
tonight;Adverb n;A1;tänä yönä
too;Adverb;A1;liian
tool;Noun;A2;työkalu
tooth;Noun;A1;hammas
top;Noun, Adjective;A2;ylin
topic;Noun;A1;aihe
total;Adjective Noun;B1;kaikki yhteensä
totally;Adverb;B1;täysin
touch;Verb , Noun;A2, B1;kosketus
tough;Adjective;B2;kova
tour;Noun, Verb;A2, B1;kiertue
tourism;Noun;A2;matkailu
tourist;Noun;A1;turisti
towards;prep.;A2;kohti
towel;Noun;A2;pyyhe
tower;Noun;A2;torni
town;Noun;A1;kaupunki
toy;Noun, Adjective;A2;lelu
track;Noun, Verb;A2, B2;seurata
trade;Noun, Verb;B1;käydä kauppaa
tradition;Noun;A2;perinne
traditional;Adjective;A2;perinteinen
traffic;Noun;A1;liikenne
train;Noun, Verb;A1, A2;kouluttaa
trainer;Noun;A2;kouluttaja
training;Noun;A2;koulutus
transfer;Verb Noun;B2;siirtää
transform;Verb;B2;muuttaa
transition;Noun;B2;siirtyminen
translate;Verb;B1;Kääntää
translation;Noun;B1;käännös
transport;Noun, Verb;A2, B1;kuljetus
travel;Verb Noun;A1;matkustaa
traveller;Noun;A2;matkustaja
treat;Verb;B1;kohdella
treatment;Noun;B1;hoito
tree;Noun;A1;puu
trend;Noun;B1;trendi
trial;Noun;B2;oikeudenkäynti
trick;Noun Verb;B1;temppu
trip;Noun, Verb;A1, B2;matka
tropical;Adjective;B2;trooppinen
trouble;Noun, Verb;A2, B2;vaivata
trousers;Noun;A1;housut
truck;Noun;A2;kuorma-auto
TRUE;Adjective;A1;TOTTA
truly;Adverb;B2;todella
trust;Noun Verb;B2;luottamus
truth;Noun;B1;totuus
try;Verb , Noun;A1, B2;yrittää
T-shirt;Noun;A1;T-paita
tube;Noun;B1;putki
Tuesday;Noun;A1;tiistai
tune;Noun;B2;virittää
tunnel;Noun;B2;tunneli
turn;Verb Noun;A1;vuoro
TV;Noun;A1;TV
twelve;number;A1;kaksitoista
twenty;number;A1;kaksikymmentä
twice;Adverb;A1;kahdesti
twin;Noun Adjective;A2;twin
two;number;A1;kaksi
type;Noun, Verb;A1, B1;tyyppi
typical;Adjective;A2;tyypillinen
typically;Adverb;B1;tyypillisesti
tyre;Noun;B1;Rengas
ugly;Adjective;B1;ruma
ultimately;Adverb;B2;viime kädessä
umbrella;Noun;A1;sateenvarjo
unable;Adjective;B1;kykenemätön
uncle;Noun;A1;setä
uncomfortable;Adjective;B1;epämiellyttävä
unconscious;Adjective;B2;tajuton
under;prep. Adj;A1;alla
underground;Adjective Adverb;A2;maanalainen
understand;Verb;A1;ymmärtää
understanding;Noun;A2;ymmärtäminen
underwear;Noun;B1;alusvaatteet
unemployed;Adjective;B1;työtön
unemployment;Noun;B1;työttömyys
unexpected;Adjective;B2;odottamaton
unfair;Adjective;B1;epäoikeudenmukainen
unfortunately;Adverb;A2;valitettavasti
unhappy;Adjective;A2;onneton
uniform;Noun;A2;yhtenäinen
union;Noun;B1;liitto
unique;Adjective;B2;ainutlaatuinen
unit;Noun;A2;yksikkö
united;Adjective;A2;yhdistynyt
universe;Noun;B2;maailmankaikkeus
university;Noun;A1;yliopisto
unknown;Adjective;B2;tuntematon
unless;conj.;B1;ellei
unlike;prep.;B1;toisin kuin
unlikely;Adjective;B1;epätodennäköistä
unnecessary;Adjective;B1;tarpeeton
unpleasant;Adjective;B1;epämiellyttävä
until;conj./prep.;A1;siihen asti kun
unusual;Adjective;A2;epätavallinen
up;Adverb proNoun;A1;ylös
update;Verb Noun;B1;päivittää
upon;prep.;B1;päälle
upper;Adjective;B2;ylempi
upset;Adjective v;B1;poissa tolaltaan
upstairs;Adverb , Adjective;A1, A2;yläkerrassa
upwards;Adverb;B2;ylöspäin
urban;Adjective;B2;kaupunki-
urge;Verb;B2;halu
us;proNoun;A1;meille
use;Verb , Noun;A1, A2;käyttää
used;Adjective;B1;käytetyt
used to;modal Verb;A2;tottunut
useful;Adjective;A1;hyödyllinen
user;Noun;A2;käyttäjä
usual;Adjective;A2;tavallinen
usually;Adverb;A1;yleensä
vacation;Noun;A1;loma
valley;Noun;A2;laakso
valuable;Adjective;B1;arvokas
value;Noun, Verb;B1, B2;arvo
van;Noun;A2;pakettiauto
variety;Noun;A2;lajike
various;Adjective;B1;eri
vary;Verb;B2;vaihdella
vast;Adjective;B2;valtava
vegetable;Noun;A1;vihannes
vehicle;Noun;A2;ajoneuvo
venue;Noun;B2;tapahtumapaikka
version;Noun;B1;versio
very;Adverb , Adjective;A1, B1;erittäin
via;prep.;B2;kautta
victim;Noun;B1;uhri
victory;Noun;B2;voitto
video;Noun;A1;video-
view;Noun, Verb;A2,;näkymä
viewer;Noun;B1;katsoja
village;Noun;A1;kylä
violence;Noun;B2;väkivalta
violent;Adjective;B1;väkivaltainen
virtual;Adjective;B2;virtuaali-
virus;Noun;A2;virus
vision;Noun;B2;näkemys
visit;Verb Noun;A1;vierailla
visitor;Noun;A1;vierailija
visual;Adjective;B2;visuaalinen
vital;Adjective;B2;elintärkeä
vitamin;Noun;B2;vitamiini
voice;Noun;A2;ääni
volume;Noun;B2;tilavuus
volunteer;Noun Verb;B1;vapaaehtoinen
vote;Noun Verb;B1;äänestys
wage;Noun;B2;palkka
wait;Verb , Noun;A1, A2;odota
waiter;Noun;A1;Tarjoilija
wake;Verb;A1;herätä
walk;Verb Noun;A1;kävellä
wall;Noun;A1;seinä
want;Verb;A1;haluta
war;Noun;A2;sota
warm;Adjective , v;A1, B1;lämmin
warn;Verb;B1;varoittaa
warning;Noun;B1;Varoitus
wash;Verb , Noun;A1, A2;pestä
washing;Noun;A2;pesu
waste;Noun v, Adjective;B1;hukkaan
watch;Verb Noun;A1;katsella
water;Noun, Verb;A1, B1;vesi
wave;Noun;A2, B1;Aalto
way;Noun;A1, B2;tapa
we;proNoun;A1;me
weak;Adjective;A2;heikko
weakness;Noun;B2;heikkous
wealth;Noun;B2;rikkaus
wealthy;Adjective;B2;varakas
weapon;Noun;B1;ase
wear;Verb;A1;pitää päällä
weather;Noun;A1;sää
web;Noun;A2;verkko
website;Noun;A1;verkkosivusto
wedding;Noun;A2;häät
Wednesday;Noun;A1;keskiviikko
week;Noun;A1;viikko
weekend;Noun;A1;viikonloppu
weigh;Verb;B1;punnita
weight;Noun;A2;paino
welcome;exclam. Verb Adjective , n;A1, A2;Tervetuloa
well;Adverb , Adjective , exclam.;A1;hyvin
west;Noun Adjective Adverb;A1;länsi
western;Adjective;B1;Läntinen
wet;Adjective;A2;märkä
what;proNoun/det.;A1;mitä
whatever;det./proNoun;B1;aivan sama
wheel;Noun;A2;pyörä
when;Adverb proNounconj.;A1;kun
whenever;conj.;B1;milloin tahansa
where;Adverb conj.;A1;missä
whereas;conj.;B2;taas
wherever;conj.;B2;missä vain
whether;conj.;B1;onko
which;proNoun/det.;A1;joka
while;conj., Noun;A2, B1;sillä aikaa
whisper;Verb Noun;B2;kuiskaus
white;Adjective Noun;A1;valkoinen
who;proNoun;A1;WHO
whole;Adjective , n;A2, B1;koko
whom;proNoun;B2;ketä
whose;det./proNoun;A2;jonka
why;Adverb;A1;miksi
wide;Adjective;A2;leveä
widely;Adverb;B2;laajalti
wife;Noun;A1;vaimo
wild;Adjective;A2;villi
wildlife;Noun;B2;villieläimet
will;modal, Noun Verb;A1,;tahtoa
willing;Adjective;B2;halukas
win;Verb , Noun;A1, B1;voittaa
wind1;Noun;A2;wind1
wind2;Verb;B2;wind2
window;Noun;A1;ikkuna
wine;Noun;A1;viini
wing;Noun;B1;siipi
winner;Noun;A2;voittaja
winter;Noun;A1;talvi
wire;Noun;B2;johdin
wise;Adjective;B2;viisas
wish;Verb Noun;A2;toive
with;prep.;A1;kanssa
within;prep.;B1;sisällä
without;prep.;A1;ilman
witness;Noun Verb;B2;todistaja
woman;Noun;A1;nainen
wonder;Verb Noun;B1;ihme
wonderful;Adjective;A1;ihana
wood;Noun;A2;puu
wooden;Adjective;A2;puinen
wool;Noun;B1;villa-
word;Noun;A1;sana
work;Verb Noun;A1;työ
worker;Noun;A1;työntekijä
working;Adjective;A2;työskentely
world;Noun;A1;maailman-
worldwide;Adjective Adverb;B1;maailmanlaajuinen
worried;Adjective;A2;huolestunut
worry;Verb Noun;A2, B1;huoli
worse;Adjective, AdVerb Noun;A2,B1, B2;huonompi
worst;Adjective, AdVerb;A2,B1, B2;pahin
worth;Adjective, Noun;B1, B2;arvoinen
would;modal, Verb;A1;Olisiko
wound;Noun Verb;B2;haava
wow;exclam.;A2;Vau
wrap;Verv;B2;kietoa
write;Verb;A1;kirjoittaa
writer;Noun;A1;kirjailija
writing;Noun;A1;kirjoittaminen
written;Adjective;B1;kirjallinen
wrong;Adjective, AdVerb Noun;A1, B1, B2;väärä
yard;Noun;B1;piha
yeah;exclam.;A1;Joo
year;Noun;A1;vuosi
yellow;Adjective, Noun;A1;keltainen
yes;exclam.;A1;Joo
yesterday;AdVerb Noun;A1;eilen
yet;AdVerb conj.;A2, B2;vielä
you;proNoun;A1;sinä
young;Adjective, Noun;A1, B1;nuori
your;det.;A1;teidän
yours;proNoun;A2;sinun
yourself;proNoun;A1;sinä itse
youth;Noun;B1;nuoret
zero;number;A2;nolla
zone;Noun;B2;vyöhyke
