a, an;indefinite, article;A1;un, un
abandon;Verb;B2;abandonar
ability;Noun;A2;capacidade
able;Adjective;A2;capaz
about;prep. Adverb;A1;sobre
above;prep. Adverb;A1;arriba
abroad;Adverb;A2;no exterior
absolute;Adjective;B2;absoluto
absolutely;Adverb;B1;absolutamente
academic;adj, Noun;B1, B2;académico
accept;Verb;A2;aceptar
acceptable;Adjective;B2;aceptable
access;Noun Verb;B1;acceso
accident;Noun;A2;accidente
accommodation;Noun;B1;Aloxamento
accompany;Verb;B2;seguir
according to;prep.;A2;dacordo con
account;Noun Verb;B1, B2;conta
accurate;Adjective;B2;que
accuse;Verb;B2;acusar
achieve;Verb;A2;alcanzar
achievement;Noun;B1;realización
acknowledge;Verb;B2;recoñecer
acquire;Verb;B2;adquiren
across;prep. Adverb;A1;transversalmente
act;Verb Noun;A2,B1;actuar
action;Noun;A1;acción
active;Adjective;A2;activo
activity;Noun;A1;actividade
actor;Noun;A1;actor
actress;Noun;A1;actriz
actual;Adjective;B2;real
actually;Adverb;A2;en realidade
ad;Noun;B1;anuncio
adapt;Verb;B2;adaptar
add;Verb;A1;Agregar
addition;Noun;B1;adición
additional;Adjective;B2;adicional
address;Noun Verb;A1,B2;dirección
administration;Noun;B2;administración
admire;Verb;B1;Admire
admit;Verb;B1;admitir
adopt;Verb;B2;adoptar
adult;Noun adj;A1,A2;adulto
Advance;Noun Verb adj;B2;antelación
Advanced;Adjective;B1;avanzado
Advantage;Noun;A2;vantaxe
Adventure;Noun;A2;aventura
Advertise;Verb;A2;Anunciar
Advertisement;Noun;A2;Publicidade
Advertising;Noun;A2;publicidade
Advice;Noun Verb;A1, B1;Consello
affair;Noun;B2;caso
affect;Verb;A2;afectar
afford;Verb;B1;permitir
afraid;Adjective;A1;medo
after;prep. conj. Adverb;A1,A2;despois
afternoon;Noun;A1;tarde
afterwards;Adverb;B2;despois
again;Adverb;A1;novo
against;prep;A2;contra
age;Noun Verb;A1, B1;idade
aged;Adjective;B1;ancián
agency;Noun;B2;axencia
agenda;Noun;B2;axenda
agent;Noun;B1;axente
aggressive;Adjective;B2;agresivo
ago;Adverb;A1;atrás
agree;Verb;A1;acordo
agreement;Noun;B1;segundo
ah;exclam.;A2;ah
ahead;Adverb;B1;adiante
aid;Noun Verb;B2;axuda
aim;Verb Noun;B1;obxectivo
air;Noun;A1;aire
aircraft;Noun;B2;aeronave
airline;Noun;A2;aerolínea
airport;Noun;A1;aeroporto
alarm;Noun Verb;B1, B2;alarma
album;Noun;B1;álbum
alcohol;Noun;B1;alcohol
alcoholic;Adjective;B1;alcoólatra
alive;Adjective;A2;vivo
all;det. pron, Adverb;A1, A2;todo
all right;Adjective, Adverb exclam;A2;todo ben
allow;Verb;A2;permitir
almost;Adverb;A2;case
alone;Adjective, Adverb;A2;só
along;prep. Adverb;A2;xunto
already;Adverb;A2;xa
also;Adverb;A1;tamén
alter;Verb;B2;alter
alternative;Noun Adjective;A2, B1;alternativa
although;conj;A2;aínda
always;Adverb;A1;sempre
amazed;Adjective;B1;marabillado
amazing;Adjective;A1;sorprendente
ambition;Noun;B1;ambición
ambitious;Adjective;B1;ambicioso
among;prep.;A2;entre
amount;Noun Verb;A2, B2;cantidade
analyse;Verb;B1;analizar
analysis;Noun;B1;análise
ancient;Adjective;A2;antigo
and;conj;A1;e
anger;Noun;B2;rabia
angle;Noun;B2;ángulo
angry;Adjective;A1;anoxado
animal;Noun;A1;animal
ankle;Noun;A2;nocello
anniversary;Noun;B2;aniversario
announce;Verb;B1;anunciar
announcement;Noun;B1;anuncio
annoy;Verb;B1;annoy
annoyed;Adjective;B1;molestar
annoying;Adjective;B1;irritante
annual;Adjective;B2;anual
another;det. proNoun;A1;outro
answer;Noun Verb;A1;resposta
anxious;Adjective;B2;ansioso
any;det. proNoun, Adverb;A1, A2;calquera
anybody;pron;A2;alguén
any more;Adverb;A2;máis
anyone;pron;A1;alguén
anything;pron;A1;nada
anyway;Adverb;A2;de calquera xeito
anywhere;AdVerb proNoun;A2;en calquera lugar
apart;Adverb;B1;aparte
apartment;Noun;A1;piso
apologize;Verb;B1;Desculpe
app;Noun;A2;aplicación
apparent;Adjective;B2;aparente
apparently;Adverb;B2;aparentemente
appeal;Noun Verb;B2;apelación
appear;Verb;A2;aparecer
appearance;Noun;A2;aspecto
apple;Noun;A1;mazá
application;Noun;B1;aplicación
apply;Verb;A2;aplicar
appointment;Noun;B1;nomeamento
appreciate;Verb;B1;apreciar
approach;Noun Verb;B2;aproximación
appropriate;Adjective;B2;apropiarse
approval;Noun;B2;aprobación
approve;Verb;B2;aprobar
approximately;Adverb;B1;aproximadamente
April;Noun;A1;abril
architect;Noun;A2;arquitecto
architecture;Noun;A2;arquitectura
area;Noun;A1;área
argue;Verb;A2;argumentar
argument;Noun;A2;argumento
arise;Verb;B2;xurdir
arm;Noun;A1;brazo
armed;Adjective;B2;armado
arms;Noun;B2;Ficheiro: Escudo
army;Noun;A2;exército
around;prep. Adverb;A1;en torno a
arrange;Verb;A2;organizar
arrangement;Noun;A2;arranxo
arrest;Verb Noun;B1;prender
arrival;Noun;B1;chegada
arrive;Verb;A1;chegar
art;Noun;A1;arte
article;Noun;A1;artigo
artificial;Adjective;B2;artificial
artist;Noun;A1;artista
artistic;Adjective;B2;artística
as;prep., Adverb conj.;A1, A2;como
ashamed;Adjective;B2;avergoñado
asleep;Adjective;A2;durmido
ask;Verb;A1;preguntar
aspect;Noun;B2;aspecto
assess;Verb;B2;avaliar
assessment;Noun;B2;avaliación
assignment;Noun;B1;asignación
assist;Verb;B1;axudar
assistant;Noun Adjective;A2;asistente
associate;Verb;B2;asociado
associated;Adjective;B2;asociado
association;Noun;B2;asociación
assume;Verb;B2;asumir
at;prep.;A1;en
athlete;Noun;A2;atleta
atmosphere;Noun;B1;atmosfera
attach;Verb;B1;achegar
attack;Noun Verb;A2;ataque
attempt;Noun Verb;B2;tentar
attend;Verb;A2;ATTEND
attention;Noun exclam.;A2;atención
attitude;Noun;B1;actitude
attract;Verb;B1;atraer
attraction;Noun;B1;atracción
attractive;Adjective;A2;atractivo
audience;Noun;A2;público
August;Noun;A1;agosto
aunt;Noun;A1;tía
author;Noun;A2;autor
authority;Noun;B1;autoridade
autumn;Noun;A1;outono
available;Adjective;A2;dispoñible
average;Adjective, Noun Verb;A2, B1;media
avoid;Verb;A2;evite
award;Noun Verb;A2, B1;premio
aware;Adjective;B1;consciente
away;Adverb;A1;lonxe
awful;Adjective;A2;terrible
baby;Noun;A1;bebé
back;Noun AdVerb Adjective, Verb;A1, A2, B2;de volta
background;Noun;A2;fondo
backwards;Adverb;B1;atrás
bacteria;Noun;B2;bacterias
bad;Adjective;A1;malo
badly;Adverb;A2;mal
bag;Noun;A1;saco
bake;Verb;B1;asar
balance;Noun Verb;B1;equilibrio
ball;Noun;A1;bola
ban;Verb Noun;B1;alonxamento
banana;Noun;A1;banana
band;Noun;A1;banda
bank (money);Noun;A1;base (diñeiro)
bank (river);Noun;B1;base (río)
bar;Noun Verb;A2, B2;bar
barrier;Noun;B2;barreira
base;Noun Verb;B1;base
baseball;Noun;A2;béisbol
based;Adjective;A2;baseado
basketball;Noun;A2;baloncesto
basic;Adjective;B1;básico
basically;Adverb;B2;basicamente
basis;Noun;B1;base
bath;Noun;A1;baño
bathroom;Noun;A1;baño
battery;Noun;B1;batería
battle;Noun Verb;B1, B2;batalla
be;Verb auxiliary Verb;A1;ser
beach;Noun;A1;praia
bean;Noun;A2;feixón
bear (deal with);Verb;B2;oso (xestione)
bear (animal);Noun;A2;oso (animal)
beat;Verb Noun;A2, B2;batida
beautiful;Adjective;A1;fermoso
beauty;Noun;B1;beleza
because;conj.;A1;porque
become;Verb;A1;tornar-se
bed;Noun;A1;cama
bedroom;Noun;A1;cuarto
bee;Noun;B1;abella
beef;Noun;A2;carne
beer;Noun;A1;cervexa
before;prep., conj. Adverb;A1, A2;antes
beg;Verb;B2;suplicar
begin;Verb;A1;comezar
beginning;Noun;A1;inicio
behave;Verb;A2;se comportan
behaviour;Noun;A2;comportamento
behind;prep. Adverb;A1;atrás
being;Noun;B2;estar
belief;Noun;B1;crenza
believe;Verb;A1;crer
bell;Noun;B1;campá
belong;Verb;A2;pertencen
below;Adverb prep.;A1;baixo
belt;Noun;A2;correa
bend;Verb Noun;B1;curva
benefit;Verb NouNoun;A2, B1;beneficio
bent;Adjective;B2;dobrado
best;Adjective, AdVerb Noun;A1, A2;máis
bet;Verb Noun;B2;aposta
better;Adjective , Adverb , Noun;A1, A2, B1;mellor
between;prep., Adverb;A1, A2;entre
beyond;prep. Adverb;B2;ademais
bicycle;Noun;A1;bicicleta
big;Adjective;A1;gran
bike;Noun;A1;bicicleta
bill;Noun Verb;A1, B2;proxecto de lei
billion number; ;A2;millóns de número
bin;Noun;A2;caixa
biology;Noun;A2;bioloxía
bird;Noun;A1;paxaro
birth;Noun;A2;nacemento
birthday;Noun;A1;aniversario
biscuit;Noun;A2;biscoito
bit;Noun;A2;bocado
bite;Verb Noun;B1;morder
bitter;Adjective;B2;amargo
black;Adjective, Noun;A1;negro
blame;Verb Noun;B2;culpa
blank;Adjective, Noun;A2;en branco
blind;Adjective;B2;cego
block;Noun Verb;B1;bloque
blog;Noun;A1;blogue
blonde;Adjective;A1;rubio
blood;Noun;A2;sangue
blow;Verb;A2;golpe
blue;Adjective, Noun;A1;azul
board;Noun Verb;A2, B1;placa
boat;Noun;A1;Barco
body;Noun;A1;corpo
boil;Verb;A2;fervura
bomb;Noun Verb;B1;bomba
bond;Noun;B2;vínculo
bone;Noun;A2;óso
book;Noun Verb;A1, A2;libro
boot;Noun;A1;bota
border;Noun Verb;B1, B2;fronteira
bored;Adjective;A1;aburrido
boring;Adjective;A1;enfadonho
born;Verb;A1;nado
borrow;Verb;A2;Borrow
boss;Noun;A2;patrón
both;det./proNoun;A1;tanto
bother;Verb;B1;incomodar
bottle;Noun;A1;botella
bottom;NouNoun Adjective;A2;fondo
bowl;Noun;A2;tixela
box;Noun;A1;caixa
boy;Noun;A1;neno
boyfriend;Noun;A1;mozo
brain;Noun;A2;cerebro
branch;Noun;B1;sector
brand;Noun Verb;B1;marca
brave;Adjective;B1;valente
bread;Noun;A1;pan
break;Verb Noun;A1;pausa
breakfast;Noun;A1;almorzo
breast;Noun;B2;mama
breath;Noun;B1;respiración
breathe;Verb;B1;respirar
breathing;Noun;B1;respiración
bride;Noun;B1;noiva
bridge;Noun;A2;ponte
brief;Adjective;B2;breve
bright;Adjective;A2;brillante
brilliant;Adjective;A2;brillante
bring;Verb;A1;levar
broad;Adjective;B2;amplo
broadcast;Verb Noun;B2;transmisión
broken;Adjective;A2;roto
brother;Noun;A1;irmán
brown;Adjective, Noun;A1;marrón
brush;Verb Noun;A2;cepillo
bubble;Noun;B1;burbulla
budget;Noun;B2;orzamento
build;Verb;A1;construción
building;Noun;A1;edificio
bullet;Noun;B2;bala
bunch;Noun;B2;monte
burn;Verb Noun;A2, B2;queimar
bury;Verb;B1;enterrar
bus;Noun;A1;autobuses
bush;Noun;B2;arbusto
business;Noun;A1;negocio
businessman;Noun;A2;empresario
busy;Adjective;A1;ocupado
but;conj. prep;A1, B2;pero
butter;Noun;A1;manteiga
button;Noun;A2;botón
buy;Verb;A1;Buy
by;prep. Adverb;A1, B1;por
bye;exclam;A1;adeus
cable;Noun;B2;cable
cafe;Noun;A1;café
cake;Noun;A1;bolo
calculate;Verb;B2;calcular
call;Verb Noun;A1;chamar
calm;Adjective Verb Noun;B1;calma
camera;Noun;A1;cámara
camp;Noun Verb;A2;campamento
campaign;Noun Verb;B1;campaña
camping;Noun;A2;camping
campus;Noun;B1;escola
can1;modal Verb;A1;CAN1
can2;Noun;A2;CAN2
cancel;Verb;B2;cancelar
cancer;Noun;B2;cancro
candidate;Noun;B1;candidato
cannot;Verb;A1;non podes
cap;Noun;B1;gorra
capable;Adjective;B2;capaz
capacity;Noun;B2;capacidade
capital;Noun Adjective;A1;capital
captain;Noun;B1;capitán
capture;Verb Noun;B2;captura
car;Noun;A1;coche
card;Noun;A1;tarxeta
care;Noun Verb;A2;coidado
career;Noun;A1;carreira
careful;Adjective;A2;coidadoso
carefully;Adverb;A2;coidadosamente
careless;Adjective;B1;sen ter en conta
carpet;Noun;A2;alfombra
carrot;Noun;A1;cenoria
carry;Verb;A1;Carry
cartoon;Noun;A2;deseño animado
case;Noun;A2;caso
cash;Noun;A2;diñeiro
cast;Noun Verb;B2;Reparto
castle;Noun;A2;castelo
cat;Noun;A1;gato
catch;Verb Noun;A2, B2;captura
category;Noun;B1;categoría
cause;Noun Verb;A2;causa
CD;Noun;A1;CD
ceiling;Noun;B1;teito
celebrate;Verb;A2;celebrar
celebration;Noun;B1;celebración
celebrity;Noun;A2;famosos
cell;Noun;B2;célula
cent;Noun;A1;centavo
central;Adjective;B1;central
centre;Noun Verb;A1, B1;centro
century;Noun;A1;século
ceremony;Noun;B1;cerimonia
certain;Adjective;A2;seguro
certainly;Adverb;A2;seguramente
chain;Noun Verb;B1, B2;cadea
chair;Noun Verb;A1, B2;materia
chairman;Noun;B2;presidente
challenge;Noun Verb;B1, B2;desafío
champion;Noun;B1;campión
chance;Noun;A2;oportunidade
change;Verb Noun;A1;cambio
channel;Noun;B1;canle
chapter;Noun;B1;capítulo
character;Noun;A2;carácter
characteristic;Noun Adjective;B2;característica
charge;Noun Verb;B1;cargar
charity;Noun;A2;caridade
chart;Noun Verb;A1, B2;gráfico
chat;Verb Noun;A2;chat
cheap;Adjective , Adverb;A1, B1;barato
cheat;Verb Noun;B1;facer trampa
check;Verb Noun;A1, A2;comprobar
chef;Noun;A2;cociñeiro xefe
cheerful;Adjective;B1;Alegre
cheese;Noun;A1;queixo
chemical;Adjective, Noun;B1;químico
chemistry;Noun;A2;química
chest;Noun;B1;peito
chicken;Noun;A1;polo
chief;Adjective, Noun;B2;xefe
child;Noun;A1;neno
childhood;Noun;B1;infancia
chip;Noun;A2;lasca
chocolate;Noun;A1;chocolate
choice;Noun;A2;elección
choose;Verb;A1;escoller
church;Noun;A2;Igrexa
cigarette;Noun;A2;cigarro
cinema;Noun;A1;cinema
circle;Noun Verb;A2;círculo
circumstance;Noun;B2;circunstancia
cite;Verb;B2;citar
citizen;Noun;B2;cidadá
city;Noun;A1;cidade
civil;Adjective;B2;civil
claim;Verb Noun;B1;reivindicación
class;Noun;A1;clase
classic;Adjective, Noun;B2;clásico
classical;Adjective;A2;clásico
classroom;Noun;A1;aula
clause;Noun;B1;cláusula
clean;Adjective, Verb;A1;limpar
clear;Adjective, Verb;A2, B1;claro
clearly;Adverb;A2;claramente
clever;Adjective;A2;intelixente
click;Verb Noun;B1;clic
client;Noun;B1;clienta
climate;Noun;A2;clima
climb;Verb Noun;A1, B1;subir
clock;Noun;A1;reloxo
close1;Verb Noun;A1, B2;Fechar1
close2;Adjective , Adverb;A2, B1;close2
closed;Adjective;A2;pechado
closely;Adverb;B2;de preto
cloth;Noun;B1;folla
clothes;Noun;A1;roupa
clothing;Noun;A2;roupa
cloud;Noun;A2;nube
club;Noun;A1;club
clue;Noun;B1;pista
coach;Noun Verb;A2, B1;adestrador
coal;Noun;B1;carbón
coast;Noun;A2;costa
coat;Noun;A1;abrigo
code;Noun;A2;código
coffee;Noun;A1;café
coin;Noun;B1;moeda
cold;Adjective Noun;A1;frío
collapse;Verb Noun;B2;colapso
colleague;Noun;A2;compañeiro
collect;Verb;A2;Collect
collection;Noun;B1;colección
college;Noun;A1;universidade
colour;Noun;A1;cor
coloured;Adjective;B1;de cor
column;Noun;A2;columna
combination;Noun;B2;combinación
combine;Verb;B1;combinar
come;Verb;A1;vir
comedy;Noun;A2;Comedia
comfort;Noun Verb;B2;confort
comfortable;Adjective;A2;cómodo
command;Noun Verb;B2;mando
comment;Noun Verb;A2, B1;comentario
commercial;Adjective Noun;B1;comercial
commission;Noun Verb;B2;Comisión
commit;Verb;B1;cometer
commitment;Noun;B2;compromiso
committee;Noun;B2;Comité
common;Adjective Noun;A1;común
commonly;Adverb;B2;xeralmente
communicate;Verb;A2;comunicar
communication;Noun;B1;comunicación
community;Noun;A2;comunidade
company;Noun;A1;compañía
compare;Verb;A1;comparar
comparison;Noun;B1;comparación
compete;Verb;A2;competencia
competition;Noun;A2;competición
competitor;Noun;B1;concorrente
competitive;Adjective;B1;competitivo
complain;Verb;A2;queixa-se
complaint;Noun;B1;denuncia
complete;Adjective Verb;A1;completo
completely;Adverb;A2;totalmente
complex;Adjective, Noun;B1, B2;complexo
complicated;Adjective;B2;complicado
component;Noun;B2;compoñente
computer;Noun;A1;ordenador
concentrate;Verb;B1;concentrado
concentration;Noun;B2;concentración
concept;Noun;B2;concepto
concern;Noun Verb;B2;preocupación
concerned;Adjective;B2;afectadas
concert;Noun;A1;concerto
conclude;Verb;B1;completar
conclusion;Noun;B1;conclusión
condition;Noun;A2;condición
conduct;Verb Noun;B2;conduta
conference;Noun;A2;conferencia
confidence;Noun;B2;confianza
confident;Adjective;B1;confiado
confirm;Verb;B1;confirm
conflict;Noun Verb;B2;conflito
confuse;Verb;B1;confunden
confused;Adjective;B1;confuso
confusing;Adjective;B2;confundindo
connect;Verb;A2;conectar
connected;Adjective;A2;conectado
connection;Noun;B1;conexión
conscious;Adjective;B2;consciente
consequence;Noun;B1;consecuencia
conservative;Adjective, Noun;B2;conservador
consider;Verb;A2;considerar
consideration;Noun;B2;consideración
consist;Verb;B1;consistir
consistent;Adjective;B2;consistente
constant;Adjective;B2;constante
constantly;Adverb;B2;constantemente
construct;Verb;B2;constrúo
construction;Noun;B2;construción
consume;Verb;B1;consumir
consumer;Noun;B1;consumidor
contact;Noun Verb;B1;contacto
contain;Verb;A2;conter
container;Noun;B1;envase
contemporary;Adjective;B2;contemporáneo
content;Noun;B1;contido
contest;Noun Verb;B2;competición
context;Noun;A2;contexto
continent;Noun;A2;continente
continue;Verb;A2;continuar
continuous;Adjective;B1;continuo
contract;Noun Verb;B2;contrato
contrast;Noun Verb;B1;contraste
contribute;Verb;B2;contribuír
contribution;Noun;B2;contribución
control;Noun Verb;A2;control
convenient;Adjective;B1;conveniente
conversation;Noun;A1;conversa
convert;Verb;B2;converso
convince;Verb;B1;convencer
convinced;Adjective;B2;convencido
cook;Verb Noun;A1, A2;cociñeiro
cooker;Noun;A2;cociña
cooking;Noun;A1;cociñar
cool;Adjective, Verb;A1, B1;legal
copy;Noun Verb;A2;copia
core;Noun Adjective;B2;núcleo
corner;Noun;A2;canto
corporate;Adjective;B2;corporativo
correct;Adjective Verb;A1;correcto
correctly;Adverb;A2;correctamente
cost;Noun Verb;A1;custo
costume;Noun;B1;traxe
cottage;Noun;B1;casa de campo
cotton;Noun;B1;algodón
could;Verb;A1;podería
council;Noun;B2;Consello
count;Verb Noun;A2, B1;contar
country;Noun;A1;país
countryside;Noun;B1;campo
county;Noun;B2;condado
couple;Noun;A2;parella
courage;Noun;B2;coraxe
course;Noun;A1;curso
court;Noun;B1;corte
cousin;Noun;A1;primo
cover;Verb Noun;A2, B1;cuberta
covered;Adjective;B1;cuberto
cow;Noun;A1;vaca
crash;Noun Verb;B2;colisión
crazy;Adjective;A2;tolo
cream;Noun Adjective;A1, B1;crema
create;Verb;A1;crear
creation;Noun;B2;creación
creative;Adjective;A2;creador
creature;Noun;B2;criatura
credit;Noun Verb;A2, B2;crédito
crew;Noun;B2;tripulación
crime;Noun;A2;crime
criminal;Noun Adjective;A2, B1;penal
crisis;Noun;B2;crise
criterion;Noun;B2;CRITERIO
critic;Noun;B2;crítico
critical;Adjective;B2;crítico
criticism;Noun;B2;crítica
criticize;Verb;B2;criticar
crop;Noun;B2;colleita
cross;Verb Noun;A2;cruz
crowd;Noun;A2;multitude
crowded;Adjective;A2;lotada
crucial;Adjective;B2;crucial
cruel;Adjective;B1;cruel
cry;Verb Noun;A2, B2;berro
cultural;Adjective;B1;cultural
culture;Noun;A1;cultura
cup;Noun;A1;vaso
cupboard;Noun;A2;armario
cure;Verb Noun;B2;cura
curly;Adjective;A2;rizado
currency;Noun;B1;moeda
current;Adjective, Noun;B1, B2;actual
currently;Adverb;B1;actualmente
curtain;Noun;B1;cortina
curve;Noun Verb;B2;curva
curved;Adjective;B2;curvo
custom;Noun;B1;personalizado
customer;Noun;A1;cliente
cut;Verb , Noun;A1, B1;corte
cycle;Noun Verb;A2, B1;ciclo
dad;Noun;A1;pai
daily;Adjective, Adverb;A2, B1;diario
damage;Noun Verb;B1;dano
dance;Noun Verb;A1;bailar
dancer;Noun;A1;bailarina
dancing;Noun;A1;danza
danger;Noun;A2;perigo
dangerous;Adjective;A1;perigoso
dark;Adjective, Noun;A1, A2;escuro
data;Noun;A2;datos
date;Noun Verb;A1, B2;data
daughter;Noun;A1;filla
day;Noun;A1;día
dead;Adjective;A2;morto
deal;Verb Noun;A2, B1;segundo
dear;Adjective, exclam;A1, A2;querido
death;Noun;A2;morte
debate;Noun Verb;B2;debate
debt;Noun;B2;débeda
decade;Noun;B1;década
December;Noun;A1;decembro
decent;Adjective;B2;decente
decide;Verb;A1;decidir
decision;Noun;A2;decisión
declare;Verb;B2;declarar
decline;Verb Noun;B2;descenso
decorate;Verb;B1;adornar
decoration;Noun;B2;decoración
decrease;Verb Noun;B2;diminución
deep;Adjective, Adverb;A2, B1;profundo
deeply;Adverb;B2;profundamente
defeat;Verb Noun;B2;derrota
defence;Noun;B2;defensa
defend;Verb;B2;defender
define;Verb;B1;definir
definite;Adjective;B1;definitivo
definitely;Adverb;A2;definitivamente
definition;Noun;B1;definición
degree;Noun;A2;grao
delay;Verb Noun;B2;atraso
deliberate;Adjective;B2;deliberar
deliberately;Adverb;B2;deliberadamente
delicious;Adjective;A1;delicioso
delight;Verb Noun;B2;delicia
delighted;Adjective;B2;encantado
deliver;Verb;B1;entregar
delivery;Noun;B2;entrega
demand;Noun Verb;B2;demanda
demonstrate;Verb;B2;demostrar
dentist;Noun;A2;dentista
deny;Verb;B2;negar
department;Noun;A2;Departamento
departure;Noun;B1;partida
depend;Verb;A2;depender
depressed;Adjective;B2;deprimido
depressing;Adjective;B2;deprimente
depth;Noun;B2;profundidade
describe;Verb;A1;describir
description;Noun;A1;descrición
desert;Noun Verb;A2, B2;deserto
deserve;Verb;B2;merecer
design;Noun Verb;A1;proxecto
designer;Noun;A2;deseñador
desire;Noun Verb;B2;desexo
desk;Noun;A1;secretaria
desperate;Adjective;B2;desesperado
despite;prep;B1;a pesar de
destination;Noun;B1;destino
destroy;Verb;A2;destruír
detail;Noun Verb;A1, B2;detalle
detailed;Adjective;B2;detallado
detect;Verb;B2;descubrir
detective;Noun;A2;detective
determine;Verb;B1;determinar
determined;Adjective;B1;determinado
develop;Verb;A2;desenvolver
development;Noun;B1;desenvolvemento
device;Noun;A2;dispositivo
diagram;Noun;B1;diagrama
dialogue;Noun;A1;diálogo
diamond;Noun;B1;diamante
diary;Noun;A2;diario
dictionary;Noun;A1;dicionario
die;Verb;A1;morrer
diet;Noun;A1;dieta
difference;Noun;A1;diferenza
different;Adjective;A1;diferente
differently;Adverb;A2;A diferenza
difficult;Adjective;A1;difícil
difficulty;Noun;B1;dificultade
dig;Verb;B2;escavación
digital;Adjective;A2;dixital
dinner;Noun;A1;cea
direct;Adjective, Verb Adverb;A2, B1;directo
direction;Noun;A2;dirección
directly;Adverb;B1;directamente
director;Noun;A2;director
dirt;Noun;B1;lixo
dirty;Adjective;A1;sucio
Dis Adverbantage;Noun;B1;dis Adverbantage
disagree;Verb;A2;desacordo
disappear;Verb;A2;desaparecer
disappointed;Adjective;B1;decepcionado
disappointing;Adjective;B1;decepcionante
disaster;Noun;A2;desastre
disc;Noun;B2;disco
discipline;Noun;B2;disciplina
discount;Noun Verb;B1, B2;desconto
discover;Verb;A2;descubrir
discovery;Noun;A2;descubrimento
discuss;Verb;A1;discutir
discussion;Noun;A2;discusión
disease;Noun;A2;enfermidade
dish;Noun;A1;prato
dishonest;Adjective;B2;deshonesto
dislike;Verb Noun;B1;antipatia
dismiss;Verb;B2;dimitir
display;Verb Noun;B2;display
distance;Noun;A2;distancia
distribute;Verb;B2;distribuír
distribution;Noun;B2;distribución
district;Noun;B2;provincia
divide;Verb Noun;B1, B2;dividir
division;Noun;B2;división
divorced;Adjective;A2;divorciado
do;Verb auxiliary verb;A1;facer
doctor;Noun;A1;médico
document;Noun Verb;A2, B2;documento
documentary;Noun;B1;documental
dog;Noun;A1;can
dollar;Noun;A1;dólar
domestic;Adjective;B2;doméstico
dominate;Verb;B2;dominar
donate;Verb;B1;doar
door;Noun;A1;porta
double;Adjective det. proNoun Verb , Adverb;A2, B1;dobre
doubt;Noun Verb;B1;dúbida
down;Adverb Prep;A1;abaixo
download;Verb Noun;A2;Descargar
downstairs;Adverb , Adjective;A1, A2;en baixo
downwards;Adverb;B2;baixo
dozen;Noun det;B2;ducia
draft;Noun Verb;B2;esbozo
drag;Verb;B2;arrastre
drama;Noun;A2;drama
dramatic;Adjective;B2;dramático
draw;Verb;A1;deseñar
drawing;Noun;A2;deseño
dream;Noun Verb;A2;soñar
dress;Noun Verb;A1;vestido
dressed;Adjective;B1;vestido
drink;Noun Verb;A1;bebida
drive;Verb Noun;A1, A2;distancia
driver;Noun;A1;Chofer
driving;Noun;A2;condución
drop;Verb Noun;A2, B1;caer
drug;Noun;A2;drogas
drum;Noun;B1;tambor
drunk;Adjective;B1;borracho
dry;Adjective, Verb;A2;seca
due;Adjective;B1;debido
during;prep;A1;durante
dust;Noun;B1;po
duty;Noun;B1;deber
DVD;Noun;A1;DVD
each;det./proNoun/Adverb;A1;cada
ear;Noun;A1;oído
early;Adjective Adverb;A1;cedo
earn;Verb;A2;gañar
earth;Noun;A2;terra
earthquake;Noun;B1;terremoto
easily;Adverb;A2;facilmente
east;Noun Adjective Adverb;A1;leste
eastern;Adjective;B1;Oriental
easy;Adjective;A1;fácil
eat;Verb;A1;comer
economic;Adjective;B1;económico
economy;Noun;B1;economía
edge;Noun;B1;borde
edit;Verb;B2;editar
edition;Noun;B2;edición
editor;Noun;B1;editor
educate;Verb;B1;educar
educated;Adjective;B1;educado
education;Noun;A2;educación
educational;Adjective;B1;educativo
effect;Noun;A2;efecto
effective;Adjective;B1;eficaz
effectively;Adverb;B1;eficazmente
efficient;Adjective;B2;eficiente
effort;Noun;B1;esforzo
egg;Noun;A1;ovo
eight;number;A1;oito
eighteen;number;A1;dezaoito
eighty;number;A1;oitenta
either;det./proNoun Adverb;A2;ou
elderly;Adjective;B2;ancián
elect;Verb;B2;elixido
election;Noun;B1;elección
electric;Adjective;A2;eléctrico
electrical;Adjective;A2;eléctrico
electricity;Noun;A2;electricidade
electronic;Adjective;A2;electrónico
element;Noun;B1;elemento
elephant;Noun;A1;elefante
eleven;number;A1;once
else;Adverb;A1;máis
elsewhere;Adverb;B2;noutro lugar
email;Noun Verb;A1;correo
embarrassed;Adjective;B1;avergoñado
embarrassing;Adjective;B1;embaraçoso
emerge;Verb;B2;emerxer
emergency;Noun;B1;emerxencia
emotion;Noun;B1;emoción
emotional;Adjective;B2;emocional
emphasis;Noun;B2;énfase
emphasize;Verb;B2;salientar
employ;Verb;A2;empregan
employee;Noun;A2;empregado
employer;Noun;A2;emprego
employment;Noun;B1;emprego
empty;Adjective, Verb;A2, B1;baleirar
enable;Verb;B2;permitir
encounter;Verb Noun;B2;encontro
encourage;Verb;B1;fomentar
end;Noun Verb;A1;final
ending;Noun;A2;fin
enemy;Noun;B1;inimigo
energy;Noun;A2;enerxía
engage;Verb;B2;implican
engaged;Adjective;B1;contratado
engine;Noun;A2;motor
engineer;Noun;A2;enxeñeiro
engineering;Noun;B1;enxeñaría
enhance;Verb;B2;aumentar
enjoy;Verb;A1;apreciar
enormous;Adjective;A2;enorme
enough;det. proNoun Adverb;A1;suficiente
enquiry;Noun;B2;enquisa
ensure;Verb;B2;garantir
enter;Verb;A2;entrar
entertain;Verb;B1;entreter
entertainment;Noun;B1;diversión
enthusiasm;Noun;B2;entusiasmo
enthusiastic;Adjective;B2;entusiasta
entire;Adjective;B2;todo
entirely;Adverb;B2;enteiramente
entrance;Noun;B1;entrada
entry;Noun;B1;entrada
environment;Noun;A2;ambiente
environmental;Adjective;B1;ambiental
episode;Noun;B1;episodio
equal;Adjective, Verb Noun;B1, B2;igual
equally;Adverb;B1;igualmente
equipment;Noun;A2;equipamento
error;Noun;A2;erro
escape;Verb Noun;B1;escapar
especially;Adverb;A2;especialmente
essay;Noun;A2;ensaio
essential;Adjective;B1;esencial
establish;Verb;B2;establecer
estate;Noun;B2;propiedade
estimate;Verb Noun;B2;estimación
ethical;Adjective;B2;ético
euro;Noun;A1;Euro
evaluate;Verb;B2;avaliar
even;AdVerb Adjective;A1, B2;mesmo
evening;Noun;A1;noite
event;Noun;A1;evento
eventually;Adverb;B1;ao final
ever;Adverb;A1;sempre
every;det;A1;cada
everybody;proNoun;A1;todo o mundo
everyday;Adjective;A2;tódolos días
everyone;proNoun;A1;todo o mundo
everything;proNoun;A1;todo
everywhere;Adverb;A2;en todas partes
evidence;Noun;A2;evidencia
evil;Adjective, Noun;B2;mal
exact;Adjective;A2;exacto
exactly;Adverb;A2;exactamente
exam;Noun;A1;exame
examination;Noun;B2;exame
examine;Verb;B1;examinar
example;Noun;A1;exemplo
excellent;Adjective;A2;excelente
except;prep, conj;A2, B1;excepto
exchange;Noun Verb;B1;cambio
excited;Adjective;A1;animado
excitement;Noun;B1;excitación
exciting;Adjective;A1;apaixonante
excuse;Noun Verb;B2;Desculpe
executive;Noun Adjective;B2;executivo
exercise;Noun Verb;A1;exercicio
exhibition;Noun;B1;exposición
exist;Verb;A2;exist
existence;Noun;B2;existencia
expand;Verb;B1;ampliar
expect;Verb;A2;esperar
expectation;Noun;B2;esperanza
expected;Adjective;B1;esperado
expedition;Noun;B1;expedición
expense;Noun;B2;gasto
expensive;Adjective;A1;caro
experience;Noun Verb;A2, B1;experiencia
experienced;Adjective;B1;experimentado
experiment;Noun Verb;A2, B1;experimento
expert;Noun Adjective;A2;especialista
explain;Verb;A1;explicar
explanation;Noun;A2;explicación
explode;Verb;B1;estoupar
exploration;Noun;B2;explotación
explore;Verb;B1;explotar
explosion;Noun;B1;explosión
export;Noun Verb;B1;exportación
expose;Verb;B2;expoñer
express;Verb;A2;expresa
expression;Noun;A2;expresión
extend;Verb;B2;estender
extent;Noun;B2;extensión
external;Adjective;B2;externo
extra;Adjective, Noun Adverb;A1, B1;extra
extraordinary;Adjective;B2;extraordinario
extreme;Adjective, Noun;A2, B2;extremo
extremely;Adverb;A2;moi
eye;Noun;A1;ollo
face;Noun Verb;A1, B1;cara
facility;Noun;B2;facilidade
fact;Noun;A1;feito
factor;Noun;A2;factor
factory;Noun;A2;fábrica
fail;Verb;A2;Erro
failure;Noun;B2;fallo
fair;Adjective;A2;feira
fairly;Adverb;B1;razoablemente
faith;Noun;B2;fe
fall;Verb Noun;A1, A2;caer
FALSE;Adjective;A1;FALSE
familiar;Adjective;B1;familiar
family;Noun Adjective;A1;familia
famous;Adjective;A1;famoso
fan;Noun;A2;ventilador
fancy;Verb Adjective;B1;fantasía
fantastic;Adjective;A1;fantástico
far;Adverb , Adjective;A1, B1;lonxe
farm;Noun Verb;A1, A2;Facenda
farmer;Noun;A1;agricultor
farming;Noun;A2;Agricultura
fascinating;Adjective;B1;fascinante
fashion;Noun;A2;moda
fashionable;Adjective;B1;elegante
fast;Adjective, Adverb;A1;rápido
fasten;Verb;B1;prender
fat;Adjective, Noun;A1, A2;graxa
father;Noun;A1;pai
fault;Noun;B2;fallo
favour;Noun Verb;B1, B2;favor
favourite;Adjective, Noun;A1;favorito
fear;Noun Verb;A2, B1;medo
feather;Noun;B2;pena
feature;Noun Verb;A2, B1;característica
February;Noun;A1;febreiro
fee;Noun;B2;taxa
feed;Verb Noun;A2, B2;alimentación
feedback;Noun;B2;realimentación
feel;Verb Noun;A1, B2;sentir
feeling;Noun;A1;sentimento
fellow;Adjective;B2;compañeiro
female;Adjective, Noun;A2;feminino
fence;Noun;B1;cerca
festival;Noun;A1;festival
few;det./Adjective, proNoun;A1;poucos
fiction;Noun;A2;ficción
field;Noun;A2;campo
fifteen;number;A1;quince
fifth;number;A1;quinto
fifty;number;A1;cincuenta
fight;Verb Noun;A2;loita
fighting;Noun;B1;loita
figure;Noun Verb;A2, B2;figura
file;Noun Verb;B1, B2;arquivo
fill;Verb;A1;fill
film;Noun Verb;A1, A2;filme
final;Adjective, Noun;A1, A2;final
finally;Adverb;A2;finalmente
finance;Noun Verb;B2;Finanzas
financial;Adjective;B1;financeiro
find;Verb;A1;atopar
finding;Noun;B2;descubrimento
fine;Adjective;A1;fino
finger;Noun;A2;dedo
finish;Verb Noun;A1, A2;acabado
fire;Noun Verb;A1, B1;lume
firm;Noun;B2;empresa
first;det./number.AdVerb Noun;A1, A2;primeira
firstly;Adverb;A2;en primeiro lugar
fish;Noun Verb;A1, A2;peixe
fishing;Noun;A2;pescaría
fit;Verb Adjective;A2;axuste
fitness;Noun;B1;fitness
five;number;A1;cinco
fix;Verb Noun;A2, B2;corrección
fixed;Adjective;B1;fixo
flag;Noun;B1;Bandeira
flame;Noun;B2;chama
flash;Noun Verb;B2;flash
flat;Noun Adjective;A1, A2;plan
flexible;Adjective;B2;flexible
flight;Noun;A1;voo
float;Verb;B2;flotador
flood;Noun Verb;B1;inundación
floor;Noun;A1;chan
flour;Noun;B1;fariña
flow;Verb Noun;B1;fluír
flower;Noun;A1;flor
flu;Noun;A2;gripe
fly;Verb Noun;A1, A2;voar
flying;Noun Adjective;A2;voando
focus;Verb Noun;A2;foco
fold;Verb Noun;B1, B2;dobrar
folding;Adjective;B2;antidoblante
folk;Noun Adjective;B1;pobo
follow;Verb;A1;seguir
following;Adjective, Noun prep;A2, B1, B2;seguinte
food;Noun;A1;comida
foot;Noun;A1;pé
football;Noun;A1;fútbol
for;prep.;A1;para
force;NounVerb;B1;forza
foreign;Adjective;A2;estranxeiro
forest;Noun;A2;bosque
forever;Adverb;B1;para sempre
forget;Verb;A1;esquecer
forgive;Verb;B2;perdoar
fork;Noun;A2;garfo
form;NounVerb;A1;Formulario
formal;Adjective;A2;formal
former;Adjective;B2;antigo
fortunately;Adverb;A2;Afortunadamente
fortune;Noun;B2;fortuna
forty;number;A1;corenta
forward;AdVerb Adjective;A2, B2;á fronte
found;Verb;B2;atopar
four;number;A1;catro
fourteen;number;A1;catorce
fourth;number;A1;cuarto
frame;NounVerb;B1;cadro
free;Adjective, AdVerb Verb;A1,A2,B2;libre
freedom;Noun;B2;liberdade
freeze;Verb;B1;xear
frequency;Noun;B2;frecuencia
frequently;Adverb;B1;frecuentemente
fresh;Adjective;A2;fresca
Friday;Noun;A1;venres
fridge;Noun;A2;frigorífico
friend;Noun;A1;amigo
friendly;Adjective;A1;agradable
friendship;Noun;B1;amizade
frighten;Verb;B1;frighten
frightened;Adjective;B1;asustados
frightening;Adjective;B1;asustado
frog;Noun;A2;Visita
from;prep;A1;de
front;Noun Adjective;A1;diante
frozen;Adjective;B1;conxelada
fruit;Noun;A1;froita
fry;Verb;B1;fritir
fuel;Noun Verb;B1, B2;combustible
full;Adjective;A1;completo
fully;Adverb;B2;totalmente
fun;Noun Adjective;A1, A2;diversión
function;Noun Verb;B1, B2;función
fund;Noun Verb;B2;fondo
fundamental;Adjective;B2;fundamental
funding;Noun;B2;financiamento
funny;Adjective;A1;divertido
fur;Noun;B1;pel
furniture;Noun;A2;mobiliario
further;Adjective, Adverb;A2, B1;máis
furthermore;Adverb;B2;ademais
future;Noun Adjective;A1, A2;futuro
gain;Verb Noun;B2;ganancia
gallery;Noun;A2;galería
game;Noun;A1;xogo
gang;Noun;B2;quadrilha
gap;Noun;A2;lagoa
garage;Noun;B1;garaxe
garden;Noun;A1;xardín
gas;Noun;A2;gas
gate;Noun;A2;porta
gather;Verb;B1;reunir
general;Adjective;A2;xeral
generally;Adverb;B1;xeralmente
generate;Verb;B2;xerar
generation;Noun;B1;xeración
generous;Adjective;B1;xeneroso
genre;Noun;B2;xénero
gentle;Adjective;B1;suave
gentleman;Noun;B1;cabaleiro
geography;Noun;A1;Xeografía
get;Verb;A1;Get
ghost;Noun;B1;pantasma
giant;Adjective, Noun;B1;xigante
gift;Noun;A2;presente
girl;Noun;A1;rapaza
girlfriend;Noun;A1;moza
give;Verb;A1;dar
glad;Adjective;B1;feliz
glass;Noun;A1;vidro
global;Adjective;B1;global
glove;Noun;B1;luva
go;Verb Noun;A1, B1;go
goal;Noun;A2;obxectivo
God;Noun;A2;Deus
gold;Noun Adjective;A2;ouro
golf;Noun;A2;golf
good;Adjective, Noun;A1, A2;bo
goodbye;exclam. Noun;A1;adeus
goods;Noun;B1;bens
govern;Verb;B2;gobernar
government;Noun;A2;goberno
grab;Verb;B2;coller
grade;Noun Verb;B1, B2;grao
gradually;Adverb;B2;gradualmente
graduate;Noun Verb;B1;Graduado
grain;Noun;B1;grano
grand;Adjective;B2;gran
grandfather;Noun;A1;avó
grandmother;Noun;A1;avoa
grandparent;Noun;A1;avó
grant;Verb Noun;B2;concesión
grass;Noun;A2;herba
grateful;Adjective;B1;grata
great;Adjective;A1;gran
green;Adjective, Noun;A1;verde
greet;Verb;A2;Greet
grey;Adjective, Noun;A1;gris
ground;Noun;A2;chan
group;Noun;A1;grupo
grow;Verb;A1;crecer
growth;Noun;B1;crecemento
guarantee;Verb Noun;B2;Garantía
guard;Noun Verb;B1;garda
guess;Verb Noun;A1;adiviñar
guest;Noun;A2;invitado
guide;Noun Verb;A2;guía
guilty;Adjective;B1;culpable
guitar;Noun;A1;guitarra
gun;Noun;A2;pistola
guy;Noun;A2;cara
gym;Noun;A1;Ximnasio
habit;Noun;A2;hábito
hair;Noun;A1;pelo
half;Noundet.proNoun, Adverb;A1, A2;metade
hall;Noun;A2;salón
hand;Noun Verb;A1, B1;man
handle;Verb Noun;B2;alza
hang;Verb;B1;colgar
happen;Verb;A1;pasar
happily;Adverb;A2;alegremente
happiness;Noun;B1;felicidade
happy;Adjective;A1;feliz
hard;Adjective, Adverb;A1;difícil
hardly;Adverb;B1;dificilmente
harm;Noun Verb;B2;dano
harmful;Adjective;B2;prexudicial
hat;Noun;A1;sombreiro
hate;Verb Noun;A1, B1;odio
have;Verb auxiliary Verb;A1, A2;ter
have to modal;Verb;A1;Teñen de modal
he;proNoun;A1;el
head;Noun Verb;A1, B1;cabeza
headache;Noun;A2;dor de cabeza
headline;Noun;B1;Titular
health;Noun;A1;saúde
healthy;Adjective;A1;sa
hear;Verb;A1;escoitar
hearing;Noun;B2;audición
heart;Noun;A2;corazón
heat;Noun Verb;A2;calor
heating;Noun;B1;calefacción
heaven;Noun;B2;ceo
heavily;Adverb;B1;duramente
heavy;Adjective;A2;pesado
heel;Noun;B2;talón
height;Noun;A2;altura
helicopter;Noun;B1;helicóptero
hell;Noun;B2;inferno
hello;exclam./Noun;A1;Ola
help;Verb Noun;A1;axuda
helpful;Adjective;A2;útil
her;proNoundet;A1;seu
here;Adverb;A1;aquí
hero;Noun;A2;heroe
hers;proNoun;A2;dela
herself;proNoun;A2;ela mesma
hesitate;Verb;B2;dubidar
hey;exclam;A1;ei
hi;exclam;A1;ola
hide;Verb;A2;Hide
high;Adjective, AdVerb Noun;A1, A2, B2;alto
highlight;Verb Noun;B1;destacar
highly;Adverb;B1;altamente
hill;Noun;A2;Outeiro
him;proNoun;A1;el
himself;proNoun;A2;se
hire;Verb Noun;B1, B2;aluguer
his;det. proNoun;A1, A2;súa
historic;Adjective;B1;histórico
historical;Adjective;B1;histórico
history;Noun;A1;historia
hit;Verb Noun;A2;hit
hobby;Noun;A1;pasatempo
hockey;Noun;A2;hoquei
hold;Verb Noun;A2, B2;Hold
hole;Noun;A2;burato
holiday;Noun;A1;festa
hollow;Adjective;B2;oco
holy;Adjective;B2;Santo
home;Noun AdVerb Adjective;A1, A2;casa
homework;Noun;A1;deberes
honest;Adjective;B1;honesto
honour;Noun Verb;B2;honra
hope;Verb Noun;A1, A2;esperanza
horrible;Adjective;B1;horrible
horror;Noun;B1;horror
horse;Noun;A1;caballo
hospital;Noun;A1;hospital
host;Noun Verb;B1, B2;anfitrión
hot;Adjective;A1;quente
hotel;Noun;A1;hotel
hour;Noun;A1;hora
house;Noun Verb;A1, B2;casa
household;Noun;B2;doméstico
housing;Noun;B2;vivenda
how;Adverb;A1;como
however;Adverb;A1;con todo
huge;Adjective;A2;enorme
human;Adjective, Noun;A2;humano
humorous;Adjective;B2;divertido
humour;Noun;B2;humor
hundred;number;A1;cen
hungry;Adjective;A1;famento
hunt;Verb Noun;B1, B2;caza
hunting;Noun;B2;cazar
hurricane;Noun;B1;furacán
hurry;Noun Verb;B1;apresurar
hurt;Verb Adjective Noun;A2, B2;ferido
husband;Noun;A1;home
I;proNoun;A1;eu
ice;Noun;A1;xeo
ice cream;Noun;A1;Xeado
idea;Noun;A1;idea
ideal;Adjective , Noun;A2, B2;ideal
identify;Verb;A2;identificar
identity;Noun;B1;identidade
if;conj.;A1;se
ignore;Verb;B1;ignorar
ill;Adjective;A2;enfermo
illegal;Adjective;B1;ilegal
illness;Noun;A2;enfermidade
illustrate;Verb;B2;ilustrar
illustration;Noun;B2;ilustración
image;Noun;A2;imaxe
imaginary;Adjective;B1;imaxinario
imagination;Noun;B2;imaxinación
imagine;Verb;A1;imaxinar
immediate;Adjective;B1;inmediato
immediately;Adverb;A2;inmediatamente
immigrant;Noun;B1;inmigrante
impact;Noun Verb;B1;impacto
impatient;Adjective;B2;impaciente
imply;Verb;B2;implicar
import;Noun Verb;B1;importación
importance;Noun;B1;importancia
important;Adjective;A1;importante
impose;Verb;B2;impor
impossible;Adjective;A2;imposible
impress;Verb;B2;Impress
impressed;Adjective;B2;impresionado
impression;Noun;B1;impresión
impressive;Adjective;B1;impresionante
improve;Verb;A1;mellorar
improvement;Noun;B1;mellora
in;prep., Adverb;A1;en
inch;Noun;B2;polgada
incident;Noun;B2;incidente
include;Verb;A1;incluír
included;Adjective;A2;incluído
including;prep.;A2;incluíndo
income;Noun;B2;ingresos
increase;Verb Noun;A2;Aumentar
increasingly;Adverb;B2;cada vez máis
incredible;Adjective;A2;incrible
incredibly;Adverb;B1;incrible
indeed;Adverb;B1;por suposto
independent;Adjective;A2;independente
indicate;Verb;B1;indicar
indirect;Adjective;B1;indirecto
individual;Noun, adj;A2;individual
indoor;Adjective;B1;interior
indoors;Adverb;B1;na casa
industrial;Adjective;B2;industrial
industry;Noun;A2;industria
infection;Noun;B2;infección
influence;NounVerb;B1;influencia
inform;Verb;B2;informar
informal;Adjective;A2;informal
information;Noun;A1;información
ingredient;Noun;B1;ingrediente
initial;Adjective;B2;inicio
initially;Adverb;B2;inicialmente
initiative;Noun;B2;iniciativa
injure;Verb;B1;injure
injured;Adjective;B1;ferido
injury;Noun;A2;ferida
inner;Adjective;B2;interior
innocent;Adjective;B1;inocente
insect;Noun;A2;insecto
inside;prep.Adverb Noun Adjective;A2;dentro
insight;Noun;B2;introspección
insist;Verb;B2;insistir
inspire;Verb;B2;Inspire
install;Verb;B2;instalar
instance;Noun;B2;instancia
instead;Adverb;A2;en vez
institute;Noun;B2;Instituto
institution;Noun;B2;institución
instruction;Noun;A2;instrución
instructor;Noun;A2;instrutor
instrument;Noun;A2;instrumento
insurance;Noun;B2;seguro
intelligence;Noun;B1;intelixencia
intelligent;Adjective;A2;intelixente
intend;Verb;B1;pretender
intended;Adjective;B2;desexado
intense;Adjective;B2;intenso
intention;Noun;B1;intención
interest;Noun Verb;A1;interese
interested;Adjective;A1;interesado
interesting;Adjective;A1;interesante
internal;Adjective;B2;interno
international;Adjective;A2;internacional
internet;Noun;A1;Internet
interpret;Verb;B2;interpretar
interrupt;Verb;B2;interromper
interview;Noun Verb;A1;entrevista
into;prep.;A1;en
introduce;Verb;A1;introducir
introduction;Noun;A2;introdución
invent;Verb;A2;inventar
invention;Noun;A2;invento
invest;Verb;B1;Invest
investigate;Verb;B1;investigar
investigation;Noun;B2;investigación
investment;Noun;B2;investimento
invitation;Noun;A2;invitación
invite;Verb;A2;invitar
involve;Verb;A2;envolver
involved;Adjective;B1;envolver
iron;Noun Verb;B1;ferro
island;Noun;A1;illa
issue;Noun, Verb;B1, B2;asunto
IT;Noun;B1;TI
it;proNoun;A1;el
item;Noun;A2;elemento
its;det.;A1;súa
itself;proNoun;A2;se
jacket;Noun;A1;chaqueta
jam;Noun;A2;marmelada
January;Noun;A1;xaneiro
jazz;Noun;A2;jazz
jeans;Noun;A1;jeans
jewellery;Noun;A2;xoias
job;Noun;A1;traballo
join;Verb;A1;unirse
joke;Noun Verb;A2;broma
journal;Noun;B1;revista
journalist;Noun;A2;xornalista
journey;Noun;A1;xornada
joy;Noun;B2;alegría
judge;Noun Verb;B1;xuíz
judgement;Noun;B2;xuízo
juice;Noun;A1;zume
July;Noun;A1;xullo
jump;Verb Noun;A2;salto
June;Noun;A1;xuño
junior;Adjective;B2;Júnior
just;Adverb;A1;hai pouco
justice;Noun;B2;xustiza
justify;Verb;B2;xustificar
keen;Adjective;B1;afiado
keep;Verb;A1;manter
key;Noun, Adjective Verb;A1, B1;clave
keyboard;Noun;B1;teclado
kick;Verb Noun;B1;tiro
kid;Noun;A2;neno
kill;Verb;A2;matar
killing;Noun;B1;matanza
kilometre;Noun;A1;quilómetro
kind(type);Noun;A1;tipo (tipo)
kind(caring);Adjective;B1;tipo (inquedanza)
king;Noun;A2;rei
kiss;Verb Noun;B1;bico
kitchen;Noun;A1;cociña
knee;Noun;A2;xeonllo
knife;Noun;A2;coitelo
knock;Verb , Noun;A2, B1;bater
know;Verb;A1;saber
knowledge;Noun;A2;coñecemento
lab;Noun;A2;laboratorio
label;Noun Verb;B1;etiqueta
laboratory;Noun;B1;laboratorio
labour;Noun;B2;traballo
lack;Noun Verb;B1;falta
lady;Noun;A2;señora
lake;Noun;A2;lago
lamp;Noun;A2;lámpada
land;Noun, Verb;A1, A2;terra
landscape;Noun;B2;paisaxe
language;Noun;A1;lingua
laptop;Noun;A2;ordenador Portátil
large;Adjective;A1;grande
largely;Adverb;B2;largamente
last1 (final);det., Adverb n;A1, A2;last1 (final)
last1 (taking time);Verb;A2;last1 (tendo tempo)
late;Adjective Adverb;A1;tarde
later;Adverb , Adjective;A1, A2;máis tarde
latest;Adjective , Noun;B1, B2;última
laugh;Verb Noun;A1;risada
laughter;Noun;A2;risa
launch;Verb Noun;B2;lanzamento
law;Noun;A2;lei
lawyer;Noun;A2;avogado
lay;Verb;B1;lay
layer;Noun;B1;capa
lazy;Adjective;A2;preguiceiro
lead;Verb , Noun;A2, B1;lead
leader;Noun;A2;líder
leadership;Noun;B2;xefatura
leading;Adjective;B1;principal
leaf;Noun;B1;folla
league;Noun;B2;liga
lean;Verb;B2;delgado
learn;Verb;A1;aprender
learning;Noun;A2;aprendizaxe
least;det./proNoun Adverb;A2;mínimo
leather;Noun;B1;coiro
leave;Verb , Noun;A1, B2;licenza
lecture;Noun Verb;A2;charla
left;Adjective Adverb Verb;A1;esquerda
leg;Noun;A1;perna
legal;Adjective;B1;legal
leisure;Noun;B1;lecer
lemon;Noun;A2;Lima
lend;Verb;A2;prestar
length;Noun;B1;lonxitude
less;det./pro Noun Adverb;A2;menos
lesson;Noun;A1;lección
let;Verb;A1;deixar
letter;Noun;A1;carta
level;Noun, Adjective , Verb;A2, B1, B2;nivel
library;Noun;A1;biblioteca
licence;Noun;B2;licenza
lie;Verb;A1;mentira
lie;Verb Noun;B2;mentira
life;Noun;A1;vida
lifestyle;Noun;A2;estilo de vida
lift;Verb;Noun;ascensor
light (from the sun/a lamp);Noun Adverb , Verb;A1, A2;luz (do sol / a lámpada)
light (not heavy);Adjective;A2;luz (non abondo)
like (similar);prep.;A1;como (semellante)
like (find sb/sth pleasant);Verb , n;A1, B1;like (atopar SB / STH agradable)
Noun;B1; ;substantivo
likely;Adjective;A2;probable
limit;Noun Verb;B1;límite
limited;Adjective;B2;limitado
line;Noun, Verb;A1, B2;liña
link;Noun Verb;A2;ligazón
lion;Noun;A1;León
lip;Noun;B1;beizo
liquid;Noun Adjective;B1;líquido
list;Noun Verb;A1;lista
listen;Verb;A1;escoitar
listener;Noun;A2;oínte
literature;Noun;B1;literatura
little;Adjective det./proNoun, Adverb;A1, A2;pouco
live1;Verb;A1;Live1
live2;Adjective Adverb;B1;Live2
lively;Adjective;B2;animado
living;Adjective Noun;B1;vida
load;Noun Verb;B2;carga
loan;Noun;B2;préstamo
local;Adjective , Noun;A1, B1;local
locate;Verb;B1;localizar
located;Adjective;B1;situado
location;Noun;B1;localización
lock;Verb Noun;A2;botarlle o ferrollo
logical;Adjective;B2;lóxico
lonely;Adjective;B1;solitario
long;Adjective Adverb;A1;longo
long-term;Adjective Adverb;B2;largo prazo
look;Verb , Noun;A1, A2;mirar
loose;Adjective;B2;perder
lord;Noun;B2;Señor
lorry;Noun;A2;camión
lose;Verb;A1;perder
loss;Noun;B1;perda
lost;Adjective;A2;perdido
lot;proNoun det. Adverb;A1;lote
loud;Adjective Adverb;A2;alto
loudly;Adverb;A2;alto
love;Noun Verb;A1;amor
lovely;Adjective;A2;encanto
low;Adjective Adverb , n;A2, B2;baixo
lower;Verb;B2;Descargar
luck;Noun;A2;sorte
lucky;Adjective;A2;afortunado
lunch;Noun;A1;Comida
lung;Noun;B2;pulmón
luxury;Noun;B1;luxo
machine;Noun;A1;máquina
mad;Adjective;B1;tolo
magazine;Noun;A1;revista
magic;Noun Adjective;B1;máxica
mail;Noun Verb;A2;correo
main;Adjective;A1;principal
mainly;Adverb;B1;principalmente
maintain;Verb;B2;manter
major;Adjective;A2;Major
majority;Noun;B2;maioría
make;Verb , Noun;A1, B2;make
male;Adjective Noun;A2;masculino
mall;Noun;B1;centros
man;Noun;A1;home
manage;Verb;A2;xestionar
management;Noun;B1;xestión
manager;Noun;A2;director
manner;Noun;A2;maneira
many;det./proNoun;A1;moitos
map;Noun, Verb;A1, B2;guión
March;Noun;A1;marzo
mark;Verb Noun;A2;marca
market;Noun, Verb;A1, B1;mercado
marketing;Noun;B1;márketing
marriage;Noun;B1;matrimonio
married;Adjective;A1;casado
marry;Verb;A2;casar
mass;Noun Adjective;B2;masa
massive;Adjective;B2;macizo
master;Noun Verb;B2;mestre
match (contest/correspond);Noun Verb;A1;fósforo (concurso / corresponden)
matching;Adjective;B2;correspondente
material;Noun, Adjective;A2, B2;material
mathematics;Noun;A2;matemáticas
maths;Noun;A2;matemáticas
matter;Noun Verb;A2;tema
maximum;Adjective Noun;B2;máximo
May;Noun;A1;maio
may modal;Verb;A2;pode modal
maybe;Adverb;A1;pode ser
me;proNoun;A1;me
meal;Noun;A1;comida
mean;Verb;A1;media
meaning;Noun;A1;significado
means;Noun;B2;medios
meanwhile;Adverb;B1;mentres
measure;Verb Noun;B1;medida
measurement;Noun;B2;medición
meat;Noun;A1;carne
media;Noun;A2;medios
medical;Adjective;A2;médico
medicine;Noun;A2;Medicina
medium;Adjective , Noun;B1, B2;medio
meet;Verb;A1;reunir-se
meeting;Noun;A1;reunión
melt;Verb;B2;fusión
member;Noun;A1;membro
memory;Noun;A2;memoria
mental;Adjective;B1;mental
mention;Verb , Noun;A2, B1;mención
menu;Noun;A1;menú
mess;Noun Verb;B1;confusión
message;Noun;A1;mensaxe
metal;Noun;A2;metal
method;Noun;A2;método
metre;Noun;A1;metro
middle;Noun Adjective;A2;medio
midnight;Noun;A1;medianoite
might modal;Verb;A2;pode modal
mild;Adjective;B1;suave
mile;Noun;A1;milla
military;Adjective Noun;B2;militar
milk;Noun;A1;leite
million number; ;A1;millóns de número
mind;Noun Verb;A2;mente
mine (belongs to me);proNoun;A2;Mine (pertence a min)
mine (hole in the ground);Noun;B1;Mine (burato no chan)
mineral;Noun;B2;mineral
minimum;Adjective Noun;B2;mínimo
minister;Noun;B2;ministro
minor;Adjective;B2;menor
minority;Noun;B2;minoría
minute;Noun;A1;minuto
mirror;Noun;A2;espello
miss;Verb;A1;perder
missing;Adjective;A2;desaparecido
mission;Noun;B2;misión
mistake;Noun, Verb;A1, B2;erro
mix;Verb Noun;B1;mix
mixed;Adjective;B2;mixto
mixture;Noun;B1;mestura
mobile;Adjective Noun;A2;móbil
model;Noun, Verb;A1, B2;modelo
modern;Adjective;A1;moderno
modify;Verb;B2;modificar
moment;Noun;A1;momento
Monday;Noun;A1;luns
money;Noun;A1;diñeiro
monitor;Noun Verb;B2;monitor
monkey;Noun;A2;mono
month;Noun;A1;mes
mood;Noun;B1;humor
moon;Noun;A2;lúa
moral;Adjective Noun;B2;moral
more;det./proNoun Adverb;A1;máis
morning;Noun;A1;mañá
most;det./proNoun Adverb;A1;máis
mostly;Adverb;A2;principalmente
mother;Noun;A1;nai
motor;Noun Adjective;B2;motor
motorcycle;Noun;A2;motocicleta
mount;Verb;B2;monte
mountain;Noun;A1;montaña
mouse;Noun;A1;rato
mouth;Noun;A1;boca
move;Verb , Noun;A1, B1;mover
movement;Noun;A2;movemento
movie;Noun;A1;filme
much;det./proNoun Adverb;A1;moito
mud;Noun;B1;lama
multiple;Adjective;B2;múltiple
multiply;Verb;B2;multiplican
mum;Noun;A1;nai
murder;NounVerb;B1;asasinato
muscle;Noun;B1;músculo
museum;Noun;A1;museo
music;Noun;A1;música
musical;Adjective , Noun;A2, B1;musical
musician;Noun;A2;músico
must modal;Verb;A1;debe modal
my;det.;A1;meu
myself;proNoun;A2;eu mesmo
mysterious;Adjective;B2;misterioso
mystery;Noun;B1;misterio
nail;Noun;B1;prego
name;Noun Verb;A1;nome
narrative;Noun Adjective;B1;narrativa
narrow;Adjective , Verb;A2, B2;estreitar
nation;Noun;B1;nación
national;Adjective , Noun;A2, B2;Nacional
native;Adjective Noun;B1;nativo
natural;Adjective;A1;natural
naturally;Adverb;B1;naturalmente
nature;Noun;A2;natureza
near;prep. Adjective Adverb;A1;próximo
nearly;Adverb;A2;case
neat;Adjective;B2;puro
necessarily;Adverb;B1;necesariamente
necessary;Adjective;A2;necesario
neck;Noun;A2;pescozo
need;Verb , Noun, modal Verb;A1, A2, B1;necesidade
needle;Noun;B1;agulla
negative;Adjective , Noun;A1, B2;negativo
neighbour;Noun;A1;veciño
neighbourhood;Noun;B1;barrio
neither;det./proNoun, Adverb;A2, B1;nin
nerve;Noun;B2;Nervio
nervous;Adjective;A2;nervioso
net;Noun;B1;rede
network;Noun;A2;rede
never;Adverb;A1;nin
nevertheless;Adverb;B2;non obstante
new;Adjective;A1;novo
news;Noun;A1;noticia
newspaper;Noun;A1;xornal
next;Adjective Adverb , Noun;A1, B1;seguinte
next to;prep.;A1;preto de
nice;Adjective;A1;agradable
night;Noun;A1;noite
nightmare;Noun;B2;pesadelo
nine;number;A1;nove
nineteen;number;A1;dezanove
ninety;number;A1;noventa
no;exclam. det.;A1;non
no one;proNoun;A1;ningún
nobody;proNoun;A1;ninguén
noise;Noun;A2;ruído
noisy;Adjective;A2;barulhento
none;pro Noun;A2;ningún
nor;conj./Adverb;B1;nin
normal;Adjective , Noun;A2, B1;normal
normally;Adverb;A2;xeralmente
north;Noun Adjective Adverb;A1;norte
northern;Adjective;B1;norte
nose;Noun;A1;nariz
not;Adverb;A1;non
note;Noun Verb;A1, B1;Nota
nothing;proNoun;A1;nada
notice;Verb Noun;A2;aviso
notion;Noun;B2;noción
novel;Noun;A2;novela
November;Noun;A1;novembro
now;Adverb , conj.;A1, B1;agora
nowhere;Adverb;A2;en ningunha parte
nuclear;Adjective;B1;nuclear
number;Noun, Verb;A1, A2;número
numerous;Adjective;B2;numeroso
nurse;Noun;A1;enfermeira
nut;Noun;A2;porca
obey;Verb;B2;obedeza
object;Noun Verb;A1, B2;obxecto
objective;Noun Adjective;B2;obxectivo
obligation;Noun;B2;obriga
observation;Noun;B2;observación
observe;Verb;B2;observar
obtain;Verb;B2;obter
obvious;Adjective;B1;obvio
obviously;Adverb;B1;obviamente
occasion;Noun;B1;ocasión
occasionally;Adverb;B2;ocasionalmente
occur;Verb;B1;ocorrer
ocean;Noun;A2;océano
o’clock;Adverb;A1;hora
October;Noun;A1;outubro
odd;Adjective;B1;estraño
of;prep.;A1;de
off;Adverb prep.;A1;fóra
offence;Noun;B2;ofensa
offend;Verb;B2;ofender
offensive;Adjective;B2;ofensiva
offer;Verb Noun;A2;oferta
office;Noun;A1;oficina
officer;Noun;A2;oficial
official;Adjective , Noun;B1, B2;Oficial
often;Adverb;A1;frecuentemente
oh;exclam.;A1;oh
oil;Noun;A2;aceite
OK;exclam. Adjective /Adverb;A1;Ok
old;Adjective;A1;vello
old-fashioned;Adjective;B1;anticuado
on;prep. Adverb;A1;en
once;Adverb , conj.;A1, B1;xa
one;number-det. proNoun;A1;un
onion;Noun;A1;cebola
online;Adjective Adverb;A1;en liña
only;Adjective Adverb;A1;unicamente
onto;prep.;A2;para
open;Adjective Verb;A1;aberto
opening;Noun;B2;Entrada
operate;Verb;B2;operar
operation;Noun;B1;operación
opinion;Noun;A1;opinión
opponent;Noun;B2;opoñente
opportunity;Noun;A2;oportunidade
oppose;Verb;B2;opor
opposed;Adjective;B2;oposición
opposite;Adjective Adverb prep. Noun;A1;oposto
opposition;Noun;B2;oposición
option;Noun;A2;opción
or;conj.;A1;ou
orange;Noun Adjective;A1;laranxa
order;Noun Verb;A1;orde
ordinary;Adjective;A2;común
organ;Noun;B2;órgano
organization;Noun;A2;organización
organize;Verb;A2;organizar
organized;Adjective;B1;organizada
organizer;Noun;B1;organizador
origin;Noun;B2;orixe
original;Adjective , Noun;A2, B1;orixinal
originally;Adverb;B1;orixinalmente
other;Adjective /proNoun;A1;outra
otherwise;Adverb;B2;se non
ought;modal Verb;B1;deber
our;det.;A1;nosa
ours;proNoun;B1;noso
ourselves;proNoun;A2;nós mesmos
out;Adverb /prep.;A1;fóra
outcome;Noun;B2;resultado
outdoor;Adjective;B1;ao aire libre
outdoors;Adverb;B1;ao aire libre
outer;Adjective;B2;externo
outline;Noun Verb;B2;esbozo
outside;Adverb , prep. nouNoun Adjective;A1, A2;fóra
oven;Noun;A2;forno
over;prep. Adverb;A1;sobre
overall;Adjective Adverb;B2;global
owe;Verb;B2;deber
own;Adjective /proNoun, Verb;A1, A2;propio
owner;Noun;A2;propietario
pace;Noun, Verb;B2;Paz
pack;Verb , Noun;A2, B1;embalar
package;Noun, Verb;B1, B2;paquete
page;Noun;A1;Páxina
pain;Noun;A2;dor
painful;Adjective;B1;Dolores
paint;Verb Noun;A1;pintar
painter;Noun;A2;pintor
painting;Noun;A1;pintura
pair;Noun;A1;par
palace;Noun;A2;Palacio
pale;Adjective;B1;pálida
pan;Noun;B1;Olla
panel;Noun;B2;panel
pants;Noun;A2;pantalóns
paper;Noun;A1;papel
paragraph;Noun;A1;parágrafo
parent;Noun;A1;parente
park;Noun Verb;A1;parque
parking;Noun;A2;aparcamento
parliament;Noun;B2;Parlamento
part;Noun;A1;parte
participant;Noun;B2;participante
participate;Verb;B1;participar
particular;Adjective;A2;particular
particularly;Adverb;B1;particularmente
partly;Adverb;B2;parcialmente
partner;Noun;A1;socio
party;Noun;A1;partido
pass;Verb , Noun;A2, B1;pasar
passage;Noun;B2;paso
passenger;Noun;A2;pasaxeiro
passion;Noun;B1;paixón
passport;Noun;A1;pasaporte
past;Adjective Noun prep., Adverb;A1, A2;pasado
path;Noun;B1;camiño
patient;Noun, Adjective;A2, B2;paciente
pattern;Noun;A2;patrón
pay;Verb , Noun;A1, A2;pagar
payment;Noun;B1;pago
peace;Noun;A2;paz
peaceful;Adjective;B1;Pacífico
pen;Noun;A1;pluma
pencil;Noun;A1;lapis
penny;Noun;A2;centavo
pension;Noun;B2;pensión
people;Noun;A1;persoas
pepper;Noun;A1;pementa
per;prep.;A2;por
per cent;Noun Adjective /Adverb;A2;por cento
percentage;Noun;B1;porcentaxe
perfect;Adjective;A1;perfecto
perfectly;Adverb;B1;perfectamente
perform;Verb;A2;realizar
performance;Noun;B1;actuación
perhaps;Adverb;A2;quizais
period;Noun;A1;período
permanent;Adjective;B2;permanente
permission;Noun;A2;permiso
permit;Verb Noun;B2;autorización
person;Noun;A1;persoa
personal;Adjective;A1;persoal
personality;Noun;A2;personalidade
personally;Adverb;B1;persoalmente
perspective;Noun;B2;perspectiva
persuade;Verb;B1;persuadir
pet;Noun;A2;pet
petrol;Noun;A2;gasolina
phase;Noun;B2;fase
phenomenon;Noun;B2;fenómeno
philosophy;Noun;B2;filosofía
phone;Noun Verb;A1;teléfono
photo;Noun;A1;foto
photograph;Noun, Verb;A1, A2;fotografía
photographer;Noun;B1;fotógrafo
photography;Noun;B1;fotografía
phrase;Noun;A1;frase
physical;Adjective;A2;físico
physics;Noun;A2;física
piano;Noun;A1;piano
pick;Verb , Noun;A2, B2;escoller
picture;Noun, Verb;A1, B2;retrato
piece;Noun;A1;peza
pig;Noun;A1;porco
pile;Noun Verb;B2;pila
pilot;Noun;A2;piloto
pin;Noun Verb;B1;Pino
pink;Adjective Noun;A1;-de-rosa
pipe;Noun;B1;tubo
pitch;Noun;B2;breu
place;Noun Verb;A1, B1;lugar
plain;Adjective;B2;chaira
plan;Noun Verb;A1;plan
plane;Noun;A1;avión
planet;Noun;A2;planeta
planning;Noun;B1;planificación
plant;Noun Verb;A1, A2;planta
plastic;Noun Adjective;A2;plástico
plate;Noun;A2;chapa
platform;Noun;A2;plataforma
play;Verb Noun;A1;xogar
player;Noun;A1;xogador
pleasant;Adjective;B1;agradable
please;exclam., Verb;A1, A2;por favor
pleased;Adjective;A2;satisfeito
pleasure;Noun;B1;pracer
plenty;proNoun;B1;abundancia
plot;Noun, Verb;B1, B2;argumento
plus;prep., Adjective conj., Noun;B1, B2;máis
pocket;Noun;A2;peto
poem;Noun;B1;poema
poet;Noun;B1;poeta
poetry;Noun;B1;poesía
point;Noun, Verb;A1, B1;punto
pointed;Adjective;B2;punzante
poison;Noun Verb;B1;veleno
poisonous;Adjective;B1;velenoso
police;Noun;A1;policía
policeman;Noun;A1;policial
policy;Noun;B1;política
polite;Adjective;A2;educado
political;Adjective;B1;político
politician;Noun;B1;político
politics;Noun;B1;política
pollution;Noun;A2;contaminación
pool;Noun;A1;piscina
poor;Adjective;A1;pobre
pop;Noun Adjective;A2;pop
popular;Adjective;A1;popular
popularity;Noun;B2;popularidade
population;Noun;A2;poboación
port;Noun;B1;Porto
portrait;Noun;B1;retrato
pose;Verb;B2;postura
position;Noun, Verb;A2, B2;posición
positive;Adjective , Noun;A1, B2;positivo
possess;Verb;B2;posuír
possession;Noun;A2;posesión
possibility;Noun;A2;posibilidade
possible;Adjective;A1;posible
possibly;Adverb;B1;posiblemente
post;Noun Verb;A1;posto
poster;Noun;A2;cartel
pot;Noun;B1;pote
potato;Noun;A1;pataca
potential;Adjective Noun;B2;potencial
pound;Noun;A1;Libra
pour;Verb;B1;derramar
poverty;Noun;B1;pobreza
powder;Noun;B1;po
power;Noun, Verb;A2, B2;poder
powerful;Adjective;B1;poderoso
practical;Adjective;B1;práctico
practice;Noun;A1;práctica
practise;Verb;A1;práctica
praise;Noun Verb;B2;loanza
pray;Verb;B1;rezar
prayer;Noun;B1;oración
predict;Verb;A2;predicir
prediction;Noun;B1;Predición
prefer;Verb;A1;prefire
pregnant;Adjective;B2;embarazada
preparation;Noun;B2;preparación
prepare;Verb;A1;preparar
prepared;Adjective;B1;preparado
presence;Noun;B2;presenza
present;Adjective Noun, Verb;A1, A2;presente
presentation;Noun;B1;Presentación
preserve;Verb;B2;preservar
president;Noun;A2;presidente
press;Verb Noun;B1;prensa
pressure;Noun;B1;presión
pretend;Verb;B1;finxir
pretty;Adjective Adverb;A1;moi
prevent;Verb;A2;prevent
previous;Adjective;B1;anterior
previously;Adverb;B1;anteriormente
price;Noun, Verb;A1, B2;prezo
priest;Noun;B1;padre
primary;Adjective;B1;fondo
prime;Adjective;B2;primordial
prince;Noun;B1;Príncipe
princess;Noun;B1;princesa
principle;Noun;B2;principio
print;Verb , Noun;A2, B2;imprimir
printer;Noun;A2;impresora
printing;Noun;B1;impresión
priority;Noun;B2;prioridade
prison;Noun;A2;prisión
prisoner;Noun;B1;prisioneiro
privacy;Noun;B2;Privacidade
private;Adjective;B1;privado
prize;Noun;A2;premio
probably;Adverb;A1;probablemente
problem;Noun;A1;problema
procedure;Noun;B2;procedemento
process;Noun, Verb;A2, B2;proceso
produce;Verb , Verb;A2, B2;produtos
producer;Noun;B1;fabricante
product;Noun;A1;produto
production;Noun;B1;produción
profession;Noun;B1;profesión
professional;Adjective , Noun;A2, B2;profesional
professor;Noun;A2;profesor
profile;Noun;A2;perfil
profit;Noun;B1;beneficio
program;Noun, Verb;A2, B1;programa
programme;Noun;A1;programa
progress;Noun, Verb;A2, B2;progreso
project;Noun, Verb;A1, B2;proxecto
promise;Verb Noun;A2;promesa
promote;Verb;B1;promover
pronounce;Verb;A2;pronuncie
proof;Noun;B2;proba
proper;Adjective;B1;axeitado
properly;Adverb;B1;correctamente
property;Noun;B1;propiedade
proposal;Noun;B2;proposta
propose;Verb;B2;propoñer
prospect;Noun;B2;prospecto
protect;Verb;A2;protexer
protection;Noun;B2;protección
protest;Noun Verb;B1;protesta
proud;Adjective;B1;orgulloso
prove;Verb;B1;demostrar
provide;Verb;A2;proporcionar
psychologist;Noun;B2;psicólogo
psychology;Noun;B2;psicoloxía
pub;Noun;A2;pub
public;Adjective Noun;A2;público
publication;Noun;B2;publicación
publish;Verb;A2;publicar
pull;Verb , Noun;A2, B1;puxão
punish;Verb;B1;castigar
punishment;Noun;B1;castigo
pupil;Noun;B2;alumno
purchase;Noun Verb;B2;compra
pure;Adjective;B2;puro
purple;Adjective Noun;A1;roxo
purpose;Noun;A2;propósito
pursue;Verb;B2;perseguir
push;Verb , Noun;A2, B1;Empurrón
put;Verb;A1;poñer
qualification;Noun;B1;cualificación
qualified;Adjective;B1;cualificado
qualify;Verb;B1;cualificar
quality;Noun;A2;calidade
quantity;Noun;A2;cantidade
quarter;Noun;A1;trimestre
queen;Noun;A2;raíña
question;Noun, Verb;A1, A2;pregunta
queue;Noun Verb;B1;cola
quick;Adjective;A1;rapidamente
quickly;Adverb;A1;rapidamente
quiet;Adjective;A1;tranquilo
quietly;Adverb;A2;en silencio
quit;Verb;B1;desistir
quite;Adverb;A1;moi
quotation;Noun;B1;cita
quote;Verb Noun;B1;cita
race (competition);NounVerb;A2;Race (competición)
race (people);Noun;B1;raza (de persoas)
racing;Noun;B1;carreira
radio;Noun;A1;radio
railway;Noun;A2;estrada de ferro
rain;Noun Verb;A1;choiva
raise;Verb;A2;Raise
range;Noun, Verb;B1, B2;alcance
rank;Noun Verb;B2;categoría
rapid;Adjective;B2;rápido
rapidly;Adverb;B2;rapidamente
rare;Adjective;B1;raro
rarely;Adverb;B1;raramente
rate;Noun, Verb;A2, B2;taxa
rather;Adverb;A2;máis
raw;Adjective;B2;cru
reach;Verb , Noun;A2, B2;alcance
react;Verb;A2;reaccionar
reaction;Noun;B1;reacción
read;Verb;A1;ler
reader;Noun;A1;lector
reading;Noun;A1;lectura
ready;Adjective;A1;listo
real;Adjective;A1;real
realistic;Adjective;B2;realista
reality;Noun;B1;realidade
realize;Verb;A2;entender
really;Adverb;A1;realmente
reason;Noun;A1;razón
reasonable;Adjective;B2;razoable
recall;Verb;B2;recordo
receipt;Noun;B1;recibo
receive;Verb;A2;recibir
recent;Adjective;A2;recente
recently;Adverb;A2;recentemente
reception;Noun;A2;Recepción
recipe;Noun;A2;receita
recognize;Verb;A2;recoñecer
recommend;Verb;A2;recomendar
recommendation;Noun;B1;recomendación
record;Noun Verb;A2;rexistro
recording;Noun;A2;gravación
recover;Verb;B2;recuperar
recycle;Verb;A2;Recicle
red;Adjective Noun;A1;vermello
reduce;Verb;A2;reducir
reduction;Noun;B2;redución
refer;Verb;A2;referirse
reference;Noun;B1;referencia
reflect;Verb;B1;reflexo
refuse;Verb;A2;rexeitar
regard;Verb Noun;B2;conta
region;Noun;A2;rexión
regional;Adjective;B2;Rexional
register;Verb Noun;B2;rexistrar
regret;Verb Noun;B2;pesar
regular;Adjective;A2;regular
regularly;Adverb;B1;regularmente
regulation;Noun;B2;regulación
reject;Verb;B1;rexeitar
relate;Verb;B1;relacionar-se
related;Adjective;B1;relacionado
relation;Noun;B1;relación
relationship;Noun;A2;relación
relative;Adjective Noun;B1;parente
relatively;Adverb;B2;relativamente
relax;Verb;A1;relaxarse
relaxed;Adjective;B1;relaxado
relaxing;Adjective;B1;relaxado
release;Verb Noun;B1;lanzamento
relevant;Adjective;B2;relevante
reliable;Adjective;B1;fiable
relief;Noun;B2;alivio
religion;Noun;B1;relixión
religious;Adjective;B1;relixioso
rely;Verb;B2;depender
remain;Verb;B1;permanecer
remark;Noun Verb;B2;observación
remember;Verb;A1;lembrar
remind;Verb;B1;lembrar
remote;Adjective;B1;remoto
remove;Verb;A2;quitar
rent;Noun Verb;B1;alugar
repair;Verb , Noun;A2, B1;reparación
repeat;Verb , Noun;A1, B1;repetición
repeated;Adjective;B1;repetido
replace;Verb;A2;substituír
reply;Verb Noun;A2;responder
report;Noun, Verb;A1, A2;informe
reporter;Noun;A2;reporteiro
represent;Verb;B1;representar
representative;Noun Adjective;B2;representante
reputation;Noun;B2;reputación
request;Noun, Verb;A2, B1;solicitude
require;Verb;B1;esixir
requirement;Noun;B2;esixencia
rescue;Verb Noun;B2;rescate
research;Noun Verb;A2;busca
researcher;Noun;A2;investigador
reservation;Noun;B1;reserva
reserve;Noun Verb;B2;reserva
resident;NounAdjective;B2;residente
resist;Verb;B2;resistir
resolve;Verb;B2;determinación
resort;Noun;B2;recurso
resource;Noun;B1;recurso
respect;Noun Verb;B1;respecto
respond;Verb;A2;responder
response;Noun;A2;resposta
responsibility;Noun;B1;responsabilidade
responsible;Adjective;B1;responsable
rest (remaining part);Noun;A2;repouso (parte restante)
rest (sleep/relax);Noun Verb;A2;repouso (sono / relaxarse)
restaurant;Noun;A1;restaurante
result;Noun, Verb;A1, B1;producir
retain;Verb;B2;reter
retire;Verb;B1;aposentar
retired;Adjective;B1;xubilado
return;Verb Noun;A1;retorno
reveal;Verb;B2;revelar
review;Noun Verb;A2;revisión
revise;Verb;B1;revisión
revolution;Noun;B2;Revolución
reward;Noun Verb;B2;recompensa
rhythm;Noun;B2;ritmo
rice;Noun;A1;arroz
rich;Adjective;A1;rico
rid;Verb;B2;librar
ride;Verb , Noun;A1, A2;paseo
right;Adjective Adverb Noun;A1;dereito
ring;Noun;A2;anel
ring;Verb , Noun;A2, B1;anel
rise;Verb , Noun;A2, B1;subir
risk;Noun Verb;B1;risco
river;Noun;A1;Río
road;Noun;A1;estrada
robot;Noun;B1;robot
rock (stone);Noun;A2;rocha (pedra)
rock (music);Noun;A2;rocha (música)
role;Noun;A2;papel
roll;Verb Noun;B1;rolo
romantic;Adjective;B1;romántico
roof;Noun;A2;tellado
room;Noun;A1;cuarto
root;Noun;B2;raíz
rope;Noun;B1;corda
rough;Adjective;B1;Áspero
round;Adjective Adverb prep., Noun;A2, B2;volta
route;Noun;A2;ruta
routine;Noun, Adjective;A1, B2;rutina
row;Noun;B1;liña
royal;Adjective;B1;real
rub;Verb;B2;fregar
rubber;Noun Adjective;B2;goma
rubbish;Noun;A2;lixo
rude;Adjective;A2;rudo
rugby;Noun;B1;rugby
rule;Noun, Verb;A1, B1;regra
run;Verb , Noun;A1, A2;carreira
runner;Noun;A2;corredor
running;Noun;A2;correndo
rural;Adjective;B2;rural
rush;Verb Noun;B2;arremetida
sad;Adjective;A1;triste
sadly;Adverb;A2;tristemente
safe;Adjective;A2;seguro
safety;Noun;B1;seguridade
sail;Verb , Noun;A2, B1;vela
sailing;Noun;A2;navegación
sailor;Noun;B1;mariñeiro
salad;Noun;A1;ensalada
salary;Noun;A2;salario
sale;Noun;A2;venta
salt;Noun;A1;sal
same;Adjective proNoun Adverb;A1;mesmo
sample;Noun, Verb;B1, B2;mostra
sand;Noun;B1;area
sandwich;Noun;A1;bocadillos
satellite;Noun;B2;satélite
satisfied;Adjective;B2;satisfeito
satisfy;Verb;B2;satisfacer
Saturday;Noun;A1;sábado
sauce;Noun;A2;salsa
save;Verb;A2;save
saving;Noun;B2;aforro
say;Verb;A1;digamos
scale;Noun;B2;escala
scan;Verb;B1;de dixitalización
scared;Adjective;A2;medo
scary;Adjective;A2;asustado
scene;Noun;A2;escena
schedule;Noun, Verb;A2, B2;horario
scheme;Noun;B2;esquema
school;Noun;A1;escola
science;Noun;A1;ciencia
scientific;Adjective;B1;científico
scientist;Noun;A1;científico
score;Verb Noun;A2;Conta
scream;Verb Noun;B2;berro
screen;NounVerb;A2, B2;pantalla
script;Noun;B1;escrita
sculpture;Noun;B1;escultura
sea;Noun;A1;mar
search;Noun Verb;A2;buscar
season;Noun;A2;tempada
seat;Noun Verb;A2, B2;asento
second1 (next after the first);et./ number, Adverb;A1, A2;second1 (próxima despois da primeira)
second1 (unit of time);Noun;A1;second1 (unidade de tempo)
secondary;Adjective;B1;secundario
secondly;Adverb;A2;en segundo lugar
secret;Adjective, Noun;A2;segredo
secretary;Noun;A2;secretario
section;Noun;A1;sección
sector;Noun;B2;sector
secure;Verb Adjective;B2;protexer
security;Noun;B1;seguridade
see;Verb;A1;Ver
seed;Noun;B1;semente
seek;Verb;B2;buscar
seem;Verb;A2;parecer
select;Verb;B2;seleccionar
selection;Noun;B2;selección
self;Noun;B2;ego
sell;Verb;A1;Sell
send;Verb;A1;Send
senior;Adjective;B2;Senior
sense;Noun Verb;A2, B2;sentido
sensible;Adjective;B1;sensato
sensitive;Adjective;B2;sensíbel
sentence;Noun Verb;A1, B2;sentenza
separate;Adjective, Verb;A2, B1;separado
September;Noun;A1;setembro
sequence;Noun;B2;sucesión
series;Noun;A2;serie
serious;Adjective;A2;serio
seriously;Adverb;B1;en serio
servant;Noun;B1;servo
serve;Verb;A2;servir
service;Noun;A2;servizo
session;Noun;B2;sesión
set (put);Verb;B1;Set (put)
set (group);Noun;B1;Conxunto (grupo)
setting;Noun;B1;escenario
settle;Verb;B2;Settle
seven;number;A1;sete
seventeen;number;A1;dezasete
seventy;number;A1;setenta
several;det./proNoun;A2;varios
severe;Adjective;B2;grave
sex;Noun;B1;sexo
sexual;Adjective;B1;sexual
shade;Noun;B2;sombra
shadow;Noun;B2;sombra
shake;Verb Noun;A2, B1;axitación
shall;modal Verb;A2;debe
shallow;Adjective;B2;raso
shame;Noun;B2;vergoña
shape;Noun Verb;A2, B2;forma
share;Verb Noun;A1, B1;acción
sharp;Adjective;B1;agudo
she;proNoun;A1;ela
sheep;Noun;A1;ovella
sheet;Noun;A2;folla
shelf;Noun;B1;andel
shell;Noun;B1;cuncha
shelter;Noun Verb;B2;abrigo
shift;Noun Verb;B1, B2;cambio
shine;Verb;B1;brillo
shiny;Adjective;B1;brillante
ship;Noun Verb;A2, B2;buque
shirt;Noun;A1;camisa
shock;Noun Verb;B2;choque
shocked;Adjective;B2;chocado
shoe;Noun;A1;zapatos
shoot;Verb;B1;shoot
shooting;Noun;B2;tiroteo
shop;Noun Verb;A1;tenda
shopping;Noun;A1;compra
short;Adjective;A1;curto
shot;Noun;B2;tiro
should;modal Verb;A1;should
shoulder;Noun;A2;ombreiro
shout;Verb Noun;A2;berro
show;Verb Noun;A1;Espectáculo
shower;Noun;A1;ducha
shut;Verb Adjective;A2;Shut
shy;Adjective;B1;tímido
sick;Adjective;A1;enfermo
side;Noun;A2;lado
sight;Noun;B1;vista
sign;Noun Verb;A2;sinal
signal;Noun Verb;B1;sinal
significant;Adjective;B2;significativo
significantly;Adverb;B2;significativamente
silence;Noun;B2;silencio
silent;Adjective;B1;silencioso
silk;Noun;B2;seda
silly;Adjective;B1;parvo
silver;Noun Adjective;A2;prata
similar;Adjective;A1;similar
similarity;Noun;B1;similaridade
similarly;Adverb;B1;similarmente
simple;Adjective;A2;simple
simply;Adverb;B1;sinxelamente
since;prep. conj., Adverb;A2, B1;desde
sincere;Adjective;B2;sincero
sing;Verb;A1;Sing
singer;Noun;A1;cantante
singing;Noun;A2;de canto
single;Adjective Noun;A2;único
sink;Verb;B1;pía
sir;Noun;A2;Señor
sister;Noun;A1;irmá
sit;Verb;A1;sit
site;Noun;A2;local
situation;Noun;A1;situación
six;number;A1;seis
sixteen;number;A1;dezaseis
sixty;number;A1;sesenta
size;Noun;A2;tamaño
ski;Verb Noun;A2;esquí
skiing;Noun;A2;esquí
skill;Noun;A1;habilidade
skin;Noun;A2;pel
skirt;Noun;A1;saia
sky;Noun;A2;ceo
slave;Noun;B2;escravo
sleep;Verb , Noun;A1, A2;sono
slice;Noun Verb;B1;porción
slide;Verb Noun;B2;foto
slight;Adjective;B2;leve
slightly;Adverb;B1;levemente
slip;Verb;B2;deslice
slope;Noun Verb;B2;declive
slow;Adjective , Verb;A1, B1;lento
slowly;Adverb;A2;lentamente
small;Adjective;A1;pequena
smart;Adjective;B1;intelixente
smartphone;Noun;A2;smartphones
smell;Verb Noun;A2;cheiro
smile;Verb Noun;A2;sorrir
smoke;Noun Verb;A2;Smoke
smoking;Noun;A2;fumador
smooth;Adjective;B1;suavizar
snake;Noun;A1;serpe
snow;Noun Verb;A1;neve
so;Adverb conj.;A1;así
soap;Noun;A2;xabón
soccer;Noun;A2;fútbol
social;Adjective;A2;social
society;Noun;A2;sociedade
sock;Noun;A2;media
soft;Adjective;A2;brando
software;Noun;B1;software
soil;Noun;B1;solo
solar;Adjective;B2;solar
soldier;Noun;A2;soldado
solid;Adjective Noun;B1;sólido
solution;Noun;A2;solución
solve;Verb;A2;resolver
some;det. proNoun;A1;algunhas
somebody;proNoun;A1;alguén
someone;proNoun;A1;alguén
something;proNoun;A1;algo
sometimes;Adverb;A1;ás veces
somewhat;Adverb;B2;algo
somewhere;Adverb proNoun;A2;nalgún lugar
son;Noun;A1;fillo
song;Noun;A1;canción
soon;Adverb;A1;pronto
sorry;Adjective exclam.;A1;Sentímolo
sort;Noun, Verb;A2, B1;tipo
soul;Noun;B2;alma
sound;Noun Verb;A1;son
soup;Noun;A1;sopa
source;Noun;A2;fonte
south;Noun Adjective Adverb;A1;sur
southern;Adjective;B1;meridional
space;Noun;A1;espazo
speak;Verb;A1;Speak
speaker;Noun;A2;altofalante
special;Adjective;A1;especial
specialist;Noun Adjective;B2;especialista
species;Noun;B2;especies
specific;Adjective;A2;específico
specifically;Adverb;B1;especialmente
speech;Noun;A2;discurso
speed;Noun, Verb;A2, B2;velocidade
spell;Verb;A1;deletrear
spelling;Noun;A1;ortografía
spend;Verb;A1;gastar
spending;Noun;B1;gastos
spicy;Adjective;B1;picante
spider;Noun;A2;araña
spirit;Noun;B1;espírito
spiritual;Adjective;B2;espiritual
split;Verb Noun;B2;partir
spoken;Adjective;B1;falado
sponsor;Verb Noun;B2;patrocinador
spoon;Noun;A2;culler
sport;Noun;A1;Deportes
spot;Noun, Verb;B1, B2;local
spread;Verb , Noun;B1, B2;espallamento
spring;Noun, Verb;A1, B1;primavera
square;Adjective Noun;A2;praza
stable;Adjective;B2;estable
stadium;Noun;B1;estadio
staff;Noun;B1;persoal
stage;Noun, Verb;A2, B2;etapa
stair;Noun;A2;escaleira
stamp;Noun;A2;selo
stand;Verb , Noun;A1, B2;soporte
standard;Noun Adjective;B1;patrón
star;Noun, Verb;A1, A2;estrela
stare;Verb;B2;ollar fixo
start;Verb , Noun;A1, A2;comezo
state;Noun, Adjective , v;A2, B1;Estado
statement;Noun;A1;afirmación
station;Noun;A1;estación
statistic;Noun;B1;estatística
statue;Noun;B1;estatua
status;Noun;B2;Estado
stay;Verb , Noun;A1, A2;estadía
steady;Adjective;B2;estable
steal;Verb;A2;roubar
steel;Noun;B2;aceiro
steep;Adjective;B2;íngreme
step;Noun, Verb;A2, B2;paso
stick (push into/attach);Verb;B1;vara (push en / attach)
stick (piece of wood);Noun;B1;vara (peza de madeira)
sticky;Adjective;B2;pegajoso
stiff;Adjective;B2;duro
still;Adverb , Adjective;A1, B1;aínda
stock;Noun;B2;stock
stomach;Noun;A2;estómago
stone;Noun;A2;pedra
stop;Verb Noun;A1;parada
store;Noun, Verb;A2, B1;tenda
storm;Noun;A2;tempestade
story;Noun;A1;historia
straight;Adverb Adjective;A2;en liña recta
strange;Adjective;A2;estraño
stranger;Noun;B1;descoñecido
strategy;Noun;A2;estratexia
stream;Noun;B2;córrego
street;Noun;A1;rúa
strength;Noun;B1;forza
stress;Noun Verb;A2;estrés
stretch;Verb Noun;B2;tramo
strict;Adjective;B2;estrita
strike;Verb Noun;B2;folga
string;Noun;B1;corda
strong;Adjective;A1;forte
strongly;Adverb;B1;fortemente
structure;Noun, Verb;A2, B2;estrutura
struggle;Verb Noun;B2;loita
student;Noun;A1;estudante
studio;Noun;B1;estudo
study;Noun Verb;A1;estudo
stuff;Noun, Verb;B1, B2;cousas
stupid;Adjective;A2;estúpido
style;Noun;A1;estilo
subject;Noun, Adjective;A1, B2;tema
submit;Verb;B2;someter
substance;Noun;B1;substancia
succeed;Verb;A2;suceder
success;Noun;A1;éxito
successful;Adjective;A2;exitoso
successfully;Adverb;B1;correctamente
such;det./proNoun;A2;tal
sudden;Adjective;B1;repentino
suddenly;Adverb;A2;de súpeto
suffer;Verb;B1;sufrir
sugar;Noun;A1;azucre
suggest;Verb;A2;suxerir
suggestion;Noun;A2;suxestión
suit;Noun, Verb;A2, B1;traxe
suitable;Adjective;B1;axeitado
sum;Noun Verb;B2;suma
summarize;Verb;B1;resumir
summary;Noun;B1;resumen
summer;Noun;A1;verán
sun;Noun;A1;sol
Sunday;Noun;A1;domingo
supermarket;Noun;A1;supermercados
supply;Noun Verb;B1;subministración
support;Verb Noun;A2;apoiar
supporter;Noun;B1;soporte
suppose;Verb;A2;supoñer
sure;Adjective , Adverb;A1, A2;seguro
surely;Adverb;B1;seguramente
surface;Noun;B1;superficie
surgery;Noun;B2;Cirurxía
surprise;Noun Verb;A2;sorpresa
surprised;Adjective;A2;sorprendeu
surprising;Adjective;A2;sorprendente
surround;Verb;B2;cercar
surrounding;Adjective;B2;circundante
survey;Noun, Verb;A2, B2;Enquisa
survive;Verb;B1;sobrevivir
suspect;Verb Noun;B2;sospeitoso
swear;Verb;B2;xurar
sweater;Noun;A1;suéter
sweep;Verb;B2;exploración
sweet;Adjective Noun;A2;doce
swim;Verb , Noun;A1, B1;natación
swimming;Noun;A1;nadar
switch;Verb , Noun;B1, B2;interruptor
symbol;Noun;A2;símbolo
sympathy;Noun;B2;simpatía
symptom;Noun;B1;síntoma
system;Noun;A2;sistema
table;Noun;A1;mesa
tablet;Noun;A2;comprimido
tail;Noun;B1;cola
take;Verb;A1;tomar
tale;Noun;B2;conto
talent;Noun;B1;talento
talented;Adjective;B1;talentoso
talk;Verb , Noun;A1, A2;falar
tall;Adjective;A1;alto
tank;Noun;B2;tanque
tape;Noun;B1;cinta
target;Noun, Verb;A2, B2;obxectivo
task;Noun;A2;tarefa
taste;Noun Verb;A2;gusto
tax;Noun Verb;B1;Imposto
taxi;Noun;A1;taxi
tea;Noun;A1;té
teach;Verb;A1;Teach
teacher;Noun;A1;profesor
teaching;Noun;A2;ensinando
team;Noun;A1;equipo
tear1;Verb Noun;B2;tear1
tear2;Noun;B2;tear2
technical;Adjective;B1;técnico
technique;Noun;B1;técnica
technology;Noun;A2;tecnoloxía
teenage;Adjective;A2;adolescente
teenager;Noun;A1;adolescente
telephone;Noun Verb;A1;teléfono
television;Noun;A1;televisión
tell;Verb;A1;contar
temperature;Noun;A2;temperatura
temporary;Adjective;B2;temporal
ten;number;A1;dez
tend;Verb;B1;tender
tennis;Noun;A1;tenis
tent;Noun;B1;tenda
term;Noun, Verb;A2, B2;prazo
terrible;Adjective;A1;terrible
test;Noun Verb;A1;proba
text;Noun, Verb;A1, A2;texto
than;conj.;A1;de
thank;Verb;A1;grazas
thanks;exclam. Noun;A1;Grazas
that;det. proNoun conj., Adverb;A1, B1;que
the;definite article;A1;o
theatre;Noun;A1;teatro
their;det.;A1;seu
theirs;proNoun;B1;seus
them;proNoun;A1;eles
theme;Noun;B1;tema
themselves;proNoun;A2;se
then;Adverb;A1;logo
theory;Noun;B1;teoría
therapy;Noun;B2;terapia
there;Adverb;A1;alí
therefore;Adverb;B1;polo tanto
they;proNoun;A1;eles
thick;Adjective;A2;espeso
thief;Noun;A2;ladroa
thin;Adjective;A2;fino
thing;Noun;A1;cousa
think;Verb;A1;pensar
thinking;Noun;A2;pensamento
third;number, Noun;A1, A2;terceiro
thirsty;Adjective;A1;sedenta
thirteen;number;A1;trece
thirty;number;A1;trinta
this;det./proNoun, Adverb;A1, B1;esta
though;conj. Adverb;B1;aínda
thought;Noun;A2;pensamento
thousand;number;A1;mil
threat;Noun;B2;ameaza
threaten;Verb;B2;ameazar
three;number;A1;tres
throat;Noun;B1;garganta
through;prep. Adverb;A1;mediante
throughout;prep./Adverb;B1;todo
throw;Verb;A2;xogar
Thursday;Noun;A1;xoves
thus;Adverb;B2;así
ticket;Noun;A1;billete
tidy;Adjective v;A2;ordenado
tie;Verb Noun;A2;lazo
tight;Adjective;B1;axustado
till;conj./prep.;B1;ata
time;Noun, Verb;A1, B2;tempo
tin;Noun;B1;estaño
tiny;Adjective;B1;minúsculo
tip;Noun, Verb;A2, B1;punta
tired;Adjective;A1;canso
title;Noun;A1, B2;título
to;prep., infinitive marker;A1;para
today;Adverb Noun;A1;hoxe
toe;Noun;B1;dedo do pé
together;Adverb;A1;xuntos
toilet;Noun;A1;baño
tomato;Noun;A1;tomate
tomorrow;Adverb Noun;A1;mañá
tone;Noun;B2;Tom
tongue;Noun;B1;lingua
tonight;Adverb n;A1;esta noite
too;Adverb;A1;máis
tool;Noun;A2;ferramenta
tooth;Noun;A1;dente
top;Noun, Adjective;A2;arriba
topic;Noun;A1;tema
total;Adjective Noun;B1;Total
totally;Adverb;B1;totalmente
touch;Verb , Noun;A2, B1;Preme
tough;Adjective;B2;difícil
tour;Noun, Verb;A2, B1;excursión
tourism;Noun;A2;Turismo
tourist;Noun;A1;turista
towards;prep.;A2;para
towel;Noun;A2;toalla
tower;Noun;A2;torre
town;Noun;A1;cidade
toy;Noun, Adjective;A2;xoguete
track;Noun, Verb;A2, B2;rastrexar
trade;Noun, Verb;B1;comercio
tradition;Noun;A2;tradición
traditional;Adjective;A2;tradicional
traffic;Noun;A1;tráfico
train;Noun, Verb;A1, A2;tren
trainer;Noun;A2;adestrador
training;Noun;A2;formación
transfer;Verb Noun;B2;transferencia
transform;Verb;B2;transformar
transition;Noun;B2;transición
translate;Verb;B1;Traducir
translation;Noun;B1;tradución
transport;Noun, Verb;A2, B1;transporte
travel;Verb Noun;A1;viaxe
traveller;Noun;A2;viaxeiro
treat;Verb;B1;Treat
treatment;Noun;B1;tratamento
tree;Noun;A1;árbore
trend;Noun;B1;tendencia
trial;Noun;B2;xuízo
trick;Noun Verb;B1;truco
trip;Noun, Verb;A1, B2;viaxe
tropical;Adjective;B2;tropical
trouble;Noun, Verb;A2, B2;dificultade
trousers;Noun;A1;pantalóns
truck;Noun;A2;camión
TRUE;Adjective;A1;TRUE
truly;Adverb;B2;verdadeiramente
trust;Noun Verb;B2;confianza
truth;Noun;B1;verdade
try;Verb , Noun;A1, B2;tentar
T-shirt;Noun;A1;camiseta
tube;Noun;B1;tubo
Tuesday;Noun;A1;martes
tune;Noun;B2;sintonía
tunnel;Noun;B2;túnel
turn;Verb Noun;A1;transformar
TV;Noun;A1;TV
twelve;number;A1;doce
twenty;number;A1;vinte
twice;Adverb;A1;dúas veces
twin;Noun Adjective;A2;xemelgo
two;number;A1;dous
type;Noun, Verb;A1, B1;tipo
typical;Adjective;A2;típico
typically;Adverb;B1;tipicamente
tyre;Noun;B1;pneumático
ugly;Adjective;B1;feo
ultimately;Adverb;B2;en definitiva
umbrella;Noun;A1;paraugas
unable;Adjective;B1;incapaz
uncle;Noun;A1;tío
uncomfortable;Adjective;B1;incómoda
unconscious;Adjective;B2;inconsciente
under;prep. Adj;A1;baixo
underground;Adjective Adverb;A2;subterráneo
understand;Verb;A1;entender
understanding;Noun;A2;comprensión
underwear;Noun;B1;roupa interior
unemployed;Adjective;B1;desempregado
unemployment;Noun;B1;desemprego
unexpected;Adjective;B2;inesperado
unfair;Adjective;B1;inxusto
unfortunately;Adverb;A2;Desafortunadamente
unhappy;Adjective;A2;infeliz
uniform;Noun;A2;uniforme
union;Noun;B1;Unión
unique;Adjective;B2;único
unit;Noun;A2;unidade
united;Adjective;A2;Unido
universe;Noun;B2;universo
university;Noun;A1;Universidade
unknown;Adjective;B2;descoñecido
unless;conj.;B1;salvo que
unlike;prep.;B1;ao contrario
unlikely;Adjective;B1;improbable
unnecessary;Adjective;B1;innecesario
unpleasant;Adjective;B1;desagradable
until;conj./prep.;A1;ata
unusual;Adjective;A2;raro
up;Adverb proNoun;A1;superior
update;Verb Noun;B1;actualizar
upon;prep.;B1;sobre
upper;Adjective;B2;superior
upset;Adjective v;B1;perturbar
upstairs;Adverb , Adjective;A1, A2;enriba
upwards;Adverb;B2;superior
urban;Adjective;B2;urbano
urge;Verb;B2;desexo
us;proNoun;A1;Nós
use;Verb , Noun;A1, A2;uso
used;Adjective;B1;usado
used to;modal Verb;A2;adoitaba
useful;Adjective;A1;útil
user;Noun;A2;usuario
usual;Adjective;A2;habitual
usually;Adverb;A1;xeralmente
vacation;Noun;A1;vacacións
valley;Noun;A2;vale
valuable;Adjective;B1;valioso
value;Noun, Verb;B1, B2;valor
van;Noun;A2;Van
variety;Noun;A2;variedade
various;Adjective;B1;vario
vary;Verb;B2;variar
vast;Adjective;B2;amplo
vegetable;Noun;A1;vexetal
vehicle;Noun;A2;vehículo
venue;Noun;B2;foro
version;Noun;B1;versión
very;Adverb , Adjective;A1, B1;moi
via;prep.;B2;vía
victim;Noun;B1;vítima
victory;Noun;B2;vitoria
video;Noun;A1;vídeo
view;Noun, Verb;A2,;vista
viewer;Noun;B1;espectador
village;Noun;A1;aldea
violence;Noun;B2;violencia
violent;Adjective;B1;violento
virtual;Adjective;B2;virtual
virus;Noun;A2;virus
vision;Noun;B2;visión
visit;Verb Noun;A1;visita
visitor;Noun;A1;visitante
visual;Adjective;B2;visual
vital;Adjective;B2;fundamental
vitamin;Noun;B2;vitamina
voice;Noun;A2;voz
volume;Noun;B2;volume
volunteer;Noun Verb;B1;voluntario
vote;Noun Verb;B1;voto
wage;Noun;B2;salario
wait;Verb , Noun;A1, A2;espera
waiter;Noun;A1;camareiro
wake;Verb;A1;esteira
walk;Verb Noun;A1;andar
wall;Noun;A1;parede
want;Verb;A1;querer
war;Noun;A2;guerra
warm;Adjective , v;A1, B1;quente
warn;Verb;B1;advertir
warning;Noun;B1;Aviso
wash;Verb , Noun;A1, A2;lavar
washing;Noun;A2;lavado
waste;Noun v, Adjective;B1;desperdiçar
watch;Verb Noun;A1;reloxo
water;Noun, Verb;A1, B1;auga
wave;Noun;A2, B1;ola
way;Noun;A1, B2;camiño
we;proNoun;A1;Nós
weak;Adjective;A2;feble
weakness;Noun;B2;debilidade
wealth;Noun;B2;riqueza
wealthy;Adjective;B2;rico
weapon;Noun;B1;arma
wear;Verb;A1;desgaste
weather;Noun;A1;tempo
web;Noun;A2;tea
website;Noun;A1;sitio
wedding;Noun;A2;matrimonio
Wednesday;Noun;A1;mércores
week;Noun;A1;semana
weekend;Noun;A1;fin de semana
weigh;Verb;B1;pesar
weight;Noun;A2;peso
welcome;exclam. Verb Adjective , n;A1, A2;Benvido
well;Adverb , Adjective , exclam.;A1;ben
west;Noun Adjective Adverb;A1;oeste
western;Adjective;B1;occidental
wet;Adjective;A2;mollado
what;proNoun/det.;A1;que
whatever;det./proNoun;B1;Sexa o que sexa
wheel;Noun;A2;roda
when;Adverb proNounconj.;A1;cando
whenever;conj.;B1;sempre que
where;Adverb conj.;A1;onde
whereas;conj.;B2;mentres que
wherever;conj.;B2;onde queira que
whether;conj.;B1;se
which;proNoun/det.;A1;que
while;conj., Noun;A2, B1;mentres
whisper;Verb Noun;B2;sussurro
white;Adjective Noun;A1;Blanco
who;proNoun;A1;OMS
whole;Adjective , n;A2, B1;todo
whom;proNoun;B2;quen
whose;det./proNoun;A2;de quen
why;Adverb;A1;por que
wide;Adjective;A2;gran
widely;Adverb;B2;largamente
wife;Noun;A1;muller
wild;Adjective;A2;salvaxe
wildlife;Noun;B2;animais salvaxes
will;modal, Noun Verb;A1,;vontade
willing;Adjective;B2;disposto
win;Verb , Noun;A1, B1;gañar
wind1;Noun;A2;wind1
wind2;Verb;B2;Wind2
window;Noun;A1;ventá
wine;Noun;A1;viño
wing;Noun;B1;asa
winner;Noun;A2;gañador
winter;Noun;A1;inverno
wire;Noun;B2;arame
wise;Adjective;B2;sabio
wish;Verb Noun;A2;desexo
with;prep.;A1;con
within;prep.;B1;dentro
without;prep.;A1;sen
witness;Noun Verb;B2;testemuña
woman;Noun;A1;muller
wonder;Verb Noun;B1;marabilla
wonderful;Adjective;A1;marabilloso
wood;Noun;A2;madeira
wooden;Adjective;A2;de madeira
wool;Noun;B1;la
word;Noun;A1;palabra
work;Verb Noun;A1;traballo
worker;Noun;A1;traballador
working;Adjective;A2;traballo
world;Noun;A1;mundo
worldwide;Adjective Adverb;B1;mundial
worried;Adjective;A2;preocupado
worry;Verb Noun;A2, B1;preocupación
worse;Adjective, AdVerb Noun;A2,B1, B2;peor
worst;Adjective, AdVerb;A2,B1, B2;o peor
worth;Adjective, Noun;B1, B2;valor
would;modal, Verb;A1;será que
wound;Noun Verb;B2;ferida
wow;exclam.;A2;wow
wrap;Verv;B2;envoltura
write;Verb;A1;Write
writer;Noun;A1;escritor
writing;Noun;A1;escrita
written;Adjective;B1;escrito
wrong;Adjective, AdVerb Noun;A1, B1, B2;mal
yard;Noun;B1;iarda
yeah;exclam.;A1;Si
year;Noun;A1;ano
yellow;Adjective, Noun;A1;amarelo
yes;exclam.;A1;Si
yesterday;AdVerb Noun;A1;onte
yet;AdVerb conj.;A2, B2;aínda
you;proNoun;A1;vostede
young;Adjective, Noun;A1, B1;nova
your;det.;A1;seu
yours;proNoun;A2;teu
yourself;proNoun;A1;vostede mesmo
youth;Noun;B1;xuventude
zero;number;A2;cero
zone;Noun;B2;zona
