a, an;indefinite, article;A1;yon, yon
abandon;Verb;B2;abandone
ability;Noun;A2;kapasite
able;Adjective;A2;kapab
about;prep. Adverb;A1;sou
above;prep. Adverb;A1;pi wo a
abroad;Adverb;A2;aletranje
absolute;Adjective;B2;absoli
absolutely;Adverb;B1;absoliman
academic;adj, Noun;B1, B2;akademik
accept;Verb;A2;aksepte
acceptable;Adjective;B2;akseptab
access;Noun Verb;B1;aksè
accident;Noun;A2;aksidan
accommodation;Noun;B1;aranjman
accompany;Verb;B2;akonpanye
according to;prep.;A2;dapre
account;Noun Verb;B1, B2;kont
accurate;Adjective;B2;egzat
accuse;Verb;B2;akize
achieve;Verb;A2;reyalize
achievement;Noun;B1;siksè
acknowledge;Verb;B2;Aksepte
acquire;Verb;B2;vin genyen
across;prep. Adverb;A1;atravè
act;Verb Noun;A2,B1;aji
action;Noun;A1;aksyon
active;Adjective;A2;aktif
activity;Noun;A1;aktivite
actor;Noun;A1;aktè
actress;Noun;A1;aktris
actual;Adjective;B2;aktyèl
actually;Adverb;A2;aktyèlman
ad;Noun;B1;anons
adapt;Verb;B2;adapte
add;Verb;A1;ajoute
addition;Noun;B1;adisyon
additional;Adjective;B2;plis
address;Noun Verb;A1,B2;adrès
administration;Noun;B2;administrasyon
admire;Verb;B1;ADMIRE
admit;Verb;B1;admèt
adopt;Verb;B2;adopte
adult;Noun adj;A1,A2;granmoun
Advance;Noun Verb adj;B2;davans
Advanced;Adjective;B1;avanse
Advantage;Noun;A2;Avantaj
Adventure;Noun;A2;Avanti
Advertise;Verb;A2;piblisite
Advertisement;Noun;A2;Ad
Advertising;Noun;A2;piblisite
Advice;Noun Verb;A1, B1;Konsèy
affair;Noun;B2;zafè
affect;Verb;A2;afekte
afford;Verb;B1;peye
afraid;Adjective;A1;pè
after;prep. conj. Adverb;A1,A2;apre
afternoon;Noun;A1;apremidi
afterwards;Adverb;B2;apre sa
again;Adverb;A1;ankò
against;prep;A2;kont
age;Noun Verb;A1, B1;laj
aged;Adjective;B1;ki gen laj
agency;Noun;B2;ajans
agenda;Noun;B2;ajanda
agent;Noun;B1;ajan
aggressive;Adjective;B2;agresif
ago;Adverb;A1;Anons sa pibliye depi
agree;Verb;A1;dakò
agreement;Noun;B1;akò
ah;exclam.;A2;ah
ahead;Adverb;B1;devan
aid;Noun Verb;B2;èd
aim;Verb Noun;B1;Objektif
air;Noun;A1;lè
aircraft;Noun;B2;avyon
airline;Noun;A2;avyon
airport;Noun;A1;ayewopò
alarm;Noun Verb;B1, B2;alam
album;Noun;B1;album
alcohol;Noun;B1;alkòl
alcoholic;Adjective;B1;alkòl
alive;Adjective;A2;vivan
all;det. pron, Adverb;A1, A2;tout
all right;Adjective, Adverb exclam;A2;tout dwa
allow;Verb;A2;pèmèt
almost;Adverb;A2;prèske
alone;Adjective, Adverb;A2;pou kont li
along;prep. Adverb;A2;ansanm
already;Adverb;A2;deja
also;Adverb;A1;tou
alter;Verb;B2;chanje
alternative;Noun Adjective;A2, B1;altènatif
although;conj;A2;byenke
always;Adverb;A1;toujou
amazed;Adjective;B1;sezi
amazing;Adjective;A1;etonan
ambition;Noun;B1;Anbisyon
ambitious;Adjective;B1;anbisye
among;prep.;A2;nan mitan
amount;Noun Verb;A2, B2;kantite lajan
analyse;Verb;B1;analize
analysis;Noun;B1;analiz
ancient;Adjective;A2;ansyen
and;conj;A1;ak
anger;Noun;B2;kòlè
angle;Noun;B2;ang
angry;Adjective;A1;fache
animal;Noun;A1;bèt
ankle;Noun;A2;cheviy
anniversary;Noun;B2;anivèsè
announce;Verb;B1;anonse
announcement;Noun;B1;anons
annoy;Verb;B1;anbete
annoyed;Adjective;B1;énervé
annoying;Adjective;B1;anmèdan
annual;Adjective;B2;anyèl
another;det. proNoun;A1;yon lòt
answer;Noun Verb;A1;repons
anxious;Adjective;B2;enkyete
any;det. proNoun, Adverb;A1, A2;nenpòt
anybody;pron;A2;okenn moun
any more;Adverb;A2;nenpòt ki plis
anyone;pron;A1;nenpòt moun ki
anything;pron;A1;anyen
anyway;Adverb;A2;de tout fason
anywhere;AdVerb proNoun;A2;nenpòt kote
apart;Adverb;B1;apa
apartment;Noun;A1;apatman
apologize;Verb;B1;mande padon
app;Noun;A2;app
apparent;Adjective;B2;aparan
apparently;Adverb;B2;aparamman
appeal;Noun Verb;B2;apèl
appear;Verb;A2;parèt
appearance;Noun;A2;aparans
apple;Noun;A1;pòm
application;Noun;B1;aplikasyon
apply;Verb;A2;aplike
appointment;Noun;B1;randevou
appreciate;Verb;B1;apresye
approach;Noun Verb;B2;apwòch
appropriate;Adjective;B2;apwopriye
approval;Noun;B2;apwouve
approve;Verb;B2;apwouve
approximately;Adverb;B1;apeprè
April;Noun;A1;avril
architect;Noun;A2;achitèk
architecture;Noun;A2;achitekti
area;Noun;A1;zòn
argue;Verb;A2;diskite
argument;Noun;A2;agiman
arise;Verb;B2;leve
arm;Noun;A1;bra
armed;Adjective;B2;ame
arms;Noun;B2;bra
army;Noun;A2;lame
around;prep. Adverb;A1;alantou
arrange;Verb;A2;ranje
arrangement;Noun;A2;aranjman
arrest;Verb Noun;B1;arete
arrival;Noun;B1;rive
arrive;Verb;A1;rive
art;Noun;A1;atizay
article;Noun;A1;atik
artificial;Adjective;B2;atifisyèl
artist;Noun;A1;atis
artistic;Adjective;B2;atistik
as;prep., Adverb conj.;A1, A2;kòm
ashamed;Adjective;B2;wont
asleep;Adjective;A2;dòmi
ask;Verb;A1;mande
aspect;Noun;B2;aspè
assess;Verb;B2;evalye
assessment;Noun;B2;evalyasyon
assignment;Noun;B1;plasman
assist;Verb;B1;ede
assistant;Noun Adjective;A2;asistan
associate;Verb;B2;asosye
associated;Adjective;B2;asosye
association;Noun;B2;asosyasyon
assume;Verb;B2;asime
at;prep.;A1;nan
athlete;Noun;A2;atlèt
atmosphere;Noun;B1;atmosfè
attach;Verb;B1;tache
attack;Noun Verb;A2;atak
attempt;Noun Verb;B2;eseye
attend;Verb;A2;Ale nan
attention;Noun exclam.;A2;atansyon
attitude;Noun;B1;atitid
attract;Verb;B1;atire
attraction;Noun;B1;atraksyon
attractive;Adjective;A2;atire
audience;Noun;A2;odyans
August;Noun;A1;Out
aunt;Noun;A1;matant
author;Noun;A2;otè
authority;Noun;B1;otorite
autumn;Noun;A1;otòn
available;Adjective;A2;disponib
average;Adjective, Noun Verb;A2, B1;mwayèn
avoid;Verb;A2;evite
award;Noun Verb;A2, B1;prim
aware;Adjective;B1;okouran
away;Adverb;A1;lwen
awful;Adjective;A2;terib
baby;Noun;A1;ti bebe
back;Noun AdVerb Adjective, Verb;A1, A2, B2;tounen
background;Noun;A2;jan nou koumanse
backwards;Adverb;B1;bak
bacteria;Noun;B2;bakteri
bad;Adjective;A1;move
badly;Adverb;A2;seryezman
bag;Noun;A1;sak
bake;Verb;B1;kwit
balance;Noun Verb;B1;balans
ball;Noun;A1;boul
ban;Verb Noun;B1;entèdiksyon
banana;Noun;A1;bannann
band;Noun;A1;bann
bank (money);Noun;A1;labank (lajan)
bank (river);Noun;B1;labank (gwo larivyè Lefrat)
bar;Noun Verb;A2, B2;ba
barrier;Noun;B2;baryè
base;Noun Verb;B1;baz
baseball;Noun;A2;bezbòl
based;Adjective;A2;ki baze
basketball;Noun;A2;baskètbòl
basic;Adjective;B1;debaz
basically;Adverb;B2;an prensip
basis;Noun;B1;baz
bath;Noun;A1;beny
bathroom;Noun;A1;twalèt
battery;Noun;B1;batri
battle;Noun Verb;B1, B2;batay
be;Verb auxiliary Verb;A1;gen
beach;Noun;A1;plaj
bean;Noun;A2;pwa
bear (deal with);Verb;B2;lous (kontra avèk)
bear (animal);Noun;A2;lous (bèt)
beat;Verb Noun;A2, B2;bat
beautiful;Adjective;A1;bèl
beauty;Noun;B1;bote
because;conj.;A1;paske
become;Verb;A1;vin
bed;Noun;A1;kabann
bedroom;Noun;A1;chanm
bee;Noun;B1;myèl
beef;Noun;A2;vyann bèf
beer;Noun;A1;byè
before;prep., conj. Adverb;A1, A2;anvan
beg;Verb;B2;sipliye
begin;Verb;A1;kòmanse
beginning;Noun;A1;kòmansman
behave;Verb;A2;konpòte
behaviour;Noun;A2;konpòtman
behind;prep. Adverb;A1;dèyè
being;Noun;B2;ke yo te
belief;Noun;B1;kwayans
believe;Verb;A1;kwè
bell;Noun;B1;klòch
belong;Verb;A2;apatni
below;Adverb prep.;A1;anba a
belt;Noun;A2;senti
bend;Verb Noun;B1;Bend
benefit;Verb NouNoun;A2, B1;benefis
bent;Adjective;B2;Bent
best;Adjective, AdVerb Noun;A1, A2;pi bon
bet;Verb Noun;B2;parye
better;Adjective , Adverb , Noun;A1, A2, B1;pi bon
between;prep., Adverb;A1, A2;ant
beyond;prep. Adverb;B2;pi lwen pase
bicycle;Noun;A1;bisiklèt
big;Adjective;A1;gwo
bike;Noun;A1;bisiklèt
bill;Noun Verb;A1, B2;bòdwo
billion number; ;A2;milya dola nimewo
bin;Noun;A2;bin
biology;Noun;A2;byoloji
bird;Noun;A1;zwazo
birth;Noun;A2;nesans
birthday;Noun;A1;anivèsè nesans
biscuit;Noun;A2;biskit
bit;Noun;A2;ti jan
bite;Verb Noun;B1;mòde
bitter;Adjective;B2;anmè kou fièl
black;Adjective, Noun;A1;nwa
blame;Verb Noun;B2;fòt
blank;Adjective, Noun;A2;vid
blind;Adjective;B2;avèg
block;Noun Verb;B1;blòk
blog;Noun;A1;blog
blonde;Adjective;A1;blond
blood;Noun;A2;san
blow;Verb;A2;kònen
blue;Adjective, Noun;A1;ble
board;Noun Verb;A2, B1;tablo
boat;Noun;A1;bato
body;Noun;A1;kò
boil;Verb;A2;bouyi
bomb;Noun Verb;B1;bonm
bond;Noun;B2;kosyon
bone;Noun;A2;zo
book;Noun Verb;A1, A2;Liv
boot;Noun;A1;bòt
border;Noun Verb;B1, B2;fwontyè
bored;Adjective;A1;anniye
boring;Adjective;A1;raz
born;Verb;A1;fèt
borrow;Verb;A2;prete
boss;Noun;A2;bòs nan travay
both;det./proNoun;A1;tou de
bother;Verb;B1;deranje
bottle;Noun;A1;boutèy
bottom;NouNoun Adjective;A2;anba
bowl;Noun;A2;bòl
box;Noun;A1;bwat
boy;Noun;A1;ti gason
boyfriend;Noun;A1;mennaj
brain;Noun;A2;sèvo
branch;Noun;B1;branch
brand;Noun Verb;B1;mak
brave;Adjective;B1;brav
bread;Noun;A1;pen
break;Verb Noun;A1;repo
breakfast;Noun;A1;manje maten
breast;Noun;B2;tete
breath;Noun;B1;souf
breathe;Verb;B1;respire
breathing;Noun;B1;pou l respire
bride;Noun;B1;lamarye
bridge;Noun;A2;pon
brief;Adjective;B2;kout
bright;Adjective;A2;klere
brilliant;Adjective;A2;briyan
bring;Verb;A1;pote
broad;Adjective;B2;gwo
broadcast;Verb Noun;B2;difizyon
broken;Adjective;A2;kase
brother;Noun;A1;frè
brown;Adjective, Noun;A1;mawon
brush;Verb Noun;A2;bwòs
bubble;Noun;B1;jarèt
budget;Noun;B2;bidjè
build;Verb;A1;bati
building;Noun;A1;bilding
bullet;Noun;B2;bal
bunch;Noun;B2;pakèt
burn;Verb Noun;A2, B2;boule
bury;Verb;B1;antere
bus;Noun;A1;otobis
bush;Noun;B2;ti touf bwa
business;Noun;A1;biznis
businessman;Noun;A2;biznisman
busy;Adjective;A1;okipe
but;conj. prep;A1, B2;men
butter;Noun;A1;bè
button;Noun;A2;bouton
buy;Verb;A1;achte
by;prep. Adverb;A1, B1;pa
bye;exclam;A1;bye
cable;Noun;B2;kab
cafe;Noun;A1;Kafe
cake;Noun;A1;gato
calculate;Verb;B2;kalkile
call;Verb Noun;A1;rele
calm;Adjective Verb Noun;B1;kalm
camera;Noun;A1;kamera
camp;Noun Verb;A2;kan
campaign;Noun Verb;B1;kanpay
camping;Noun;A2;Kan
campus;Noun;B1;lakou lekòl la
can1;modal Verb;A1;can1
can2;Noun;A2;can2
cancel;Verb;B2;anile
cancer;Noun;B2;kansè
candidate;Noun;B1;kandida
cannot;Verb;A1;pa kapab
cap;Noun;B1;bouchon
capable;Adjective;B2;kapab
capacity;Noun;B2;kapasite
capital;Noun Adjective;A1;kapital
captain;Noun;B1;kapitènn
capture;Verb Noun;B2;kaptire
car;Noun;A1;machin
card;Noun;A1;kat
care;Noun Verb;A2;swen
career;Noun;A1;karyè
careful;Adjective;A2;atansyon
carefully;Adverb;A2;ak anpil atansyon
careless;Adjective;B1;neglijans
carpet;Noun;A2;tapi
carrot;Noun;A1;kawòt
carry;Verb;A1;pote
cartoon;Noun;A2;desen ki pi ba
case;Noun;A2;ka
cash;Noun;A2;lajan kach
cast;Noun Verb;B2;jete
castle;Noun;A2;chato
cat;Noun;A1;chat
catch;Verb Noun;A2, B2;trape
category;Noun;B1;kategori
cause;Noun Verb;A2;kòz
CD;Noun;A1;CD
ceiling;Noun;B1;plafon
celebrate;Verb;A2;selebre
celebration;Noun;B1;selebrasyon
celebrity;Noun;A2;selèb
cell;Noun;B2;selil
cent;Noun;A1;santim
central;Adjective;B1;santral
centre;Noun Verb;A1, B1;sant
century;Noun;A1;syèk
ceremony;Noun;B1;seremoni
certain;Adjective;A2;sèten
certainly;Adverb;A2;sètènman
chain;Noun Verb;B1, B2;chèn
chair;Noun Verb;A1, B2;chèz
chairman;Noun;B2;prezidan
challenge;Noun Verb;B1, B2;defi
champion;Noun;B1;chanpyon
chance;Noun;A2;chans
change;Verb Noun;A1;chanjman
channel;Noun;B1;chanèl
chapter;Noun;B1;chapit
character;Noun;A2;pèsonaj
characteristic;Noun Adjective;B2;karakteristik
charge;Noun Verb;B1;chaj
charity;Noun;A2;charite
chart;Noun Verb;A1, B2;tablo
chat;Verb Noun;A2;chat
cheap;Adjective , Adverb;A1, B1;bon mache
cheat;Verb Noun;B1;tronpe
check;Verb Noun;A1, A2;tcheke
chef;Noun;A2;chef
cheerful;Adjective;B1;kè kontan
cheese;Noun;A1;fwomaj
chemical;Adjective, Noun;B1;pwodui chimik
chemistry;Noun;A2;chimi
chest;Noun;B1;pwatrin
chicken;Noun;A1;poul
chief;Adjective, Noun;B2;chèf
child;Noun;A1;timoun
childhood;Noun;B1;timoun
chip;Noun;A2;chip
chocolate;Noun;A1;chokola
choice;Noun;A2;chwa
choose;Verb;A1;chwazi
church;Noun;A2;legliz
cigarette;Noun;A2;sigarèt
cinema;Noun;A1;sinema
circle;Noun Verb;A2;sèk
circumstance;Noun;B2;sikonstans
cite;Verb;B2;site
citizen;Noun;B2;sitwayen
city;Noun;A1;Lekòl la
civil;Adjective;B2;sivil
claim;Verb Noun;B1;reklamasyon
class;Noun;A1;klas
classic;Adjective, Noun;B2;klasik
classical;Adjective;A2;klasik
classroom;Noun;A1;salklas
clause;Noun;B1;kloz
clean;Adjective, Verb;A1;pwòp
clear;Adjective, Verb;A2, B1;klè
clearly;Adverb;A2;klèman
clever;Adjective;A2;entelijan
click;Verb Noun;B1;klike sou
client;Noun;B1;kliyan
climate;Noun;A2;klima
climb;Verb Noun;A1, B1;monte
clock;Noun;A1;revèy
close1;Verb Noun;A1, B2;close1
close2;Adjective , Adverb;A2, B1;close2
closed;Adjective;A2;fèmen
closely;Adverb;B2;ak anpil atansyon
cloth;Noun;B1;moso twal
clothes;Noun;A1;rad
clothing;Noun;A2;rad
cloud;Noun;A2;nwaj
club;Noun;A1;klib
clue;Noun;B1;siy
coach;Noun Verb;A2, B1;antrenè
coal;Noun;B1;chabon
coast;Noun;A2;kòt
coat;Noun;A1;rad
code;Noun;A2;Kòd
coffee;Noun;A1;kafe
coin;Noun;B1;pyès monnen
cold;Adjective Noun;A1;frèt
collapse;Verb Noun;B2;tonbe
colleague;Noun;A2;kolèg
collect;Verb;A2;kolekte
collection;Noun;B1;koleksyon
college;Noun;A1;kolèj
colour;Noun;A1;koulè
coloured;Adjective;B1;sifas ki gen koulè
column;Noun;A2;kolòn
combination;Noun;B2;konbinezon
combine;Verb;B1;konbine
come;Verb;A1;vini
comedy;Noun;A2;komedyen
comfort;Noun Verb;B2;konfò
comfortable;Adjective;A2;konfòtab
command;Noun Verb;B2;lòd
comment;Noun Verb;A2, B1;kòmantè
commercial;Adjective Noun;B1;komèsyal
commission;Noun Verb;B2;komisyon
commit;Verb;B1;komèt
commitment;Noun;B2;angajman
committee;Noun;B2;komite
common;Adjective Noun;A1;komen
commonly;Adverb;B2;souvan
communicate;Verb;A2;kominike
communication;Noun;B1;kominikasyon
community;Noun;A2;kominote
company;Noun;A1;konpayi
compare;Verb;A1;konpare
comparison;Noun;B1;konparezon
compete;Verb;A2;konpetisyon
competition;Noun;A2;konpetisyon
competitor;Noun;B1;konkiran
competitive;Adjective;B1;konpetitif
complain;Verb;A2;pote plent
complaint;Noun;B1;plent
complete;Adjective Verb;A1;konplè
completely;Adverb;A2;konplètman
complex;Adjective, Noun;B1, B2;konplèks
complicated;Adjective;B2;konplike
component;Noun;B2;eleman
computer;Noun;A1;òdinatè
concentrate;Verb;B1;konsantre
concentration;Noun;B2;konsantrasyon
concept;Noun;B2;konsèp
concern;Noun Verb;B2;enkyetid
concerned;Adjective;B2;konsène
concert;Noun;A1;konsè
conclude;Verb;B1;konkli
conclusion;Noun;B1;konklizyon
condition;Noun;A2;kondisyon
conduct;Verb Noun;B2;konduit
conference;Noun;A2;konferans
confidence;Noun;B2;konfyans
confident;Adjective;B1;konfyans
confirm;Verb;B1;konfime
conflict;Noun Verb;B2;konfli
confuse;Verb;B1;konfonn
confused;Adjective;B1;konfonn
confusing;Adjective;B2;konfizyon
connect;Verb;A2;konekte
connected;Adjective;A2;konekte
connection;Noun;B1;koneksyon
conscious;Adjective;B2;konsyan
consequence;Noun;B1;konsekans
conservative;Adjective, Noun;B2;konsèvatif
consider;Verb;A2;konsidere
consideration;Noun;B2;konsiderasyon
consist;Verb;B1;konpoze
consistent;Adjective;B2;ki konsistan
constant;Adjective;B2;konstan
constantly;Adverb;B2;toujou ap
construct;Verb;B2;konstwi
construction;Noun;B2;konstriksyon
consume;Verb;B1;konsome
consumer;Noun;B1;konsomatè
contact;Noun Verb;B1;kontak
contain;Verb;A2;gen
container;Noun;B1;veso
contemporary;Adjective;B2;kontanporen
content;Noun;B1;kontni
contest;Noun Verb;B2;konpetisyon
context;Noun;A2;kontèks
continent;Noun;A2;kontinan
continue;Verb;A2;kontinye
continuous;Adjective;B1;kontinyèl
contract;Noun Verb;B2;kontra
contrast;Noun Verb;B1;kontra
contribute;Verb;B2;kontribye
contribution;Noun;B2;kontribisyon
control;Noun Verb;A2;kontwòl
convenient;Adjective;B1;pratik
conversation;Noun;A1;konvèsasyon
convert;Verb;B2;konvèti
convince;Verb;B1;konvenk
convinced;Adjective;B2;konvenki
cook;Verb Noun;A1, A2;kwit manje
cooker;Noun;A2;cuisinier
cooking;Noun;A1;kwit manje
cool;Adjective, Verb;A1, B1;fre
copy;Noun Verb;A2;kopi
core;Noun Adjective;B2;nwayo
corner;Noun;A2;kwen
corporate;Adjective;B2;antrepriz
correct;Adjective Verb;A1;kòrèk
correctly;Adverb;A2;kòrèkteman
cost;Noun Verb;A1;pri
costume;Noun;B1;kostim
cottage;Noun;B1;kaye
cotton;Noun;B1;koton
could;Verb;A1;te kapab
council;Noun;B2;konsèy
count;Verb Noun;A2, B1;konte
country;Noun;A1;peyi
countryside;Noun;B1;peyi
county;Noun;B2;konte
couple;Noun;A2;koup
courage;Noun;B2;kouraj
course;Noun;A1;kou
court;Noun;B1;tribinal
cousin;Noun;A1;kouzen
cover;Verb Noun;A2, B1;kouvèti
covered;Adjective;B1;kouvri
cow;Noun;A1;bèf
crash;Noun Verb;B2;aksidan
crazy;Adjective;A2;fou
cream;Noun Adjective;A1, B1;krèm
create;Verb;A1;kreye
creation;Noun;B2;kreyasyon
creative;Adjective;A2;kreyatif
creature;Noun;B2;bèt
credit;Noun Verb;A2, B2;kredi
crew;Noun;B2;ekipaj
crime;Noun;A2;krim
criminal;Noun Adjective;A2, B1;kriminèl
crisis;Noun;B2;kriz
criterion;Noun;B2;kritè
critic;Noun;B2;kritik
critical;Adjective;B2;kritik
criticism;Noun;B2;kritik
criticize;Verb;B2;kritike
crop;Noun;B2;rekòt
cross;Verb Noun;A2;kwa
crowd;Noun;A2;foul moun
crowded;Adjective;A2;ki gen anpil moun
crucial;Adjective;B2;enpòtan
cruel;Adjective;B1;mechan
cry;Verb Noun;A2, B2;rèl
cultural;Adjective;B1;kiltirèl
culture;Noun;A1;kilti
cup;Noun;A1;tas
cupboard;Noun;A2;kofr
cure;Verb Noun;B2;geri
curly;Adjective;A2;Curly
currency;Noun;B1;lajan
current;Adjective, Noun;B1, B2;aktyèl
currently;Adverb;B1;kounye a
curtain;Noun;B1;rido
curve;Noun Verb;B2;koub
curved;Adjective;B2;koube
custom;Noun;B1;koutim
customer;Noun;A1;kliyan
cut;Verb , Noun;A1, B1;koupe
cycle;Noun Verb;A2, B1;sik
dad;Noun;A1;papa
daily;Adjective, Adverb;A2, B1;chak jou
damage;Noun Verb;B1;domaj
dance;Noun Verb;A1;danse
dancer;Noun;A1;dansè
dancing;Noun;A1;danse
danger;Noun;A2;danje
dangerous;Adjective;A1;danjere
dark;Adjective, Noun;A1, A2;fè nwa
data;Noun;A2;done
date;Noun Verb;A1, B2;dat
daughter;Noun;A1;pitit fi
day;Noun;A1;jou
dead;Adjective;A2;mouri
deal;Verb Noun;A2, B1;kontra
dear;Adjective, exclam;A1, A2;renmen anpil
death;Noun;A2;lanmò
debate;Noun Verb;B2;deba
debt;Noun;B2;dèt
decade;Noun;B1;dekad
December;Noun;A1;desanm
decent;Adjective;B2;desan
decide;Verb;A1;deside
decision;Noun;A2;desizyon
declare;Verb;B2;deklare
decline;Verb Noun;B2;n bès
decorate;Verb;B1;dekore
decoration;Noun;B2;dekorasyon
decrease;Verb Noun;B2;diminisyon
deep;Adjective, Adverb;A2, B1;gwo twou san fon
deeply;Adverb;B2;pwofondman
defeat;Verb Noun;B2;defèt
defence;Noun;B2;defans
defend;Verb;B2;defann
define;Verb;B1;defini
definite;Adjective;B1;definitif
definitely;Adverb;A2;definitivman
definition;Noun;B1;definisyon
degree;Noun;A2;degre
delay;Verb Noun;B2;reta
deliberate;Adjective;B2;ekspre
deliberately;Adverb;B2;fè espre
delicious;Adjective;A1;bon gou
delight;Verb Noun;B2;pran plezi
delighted;Adjective;B2;kontan
deliver;Verb;B1;delivre
delivery;Noun;B2;livrezon
demand;Noun Verb;B2;demann
demonstrate;Verb;B2;demontre
dentist;Noun;A2;dantis
deny;Verb;B2;refize
department;Noun;A2;depatman
departure;Noun;B1;depa
depend;Verb;A2;depann de
depressed;Adjective;B2;deprime
depressing;Adjective;B2;dépressions
depth;Noun;B2;pwofondè
describe;Verb;A1;dekri
description;Noun;A1;deskripsyon
desert;Noun Verb;A2, B2;dezè
deserve;Verb;B2;merite
design;Noun Verb;A1;konsepsyon
designer;Noun;A2;designer
desire;Noun Verb;B2;dezi
desk;Noun;A1;biwo
desperate;Adjective;B2;dezespere
despite;prep;B1;malgre
destination;Noun;B1;destinasyon
destroy;Verb;A2;detwi
detail;Noun Verb;A1, B2;detay
detailed;Adjective;B2;detaye
detect;Verb;B2;detekte
detective;Noun;A2;detektif
determine;Verb;B1;detèmine
determined;Adjective;B1;detèmine
develop;Verb;A2;devlope
development;Noun;B1;devlopman
device;Noun;A2;aparèy
diagram;Noun;B1;dyagram
dialogue;Noun;A1;dyalòg
diamond;Noun;B1;dyaman
diary;Noun;A2;jounal pèsonèl
dictionary;Noun;A1;diksyonè
die;Verb;A1;mouri
diet;Noun;A1;rejim alimantè
difference;Noun;A1;diferans
different;Adjective;A1;diferan
differently;Adverb;A2;yon fason diferan
difficult;Adjective;A1;difisil
difficulty;Noun;B1;difikilte pou
dig;Verb;B2;fouye
digital;Adjective;A2;dijital
dinner;Noun;A1;dine
direct;Adjective, Verb Adverb;A2, B1;dirèk
direction;Noun;A2;direksyon
directly;Adverb;B1;dirèkteman
director;Noun;A2;direktè
dirt;Noun;B1;pousyè tè
dirty;Adjective;A1;sal
Dis Adverbantage;Noun;B1;Distrik Adverbantage
disagree;Verb;A2;dakò
disappear;Verb;A2;disparèt
disappointed;Adjective;B1;wont
disappointing;Adjective;B1;enèvan
disaster;Noun;A2;dezas
disc;Noun;B2;disk
discipline;Noun;B2;disiplin
discount;Noun Verb;B1, B2;rabè
discover;Verb;A2;Dekouvri
discovery;Noun;A2;dekouvèt
discuss;Verb;A1;diskite sou
discussion;Noun;A2;diskisyon
disease;Noun;A2;maladi
dish;Noun;A1;plat
dishonest;Adjective;B2;malonèt
dislike;Verb Noun;B1;grip
dismiss;Verb;B2;rejte
display;Verb Noun;B2;ekspozisyon
distance;Noun;A2;distans
distribute;Verb;B2;distribye
distribution;Noun;B2;distribisyon
district;Noun;B2;distri
divide;Verb Noun;B1, B2;divize
division;Noun;B2;divizyon
divorced;Adjective;A2;divòse
do;Verb auxiliary verb;A1;fè
doctor;Noun;A1;doktè
document;Noun Verb;A2, B2;dokiman
documentary;Noun;B1;dokimantè
dog;Noun;A1;chen
dollar;Noun;A1;dola
domestic;Adjective;B2;domestik
dominate;Verb;B2;domine
donate;Verb;B1;bay
door;Noun;A1;pòt
double;Adjective det. proNoun Verb , Adverb;A2, B1;doub
doubt;Noun Verb;B1;dout
down;Adverb Prep;A1;desann
download;Verb Noun;A2;download
downstairs;Adverb , Adjective;A1, A2;desann
downwards;Adverb;B2;bès
dozen;Noun det;B2;douzèn
draft;Noun Verb;B2;bouyon
drag;Verb;B2;trennen
drama;Noun;A2;dram
dramatic;Adjective;B2;dramatik
draw;Verb;A1;trase
drawing;Noun;A2;desen
dream;Noun Verb;A2;rèv
dress;Noun Verb;A1;rad
dressed;Adjective;B1;abiye
drink;Noun Verb;A1;bwè
drive;Verb Noun;A1, A2;kondwi
driver;Noun;A1;chofè
driving;Noun;A2;kondwi
drop;Verb Noun;A2, B1;gout
drug;Noun;A2;dwòg
drum;Noun;B1;tanbou
drunk;Adjective;B1;bwè
dry;Adjective, Verb;A2;sèk
due;Adjective;B1;akòz
during;prep;A1;pandan
dust;Noun;B1;pousyè
duty;Noun;B1;devwa
DVD;Noun;A1;DVD
each;det./proNoun/Adverb;A1;chak
ear;Noun;A1;zòrèy
early;Adjective Adverb;A1;byen bonè
earn;Verb;A2;touche
earth;Noun;A2;latè
earthquake;Noun;B1;tranbleman tè
easily;Adverb;A2;fasil
east;Noun Adjective Adverb;A1;bò solèy leve
eastern;Adjective;B1;lès
easy;Adjective;A1;fasil
eat;Verb;A1;manje
economic;Adjective;B1;ekonomik
economy;Noun;B1;ekonomi
edge;Noun;B1;kwen
edit;Verb;B2;modifye
edition;Noun;B2;edisyon
editor;Noun;B1;editè
educate;Verb;B1;edike
educated;Adjective;B1;edike
education;Noun;A2;edikasyon
educational;Adjective;B1;edikasyon
effect;Noun;A2;efè
effective;Adjective;B1;efikas
effectively;Adverb;B1;efektivman
efficient;Adjective;B2;efikas
effort;Noun;B1;efò
egg;Noun;A1;ze
eight;number;A1;uit
eighteen;number;A1;dizwit
eighty;number;A1;katreven
either;det./proNoun Adverb;A2;swa
elderly;Adjective;B2;granmoun aje
elect;Verb;B2;eli
election;Noun;B1;eleksyon
electric;Adjective;A2;elektrik
electrical;Adjective;A2;elektrik
electricity;Noun;A2;elektrisite
electronic;Adjective;A2;elektwonik
element;Noun;B1;eleman
elephant;Noun;A1;elefan
eleven;number;A1;onz
else;Adverb;A1;lòt
elsewhere;Adverb;B2;yon lòt kote
email;Noun Verb;A1;imel
embarrassed;Adjective;B1;jennen
embarrassing;Adjective;B1;anbarasan
emerge;Verb;B2;sòti
emergency;Noun;B1;ijans
emotion;Noun;B1;emosyon
emotional;Adjective;B2;emosyonèl
emphasis;Noun;B2;anfaz
emphasize;Verb;B2;mete aksan sou
employ;Verb;A2;anplwaye
employee;Noun;A2;anplwaye
employer;Noun;A2;patwon
employment;Noun;B1;travay
empty;Adjective, Verb;A2, B1;vide
enable;Verb;B2;pèmèt
encounter;Verb Noun;B2;rankontre
encourage;Verb;B1;ankouraje
end;Noun Verb;A1;fen
ending;Noun;A2;fini
enemy;Noun;B1;lènmi
energy;Noun;A2;enèji
engage;Verb;B2;angaje yo
engaged;Adjective;B1;angaje
engine;Noun;A2;motè
engineer;Noun;A2;enjenyè
engineering;Noun;B1;jeni
enhance;Verb;B2;amelyore
enjoy;Verb;A1;jwi
enormous;Adjective;A2;menmen
enough;det. proNoun Adverb;A1;ase
enquiry;Noun;B2;ankèt
ensure;Verb;B2;asire
enter;Verb;A2;antre
entertain;Verb;B1;amize
entertainment;Noun;B1;amizman
enthusiasm;Noun;B2;antouzyasm
enthusiastic;Adjective;B2;trè chofe osijè done
entire;Adjective;B2;tout
entirely;Adverb;B2;antyèman
entrance;Noun;B1;antre
entry;Noun;B1;antre
environment;Noun;A2;anviwònman
environmental;Adjective;B1;anviwònman
episode;Noun;B1;Episode
equal;Adjective, Verb Noun;B1, B2;egal
equally;Adverb;B1;egalman
equipment;Noun;A2;ekipman
error;Noun;A2;erè
escape;Verb Noun;B1;chape
especially;Adverb;A2;espesyalman
essay;Noun;A2;redaksyon
essential;Adjective;B1;esansyèl
establish;Verb;B2;etabli
estate;Noun;B2;imobilye
estimate;Verb Noun;B2;estimasyon
ethical;Adjective;B2;etik
euro;Noun;A1;euro
evaluate;Verb;B2;evalye
even;AdVerb Adjective;A1, B2;menm
evening;Noun;A1;aswè
event;Noun;A1;evènman
eventually;Adverb;B1;evantyèlman
ever;Adverb;A1;tout tan tout tan
every;det;A1;chak
everybody;proNoun;A1;tout moun
everyday;Adjective;A2;chak jou
everyone;proNoun;A1;tout moun
everything;proNoun;A1;tout bagay
everywhere;Adverb;A2;toupatou
evidence;Noun;A2;prèv
evil;Adjective, Noun;B2;sa ki mal
exact;Adjective;A2;egzak
exactly;Adverb;A2;egzakteman
exam;Noun;A1;egzamen
examination;Noun;B2;egzaminasyon
examine;Verb;B1;egzaminen
example;Noun;A1;egzanp
excellent;Adjective;A2;ekselan
except;prep, conj;A2, B1;eksepte
exchange;Noun Verb;B1;echanj
excited;Adjective;A1;eksite
excitement;Noun;B1;eksitasyon
exciting;Adjective;A1;enteresan
excuse;Noun Verb;B2;eskiz
executive;Noun Adjective;B2;egzekitif
exercise;Noun Verb;A1;fè egzèsis
exhibition;Noun;B1;egzibisyon
exist;Verb;A2;egziste
existence;Noun;B2;egzistans
expand;Verb;B1;elaji
expect;Verb;A2;atann
expectation;Noun;B2;tann
expected;Adjective;B1;atann
expedition;Noun;B1;ekspedisyon
expense;Noun;B2;depans
expensive;Adjective;A1;chè
experience;Noun Verb;A2, B1;eksperyans
experienced;Adjective;B1;ki gen eksperyans
experiment;Noun Verb;A2, B1;eksperyans
expert;Noun Adjective;A2;ekspè
explain;Verb;A1;eksplike
explanation;Noun;A2;eksplikasyon
explode;Verb;B1;eksploze
exploration;Noun;B2;eksplorasyon
explore;Verb;B1;eksplore
explosion;Noun;B1;eksplozyon
export;Noun Verb;B1;ekspòtasyon
expose;Verb;B2;ekspoze
express;Verb;A2;eksprime
expression;Noun;A2;ekspresyon
extend;Verb;B2;pwolonje
extent;Noun;B2;limit
external;Adjective;B2;ekstèn
extra;Adjective, Noun Adverb;A1, B1;siplemantè
extraordinary;Adjective;B2;ekstraòdinè
extreme;Adjective, Noun;A2, B2;ekstrèm
extremely;Adverb;A2;trè
eye;Noun;A1;je
face;Noun Verb;A1, B1;figi
facility;Noun;B2;etablisman
fact;Noun;A1;reyalite
factor;Noun;A2;faktè
factory;Noun;A2;faktori
fail;Verb;A2;Echèk
failure;Noun;B2;echèk
fair;Adjective;A2;jis
fairly;Adverb;B1;san patipri
faith;Noun;B2;lafwa
fall;Verb Noun;A1, A2;tonbe
FALSE;Adjective;A1;FO
familiar;Adjective;B1;abitye
family;Noun Adjective;A1;fanmi
famous;Adjective;A1;pi popilè
fan;Noun;A2;fanatik
fancy;Verb Adjective;B1;anpenpan
fantastic;Adjective;A1;kokenn
far;Adverb , Adjective;A1, B1;lwen
farm;Noun Verb;A1, A2;fèm
farmer;Noun;A1;kiltivatè
farming;Noun;A2;agrikilti
fascinating;Adjective;B1;kaptivan
fashion;Noun;A2;mòd
fashionable;Adjective;B1;alamòd
fast;Adjective, Adverb;A1;vit
fasten;Verb;B1;tache
fat;Adjective, Noun;A1, A2;grès
father;Noun;A1;papa
fault;Noun;B2;fòt
favour;Noun Verb;B1, B2;favè
favourite;Adjective, Noun;A1;pi renmen
fear;Noun Verb;A2, B1;pè
feather;Noun;B2;plim
feature;Noun Verb;A2, B1;karakteristik
February;Noun;A1;fevriye
fee;Noun;B2;frè
feed;Verb Noun;A2, B2;manje
feedback;Noun;B2;fidbak
feel;Verb Noun;A1, B2;santi
feeling;Noun;A1;santi
fellow;Adjective;B2;parèy
female;Adjective, Noun;A2;fi
fence;Noun;B1;kloti
festival;Noun;A1;festival
few;det./Adjective, proNoun;A1;kèk
fiction;Noun;A2;fiksyon
field;Noun;A2;jaden
fifteen;number;A1;kenz
fifth;number;A1;senkyèm
fifty;number;A1;senkant
fight;Verb Noun;A2;batay
fighting;Noun;B1;batay
figure;Noun Verb;A2, B2;figi
file;Noun Verb;B1, B2;dosye
fill;Verb;A1;ranpli
film;Noun Verb;A1, A2;fim
final;Adjective, Noun;A1, A2;final
finally;Adverb;A2;finalman
finance;Noun Verb;B2;finans
financial;Adjective;B1;finansye
find;Verb;A1;jwenn
finding;Noun;B2;jwenn
fine;Adjective;A1;amann
finger;Noun;A2;dwèt
finish;Verb Noun;A1, A2;fini
fire;Noun Verb;A1, B1;dife
firm;Noun;B2;fèm
first;det./number.AdVerb Noun;A1, A2;premye
firstly;Adverb;A2;premyèman
fish;Noun Verb;A1, A2;pwason
fishing;Noun;A2;lapèch
fit;Verb Adjective;A2;anfòm
fitness;Noun;B1;kondisyon fizik
five;number;A1;senk
fix;Verb Noun;A2, B2;ranje
fixed;Adjective;B1;fiks
flag;Noun;B1;drapo
flame;Noun;B2;flanm dife
flash;Noun Verb;B2;flash jwèt
flat;Noun Adjective;A1, A2;plat
flexible;Adjective;B2;fleksib
flight;Noun;A1;vòl
float;Verb;B2;flote
flood;Noun Verb;B1;inondasyon
floor;Noun;A1;etaj
flour;Noun;B1;farin frans
flow;Verb Noun;B1;koule
flower;Noun;A1;flè
flu;Noun;A2;grip
fly;Verb Noun;A1, A2;vole
flying;Noun Adjective;A2;vole
focus;Verb Noun;A2;konsantre
fold;Verb Noun;B1, B2;pliye
folding;Adjective;B2;plisman
folk;Noun Adjective;B1;popilè
follow;Verb;A1;swiv
following;Adjective, Noun prep;A2, B1, B2;yo
food;Noun;A1;manje
foot;Noun;A1;pye
football;Noun;A1;foutbòl
for;prep.;A1;pou
force;NounVerb;B1;fòs
foreign;Adjective;A2;etranje
forest;Noun;A2;forè
forever;Adverb;B1;pou toutan
forget;Verb;A1;bliye
forgive;Verb;B2;padonnen
fork;Noun;A2;fouchèt
form;NounVerb;A1;fòm
formal;Adjective;A2;fòmèl
former;Adjective;B2;ansyen
fortunately;Adverb;A2;erezman
fortune;Noun;B2;fòtin
forty;number;A1;karant
forward;AdVerb Adjective;A2, B2;pou pi devan
found;Verb;B2;jwenn
four;number;A1;kat
fourteen;number;A1;katòz
fourth;number;A1;katriyèm
frame;NounVerb;B1;ankadreman
free;Adjective, AdVerb Verb;A1,A2,B2;gratis
freedom;Noun;B2;libète
freeze;Verb;B1;friz
frequency;Noun;B2;frekans
frequently;Adverb;B1;souvan
fresh;Adjective;A2;fre
Friday;Noun;A1;Vandredi
fridge;Noun;A2;frijidè
friend;Noun;A1;zanmi
friendly;Adjective;A1;zanmitay
friendship;Noun;B1;amitye
frighten;Verb;B1;peur
frightened;Adjective;B1;pè
frightening;Adjective;B1;pè
frog;Noun;A2;krapo
from;prep;A1;soti nan
front;Noun Adjective;A1;devan
frozen;Adjective;B1;jele
fruit;Noun;A1;fwi
fry;Verb;B1;fri
fuel;Noun Verb;B1, B2;gaz
full;Adjective;A1;plen
fully;Adverb;B2;konplètman
fun;Noun Adjective;A1, A2;plezi
function;Noun Verb;B1, B2;fonksyon
fund;Noun Verb;B2;fon
fundamental;Adjective;B2;fondamantal
funding;Noun;B2;finansman
funny;Adjective;A1;komik
fur;Noun;B1;fouri
furniture;Noun;A2;mèb
further;Adjective, Adverb;A2, B1;plis
furthermore;Adverb;B2;Anplis de sa
future;Noun Adjective;A1, A2;tan kap vini
gain;Verb Noun;B2;pran
gallery;Noun;A2;galri
game;Noun;A1;jwèt
gang;Noun;B2;gang
gap;Noun;A2;diferans
garage;Noun;B1;garaj
garden;Noun;A1;jaden
gas;Noun;A2;gaz
gate;Noun;A2;pòtay
gather;Verb;B1;rasanble
general;Adjective;A2;jeneral
generally;Adverb;B1;jeneralman
generate;Verb;B2;jenere
generation;Noun;B1;moun k'ap viv koulye
generous;Adjective;B1;jenere
genre;Noun;B2;genre
gentle;Adjective;B1;dou
gentleman;Noun;B1;mesye
geography;Noun;A1;jewografi
get;Verb;A1;jwenn
ghost;Noun;B1;fantom
giant;Adjective, Noun;B1;jeyan
gift;Noun;A2;kado
girl;Noun;A1;ti fi
girlfriend;Noun;A1;mennaj
give;Verb;A1;bay
glad;Adjective;B1;kontan
glass;Noun;A1;vè
global;Adjective;B1;mondyal
glove;Noun;B1;gan
go;Verb Noun;A1, B1;ale
goal;Noun;A2;objektif
God;Noun;A2;Bondye
gold;Noun Adjective;A2;lò
golf;Noun;A2;gòlf
good;Adjective, Noun;A1, A2;bon
goodbye;exclam. Noun;A1;orevwa
goods;Noun;B1;machandiz
govern;Verb;B2;gouvène
government;Noun;A2;gouvènman
grab;Verb;B2;gen tan pwan
grade;Noun Verb;B1, B2;klas
gradually;Adverb;B2;piti piti
graduate;Noun Verb;B1;gradye
grain;Noun;B1;grenn jaden
grand;Adjective;B2;Grand
grandfather;Noun;A1;granpapa
grandmother;Noun;A1;grann
grandparent;Noun;A1;granparan
grant;Verb Noun;B2;sibvansyon
grass;Noun;A2;zèb
grateful;Adjective;B1;rekonesan
great;Adjective;A1;gwo
green;Adjective, Noun;A1;vèt
greet;Verb;A2;Di
grey;Adjective, Noun;A1;gri
ground;Noun;A2;tè
group;Noun;A1;gwoup
grow;Verb;A1;grandi
growth;Noun;B1;kwasans
guarantee;Verb Noun;B2;garanti
guard;Noun Verb;B1;gad palè
guess;Verb Noun;A1;devine
guest;Noun;A2;envite
guide;Noun Verb;A2;gid
guilty;Adjective;B1;koupab
guitar;Noun;A1;gita
gun;Noun;A2;zam
guy;Noun;A2;nèg
gym;Noun;A1;jimnastik
habit;Noun;A2;abitid
hair;Noun;A1;tout cheve nan tèt
half;Noundet.proNoun, Adverb;A1, A2;mwatye
hall;Noun;A2;sal
hand;Noun Verb;A1, B1;men
handle;Verb Noun;B2;manch
hang;Verb;B1;pann
happen;Verb;A1;rive
happily;Adverb;A2;san pwoblèm mwen tap
happiness;Noun;B1;kontantman
happy;Adjective;A1;kè kontan
hard;Adjective, Adverb;A1;difisil
hardly;Adverb;B1;diman
harm;Noun Verb;B2;mal
harmful;Adjective;B2;danjere
hat;Noun;A1;chapo
hate;Verb Noun;A1, B1;rayi
have;Verb auxiliary Verb;A1, A2;gen
have to modal;Verb;A1;Pran modal
he;proNoun;A1;li
head;Noun Verb;A1, B1;tèt
headache;Noun;A2;maltèt
headline;Noun;B1;gran tit
health;Noun;A1;sante
healthy;Adjective;A1;an sante
hear;Verb;A1;tande
hearing;Noun;B2;odyans
heart;Noun;A2;kè
heat;Noun Verb;A2;chalè
heating;Noun;B1;chofaj
heaven;Noun;B2;syèl la
heavily;Adverb;B1;lou
heavy;Adjective;A2;lou
heel;Noun;B2;talon pye
height;Noun;A2;wotè
helicopter;Noun;B1;elikoptè
hell;Noun;B2;lanfè
hello;exclam./Noun;A1;alo
help;Verb Noun;A1;èd
helpful;Adjective;A2;itil
her;proNoundet;A1;li
here;Adverb;A1;isit la
hero;Noun;A2;ewo
hers;proNoun;A2;kòb li
herself;proNoun;A2;li menm
hesitate;Verb;B2;ezite
hey;exclam;A1;hey
hi;exclam;A1;hi
hide;Verb;A2;kache
high;Adjective, AdVerb Noun;A1, A2, B2;segondè
highlight;Verb Noun;B1;rekò
highly;Adverb;B1;trè
hill;Noun;A2;mòn
him;proNoun;A1;l '
himself;proNoun;A2;tèt li
hire;Verb Noun;B1, B2;anboche
his;det. proNoun;A1, A2;l '
historic;Adjective;B1;istorik
historical;Adjective;B1;istorik
history;Noun;A1;istwa
hit;Verb Noun;A2;frape
hobby;Noun;A1;plezi
hockey;Noun;A2;Hockey
hold;Verb Noun;A2, B2;kenbe
hole;Noun;A2;twou
holiday;Noun;A1;jou ferye
hollow;Adjective;B2;kre
holy;Adjective;B2;apa pou Bondye
home;Noun AdVerb Adjective;A1, A2;lakay
homework;Noun;A1;devwa
honest;Adjective;B1;onèt
honour;Noun Verb;B2;onè
hope;Verb Noun;A1, A2;espwa
horrible;Adjective;B1;terib
horror;Noun;B1;laterè
horse;Noun;A1;chwal
hospital;Noun;A1;lopital
host;Noun Verb;B1, B2;lame
hot;Adjective;A1;cho
hotel;Noun;A1;otèl
hour;Noun;A1;lè sa va rive
house;Noun Verb;A1, B2;kay
household;Noun;B2;kay
housing;Noun;B2;lojman
how;Adverb;A1;ki jan
however;Adverb;A1;sepandan
huge;Adjective;A2;gwo
human;Adjective, Noun;A2;moun
humorous;Adjective;B2;komik
humour;Noun;B2;imè
hundred;number;A1;san
hungry;Adjective;A1;grangou
hunt;Verb Noun;B1, B2;lachas
hunting;Noun;B2;lachas
hurricane;Noun;B1;siklòn
hurry;Noun Verb;B1;prese
hurt;Verb Adjective Noun;A2, B2;fè mal
husband;Noun;A1;mari
I;proNoun;A1;mwen
ice;Noun;A1;glas
ice cream;Noun;A1;Krèm
idea;Noun;A1;lide
ideal;Adjective , Noun;A2, B2;ideyal
identify;Verb;A2;idantifye
identity;Noun;B1;idantite
if;conj.;A1;si
ignore;Verb;B1;inyore
ill;Adjective;A2;malad
illegal;Adjective;B1;ilegal
illness;Noun;A2;maladi
illustrate;Verb;B2;montre
illustration;Noun;B2;ilistrasyon
image;Noun;A2;imaj
imaginary;Adjective;B1;imajinè
imagination;Noun;B2;imajinasyon
imagine;Verb;A1;imajine
immediate;Adjective;B1;imedya
immediately;Adverb;A2;imedyatman
immigrant;Noun;B1;imigran
impact;Noun Verb;B1;enpak
impatient;Adjective;B2;enpasyan
imply;Verb;B2;vle di
import;Noun Verb;B1;enpòte
importance;Noun;B1;enpòtans
important;Adjective;A1;enpòtan
impose;Verb;B2;enpoze
impossible;Adjective;A2;enposib
impress;Verb;B2;Express
impressed;Adjective;B2;enpresyone
impression;Noun;B1;enpresyon
impressive;Adjective;B1;enpresyonan
improve;Verb;A1;amelyore
improvement;Noun;B1;amelyorasyon
in;prep., Adverb;A1;nan
inch;Noun;B2;pous
incident;Noun;B2;ensidan
include;Verb;A1;gen ladan
included;Adjective;A2;enkli
including;prep.;A2;ki gen ladan
income;Noun;B2;revni
increase;Verb Noun;A2;ogmante
increasingly;Adverb;B2;de pli zan pli
incredible;Adjective;A2;enkwayab
incredibly;Adverb;B1;èkstrèmeman
indeed;Adverb;B1;tout bon
independent;Adjective;A2;endepandan
indicate;Verb;B1;endike
indirect;Adjective;B1;endirèk
individual;Noun, adj;A2;moun
indoor;Adjective;B1;andedan kay la
indoors;Adverb;B1;andedan kay la
industrial;Adjective;B2;endistriyèl
industry;Noun;A2;endistri
infection;Noun;B2;enfeksyon
influence;NounVerb;B1;enfliyans
inform;Verb;B2;enfòme
informal;Adjective;A2;enfòmèl
information;Noun;A1;enfòmasyon
ingredient;Noun;B1;engredyan
initial;Adjective;B2;premye
initially;Adverb;B2;okòmansman
initiative;Noun;B2;inisyativ
injure;Verb;B1;blese
injured;Adjective;B1;blese
injury;Noun;A2;aksidan
inner;Adjective;B2;enteryè
innocent;Adjective;B1;inosan
insect;Noun;A2;ensèk
inside;prep.Adverb Noun Adjective;A2;andedan
insight;Noun;B2;insight
insist;Verb;B2;ensiste
inspire;Verb;B2;enspire
install;Verb;B2;enstale
instance;Noun;B2;egzanp
instead;Adverb;A2;olye pou
institute;Noun;B2;enstiti
institution;Noun;B2;enstitisyon
instruction;Noun;A2;enstriksyon
instructor;Noun;A2;enstriktè
instrument;Noun;A2;enstriman
insurance;Noun;B2;asirans
intelligence;Noun;B1;entèlijans
intelligent;Adjective;A2;entelijan
intend;Verb;B1;gen entansyon
intended;Adjective;B2;gen entansyon
intense;Adjective;B2;entans
intention;Noun;B1;entansyon
interest;Noun Verb;A1;enterè
interested;Adjective;A1;enterese
interesting;Adjective;A1;enteresan
internal;Adjective;B2;entèn
international;Adjective;A2;entènasyonal
internet;Noun;A1;entènèt
interpret;Verb;B2;entèprete
interrupt;Verb;B2;Entewonp
interview;Noun Verb;A1;entèvyou
into;prep.;A1;nan
introduce;Verb;A1;prezante
introduction;Noun;A2;entwodiksyon
invent;Verb;A2;envante
invention;Noun;A2;envansyon
invest;Verb;B1;Envesti
investigate;Verb;B1;mennen ankèt sou
investigation;Noun;B2;ankèt
investment;Noun;B2;envestisman
invitation;Noun;A2;envitasyon
invite;Verb;A2;envite
involve;Verb;A2;enplike
involved;Adjective;B1;patisipe
iron;Noun Verb;B1;fè
island;Noun;A1;zile
issue;Noun, Verb;B1, B2;problèm
IT;Noun;B1;IT
it;proNoun;A1;li
item;Noun;A2;atik
its;det.;A1;li
itself;proNoun;A2;tèt li
jacket;Noun;A1;levit
jam;Noun;A2;konfiti
January;Noun;A1;janvye
jazz;Noun;A2;djaz
jeans;Noun;A1;Jeans
jewellery;Noun;A2;bijou
job;Noun;A1;travay
join;Verb;A1;rantre nan
joke;Noun Verb;A2;blag
journal;Noun;B1;jounal
journalist;Noun;A2;jounalis
journey;Noun;A1;vwayaj
joy;Noun;B2;kè kontan
judge;Noun Verb;B1;jij
judgement;Noun;B2;jijman
juice;Noun;A1;ji
July;Noun;A1;Jiyè
jump;Verb Noun;A2;so
June;Noun;A1;jen
junior;Adjective;B2;jinyò
just;Adverb;A1;jis
justice;Noun;B2;jistis
justify;Verb;B2;jistifye
keen;Adjective;B1;pike
keep;Verb;A1;kenbe
key;Noun, Adjective Verb;A1, B1;kle
keyboard;Noun;B1;klavye
kick;Verb Noun;B1;kout pye
kid;Noun;A2;jenn ti kabrit
kill;Verb;A2;touye
killing;Noun;B1;touye
kilometre;Noun;A1;kilomèt
kind(type);Noun;A1;kalite (kalite)
kind(caring);Adjective;B1;kalite (k ap pran swen)
king;Noun;A2;wa
kiss;Verb Noun;B1;bo
kitchen;Noun;A1;kwizin
knee;Noun;A2;jenou
knife;Noun;A2;kouto
knock;Verb , Noun;A2, B1;frape
know;Verb;A1;konnen
knowledge;Noun;A2;konesans
lab;Noun;A2;laboratwa
label;Noun Verb;B1;mete etikèt sou
laboratory;Noun;B1;laboratwa
labour;Noun;B2;travay
lack;Noun Verb;B1;mank
lady;Noun;A2;dam
lake;Noun;A2;lak
lamp;Noun;A2;lanp
land;Noun, Verb;A1, A2;peyi
landscape;Noun;B2;jaden flè
language;Noun;A1;lang
laptop;Noun;A2;laptop
large;Adjective;A1;gwo
largely;Adverb;B2;lajman
last1 (final);det., Adverb n;A1, A2;last1 (final)
last1 (taking time);Verb;A2;last1 (pran tan)
late;Adjective Adverb;A1;an reta
later;Adverb , Adjective;A1, A2;pita
latest;Adjective , Noun;B1, B2;dènye
laugh;Verb Noun;A1;ri
laughter;Noun;A2;ri
launch;Verb Noun;B2;lansman
law;Noun;A2;lalwa
lawyer;Noun;A2;avoka
lay;Verb;B1;kouche
layer;Noun;B1;kouch
lazy;Adjective;A2;parese
lead;Verb , Noun;A2, B1;plon
leader;Noun;A2;lidè
leadership;Noun;B2;lidèchip
leading;Adjective;B1;dirijan
leaf;Noun;B1;fèy
league;Noun;B2;lig
lean;Verb;B2;mèg
learn;Verb;A1;aprann
learning;Noun;A2;aprann
least;det./proNoun Adverb;A2;pi piti
leather;Noun;B1;kwi
leave;Verb , Noun;A1, B2;konje
lecture;Noun Verb;A2;konferans
left;Adjective Adverb Verb;A1;bò gòch
leg;Noun;A1;janm
legal;Adjective;B1;legal
leisure;Noun;B1;lwazi
lemon;Noun;A2;sitwon
lend;Verb;A2;prete
length;Noun;B1;longè
less;det./pro Noun Adverb;A2;mwens
lesson;Noun;A1;leson
let;Verb;A1;kite
letter;Noun;A1;lèt
level;Noun, Adjective , Verb;A2, B1, B2;nivo
library;Noun;A1;bibliyotèk
licence;Noun;B2;lisans
lie;Verb;A1;manti
lie;Verb Noun;B2;manti
life;Noun;A1;lavi
lifestyle;Noun;A2;fòm
lift;Verb;Noun;leve
light (from the sun/a lamp);Noun Adverb , Verb;A1, A2;limyè (soti nan solèy la / yon lanp)
light (not heavy);Adjective;A2;limyè (pa lou)
like (similar);prep.;A1;tankou (ki similè)
like (find sb/sth pleasant);Verb , n;A1, B1;tankou (jwenn sb / STH bèl)
Noun;B1; ;Non
likely;Adjective;A2;chans
limit;Noun Verb;B1;limit
limited;Adjective;B2;limite
line;Noun, Verb;A1, B2;liy
link;Noun Verb;A2;lyen
lion;Noun;A1;lyon
lip;Noun;B1;lèv
liquid;Noun Adjective;B1;likid
list;Noun Verb;A1;lis
listen;Verb;A1;koute
listener;Noun;A2;koute
literature;Noun;B1;literati
little;Adjective det./proNoun, Adverb;A1, A2;ti kras
live1;Verb;A1;live1
live2;Adjective Adverb;B1;live2
lively;Adjective;B2;vivan
living;Adjective Noun;B1;k ap viv
load;Noun Verb;B2;chay
loan;Noun;B2;prè
local;Adjective , Noun;A1, B1;lokal
locate;Verb;B1;jwenn
located;Adjective;B1;sitiye
location;Noun;B1;kote
lock;Verb Noun;A2;fèmen
logical;Adjective;B2;lojik
lonely;Adjective;B1;poukont
long;Adjective Adverb;A1;lontan
long-term;Adjective Adverb;B2;Alontèm
look;Verb , Noun;A1, A2;gade
loose;Adjective;B2;lage
lord;Noun;B2;mèt
lorry;Noun;A2;lori
lose;Verb;A1;pèdi
loss;Noun;B1;pèt
lost;Adjective;A2;pèdi
lot;proNoun det. Adverb;A1;anpil
loud;Adjective Adverb;A2;byen fò
loudly;Adverb;A2;byen fò
love;Noun Verb;A1;renmen
lovely;Adjective;A2;bèl
low;Adjective Adverb , n;A2, B2;ba
lower;Verb;B2;pi ba
luck;Noun;A2;chans
lucky;Adjective;A2;chans
lunch;Noun;A1;manje midi
lung;Noun;B2;nan poumon
luxury;Noun;B1;liksye
machine;Noun;A1;machin
mad;Adjective;B1;fou
magazine;Noun;A1;magazin
magic;Noun Adjective;B1;majik
mail;Noun Verb;A2;lapòs
main;Adjective;A1;prensipal
mainly;Adverb;B1;sitou
maintain;Verb;B2;kenbe
major;Adjective;A2;gwo
majority;Noun;B2;majorite
make;Verb , Noun;A1, B2;fè
male;Adjective Noun;A2;gason
mall;Noun;B1;sant komèsyal
man;Noun;A1;nonm
manage;Verb;A2;jere
management;Noun;B1;jesyon
manager;Noun;A2;manadjè
manner;Noun;A2;fason
many;det./proNoun;A1;anpil
map;Noun, Verb;A1, B2;kat
March;Noun;A1;mas
mark;Verb Noun;A2;make
market;Noun, Verb;A1, B1;mache
marketing;Noun;B1;maketing
marriage;Noun;B1;maryaj
married;Adjective;A1;marye
marry;Verb;A2;marye
mass;Noun Adjective;B2;mas
massive;Adjective;B2;masiv
master;Noun Verb;B2;mèt
match (contest/correspond);Noun Verb;A1;matche ak (konkou / koresponn)
matching;Adjective;B2;matche
material;Noun, Adjective;A2, B2;materyèl
mathematics;Noun;A2;matematik
maths;Noun;A2;mathématiques
matter;Noun Verb;A2;pwoblèm
maximum;Adjective Noun;B2;maksimòm
May;Noun;A1;Me
may modal;Verb;A2;pouvwa modal
maybe;Adverb;A1;petèt
me;proNoun;A1;m '
meal;Noun;A1;manje
mean;Verb;A1;vle di
meaning;Noun;A1;siyifikasyon
means;Noun;B2;vle di
meanwhile;Adverb;B1;pandan se tan
measure;Verb Noun;B1;mezi
measurement;Noun;B2;mezi
meat;Noun;A1;vyann
media;Noun;A2;medya
medical;Adjective;A2;medikal
medicine;Noun;A2;remèd
medium;Adjective , Noun;B1, B2;mwayen
meet;Verb;A1;satisfè
meeting;Noun;A1;reyinyon
melt;Verb;B2;fonn
member;Noun;A1;manm
memory;Noun;A2;memwa
mental;Adjective;B1;mantal
mention;Verb , Noun;A2, B1;mansyone
menu;Noun;A1;meni
mess;Noun Verb;B1;dezòd
message;Noun;A1;mesaj
metal;Noun;A2;metal
method;Noun;A2;metòd
metre;Noun;A1;mèt
middle;Noun Adjective;A2;mitan
midnight;Noun;A1;minwi
might modal;Verb;A2;ta ka modal
mild;Adjective;B1;twò grav
mile;Noun;A1;mil
military;Adjective Noun;B2;militè
milk;Noun;A1;lèt
million number; ;A1;milyon dola nimewo
mind;Noun Verb;A2;lide
mine (belongs to me);proNoun;A2;m '(ki dwe nan m')
mine (hole in the ground);Noun;B1;m '(twou nan tè a)
mineral;Noun;B2;mineral
minimum;Adjective Noun;B2;minimòm
minister;Noun;B2;minis
minor;Adjective;B2;minè
minority;Noun;B2;minorite
minute;Noun;A1;minit
mirror;Noun;A2;glas
miss;Verb;A1;madmwazèl
missing;Adjective;A2;manke
mission;Noun;B2;misyon
mistake;Noun, Verb;A1, B2;erè
mix;Verb Noun;B1;melanj
mixed;Adjective;B2;melanje
mixture;Noun;B1;melanj
mobile;Adjective Noun;A2;mobil
model;Noun, Verb;A1, B2;modèl
modern;Adjective;A1;modèn
modify;Verb;B2;Modifye
moment;Noun;A1;moman
Monday;Noun;A1;Lendi
money;Noun;A1;lajan
monitor;Noun Verb;B2;kontwole
monkey;Noun;A2;makak
month;Noun;A1;mwa
mood;Noun;B1;atitid
moon;Noun;A2;lalin
moral;Adjective Noun;B2;moral
more;det./proNoun Adverb;A1;plis
morning;Noun;A1;maten
most;det./proNoun Adverb;A1;pi
mostly;Adverb;A2;sitou
mother;Noun;A1;manman
motor;Noun Adjective;B2;motè
motorcycle;Noun;A2;motosiklèt
mount;Verb;B2;mòn
mountain;Noun;A1;mòn
mouse;Noun;A1;sourit
mouth;Noun;A1;bouch
move;Verb , Noun;A1, B1;deplase
movement;Noun;A2;mouvman
movie;Noun;A1;fim
much;det./proNoun Adverb;A1;anpil
mud;Noun;B1;labou
multiple;Adjective;B2;miltip
multiply;Verb;B2;anpil anpil pitit
mum;Noun;A1;maman
murder;NounVerb;B1;touye moun
muscle;Noun;B1;nan misk
museum;Noun;A1;mize
music;Noun;A1;Mizik
musical;Adjective , Noun;A2, B1;mizik
musician;Noun;A2;mizisyen
must modal;Verb;A1;dwe modal
my;det.;A1;mwen
myself;proNoun;A2;tèt mwen
mysterious;Adjective;B2;misterye
mystery;Noun;B1;mistè
nail;Noun;B1;klou
name;Noun Verb;A1;non
narrative;Noun Adjective;B1;naratif
narrow;Adjective , Verb;A2, B2;etwat
nation;Noun;B1;nasyon
national;Adjective , Noun;A2, B2;nasyonal
native;Adjective Noun;B1;natif natal
natural;Adjective;A1;natirèl
naturally;Adverb;B1;natirèlman
nature;Noun;A2;nati
near;prep. Adjective Adverb;A1;tou pre
nearly;Adverb;A2;prèske
neat;Adjective;B2;pwòp
necessarily;Adverb;B1;nesesèman
necessary;Adjective;A2;nesesè
neck;Noun;A2;kou
need;Verb , Noun, modal Verb;A1, A2, B1;bezwen
needle;Noun;B1;zegwi
negative;Adjective , Noun;A1, B2;negatif
neighbour;Noun;A1;frè parèy
neighbourhood;Noun;B1;katye
neither;det./proNoun, Adverb;A2, B1;ni
nerve;Noun;B2;nè
nervous;Adjective;A2;nève
net;Noun;B1;nèt
network;Noun;A2;rezo
never;Adverb;A1;pa janm
nevertheless;Adverb;B2;Men,
new;Adjective;A1;nouvo
news;Noun;A1;nouvèl
newspaper;Noun;A1;jounal
next;Adjective Adverb , Noun;A1, B1;pwochen
next to;prep.;A1;bò kote
nice;Adjective;A1;bèl
night;Noun;A1;lannwit
nightmare;Noun;B2;kochma
nine;number;A1;nèf
nineteen;number;A1;mil nèf san
ninety;number;A1;katrevendis
no;exclam. det.;A1;pa gen okenn
no one;proNoun;A1;pyès moun
nobody;proNoun;A1;pèsonn pa
noise;Noun;A2;bri
noisy;Adjective;A2;fè bwi
none;pro Noun;A2;pa gen yonn
nor;conj./Adverb;B1;ni
normal;Adjective , Noun;A2, B1;nòmal
normally;Adverb;A2;nòmalman
north;Noun Adjective Adverb;A1;nò
northern;Adjective;B1;nò
nose;Noun;A1;nen
not;Adverb;A1;pa
note;Noun Verb;A1, B1;Remak
nothing;proNoun;A1;pa gen anyen
notice;Verb Noun;A2;avi
notion;Noun;B2;nosyon
novel;Noun;A2;roman
November;Noun;A1;Novanm
now;Adverb , conj.;A1, B1;kounye a
nowhere;Adverb;A2;okenn kote
nuclear;Adjective;B1;nikleyè
number;Noun, Verb;A1, A2;nimewo
numerous;Adjective;B2;anpil
nurse;Noun;A1;enfimyè
nut;Noun;A2;nwa
obey;Verb;B2;obeyi
object;Noun Verb;A1, B2;objè
objective;Noun Adjective;B2;objektif
obligation;Noun;B2;obligasyon
observation;Noun;B2;obsèvasyon
observe;Verb;B2;obsève
obtain;Verb;B2;jwenn
obvious;Adjective;B1;evidan
obviously;Adverb;B1;evidamman
occasion;Noun;B1;okazyon
occasionally;Adverb;B2;detanzantan
occur;Verb;B1;rive
ocean;Noun;A2;lanmè
o’clock;Adverb;A1;è
October;Noun;A1;Oktòb
odd;Adjective;B1;enpè
of;prep.;A1;nan
off;Adverb prep.;A1;koupe
offence;Noun;B2;ofans
offend;Verb;B2;ofanse
offensive;Adjective;B2;ofansif
offer;Verb Noun;A2;ofri
office;Noun;A1;biwo
officer;Noun;A2;ofisye
official;Adjective , Noun;B1, B2;ofisyèl
often;Adverb;A1;souvan
oh;exclam.;A1;o
oil;Noun;A2;lwil oliv
OK;exclam. Adjective /Adverb;A1;OK
old;Adjective;A1;fin vye granmoun
old-fashioned;Adjective;B1;fin vye granmoun-alamòd
on;prep. Adverb;A1;sou
once;Adverb , conj.;A1, B1;yon fwa
one;number-det. proNoun;A1;youn
onion;Noun;A1;zonyon
online;Adjective Adverb;A1;sou entènèt
only;Adjective Adverb;A1;sèlman
onto;prep.;A2;sou
open;Adjective Verb;A1;louvri
opening;Noun;B2;ouvèti
operate;Verb;B2;opere
operation;Noun;B1;operasyon
opinion;Noun;A1;opinyon
opponent;Noun;B2;opozan
opportunity;Noun;A2;opòtinite
oppose;Verb;B2;opoze
opposed;Adjective;B2;opoze
opposite;Adjective Adverb prep. Noun;A1;opoze
opposition;Noun;B2;opozisyon
option;Noun;A2;opsyon
or;conj.;A1;oswa
orange;Noun Adjective;A1;zoranj
order;Noun Verb;A1;lòd
ordinary;Adjective;A2;òdinè
organ;Noun;B2;ògàn
organization;Noun;A2;òganizasyon
organize;Verb;A2;òganize
organized;Adjective;B1;òganize
organizer;Noun;B1;òganizatè
origin;Noun;B2;orijin
original;Adjective , Noun;A2, B1;orijinal
originally;Adverb;B1;orijinal
other;Adjective /proNoun;A1;lòt
otherwise;Adverb;B2;otreman
ought;modal Verb;B1;dwe
our;det.;A1;nou an
ours;proNoun;B1;nou
ourselves;proNoun;A2;tèt nou
out;Adverb /prep.;A1;soti
outcome;Noun;B2;rezilta
outdoor;Adjective;B1;deyò
outdoors;Adverb;B1;deyò
outer;Adjective;B2;deyò
outline;Noun Verb;B2;deskripsyon
outside;Adverb , prep. nouNoun Adjective;A1, A2;deyò
oven;Noun;A2;dife pou chofe fou
over;prep. Adverb;A1;sou
overall;Adjective Adverb;B2;an jeneral
owe;Verb;B2;dwe
own;Adjective /proNoun, Verb;A1, A2;pwòp
owner;Noun;A2;mèt kay
pace;Noun, Verb;B2;vitès
pack;Verb , Noun;A2, B1;pake
package;Noun, Verb;B1, B2;pake
page;Noun;A1;paj
pain;Noun;A2;doulè
painful;Adjective;B1;ki fè mal
paint;Verb Noun;A1;penti
painter;Noun;A2;pent
painting;Noun;A1;penti
pair;Noun;A1;pè
palace;Noun;A2;palè
pale;Adjective;B1;pal
pan;Noun;B1;chodyè
panel;Noun;B2;panèl
pants;Noun;A2;pantalon
paper;Noun;A1;papye
paragraph;Noun;A1;paragraf
parent;Noun;A1;paran
park;Noun Verb;A1;pak
parking;Noun;A2;pakin
parliament;Noun;B2;palman an
part;Noun;A1;pati
participant;Noun;B2;patisipan
participate;Verb;B1;patisipe
particular;Adjective;A2;patikilye
particularly;Adverb;B1;patikilyèman
partly;Adverb;B2;an pati
partner;Noun;A1;patnè
party;Noun;A1;pati
pass;Verb , Noun;A2, B1;pase
passage;Noun;B2;pasaj
passenger;Noun;A2;pasaje
passion;Noun;B1;pasyon
passport;Noun;A1;paspò
past;Adjective Noun prep., Adverb;A1, A2;sot pase
path;Noun;B1;chemen
patient;Noun, Adjective;A2, B2;pasyan
pattern;Noun;A2;modèl
pay;Verb , Noun;A1, A2;peye
payment;Noun;B1;peman
peace;Noun;A2;lapè
peaceful;Adjective;B1;lapè
pen;Noun;A1;plim
pencil;Noun;A1;kreyon
penny;Noun;A2;pyès lajan
pension;Noun;B2;pansyon
people;Noun;A1;moun
pepper;Noun;A1;pwav
per;prep.;A2;pou chak
per cent;Noun Adjective /Adverb;A2;pousan
percentage;Noun;B1;pousantaj
perfect;Adjective;A1;pafè
perfectly;Adverb;B1;parfe
perform;Verb;A2;fè
performance;Noun;B1;pèfòmans
perhaps;Adverb;A2;petèt
period;Noun;A1;peryòd
permanent;Adjective;B2;pèmanan
permission;Noun;A2;pèmisyon
permit;Verb Noun;B2;pèmi
person;Noun;A1;moun
personal;Adjective;A1;pèsonèl
personality;Noun;A2;pèsonalite
personally;Adverb;B1;pèsonèlman
perspective;Noun;B2;pèspektiv
persuade;Verb;B1;konvenk
pet;Noun;A2;bèt kay
petrol;Noun;A2;petwòl
phase;Noun;B2;faz
phenomenon;Noun;B2;fenomèn
philosophy;Noun;B2;filozofi
phone;Noun Verb;A1;telefòn
photo;Noun;A1;foto
photograph;Noun, Verb;A1, A2;foto
photographer;Noun;B1;fotograf
photography;Noun;B1;fotografi
phrase;Noun;A1;fraz
physical;Adjective;A2;fizik
physics;Noun;A2;fizik
piano;Noun;A1;pyano
pick;Verb , Noun;A2, B2;chwazi
picture;Noun, Verb;A1, B2;foto
piece;Noun;A1;moso
pig;Noun;A1;kochon
pile;Noun Verb;B2;pil
pilot;Noun;A2;pilòt
pin;Noun Verb;B1;pin
pink;Adjective Noun;A1;woz
pipe;Noun;B1;tiyo
pitch;Noun;B2;anplasman
place;Noun Verb;A1, B1;plas
plain;Adjective;B2;plenn
plan;Noun Verb;A1;plan
plane;Noun;A1;avyon
planet;Noun;A2;planèt
planning;Noun;B1;planifikasyon
plant;Noun Verb;A1, A2;plant
plastic;Noun Adjective;A2;plastik
plate;Noun;A2;plak
platform;Noun;A2;platfòm
play;Verb Noun;A1;jwe
player;Noun;A1;jwè
pleasant;Adjective;B1;bèl
please;exclam., Verb;A1, A2;tanpri
pleased;Adjective;A2;kontan
pleasure;Noun;B1;plezi
plenty;proNoun;B1;anpil
plot;Noun, Verb;B1, B2;trase
plus;prep., Adjective conj., Noun;B1, B2;plis
pocket;Noun;A2;pòch
poem;Noun;B1;gade powèm
poet;Noun;B1;powèt
poetry;Noun;B1;pwezi
point;Noun, Verb;A1, B1;pwen
pointed;Adjective;B2;pwente
poison;Noun Verb;B1;pwazon
poisonous;Adjective;B1;pwazon
police;Noun;A1;lapolis
policeman;Noun;A1;polisye
policy;Noun;B1;politik
polite;Adjective;A2;politès
political;Adjective;B1;politik
politician;Noun;B1;politisyen
politics;Noun;B1;politik
pollution;Noun;A2;polisyon
pool;Noun;A1;pisin
poor;Adjective;A1;pòv
pop;Noun Adjective;A2;pòp
popular;Adjective;A1;popilè
popularity;Noun;B2;popilarite
population;Noun;A2;popilasyon
port;Noun;B1;pò
portrait;Noun;B1;pòtrè
pose;Verb;B2;poze
position;Noun, Verb;A2, B2;pozisyon
positive;Adjective , Noun;A1, B2;pozitif
possess;Verb;B2;posede
possession;Noun;A2;posesyon
possibility;Noun;A2;posibilite
possible;Adjective;A1;posib
possibly;Adverb;B1;pètèt
post;Noun Verb;A1;pòs
poster;Noun;A2;afich
pot;Noun;B1;po
potato;Noun;A1;pòmdetè
potential;Adjective Noun;B2;potansyèl
pound;Noun;A1;liv
pour;Verb;B1;vide
poverty;Noun;B1;povrete
powder;Noun;B1;poud
power;Noun, Verb;A2, B2;pouvwa
powerful;Adjective;B1;pwisan
practical;Adjective;B1;pratik
practice;Noun;A1;pratik
practise;Verb;A1;pratik
praise;Noun Verb;B2;fè lwanj
pray;Verb;B1;lapriyè
prayer;Noun;B1;lapriyè
predict;Verb;A2;predi
prediction;Noun;B1;prediksyon
prefer;Verb;A1;prefere
pregnant;Adjective;B2;ansent
preparation;Noun;B2;preparasyon
prepare;Verb;A1;prepare
prepared;Adjective;B1;prepare
presence;Noun;B2;prezans
present;Adjective Noun, Verb;A1, A2;prezan
presentation;Noun;B1;prezantasyon
preserve;Verb;B2;prezève
president;Noun;A2;prezidan
press;Verb Noun;B1;laprès
pressure;Noun;B1;presyon
pretend;Verb;B1;pretann
pretty;Adjective Adverb;A1;bèl
prevent;Verb;A2;anpeche
previous;Adjective;B1;anvan
previously;Adverb;B1;deja
price;Noun, Verb;A1, B2;pri
priest;Noun;B1;prèt
primary;Adjective;B1;prensipal
prime;Adjective;B2;premye
prince;Noun;B1;chèf
princess;Noun;B1;Princess
principle;Noun;B2;prensip
print;Verb , Noun;A2, B2;enprime
printer;Noun;A2;aparèy pou enprime
printing;Noun;B1;enprime
priority;Noun;B2;priyorite
prison;Noun;A2;prizon
prisoner;Noun;B1;prizonye
privacy;Noun;B2;vi prive
private;Adjective;B1;prive
prize;Noun;A2;pwi
probably;Adverb;A1;pwobableman
problem;Noun;A1;pwoblèm
procedure;Noun;B2;pwosedi
process;Noun, Verb;A2, B2;pwosesis
produce;Verb , Verb;A2, B2;pwodwi
producer;Noun;B1;pwodiktè
product;Noun;A1;pwodwi
production;Noun;B1;pwodiksyon
profession;Noun;B1;pwofesyon
professional;Adjective , Noun;A2, B2;pwofesyonèl
professor;Noun;A2;pwofesè
profile;Noun;A2;pwofil
profit;Noun;B1;pwofi
program;Noun, Verb;A2, B1;pwogram
programme;Noun;A1;pwogram
progress;Noun, Verb;A2, B2;pwogrè
project;Noun, Verb;A1, B2;pwojè
promise;Verb Noun;A2;pwomès
promote;Verb;B1;ankouraje
pronounce;Verb;A2;pwononse
proof;Noun;B2;prèv
proper;Adjective;B1;apwopriye
properly;Adverb;B1;byen
property;Noun;B1;pwopriyete
proposal;Noun;B2;pwopozisyon
propose;Verb;B2;pwopoze
prospect;Noun;B2;Prospect
protect;Verb;A2;pwoteje
protection;Noun;B2;pwoteksyon
protest;Noun Verb;B1;pwotestasyon
proud;Adjective;B1;fyè
prove;Verb;B1;pwouve
provide;Verb;A2;bay
psychologist;Noun;B2;sikològ
psychology;Noun;B2;sikoloji
pub;Noun;A2;PUB
public;Adjective Noun;A2;piblik
publication;Noun;B2;piblikasyon
publish;Verb;A2;pibliye
pull;Verb , Noun;A2, B1;rale
punish;Verb;B1;pini
punishment;Noun;B1;pinisyon
pupil;Noun;B2;elèv
purchase;Noun Verb;B2;achte
pure;Adjective;B2;pi bon kalite
purple;Adjective Noun;A1;koulè wouj violèt
purpose;Noun;A2;objektif
pursue;Verb;B2;pouswiv
push;Verb , Noun;A2, B1;pouse
put;Verb;A1;mete
qualification;Noun;B1;kalifikasyon
qualified;Adjective;B1;kalifye
qualify;Verb;B1;kalifye
quality;Noun;A2;bon jan kalite
quantity;Noun;A2;kantite
quarter;Noun;A1;sezon
queen;Noun;A2;larenn
question;Noun, Verb;A1, A2;kesyon
queue;Noun Verb;B1;keu
quick;Adjective;A1;rapid
quickly;Adverb;A1;byen vit
quiet;Adjective;A1;trankil
quietly;Adverb;A2;tou dousman
quit;Verb;B1;kite
quite;Adverb;A1;byen
quotation;Noun;B1;sitasyon pi ba
quote;Verb Noun;B1;quote
race (competition);NounVerb;A2;ras (konpetisyon)
race (people);Noun;B1;ras (moun)
racing;Noun;B1;kous
radio;Noun;A1;radyo
railway;Noun;A2;tren
rain;Noun Verb;A1;lapli
raise;Verb;A2;leve
range;Noun, Verb;B1, B2;seri
rank;Noun Verb;B2;Alexa
rapid;Adjective;B2;rapid
rapidly;Adverb;B2;rapidman
rare;Adjective;B1;ra
rarely;Adverb;B1;raman
rate;Noun, Verb;A2, B2;pousantaj
rather;Adverb;A2;olye
raw;Adjective;B2;anvan tout koreksyon
reach;Verb , Noun;A2, B2;rive
react;Verb;A2;reyaji
reaction;Noun;B1;reyaksyon
read;Verb;A1;li
reader;Noun;A1;lektè
reading;Noun;A1;lekti
ready;Adjective;A1;pare
real;Adjective;A1;reyèl
realistic;Adjective;B2;reyalis
reality;Noun;B1;reyalite
realize;Verb;A2;reyalize
really;Adverb;A1;reyèlman
reason;Noun;A1;rezon ki fè
reasonable;Adjective;B2;rezonab
recall;Verb;B2;sonje
receipt;Noun;B1;resevwa
receive;Verb;A2;resevwa
recent;Adjective;A2;ki sot pase
recently;Adverb;A2;dènyèman
reception;Noun;A2;resepsyon
recipe;Noun;A2;resèt
recognize;Verb;A2;rekonèt
recommend;Verb;A2;rekòmande
recommendation;Noun;B1;rekòmandasyon
record;Noun Verb;A2;dosye
recording;Noun;A2;anrejistreman
recover;Verb;B2;refè
recycle;Verb;A2;resikle
red;Adjective Noun;A1;wouj
reduce;Verb;A2;diminye
reduction;Noun;B2;rediksyon
refer;Verb;A2;al gade
reference;Noun;B1;referans
reflect;Verb;B1;reflete
refuse;Verb;A2;fatra
regard;Verb Noun;B2;sans
region;Noun;A2;rejyon
regional;Adjective;B2;rejyonal
register;Verb Noun;B2;enskri
regret;Verb Noun;B2;regrè
regular;Adjective;A2;regilye
regularly;Adverb;B1;regilyèman
regulation;Noun;B2;règleman
reject;Verb;B1;rejte
relate;Verb;B1;gen rapò
related;Adjective;B1;ki gen rapò
relation;Noun;B1;relasyon
relationship;Noun;A2;relasyon
relative;Adjective Noun;B1;relatif
relatively;Adverb;B2;relativman
relax;Verb;A1;detann
relaxed;Adjective;B1;dekontrakte
relaxing;Adjective;B1;ap detann
release;Verb Noun;B1;lage
relevant;Adjective;B2;ki enpòtan
reliable;Adjective;B1;serye
relief;Noun;B2;sekou
religion;Noun;B1;relijyon
religious;Adjective;B1;relijye
rely;Verb;B2;konte
remain;Verb;B1;rete
remark;Noun Verb;B2;remak
remember;Verb;A1;sonje
remind;Verb;B1;sonje
remote;Adjective;B1;aleka
remove;Verb;A2;retire
rent;Noun Verb;B1;lwe
repair;Verb , Noun;A2, B1;reparasyon
repeat;Verb , Noun;A1, B1;repete
repeated;Adjective;B1;repete
replace;Verb;A2;ranplase
reply;Verb Noun;A2;reponn
report;Noun, Verb;A1, A2;rapò
reporter;Noun;A2;repòtè
represent;Verb;B1;reprezante
representative;Noun Adjective;B2;reprezantan
reputation;Noun;B2;repitasyon
request;Noun, Verb;A2, B1;demann
require;Verb;B1;mande pou
requirement;Noun;B2;kondisyon
rescue;Verb Noun;B2;sekou
research;Noun Verb;A2;rechèch
researcher;Noun;A2;chèchè
reservation;Noun;B1;rezèvasyon
reserve;Noun Verb;B2;rezèv
resident;NounAdjective;B2;rezidan
resist;Verb;B2;reziste
resolve;Verb;B2;rezoud
resort;Noun;B2;resort
resource;Noun;B1;resous
respect;Noun Verb;B1;respekte
respond;Verb;A2;reponn
response;Noun;A2;repons
responsibility;Noun;B1;responsablite
responsible;Adjective;B1;responsab
rest (remaining part);Noun;A2;rès (rete pati)
rest (sleep/relax);Noun Verb;A2;rès (dòmi / detann)
restaurant;Noun;A1;restoran
result;Noun, Verb;A1, B1;rezilta
retain;Verb;B2;kenbe
retire;Verb;B1;pran retrèt ou
retired;Adjective;B1;pran retrèt
return;Verb Noun;A1;retounen
reveal;Verb;B2;revele
review;Noun Verb;A2;revizyon
revise;Verb;B1;revize
revolution;Noun;B2;revolisyon
reward;Noun Verb;B2;rekonpans
rhythm;Noun;B2;ritm
rice;Noun;A1;diri
rich;Adjective;A1;moun rich
rid;Verb;B2;m
ride;Verb , Noun;A1, A2;woulib
right;Adjective Adverb Noun;A1;dwat
ring;Noun;A2;bag
ring;Verb , Noun;A2, B1;bag
rise;Verb , Noun;A2, B1;monte
risk;Noun Verb;B1;risk
river;Noun;A1;gwo larivyè Lefrat
road;Noun;A1;wout
robot;Noun;B1;robo
rock (stone);Noun;A2;wòch (wòch)
rock (music);Noun;A2;wòch (mizik)
role;Noun;A2;wòl
roll;Verb Noun;B1;woulo liv
romantic;Adjective;B1;amoure
roof;Noun;A2;do-kay
room;Noun;A1;chanm
root;Noun;B2;rasin
rope;Noun;B1;kòd
rough;Adjective;B1;ki graj
round;Adjective Adverb prep., Noun;A2, B2;wonn
route;Noun;A2;wout
routine;Noun, Adjective;A1, B2;woutin
row;Noun;B1;ranje
royal;Adjective;B1;wa
rub;Verb;B2;fwote
rubber;Noun Adjective;B2;kawotchou
rubbish;Noun;A2;fatra
rude;Adjective;A2;grosye
rugby;Noun;B1;Rugbi
rule;Noun, Verb;A1, B1;règ
run;Verb , Noun;A1, A2;kouri
runner;Noun;A2;moun kap kouri
running;Noun;A2;kouri
rural;Adjective;B2;riral
rush;Verb Noun;B2;prese
sad;Adjective;A1;tris
sadly;Adverb;A2;Malerezman
safe;Adjective;A2;ki an sekirite
safety;Noun;B1;sekirite
sail;Verb , Noun;A2, B1;vwal
sailing;Noun;A2;navige
sailor;Noun;B1;pechè
salad;Noun;A1;sòs salad
salary;Noun;A2;salè
sale;Noun;A2;vann
salt;Noun;A1;sèl
same;Adjective proNoun Adverb;A1;menm
sample;Noun, Verb;B1, B2;echantiyon
sand;Noun;B1;sab
sandwich;Noun;A1;sandwich
satellite;Noun;B2;satelit
satisfied;Adjective;B2;satisfè
satisfy;Verb;B2;satisfè
Saturday;Noun;A1;Samdi
sauce;Noun;A2;sòs
save;Verb;A2;sove
saving;Noun;B2;ekonomize
say;Verb;A1;di
scale;Noun;B2;echèl
scan;Verb;B1;eskanè
scared;Adjective;A2;pè
scary;Adjective;A2;pè
scene;Noun;A2;sèn
schedule;Noun, Verb;A2, B2;orè
scheme;Noun;B2;konplo
school;Noun;A1;lekòl
science;Noun;A1;Syans
scientific;Adjective;B1;syantifik
scientist;Noun;A1;syantis
score;Verb Noun;A2;nòt
scream;Verb Noun;B2;rèl
screen;NounVerb;A2, B2;ekran
script;Noun;B1;script
sculpture;Noun;B1;eskilti
sea;Noun;A1;lanmè
search;Noun Verb;A2;rechèch
season;Noun;A2;sezon
seat;Noun Verb;A2, B2;chèz
second1 (next after the first);et./ number, Adverb;A1, A2;second1 (pwochen apre premye a)
second1 (unit of time);Noun;A1;second1 (inite nan tan)
secondary;Adjective;B1;segondè
secondly;Adverb;A2;Dezyèmman
secret;Adjective, Noun;A2;sekrè
secretary;Noun;A2;sekretè
section;Noun;A1;seksyon
sector;Noun;B2;sektè
secure;Verb Adjective;B2;sekirite
security;Noun;B1;sekirite
see;Verb;A1;wè
seed;Noun;B1;pitit pitit
seek;Verb;B2;chache
seem;Verb;A2;sanble
select;Verb;B2;chwazi
selection;Noun;B2;seleksyon
self;Noun;B2;pwòp tèt ou
sell;Verb;A1;vann
send;Verb;A1;voye
senior;Adjective;B2;ansyen
sense;Noun Verb;A2, B2;sans
sensible;Adjective;B1;sansib
sensitive;Adjective;B2;sansib
sentence;Noun Verb;A1, B2;fraz
separate;Adjective, Verb;A2, B1;separe
September;Noun;A1;septanm
sequence;Noun;B2;sekans
series;Noun;A2;seri
serious;Adjective;A2;serye
seriously;Adverb;B1;seryezman
servant;Noun;B1;sèvitè
serve;Verb;A2;sèvi
service;Noun;A2;sèvis
session;Noun;B2;sesyon
set (put);Verb;B1;seri (mete)
set (group);Noun;B1;seri (gwoup)
setting;Noun;B1;anviwònman
settle;Verb;B2;rezoud
seven;number;A1;sèt
seventeen;number;A1;disèt
seventy;number;A1;swasanndis
several;det./proNoun;A2;plizyè
severe;Adjective;B2;grav
sex;Noun;B1;sèks
sexual;Adjective;B1;seksyèl
shade;Noun;B2;lonbraj
shadow;Noun;B2;lonbraj
shake;Verb Noun;A2, B1;souke
shall;modal Verb;A2;va
shallow;Adjective;B2;fon
shame;Noun;B2;wont
shape;Noun Verb;A2, B2;fòm
share;Verb Noun;A1, B1;pataje
sharp;Adjective;B1;byen file
she;proNoun;A1;li
sheep;Noun;A1;mouton
sheet;Noun;A2;fèy
shelf;Noun;B1;etajè
shell;Noun;B1;koki
shelter;Noun Verb;B2;abri
shift;Noun Verb;B1, B2;chanjman
shine;Verb;B1;klere
shiny;Adjective;B1;klere
ship;Noun Verb;A2, B2;bato
shirt;Noun;A1;chemiz
shock;Noun Verb;B2;chòk
shocked;Adjective;B2;choke
shoe;Noun;A1;soulye
shoot;Verb;B1;tire
shooting;Noun;B2;tire
shop;Noun Verb;A1;boutik
shopping;Noun;A1;fè makèt
short;Adjective;A1;kout
shot;Noun;B2;piki
should;modal Verb;A1;Yo ta dwe
shoulder;Noun;A2;zepòl
shout;Verb Noun;A2;sèl rèl byen
show;Verb Noun;A1;montre
shower;Noun;A1;douch
shut;Verb Adjective;A2;fèmen
shy;Adjective;B1;timid
sick;Adjective;A1;malad
side;Noun;A2;bò
sight;Noun;B1;je
sign;Noun Verb;A2;siy
signal;Noun Verb;B1;siyal
significant;Adjective;B2;enpòtan
significantly;Adverb;B2;siyifikativman
silence;Noun;B2;silans
silent;Adjective;B1;an silans
silk;Noun;B2;swa
silly;Adjective;B1;komik
silver;Noun Adjective;A2;ajan
similar;Adjective;A1;menm jan an
similarity;Noun;B1;resanblans
similarly;Adverb;B1;menm jan an tou
simple;Adjective;A2;senp
simply;Adverb;B1;Senpleman
since;prep. conj., Adverb;A2, B1;depi
sincere;Adjective;B2;sensè
sing;Verb;A1;Chante
singer;Noun;A1;chantè
singing;Noun;A2;chante
single;Adjective Noun;A2;sèl
sink;Verb;B1;koule
sir;Noun;A2;mesye
sister;Noun;A1;sè
sit;Verb;A1;chita
site;Noun;A2;sit
situation;Noun;A1;sitiyasyon
six;number;A1;sis
sixteen;number;A1;sèz
sixty;number;A1;swasant
size;Noun;A2;gwosè
ski;Verb Noun;A2;ski
skiing;Noun;A2;ski
skill;Noun;A1;konpetans
skin;Noun;A2;po
skirt;Noun;A1;jip
sky;Noun;A2;syèl
slave;Noun;B2;esklav
sleep;Verb , Noun;A1, A2;dòmi
slice;Noun Verb;B1;tranch
slide;Verb Noun;B2;glise
slight;Adjective;B2;ti tay
slightly;Adverb;B1;yon ti kras
slip;Verb;B2;glise
slope;Noun Verb;B2;pant
slow;Adjective , Verb;A1, B1;ralanti
slowly;Adverb;A2;tou dousman
small;Adjective;A1;ti
smart;Adjective;B1;entelijan
smartphone;Noun;A2;smartphone
smell;Verb Noun;A2;sant
smile;Verb Noun;A2;souri
smoke;Noun Verb;A2;lafimen
smoking;Noun;A2;fimen
smooth;Adjective;B1;lis
snake;Noun;A1;koulèv
snow;Noun Verb;A1;nèj
so;Adverb conj.;A1;se konsa
soap;Noun;A2;savon
soccer;Noun;A2;foutbòl
social;Adjective;A2;sosyal
society;Noun;A2;sosyete
sock;Noun;A2;chosèt
soft;Adjective;A2;mou
software;Noun;B1;lojisyèl
soil;Noun;B1;tè
solar;Adjective;B2;solèy
soldier;Noun;A2;sòlda
solid;Adjective Noun;B1;solid
solution;Noun;A2;solisyon
solve;Verb;A2;rezoud
some;det. proNoun;A1;kèk
somebody;proNoun;A1;yon moun
someone;proNoun;A1;yon moun
something;proNoun;A1;yon bagay
sometimes;Adverb;A1;pafwa
somewhat;Adverb;B2;yon ti jan
somewhere;Adverb proNoun;A2;yon kote
son;Noun;A1;pitit gason
song;Noun;A1;chante
soon;Adverb;A1;byento
sorry;Adjective exclam.;A1;regrèt
sort;Noun, Verb;A2, B1;sòt
soul;Noun;B2;nanm
sound;Noun Verb;A1;son
soup;Noun;A1;soup
source;Noun;A2;sous
south;Noun Adjective Adverb;A1;sid
southern;Adjective;B1;sid
space;Noun;A1;espas
speak;Verb;A1;pale
speaker;Noun;A2;oratè
special;Adjective;A1;espesyal
specialist;Noun Adjective;B2;espesyalis
species;Noun;B2;espès
specific;Adjective;A2;espesifik
specifically;Adverb;B1;espesyalman
speech;Noun;A2;diskou
speed;Noun, Verb;A2, B2;vitès
spell;Verb;A1;eple
spelling;Noun;A1;òtograf
spend;Verb;A1;pase
spending;Noun;B1;depans
spicy;Adjective;B1;Piquant
spider;Noun;A2;Spider
spirit;Noun;B1;lespri Bondye
spiritual;Adjective;B2;espirityèl
split;Verb Noun;B2;fann
spoken;Adjective;B1;pale
sponsor;Verb Noun;B2;sipòtè
spoon;Noun;A2;kiyè
sport;Noun;A1;espò
spot;Noun, Verb;B1, B2;plas
spread;Verb , Noun;B1, B2;gaye
spring;Noun, Verb;A1, B1;sezon prentan
square;Adjective Noun;A2;kare
stable;Adjective;B2;ki estab
stadium;Noun;B1;estad
staff;Noun;B1;anplwaye
stage;Noun, Verb;A2, B2;etap
stair;Noun;A2;eskalye
stamp;Noun;A2;koupon pou achte
stand;Verb , Noun;A1, B2;kanpe
standard;Noun Adjective;B1;estanda
star;Noun, Verb;A1, A2;zetwal
stare;Verb;B2;fikse
start;Verb , Noun;A1, A2;kòmanse
state;Noun, Adjective , v;A2, B1;eta
statement;Noun;A1;deklarasyon
station;Noun;A1;estasyon
statistic;Noun;B1;estatistik
statue;Noun;B1;estati
status;Noun;B2;estati
stay;Verb , Noun;A1, A2;rete
steady;Adjective;B2;fiks
steal;Verb;A2;vòlè
steel;Noun;B2;asye
steep;Adjective;B2;apik
step;Noun, Verb;A2, B2;etap
stick (push into/attach);Verb;B1;baton (pouse nan / tache)
stick (piece of wood);Noun;B1;baton (moso nan bwa)
sticky;Adjective;B2;kolan
stiff;Adjective;B2;rèd
still;Adverb , Adjective;A1, B1;toujou
stock;Noun;B2;stock
stomach;Noun;A2;vant
stone;Noun;A2;wòch
stop;Verb Noun;A1;sispann
store;Noun, Verb;A2, B1;magazen
storm;Noun;A2;tanpèt
story;Noun;A1;istwa
straight;Adverb Adjective;A2;dwat
strange;Adjective;A2;etranj
stranger;Noun;B1;moun lòt nasyon
strategy;Noun;A2;estrateji
stream;Noun;B2;kouran
street;Noun;A1;lari
strength;Noun;B1;fòs
stress;Noun Verb;A2;estrès
stretch;Verb Noun;B2;detire
strict;Adjective;B2;strik
strike;Verb Noun;B2;grèv
string;Noun;B1;fisèl
strong;Adjective;A1;fò
strongly;Adverb;B1;fòtman
structure;Noun, Verb;A2, B2;estrikti
struggle;Verb Noun;B2;lit
student;Noun;A1;elèv
studio;Noun;B1;estidyo
study;Noun Verb;A1;etid
stuff;Noun, Verb;B1, B2;bagay
stupid;Adjective;A2;estipid
style;Noun;A1;style
subject;Noun, Adjective;A1, B2;sijè
submit;Verb;B2;soumèt
substance;Noun;B1;sibstans
succeed;Verb;A2;reyisi
success;Noun;A1;siksè
successful;Adjective;A2;siksè
successfully;Adverb;B1;avèk siksè
such;det./proNoun;A2;sa yo
sudden;Adjective;B1;toudenkou
suddenly;Adverb;A2;toudenkou
suffer;Verb;B1;soufri
sugar;Noun;A1;sik
suggest;Verb;A2;sijere
suggestion;Noun;A2;sijesyon
suit;Noun, Verb;A2, B1;kostim
suitable;Adjective;B1;apwopriye
sum;Noun Verb;B2;sòm
summarize;Verb;B1;rezime
summary;Noun;B1;rezime
summer;Noun;A1;ete
sun;Noun;A1;solèy
Sunday;Noun;A1;Dimanch
supermarket;Noun;A1;makèt
supply;Noun Verb;B1;ekipman pou
support;Verb Noun;A2;sipò
supporter;Noun;B1;sipòtè
suppose;Verb;A2;ta kwè
sure;Adjective , Adverb;A1, A2;w
surely;Adverb;B1;siman
surface;Noun;B1;sifas
surgery;Noun;B2;operasyon
surprise;Noun Verb;A2;sipriz
surprised;Adjective;A2;sezi
surprising;Adjective;A2;etone
surround;Verb;B2;antoure
surrounding;Adjective;B2;ki antoure
survey;Noun, Verb;A2, B2;sondaj
survive;Verb;B1;siviv
suspect;Verb Noun;B2;sispèk
swear;Verb;B2;fè sèman
sweater;Noun;A1;chanday
sweep;Verb;B2;bale
sweet;Adjective Noun;A2;dous
swim;Verb , Noun;A1, B1;naje
swimming;Noun;A1;naje
switch;Verb , Noun;B1, B2;switch
symbol;Noun;A2;senbòl
sympathy;Noun;B2;senpati
symptom;Noun;B1;sentòm
system;Noun;A2;sistèm
table;Noun;A1;tab
tablet;Noun;A2;grenn
tail;Noun;B1;ke
take;Verb;A1;pran
tale;Noun;B2;istwa
talent;Noun;B1;talan
talented;Adjective;B1;talan
talk;Verb , Noun;A1, A2;pale
tall;Adjective;A1;wotè
tank;Noun;B2;tank
tape;Noun;B1;tep
target;Noun, Verb;A2, B2;sib
task;Noun;A2;travay
taste;Noun Verb;A2;gou
tax;Noun Verb;B1;taks
taxi;Noun;A1;taksi
tea;Noun;A1;te
teach;Verb;A1;anseye
teacher;Noun;A1;pwofesè
teaching;Noun;A2;ansèyman
team;Noun;A1;ekip
tear1;Verb Noun;B2;tear1
tear2;Noun;B2;tear2
technical;Adjective;B1;teknik
technique;Noun;B1;teknik
technology;Noun;A2;teknoloji
teenage;Adjective;A2;jèn
teenager;Noun;A1;tinedjè
telephone;Noun Verb;A1;telefòn
television;Noun;A1;televizyon
tell;Verb;A1;di
temperature;Noun;A2;tanperati
temporary;Adjective;B2;tanporè
ten;number;A1;dis
tend;Verb;B1;yo gen tandans
tennis;Noun;A1;tenis
tent;Noun;B1;tant
term;Noun, Verb;A2, B2;tèm
terrible;Adjective;A1;terib
test;Noun Verb;A1;tès
text;Noun, Verb;A1, A2;tèks
than;conj.;A1;pase
thank;Verb;A1;mèsi
thanks;exclam. Noun;A1;gras
that;det. proNoun conj., Adverb;A1, B1;ki
the;definite article;A1;nan
theatre;Noun;A1;teyat
their;det.;A1;yo
theirs;proNoun;B1;leur
them;proNoun;A1;yo
theme;Noun;B1;tèm
themselves;proNoun;A2;tèt yo
then;Adverb;A1;lè sa a,
theory;Noun;B1;teyori
therapy;Noun;B2;terapi
there;Adverb;A1;gen
therefore;Adverb;B1;Se poutèt sa
they;proNoun;A1;yo
thick;Adjective;A2;pwès
thief;Noun;A2;vòlè
thin;Adjective;A2;mens
thing;Noun;A1;bagay
think;Verb;A1;panse
thinking;Noun;A2;panse
third;number, Noun;A1, A2;twazyèm
thirsty;Adjective;A1;swaf dlo
thirteen;number;A1;trèz
thirty;number;A1;trant
this;det./proNoun, Adverb;A1, B1;sa a
though;conj. Adverb;B1;menm si
thought;Noun;A2;panse
thousand;number;A1;mil
threat;Noun;B2;menas
threaten;Verb;B2;menase
three;number;A1;twa
throat;Noun;B1;gòj
through;prep. Adverb;A1;a
throughout;prep./Adverb;B1;nan tout
throw;Verb;A2;voye jete
Thursday;Noun;A1;Jedi
thus;Adverb;B2;konsa
ticket;Noun;A1;tikè
tidy;Adjective v;A2;pwòp
tie;Verb Noun;A2;menm kantite vòt
tight;Adjective;B1;sere
till;conj./prep.;B1;jouk
time;Noun, Verb;A1, B2;tan
tin;Noun;B1;fèblan
tiny;Adjective;B1;ti
tip;Noun, Verb;A2, B1;pwent
tired;Adjective;A1;fatige
title;Noun;A1, B2;tit
to;prep., infinitive marker;A1; 
today;Adverb Noun;A1;jodi a
toe;Noun;B1;zòtèy
together;Adverb;A1;ansanm
toilet;Noun;A1;twalèt
tomato;Noun;A1;tomat
tomorrow;Adverb Noun;A1;demen
tone;Noun;B2;ton
tongue;Noun;B1;lang
tonight;Adverb n;A1;aswè a
too;Adverb;A1;twò
tool;Noun;A2;zouti
tooth;Noun;A1;dan
top;Noun, Adjective;A2;tèt
topic;Noun;A1;sijè
total;Adjective Noun;B1;manm
totally;Adverb;B1;totalman
touch;Verb , Noun;A2, B1;manyen
tough;Adjective;B2;difisil
tour;Noun, Verb;A2, B1;vwayaj
tourism;Noun;A2;touris
tourist;Noun;A1;touris
towards;prep.;A2;nan direksyon pou
towel;Noun;A2;sèvyèt
tower;Noun;A2;gwo kay won
town;Noun;A1;vil
toy;Noun, Adjective;A2;jwèt
track;Noun, Verb;A2, B2;swiv
trade;Noun, Verb;B1;komès
tradition;Noun;A2;tradisyon
traditional;Adjective;A2;tradisyonèl
traffic;Noun;A1;trafik
train;Noun, Verb;A1, A2;tren
trainer;Noun;A2;antrenè
training;Noun;A2;fòmasyon
transfer;Verb Noun;B2;transfè
transform;Verb;B2;transfòme
transition;Noun;B2;tranzisyon
translate;Verb;B1;tradui
translation;Noun;B1;tradiksyon
transport;Noun, Verb;A2, B1;transpò
travel;Verb Noun;A1;vwayaj
traveller;Noun;A2;vwayajè
treat;Verb;B1;trete
treatment;Noun;B1;tretman
tree;Noun;A1;pyebwa
trend;Noun;B1;tandans
trial;Noun;B2;jijman
trick;Noun Verb;B1;Trick
trip;Noun, Verb;A1, B2;vwayaj
tropical;Adjective;B2;twopikal
trouble;Noun, Verb;A2, B2;pwoblèm
trousers;Noun;A1;pantalon
truck;Noun;A2;kamyon
TRUE;Adjective;A1;VRÈ
truly;Adverb;B2;se vre wi:
trust;Noun Verb;B2;konfyans
truth;Noun;B1;verite
try;Verb , Noun;A1, B2;eseye
T-shirt;Noun;A1;Mayo
tube;Noun;B1;tib
Tuesday;Noun;A1;Madi
tune;Noun;B2;melodi
tunnel;Noun;B2;tinèl
turn;Verb Noun;A1;vire
TV;Noun;A1;televizyon
twelve;number;A1;douz
twenty;number;A1;ven
twice;Adverb;A1;de fwa
twin;Noun Adjective;A2;jimo
two;number;A1;de
type;Noun, Verb;A1, B1;kalite
typical;Adjective;A2;tipik
typically;Adverb;B1;tipikman
tyre;Noun;B1;kawotchou
ugly;Adjective;B1;lèd
ultimately;Adverb;B2;finalman
umbrella;Noun;A1;parapli
unable;Adjective;B1;kapab
uncle;Noun;A1;tonton
uncomfortable;Adjective;B1;alèz
unconscious;Adjective;B2;san konesans
under;prep. Adj;A1;anba
underground;Adjective Adverb;A2;anba tè
understand;Verb;A1;konprann
understanding;Noun;A2;konpreyansyon
underwear;Noun;B1;Souvètman
unemployed;Adjective;B1;pap travay
unemployment;Noun;B1;chomaj
unexpected;Adjective;B2;inatandi
unfair;Adjective;B1;malonèt
unfortunately;Adverb;A2;malerezman
unhappy;Adjective;A2;kontan
uniform;Noun;A2;inifòm
union;Noun;B1;sendika
unique;Adjective;B2;inik
unit;Noun;A2;inite
united;Adjective;A2;ini
universe;Noun;B2;linivè
university;Noun;A1;inivèsite
unknown;Adjective;B2;unknown
unless;conj.;B1;sof si
unlike;prep.;B1;kontrèman ak
unlikely;Adjective;B1;fasil
unnecessary;Adjective;B1;nesesè
unpleasant;Adjective;B1;dezagreyab
until;conj./prep.;A1;jouk
unusual;Adjective;A2;etranj
up;Adverb proNoun;A1;moute
update;Verb Noun;B1;aktyalizasyon
upon;prep.;B1;sou
upper;Adjective;B2;anwo
upset;Adjective v;B1;fache
upstairs;Adverb , Adjective;A1, A2;anwo kay
upwards;Adverb;B2;egal
urban;Adjective;B2;iben
urge;Verb;B2;ankouraje
us;proNoun;A1;nou
use;Verb , Noun;A1, A2;itilize
used;Adjective;B1;itilize
used to;modal Verb;A2;abitye
useful;Adjective;A1;itil
user;Noun;A2;itilizatè
usual;Adjective;A2;nòmal
usually;Adverb;A1;anjeneral
vacation;Noun;A1;vakans
valley;Noun;A2;fon
valuable;Adjective;B1;ki gen anpil valè
value;Noun, Verb;B1, B2;valè
van;Noun;A2;van
variety;Noun;A2;varyete
various;Adjective;B1;divès kalite
vary;Verb;B2;varye
vast;Adjective;B2;vas
vegetable;Noun;A1;legim
vehicle;Noun;A2;machin
venue;Noun;B2;pidevan
version;Noun;B1;vèsyon
very;Adverb , Adjective;A1, B1;trè
via;prep.;B2;atravè
victim;Noun;B1;viktim
victory;Noun;B2;viktwa
video;Noun;A1;videyo
view;Noun, Verb;A2,;View
viewer;Noun;B1;visualiseur
village;Noun;A1;vilaj
violence;Noun;B2;vyolans
violent;Adjective;B1;vyolan
virtual;Adjective;B2;vityèl
virus;Noun;A2;viris
vision;Noun;B2;vizyon
visit;Verb Noun;A1;vizit
visitor;Noun;A1;vizitè
visual;Adjective;B2;vizyèl
vital;Adjective;B2;enpòtan
vitamin;Noun;B2;vitamin
voice;Noun;A2;vwa
volume;Noun;B2;volim
volunteer;Noun Verb;B1;volontè
vote;Noun Verb;B1;vòt
wage;Noun;B2;salè
wait;Verb , Noun;A1, A2;rete tann
waiter;Noun;A1;gason
wake;Verb;A1;reveye
walk;Verb Noun;A1;mache
wall;Noun;A1;miray
want;Verb;A1;vle
war;Noun;A2;lagè
warm;Adjective , v;A1, B1;cho
warn;Verb;B1;avèti
warning;Noun;B1;avètisman
wash;Verb , Noun;A1, A2;lave
washing;Noun;A2;lave
waste;Noun v, Adjective;B1;gaspiye
watch;Verb Noun;A1;gade
water;Noun, Verb;A1, B1;dlo
wave;Noun;A2, B1;vag
way;Noun;A1, B2;fason
we;proNoun;A1;nou
weak;Adjective;A2;fèb
weakness;Noun;B2;feblès
wealth;Noun;B2;richès
wealthy;Adjective;B2;rich
weapon;Noun;B1;zam
wear;Verb;A1;mete
weather;Noun;A1;move tan
web;Noun;A2;sit
website;Noun;A1;sit entènèt
wedding;Noun;A2;maryaj
Wednesday;Noun;A1;Mèkredi
week;Noun;A1;semèn
weekend;Noun;A1;fen semèn
weigh;Verb;B1;peze
weight;Noun;A2;pwa
welcome;exclam. Verb Adjective , n;A1, A2;akeyi
well;Adverb , Adjective , exclam.;A1;byen
west;Noun Adjective Adverb;A1;lwès
western;Adjective;B1;lwès
wet;Adjective;A2;mouye
what;proNoun/det.;A1;Kisa
whatever;det./proNoun;B1;tou sa
wheel;Noun;A2;wou
when;Adverb proNounconj.;A1;Kilè
whenever;conj.;B1;chak fwa
where;Adverb conj.;A1;kote
whereas;conj.;B2;Lè nou konsidere ke
wherever;conj.;B2;tout kote
whether;conj.;B1;si wi ou non
which;proNoun/det.;A1;ki
while;conj., Noun;A2, B1;pandan y ap
whisper;Verb Noun;B2;chuichui
white;Adjective Noun;A1;blan
who;proNoun;A1;OMS
whole;Adjective , n;A2, B1;tout
whom;proNoun;B2;moun
whose;det./proNoun;A2;ki gen
why;Adverb;A1;poukisa
wide;Adjective;A2;lajè
widely;Adverb;B2;lajman
wife;Noun;A1;madanm
wild;Adjective;A2;bwa
wildlife;Noun;B2;bèt sovaj
will;modal, Noun Verb;A1,;pral
willing;Adjective;B2;vle
win;Verb , Noun;A1, B1;genyen
wind1;Noun;A2;wind1
wind2;Verb;B2;wind2
window;Noun;A1;fenèt
wine;Noun;A1;diven
wing;Noun;B1;zèl
winner;Noun;A2;gayan
winter;Noun;A1;sezon fredi
wire;Noun;B2;fil
wise;Adjective;B2;ki gen bon konprann
wish;Verb Noun;A2;vle
with;prep.;A1;ak
within;prep.;B1;nan
without;prep.;A1;san yo pa
witness;Noun Verb;B2;temwen
woman;Noun;A1;fanm
wonder;Verb Noun;B1;etonan
wonderful;Adjective;A1;bèl bagay
wood;Noun;A2;bwa
wooden;Adjective;A2;an bwa
wool;Noun;B1;lenn mouton
word;Noun;A1;mo
work;Verb Noun;A1;travay
worker;Noun;A1;travayè
working;Adjective;A2;k ap travay
world;Noun;A1;mond
worldwide;Adjective Adverb;B1;atravè lemond
worried;Adjective;A2;enkyete
worry;Verb Noun;A2, B1;enkyete
worse;Adjective, AdVerb Noun;A2,B1, B2;vin pi mal
worst;Adjective, AdVerb;A2,B1, B2;pi mal
worth;Adjective, Noun;B1, B2;vo
would;modal, Verb;A1;Ta
wound;Noun Verb;B2;blesi
wow;exclam.;A2;wow
wrap;Verv;B2;vlope
write;Verb;A1;ekri
writer;Noun;A1;ekriven
writing;Noun;A1;ekri
written;Adjective;B1;ekri
wrong;Adjective, AdVerb Noun;A1, B1, B2;mal
yard;Noun;B1;lakou
yeah;exclam.;A1;yeah
year;Noun;A1;ane
yellow;Adjective, Noun;A1;jòn
yes;exclam.;A1;repons lan se wi
yesterday;AdVerb Noun;A1;yè
yet;AdVerb conj.;A2, B2;ankò
you;proNoun;A1;ou
young;Adjective, Noun;A1, B1;jenn
your;det.;A1;ou
yours;proNoun;A2;ou
yourself;proNoun;A1;tèt ou
youth;Noun;B1;jèn
zero;number;A2;zewo
zone;Noun;B2;zòn
