a, an;indefinite, article;A1;kekahi, he
abandon;Verb;B2;haalele aku
ability;Noun;A2;hana
able;Adjective;A2;hiki
about;prep. Adverb;A1;e pili ana i
above;prep. Adverb;A1;luna o
abroad;Adverb;A2;wale aku
absolute;Adjective;B2;loa
absolutely;Adverb;B1;loa
academic;adj, Noun;B1, B2;nā hana
accept;Verb;A2;ʻae
acceptable;Adjective;B2;maliuia mai
access;Noun Verb;B1;ka hookipaia
accident;Noun;A2;ulia
accommodation;Noun;B1;noho
accompany;Verb;B2;pu
according to;prep.;A2;wahi a
account;Noun Verb;B1, B2;hoike
accurate;Adjective;B2;pololei
accuse;Verb;B2;hoopii
achieve;Verb;A2;hoʻokō '
achievement;Noun;B1;e piʻi like
acknowledge;Verb;B2;Ua palapala
acquire;Verb;B2;lilo iā ia
across;prep. Adverb;A1;ma
act;Verb Noun;A2,B1;hana
action;Noun;A1;hana
active;Adjective;A2;ʻeleu
activity;Noun;A1;ha awina
actor;Noun;A1;Mea Keaka
actress;Noun;A1;mea hana keaka
actual;Adjective;B2;maoli
actually;Adverb;A2;nae
ad;Noun;B1;hoʻolaha ma
adapt;Verb;B2;ke hakuloli i
add;Verb;A1;hoʻohui
addition;Noun;B1;Eia hou kekahi
additional;Adjective;B2;hou
address;Noun Verb;A1,B2;helu
administration;Noun;B2;hooponopono
admire;Verb;B1;mahalo loaʻia mai
admit;Verb;B1;ae aku
adopt;Verb;B2;apono i
adult;Noun adj;A1,A2;kanaka makua
Advance;Noun Verb adj;B2;Hoʻoholomua i ka
Advanced;Adjective;B1;i hoʻomaka me
Advantage;Noun;A2;lanakila
Adventure;Noun;A2;Honolulu
Advertise;Verb;A2;haʻi'ē aku
Advertisement;Noun;A2;hoolaha
Advertising;Noun;A2;hoʻolaha
Advice;Noun Verb;A1, B1;aʻo
affair;Noun;B2;hoʻokolokolo
affect;Verb;A2;lakou aloha ia
afford;Verb;B1;ke hoolawaia ma
afraid;Adjective;A1;makau iho la ia
after;prep. conj. Adverb;A1,A2;ma hope o
afternoon;Noun;A1;awakea
afterwards;Adverb;B2;mahope
again;Adverb;A1;hou
against;prep;A2;e ku e ia
age;Noun Verb;A1, B1;makahiki
aged;Adjective;B1;poe kahiko
agency;Noun;B2;oihana i komo
agenda;Noun;B2;papahana
agent;Noun;B1;hope paha
aggressive;Adjective;B2;ʻano pākīkē
ago;Adverb;A1;aku nei
agree;Verb;A1;ae
agreement;Noun;B1;'aelike
ah;exclam.;A2;Auwē
ahead;Adverb;B1;mamua
aid;Noun Verb;B2;kōkua
aim;Verb Noun;B1;AIM
air;Noun;A1;ea
aircraft;Noun;B2;mokulele
airline;Noun;A2;hawaii
airport;Noun;A1;Airport
alarm;Noun Verb;B1, B2;pū waikaua
album;Noun;B1;album aku
alcohol;Noun;B1;ka waiʻona i
alcoholic;Adjective;B1;kanakaʻona mau
alive;Adjective;A2;e ola ana
all;det. pron, Adverb;A1, A2;a pau
all right;Adjective, Adverb exclam;A2;hiki nō
allow;Verb;A2;ae
almost;Adverb;A2;ʻaneʻane
alone;Adjective, Adverb;A2;wale
along;prep. Adverb;A2;a
already;Adverb;A2;ua
also;Adverb;A1;no hoi
alter;Verb;B2;hoololi ae
alternative;Noun Adjective;A2, B1;kahi
although;conj;A2;eia nae
always;Adverb;A1;mau
amazed;Adjective;B1;pihoihoi
amazing;Adjective;A1;kupaianaha
ambition;Noun;B1;makemake
ambitious;Adjective;B1;pīhoihoi
among;prep.;A2;i waena o
amount;Noun Verb;A2, B2;huina i
analyse;Verb;B1;kālailai
analysis;Noun;B1;Ka Ikepili
ancient;Adjective;A2;kahiko
and;conj;A1;a me ka
anger;Noun;B2;ka huhu
angle;Noun;B2;huina
angry;Adjective;A1;huhu
animal;Noun;A1;holoholona
ankle;Noun;A2;na puupuu wawae
anniversary;Noun;B2;lā hoʻomanaʻo
announce;Verb;B1;haʻi aku
announcement;Noun;B1;kūkala
annoy;Verb;B1;annoy
annoyed;Adjective;B1;ʻano
annoying;Adjective;B1;ka lolouila
annual;Adjective;B2;makahiki
another;det. proNoun;A1;kekahi
answer;Noun Verb;A1;pane
anxious;Adjective;B2;manao nui
any;det. proNoun, Adverb;A1, A2;i kekahi
anybody;pron;A2;ōlaʻi
any more;Adverb;A2;hou
anyone;pron;A1;kekahi
anything;pron;A1;i kekahi mea
anyway;Adverb;A2;Hehe
anywhere;AdVerb proNoun;A2;anywhere
apart;Adverb;B1;kaawale
apartment;Noun;A1;keʻena
apologize;Verb;B1;mihi kēia
app;Noun;A2;mail app
apparent;Adjective;B2;maopopo
apparently;Adverb;B2;apparently
appeal;Noun Verb;B2;hoʻopiʻi kū'ē 'ana
appear;Verb;A2;hōʻike
appearance;Noun;A2;helehelena
apple;Noun;A1;kii onohi
application;Noun;B1;palapala noi
apply;Verb;A2;pili
appointment;Noun;B1;hookohu
appreciate;Verb;B1;mahalo
approach;Noun Verb;B2;kokoke loa i kahi
appropriate;Adjective;B2;hana kūpono
approval;Noun;B2;apono
approve;Verb;B2;apono
approximately;Adverb;B1;ka hola
April;Noun;A1;Apelila
architect;Noun;A2;kanaka kuhikuhi puʻuʻone
architecture;Noun;A2;kuhikuhipuʻuone
area;Noun;A1;wahi
argue;Verb;A2;hoʻopaʻapaʻa
argument;Noun;A2;i kekahi manaʻo hoʻopiʻi
arise;Verb;B2;e ala
arm;Noun;A1;kahiko iho
armed;Adjective;B2;kahikoia
arms;Noun;B2;i na mea kaua
army;Noun;A2;poe koa
around;prep. Adverb;A1;a puni
arrange;Verb;A2;hooponopono,
arrangement;Noun;A2;hoʻonoho 'ana
arrest;Verb Noun;B1;hopu
arrival;Noun;B1;ana
arrive;Verb;A1;hiki
art;Noun;A1;nō
article;Noun;A1;'atikala
artificial;Adjective;B2;ʻimi hoʻopunipuni
artist;Noun;A1;artist
artistic;Adjective;B2;noʻeau
as;prep., Adverb conj.;A1, A2;like
ashamed;Adjective;B2;hilahila
asleep;Adjective;A2;hiamoe
ask;Verb;A1;noi
aspect;Noun;B2;kēia lākiō
assess;Verb;B2;Loiloi i
assessment;Noun;B2;ka auhau
assignment;Noun;B1;paha
assist;Verb;B1;kokua
assistant;Noun Adjective;A2;hoalawehana na
associate;Verb;B2;hui pu
associated;Adjective;B2;hui pu
association;Noun;B2;ē aʻe
assume;Verb;B2;lawe
at;prep.;A1;ma
athlete;Noun;A2;'âlapa
atmosphere;Noun;B1;lewa
attach;Verb;B1;paʻa
attack;Noun Verb;A2;hoouka
attempt;Noun Verb;B2;hoao
attend;Verb;A2;i hele ai ma
attention;Noun exclam.;A2;hoolohe
attitude;Noun;B1;heluia, e
attract;Verb;B1;,ʻo
attraction;Noun;B1;attraction
attractive;Adjective;A2;uʻi
audience;Noun;A2;hoolohe
August;Noun;A1;Aukake
aunt;Noun;A1;makuahine
author;Noun;A2;mea kākau
authority;Noun;B1;o ke kauoha aupuni
autumn;Noun;A1;Akuma ka
available;Adjective;A2;loaʻa
average;Adjective, Noun Verb;A2, B1;ʻawelike
avoid;Verb;A2;ʻaloʻana
award;Noun Verb;A2, B1;ia nā kumu kāki
aware;Adjective;B1;manao
away;Adverb;A1;aku
awful;Adjective;A2;weliweli
baby;Noun;A1;bebe
back;Noun AdVerb Adjective, Verb;A1, A2, B2;hoʻi
background;Noun;A2;kāʻei kua
backwards;Adverb;B1;ia ma ka hope
bacteria;Noun;B2;koʻohune
bad;Adjective;A1;he ino paha
badly;Adverb;A2;ino
bag;Noun;A1;eke
bake;Verb;B1;hana kālua
balance;Noun Verb;B1;koena
ball;Noun;A1;poepoe
ban;Verb Noun;B1;Ban
banana;Noun;A1;maiʻa
band;Noun;A1;koa a
bank (money);Noun;A1;kuai kala (dala)
bank (river);Noun;B1;kapa (muliwai)
bar;Noun Verb;A2, B2;ka hoaka o
barrier;Noun;B2;ke'ākeʻakeʻa mai
base;Noun Verb;B1;kumu
baseball;Noun;A2;pâʻani pôhili '
based;Adjective;A2;me ka nānā '
basketball;Noun;A2;basketball
basic;Adjective;B1;kumu o
basically;Adverb;B2;holo nōhie
basis;Noun;B1;kumu
bath;Noun;A1;auau
bathroom;Noun;A1;lua
battery;Noun;B1;o na pu ki
battle;Noun Verb;B1, B2;ke kaua
be;Verb auxiliary Verb;A1;e
beach;Noun;A1;Hawaii
bean;Noun;A2;me ka pī
bear (deal with);Verb;B2;hoomanawanui (hana me)
bear (animal);Noun;A2;bea (holoholona)
beat;Verb Noun;A2, B2;kui iho
beautiful;Adjective;A1;uʻi
beauty;Noun;B1;nani
because;conj.;A1;no ka mea,
become;Verb;A1;lilo
bed;Noun;A1;moe
bedroom;Noun;A1;keena moe
bee;Noun;B1;nalo meli ia
beef;Noun;A2;pipi
beer;Noun;A1;pia
before;prep., conj. Adverb;A1, A2;mua
beg;Verb;B2;noi aku nei
begin;Verb;A1;hoʻomaka
beginning;Noun;A1;hoʻomaka
behave;Verb;A2;hana naʻauao
behaviour;Noun;A2;hana
behind;prep. Adverb;A1;mahope
being;Noun;B2;e liki
belief;Noun;B1;manaoio
believe;Verb;A1;manaoio
bell;Noun;B1;ka bele
belong;Verb;A2;pili ana
below;Adverb prep.;A1;ma lalo
belt;Noun;A2;kāʻei
bend;Verb Noun;B1;hoʻohei
benefit;Verb NouNoun;A2, B1;pono
bent;Adjective;B2;alo aku
best;Adjective, AdVerb Noun;A1, A2;maikai loa
bet;Verb Noun;B2;kumu pili
better;Adjective , Adverb , Noun;A1, A2, B1;maikaʻi aʻe
between;prep., Adverb;A1, A2;waena o
beyond;prep. Adverb;B2;mao aku
bicycle;Noun;A1;paikikala
big;Adjective;A1;nui
bike;Noun;A1;Bike
bill;Noun Verb;A1, B2;bila kanawai
billion number; ;A2;ieeeea? helu
bin;Noun;A2;pahu ukana
biology;Noun;A2;kālaimeaola
bird;Noun;A1;manu
birth;Noun;A2;hanau
birthday;Noun;A1;lā hānau
biscuit;Noun;A2;biscuit
bit;Noun;A2;iki
bite;Verb Noun;B1;nahu
bitter;Adjective;B2;awaawa
black;Adjective, Noun;A1;eleʻele
blame;Verb Noun;B2;ka hala ole
blank;Adjective, Noun;A2;pepa hakahaka
blind;Adjective;B2;makapo
block;Noun Verb;B1;aeie
blog;Noun;A1;moʻomanaʻo
blonde;Adjective;A1;anal
blood;Noun;A2;ke koko
blow;Verb;A2;puupuu
blue;Adjective, Noun;A1;polū
board;Noun Verb;A2, B1;ka papa
boat;Noun;A1;moku
body;Noun;A1;kino
boil;Verb;A2;hoʻolapalapa
bomb;Noun Verb;B1;pōkā pahū
bond;Noun;B2;hoopaa
bone;Noun;A2;iwi
book;Noun Verb;A1, A2;puke
boot;Noun;A1;kīpaku
border;Noun Verb;B1, B2;palena
bored;Adjective;A1;wili
boring;Adjective;A1;manakā
born;Verb;A1;hanau
borrow;Verb;A2;nonoi ke
boss;Noun;A2;aʻa Makehewa
both;det./proNoun;A1;nā
bother;Verb;B1;bother
bottle;Noun;A1;mole
bottom;NouNoun Adjective;A2;lalo
bowl;Noun;A2;pola
box;Noun;A1;pahu
boy;Noun;A1;keiki kāne
boyfriend;Noun;A1;boyfriend
brain;Noun;A2;lolo
branch;Noun;B1;lala
brand;Noun Verb;B1;momoku ahi
brave;Adjective;B1;koa loa
bread;Noun;A1;i ka berena
break;Verb Noun;A1;wanaao ae
breakfast;Noun;A1;aina kakahiaka
breast;Noun;B2;umauma
breath;Noun;B1;ka hanu
breathe;Verb;B1;hanu
breathing;Noun;B1;hanu
bride;Noun;B1;wahine mare
bridge;Noun;A2;alahaka o
brief;Adjective;B2;pōkole
bright;Adjective;A2;ao alohilohi i
brilliant;Adjective;A2;maikaʻi loa
bring;Verb;A1;lawe mai
broad;Adjective;B2;ka laulā
broadcast;Verb Noun;B2;hōʻike
broken;Adjective;A2;wawahiia
brother;Noun;A1;kaikuaʻana, kaikaina
brown;Adjective, Noun;A1;palaunu
brush;Verb Noun;A2;palaki
bubble;Noun;B1;Oe
budget;Noun;B2;Bedroom
build;Verb;A1;hana
building;Noun;A1;hana
bullet;Noun;B2;pōkā
bunch;Noun;B2;ahui
burn;Verb Noun;A2, B2;kuni i ka mea
bury;Verb;B1;kanu
bus;Noun;A1;oeia
bush;Noun;B2;lala laau
business;Noun;A1;hana
businessman;Noun;A2;pāʻoihana
busy;Adjective;A1;i'ō i
but;conj. prep;A1, B2;akā,
butter;Noun;A1;ka waiūpaʻa
button;Noun;A2;pihi
buy;Verb;A1;Buy
by;prep. Adverb;A1, B1;ma
bye;exclam;A1;aloha
cable;Noun;B2;uwea
cafe;Noun;A1;cafe
cake;Noun;A1;kaka
calculate;Verb;B2;o ia mau hōʻailona
call;Verb Noun;A1;kahea aku
calm;Adjective Verb Noun;B1;a malie iho la
camera;Noun;A1;pahupaʻiwikiō
camp;Noun Verb;A2;hoomoana
campaign;Noun Verb;B1;kai eʻe
camping;Noun;A2;anainoe
campus;Noun;B1;pā kula
can1;modal Verb;A1;can1
can2;Noun;A2;can2
cancel;Verb;B2;ana
cancer;Noun;B2;Ka maʻi 'aʻai
candidate;Noun;B1;moho
cannot;Verb;A1;hiki ole
cap;Noun;B1;chap
capable;Adjective;B2;hiki ia oe
capacity;Noun;B2;nona iho
capital;Noun Adjective;A1;poʻo
captain;Noun;B1;ka luna
capture;Verb Noun;B2;ka hopu
car;Noun;A1;kaʻa
card;Noun;A1;kāleka
care;Noun Verb;A2;mālama
career;Noun;A1;'oihana p
careful;Adjective;A2;manao
carefully;Adverb;A2;pono
careless;Adjective;B1;nānā aku
carpet;Noun;A2;moena
carrot;Noun;A1;carrot
carry;Verb;A1;oeaa ia?
cartoon;Noun;A2;kanak-
case;Noun;A2;hihia
cash;Noun;A2;dala
cast;Noun Verb;B2;nou mai i na
castle;Noun;A2;hale käkela
cat;Noun;A1;popoki
catch;Verb Noun;A2, B2;hoopahele ae la i
category;Noun;B1;waeʻano
cause;Noun Verb;A2;kumu
CD;Noun;A1;CD
ceiling;Noun;B1;palena
celebrate;Verb;A2;hoʻolauleʻa
celebration;Noun;B1;hookahakaha
celebrity;Noun;A2;celebrity
cell;Noun;B2;aeea
cent;Noun;A1;keneta
central;Adjective;B1;Central
centre;Noun Verb;A1, B1;kikowaena
century;Noun;A1;kenekulia
ceremony;Noun;B1;hana pili
certain;Adjective;A2;kekahi
certainly;Adverb;A2;oiaio
chain;Noun Verb;B1, B2;kaulahao
chair;Noun Verb;A1, B2;noho
chairman;Noun;B2;luna hoomalu
challenge;Noun Verb;B1, B2;ka hakaka ana
champion;Noun;B1;champion
chance;Noun;A2;wale
change;Verb Noun;A1;loli
channel;Noun;B1;Kanal
chapter;Noun;B1;mokuna
character;Noun;A2;pūʻulu
characteristic;Noun Adjective;B2;ano
charge;Noun Verb;B1;kauoha
charity;Noun;A2;aloha
chart;Noun Verb;A1, B2;pakuhi
chat;Verb Noun;A2;eʻauʻau kai
cheap;Adjective , Adverb;A1, B1;nike
cheat;Verb Noun;B1;'āpuhi
check;Verb Noun;A1, A2;ka huli
chef;Noun;A2;kānaka poʻo kuke
cheerful;Adjective;B1;ʻoluʻolu
cheese;Noun;A1;me ka waiū
chemical;Adjective, Noun;B1;Nine Inch
chemistry;Noun;A2;kemika
chest;Noun;B1;pahu
chicken;Noun;A1;ka moa
chief;Adjective, Noun;B2;Aliʻi
child;Noun;A1;keiki
childhood;Noun;B1;kamaliʻi
chip;Noun;A2;inoaia
chocolate;Noun;A1;kokoleka
choice;Noun;A2;maikai loa
choose;Verb;A1;koho
church;Noun;A2;ekalesia
cigarette;Noun;A2;uahi paka
cinema;Noun;A1;hale kiʻiʻoniʻoni
circle;Noun Verb;A2;hoa kanaka
circumstance;Noun;B2;'ole ke'
cite;Verb;B2;kuhikuhi aku i
citizen;Noun;B2;kamaaina wau
city;Noun;A1;kulanakauhale
civil;Adjective;B2;kanawai
claim;Verb Noun;B1;koi ana
class;Noun;A1;papa
classic;Adjective, Noun;B2;Classic
classical;Adjective;A2;panina
classroom;Noun;A1;lumi papa
clause;Noun;B1;o kēia
clean;Adjective, Verb;A1;maemae
clear;Adjective, Verb;A2, B1;moakaka
clearly;Adverb;A2;maopopo
clever;Adjective;A2;akamai
click;Verb Noun;B1;kaomi
client;Noun;B1;Client
climate;Noun;A2;aniau
climb;Verb Noun;A1, B1;pii ilona
clock;Noun;A1;uaki
close1;Verb Noun;A1, B2;close1
close2;Adjective , Adverb;A2, B1;close2
closed;Adjective;A2;paʻa
closely;Adverb;B2;pono
cloth;Noun;B1;lole
clothes;Noun;A1;lole
clothing;Noun;A2;lole
cloud;Noun;A2;ao
club;Noun;A1;laau palau
clue;Noun;B1;ahuoi
coach;Noun Verb;A2, B1;kaʻi
coal;Noun;B1;lanahu
coast;Noun;A2;palena
coat;Noun;A1;kapa
code;Noun;A2;kuhi
coffee;Noun;A1;kope
coin;Noun;B1;dala
cold;Adjective Noun;A1;anuanu
collapse;Verb Noun;B2;hāneʻe
colleague;Noun;A2;colleague
collect;Verb;A2;i 'ohi
collection;Noun;B1;haul
college;Noun;A1;kula nui
colour;Noun;A1;ka waihoʻoluʻu
coloured;Adjective;B1;nā pōpō
column;Noun;A2;kolamu
combination;Noun;B2;me ka hui pu
combine;Verb;B1;hui pu iho
come;Verb;A1;hele mai
comedy;Noun;A2;Comedy
comfort;Noun Verb;B2;ka oluolu a
comfortable;Adjective;A2;hoʻomaha
command;Noun Verb;B2;kauoha
comment;Noun Verb;A2, B1;manaʻo hoʻopuka
commercial;Adjective Noun;B1;kalepa
commission;Noun Verb;B2;ke aeia
commit;Verb;B1;hana
commitment;Noun;B2;ka hoʻokô '
committee;Noun;B2;komite
common;Adjective Noun;A1;, he pono ole
commonly;Adverb;B2;mau
communicate;Verb;A2;manawalea ana mai iaʻu
communication;Noun;B1;kamaʻilio
community;Noun;A2;kaiaulu
company;Noun;A1;hoa a pau
compare;Verb;A1;hoohalike
comparison;Noun;B1;e like me
compete;Verb;A2;paʻi
competition;Noun;A2;Competition
competitor;Noun;B1;competitor
competitive;Adjective;B1;nâ
complain;Verb;A2;hoi hoohewa aku
complaint;Noun;B1;hoopii
complete;Adjective Verb;A1;piha
completely;Adverb;A2;loa
complex;Adjective, Noun;B1, B2;eiiieaena
complicated;Adjective;B2;huikau
component;Noun;B2;ke keʻena
computer;Noun;A1;kamepiula
concentrate;Verb;B1;kiaʻana i kāna
concentration;Noun;B2;lehulehu
concept;Noun;B2;manaʻo
concern;Noun Verb;B2;e hopohopo nei
concerned;Adjective;B2;e pili ana
concert;Noun;A1;Concert
conclude;Verb;B1;hoʻopau
conclusion;Noun;B1;ka hopena
condition;Noun;A2;ke ano
conduct;Verb Noun;B2;ana
conference;Noun;A2;hālāwai
confidence;Noun;B2;ka wiwo ole
confident;Adjective;B1;maopopo koʻu manao i
confirm;Verb;B1;hōʻoia ana i
conflict;Noun Verb;B2;e kue ana
confuse;Verb;B1;hookahuli ai i
confused;Adjective;B1;hookahuli ai i
confusing;Adjective;B2;hookahuli ai i
connect;Verb;A2;ai pili aku
connected;Adjective;A2;e pili ana
connection;Noun;B1;e pili ana
conscious;Adjective;B2;manao
consequence;Noun;B1;no
conservative;Adjective, Noun;B2;makeʻe kulana
consider;Verb;A2;noonoo
consideration;Noun;B2;noonoo
consist;Verb;B1;komo
consistent;Adjective;B2;pahuhopu nei
constant;Adjective;B2;a eia i
constantly;Adverb;B2;mau
construct;Verb;B2;? ieoaeunoai
construction;Noun;B2;? ieoaeunoai
consume;Verb;B1;hoʻopau
consumer;Noun;B1;consumer
contact;Noun Verb;B1;Hoʻokaʻaʻike
contain;Verb;A2;no
container;Noun;B1;ipu
contemporary;Adjective;B2;Contemporary
content;Noun;B1;maʻiʻo
contest;Noun Verb;B2;hoopapa
context;Noun;A2;pōʻaiapili
continent;Noun;A2;'āinapuniʻole
continue;Verb;A2;hoʻomau
continuous;Adjective;B1;ana
contract;Noun Verb;B2;aelike
contrast;Noun Verb;B1;Akä naÿe no nä
contribute;Verb;B2;haawi
contribution;Noun;B2;na makana
control;Noun Verb;A2;hoʻoholo
convenient;Adjective;B1;pono
conversation;Noun;A1;kamailio
convert;Verb;B2;ho ololi
convince;Verb;B1;ua hoomaopopoia kekahi poe
convinced;Adjective;B2;hoomaopopoia
cook;Verb Noun;A1, A2;ke kuke
cooker;Noun;A2;cooker
cooking;Noun;A1;sayings
cool;Adjective, Verb;A1, B1;anu
copy;Noun Verb;A2;kope
core;Noun Adjective;B2;kāna mau 'ōlelo
corner;Noun;A2;ke kihi
corporate;Adjective;B2;hui kālepa
correct;Adjective Verb;A1;pololei
correctly;Adverb;A2;pono
cost;Noun Verb;A1;kāki
costume;Noun;B1;lole
cottage;Noun;B1;e eiooaa?
cotton;Noun;B1;pulupulu
could;Verb;A1;hiki
council;Noun;B2;ahaolelo
count;Verb Noun;A2, B1;helu
country;Noun;A1;aupuni
countryside;Noun;B1;aina
county;Noun;B2;kalana
couple;Noun;A2;hui i
courage;Noun;B2;ikaika
course;Noun;A1;holo ana
court;Noun;B1;ke aloaliʻi
cousin;Noun;A1;hoa hānau
cover;Verb Noun;A2, B1;uhi
covered;Adjective;B1;uhiia
cow;Noun;A1;bipi
crash;Noun Verb;B2;kui
crazy;Adjective;A2;lōlō
cream;Noun Adjective;A1, B1;holika
create;Verb;A1;ho okumu i
creation;Noun;B2;hanaia'na
creative;Adjective;A2;makakū
creature;Noun;B2;kanaka a pau
credit;Noun Verb;A2, B2;aie
crew;Noun;B2;moku
crime;Noun;A2;hewa
criminal;Noun Adjective;A2, B1;karaima
crisis;Noun;B2;hoʻoponopono ulia
criterion;Noun;B2;ana
critic;Noun;B2;kiʻiʻoniʻoni
critical;Adjective;B2;noho pilikia
criticism;Noun;B2;noʻonoʻo loi
criticize;Verb;B2;nema aku ana
crop;Noun;B2;kekahi mea kanu
cross;Verb Noun;A2;laau kea maluna
crowd;Noun;A2;lehulehu
crowded;Adjective;A2;i lulumi mai
crucial;Adjective;B2;ʻano nui
cruel;Adjective;B1;ino
cry;Verb Noun;A2, B2;kahea ana
cultural;Adjective;B1;moÿomeheu
culture;Noun;A1;moʻomeheu
cup;Noun;A1;kiaha
cupboard;Noun;A2;cupboard
cure;Verb Noun;B2;hoolaia
curly;Adjective;A2;curly
currency;Noun;B1;kālā
current;Adjective, Noun;B1, B2;ʻikena
currently;Adverb;B1;Ke
curtain;Noun;B1;pale
curve;Noun Verb;B2;hālawa
curved;Adjective;B2;Hālawa
custom;Noun;B1;Ua maa no
customer;Noun;A1;Customer
cut;Verb , Noun;A1, B1;e oki ai
cycle;Noun Verb;A2, B1;pōʻaiapuni
dad;Noun;A1;makuakāne
daily;Adjective, Adverb;A2, B1;kela la i keia
damage;Noun Verb;B1;poho
dance;Noun Verb;A1;haa
dancer;Noun;A1;hula
dancing;Noun;A1;ka haa ana
danger;Noun;A2;pilikia o
dangerous;Adjective;A1;pilikia loa
dark;Adjective, Noun;A1, A2;ka pouli o
data;Noun;A2;ʻikepili
date;Noun Verb;A1, B2;lā
daughter;Noun;A1;kaikamahine
day;Noun;A1;lā
dead;Adjective;A2;make
deal;Verb Noun;A2, B1;hana
dear;Adjective, exclam;A1, A2;mea makemake noʻu
death;Noun;A2;make
debate;Noun Verb;B2;hoopaapaa ana
debt;Noun;B2;aie
decade;Noun;B1;makahiki
December;Noun;A1;Kekemapa
decent;Adjective;B2;kohu kūpono
decide;Verb;A1;hooholo
decision;Noun;A2;olelo hooholo
declare;Verb;B2;e hai aku
decline;Verb Noun;B2;hoole mai oia
decorate;Verb;B1;decorate
decoration;Noun;B2;mea hoʻonani
decrease;Verb Noun;B2;emi
deep;Adjective, Adverb;A2, B1;hohonu
deeply;Adverb;B2;kaumaha
defeat;Verb Noun;B2;make
defence;Noun;B2;ke pale ana
defend;Verb;B2;hoomalu aku ia
define;Verb;B1;hoakaka
definite;Adjective;B1;definite
definitely;Adverb;A2;maopopo leʻa
definition;Noun;B1;ka wehewehena
degree;Noun;A2;ka papahelu
delay;Verb Noun;B2;kali hou aku;
deliberate;Adjective;B2;deliberate
deliberately;Adverb;B2;ka noonoo e
delicious;Adjective;A1;ono
delight;Verb Noun;B2;e makemake nei
delighted;Adjective;B2;olioli ole
deliver;Verb;B1;hoopakele
delivery;Noun;B2;haawi
demand;Noun Verb;B2;koi
demonstrate;Verb;B2;E maopopo ana
dentist;Noun;A2;dentist
deny;Verb;B2;hoole
department;Noun;A2;'Oihana
departure;Noun;B1;'ana aʻe
depend;Verb;A2;hilinai aku
depressed;Adjective;B2;kaumaha lakou
depressing;Adjective;B2;e kaumaha ana
depth;Noun;B2;ka hohonu
describe;Verb;A1;e wehewehe i
description;Noun;A1;hōʻikeʻano
desert;Noun Verb;A2, B2;wao akua
deserve;Verb;B2;pono
design;Noun Verb;A1;mea i manao ai
designer;Noun;A2;akamai
desire;Noun Verb;B2;makemake
desk;Noun;A1;päkaukau
desperate;Adjective;B2;ʻAʻole eʻole ke
despite;prep;B1;mamua
destination;Noun;B1;mākaʻikaʻi
destroy;Verb;A2;luku
detail;Noun Verb;A1, B2;au mamuli
detailed;Adjective;B2;ike piha
detect;Verb;B2;huai ae
detective;Noun;A2;Anohana
determine;Verb;B1;hooholo
determined;Adjective;B1;ka manao o lakou
develop;Verb;A2;hoʻomōhala
development;Noun;B1;ulu ana
device;Noun;A2;lima kūlana kiʻekiʻe
diagram;Noun;B1;kiʻikuhi ma
dialogue;Noun;A1;ʻano o
diamond;Noun;B1;daimana
diary;Noun;A2;diary
dictionary;Noun;A1;puke wehewehe
die;Verb;A1;make
diet;Noun;A1;ʻai
difference;Noun;A1;koena unuhi
different;Adjective;A1;kekahi mau
differently;Adverb;A2;okoa
difficult;Adjective;A1;paʻakikī
difficulty;Noun;B1;pilikia
dig;Verb;B2;eli
digital;Adjective;A2;kikohoʻe
dinner;Noun;A1;ka ai ana
direct;Adjective, Verb Adverb;A2, B1;kauoha
direction;Noun;A2;kuhikuhi ana
directly;Adverb;B1;pono
director;Noun;A2;mea kuhikuhi
dirt;Noun;B1;lepo
dirty;Adjective;A1;ʻino
Dis Adverbantage;Noun;B1;kēia Adverbantage
disagree;Verb;A2;kū'ē'ē '
disappear;Verb;A2;nalo
disappointed;Adjective;B1;loaa ole
disappointing;Adjective;B1;loaa ole ia
disaster;Noun;A2;ka hewa
disc;Noun;B2;iwi kuamoʻo
discipline;Noun;B2;koʻikoʻi
discount;Noun Verb;B1, B2;uku ho'ēmi
discover;Verb;A2;ike mai ai ia
discovery;Noun;A2;Kaka
discuss;Verb;A1;kūkākūkā
discussion;Noun;A2;kūkākūkā
disease;Noun;A2;maʻi
dish;Noun;A1;pa, oia no
dishonest;Adjective;B2;kolohe
dislike;Verb Noun;B1;ole nae
dismiss;Verb;B2;kāpae i
display;Verb Noun;B2;ia ka
distance;Noun;A2;mamao
distribute;Verb;B2;haawi
distribution;Noun;B2;hoi o ka makana
district;Noun;B2;apana
divide;Verb Noun;B1, B2;māhele
division;Noun;B2;mahele
divorced;Adjective;A2;wahine hemo la
do;Verb auxiliary verb;A1;hana
doctor;Noun;A1;kauka
document;Noun Verb;A2, B2;palapala
documentary;Noun;B1;Documentary
dog;Noun;A1;'īlio
dollar;Noun;A1;dala
domestic;Adjective;B2;wahi lulu
dominate;Verb;B2;Kīwala'ō
donate;Verb;B1;E lūlū mai
door;Noun;A1;puka
double;Adjective det. proNoun Verb , Adverb;A2, B1;palua
doubt;Noun Verb;B1;kanalua
down;Adverb Prep;A1;ia
download;Verb Noun;A2;Download
downstairs;Adverb , Adjective;A1, A2;downstairs
downwards;Adverb;B2;e kō ana
dozen;Noun det;B2;kakini
draft;Noun Verb;B2;kikoo
drag;Verb;B2;kauo
drama;Noun;A2;hana keaka
dramatic;Adjective;B2;hana keaka
draw;Verb;A1;huki
drawing;Noun;A2;unuhi
dream;Noun Verb;A2;moe
dress;Noun Verb;A1;male
dressed;Adjective;B1;lapaauia
drink;Noun Verb;A1;inu
drive;Verb Noun;A1, A2;makou a holo
driver;Noun;A1;O Keaukaha
driving;Noun;A2;e hoohauhee ana
drop;Verb Noun;A2, B1;papa
drug;Noun;A2;lāʻau
drum;Noun;B1;pahu
drunk;Adjective;B1;inu i ka
dry;Adjective, Verb;A2;maloo
due;Adjective;B1;manawa
during;prep;A1;iloko o
dust;Noun;B1;ka lepo
duty;Noun;B1;hana
DVD;Noun;A1;DVD
each;det./proNoun/Adverb;A1;kēlā me kēia
ear;Noun;A1;pepeiao
early;Adjective Adverb;A1;i kakahiaka nui
earn;Verb;A2;loaʻa
earth;Noun;A2;ka honua nei
earthquake;Noun;B1;ōlaʻi
easily;Adverb;A2;hiki wawe ka
east;Noun Adjective Adverb;A1;ka hikina
eastern;Adjective;B1;hikina
easy;Adjective;A1;ka oluolu
eat;Verb;A1;ai
economic;Adjective;B1;hoʻokele waiwai
economy;Noun;B1;hoʻokele waiwai
edge;Noun;B1;lihi
edit;Verb;B2;hoʻoponopono
edition;Noun;B2;paiia
editor;Noun;B1;hoʻoponopono
educate;Verb;B1;hoʻonaʻauao
educated;Adjective;B1;hoʻonaʻauao
education;Noun;A2;ka hoʻonaʻauao
educational;Adjective;B1;ka hoʻonaʻauao '
effect;Noun;A2;kanawai
effective;Adjective;B1;pono ka
effectively;Adverb;B1;ka pono
efficient;Adjective;B2;efficient
effort;Noun;B1;ke kākoʻo 'ana
egg;Noun;A1;hua
eight;number;A1;ewalu
eighteen;number;A1;umikumāwalu
eighty;number;A1;kanawalu
either;det./proNoun Adverb;A2;kekahi
elderly;Adjective;B2;kūpuna i
elect;Verb;B2;poe i waeia
election;Noun;B1;koho
electric;Adjective;A2;pila nui
electrical;Adjective;A2;uila
electricity;Noun;A2;uila
electronic;Adjective;A2;uila
element;Noun;B1;hehee ai
elephant;Noun;A1;Elephant
eleven;number;A1;umikumākahi
else;Adverb;A1;e ae
elsewhere;Adverb;B2;wahi
email;Noun Verb;A1;leka uila
embarrassed;Adjective;B1;hilahila
embarrassing;Adjective;B1;Waladema aole
emerge;Verb;B2;i waho o
emergency;Noun;B1;pilikia
emotion;Noun;B1;loka
emotional;Adjective;B2;mea naʻau
emphasis;Noun;B2;hoʻokoʻikoʻi
emphasize;Verb;B2;Ua kuapo
employ;Verb;A2;hoolimalima
employee;Noun;A2;limahana
employer;Noun;A2;haku hana
employment;Noun;B1;hana
empty;Adjective, Verb;A2, B1;ninini aku i ko
enable;Verb;B2;ho'ā
encounter;Verb Noun;B2;poe Setoiko
encourage;Verb;B1;paipai
end;Noun Verb;A1;hopena
ending;Noun;A2;pau
enemy;Noun;B1;ʻenemi
energy;Noun;A2;ka ikehu
engage;Verb;B2;komo '
engaged;Adjective;B1;hoʻoili
engine;Noun;A2;engine
engineer;Noun;A2;lunaʻenehana
engineering;Noun;B1;enekinia,
enhance;Verb;B2;ka hōʻoi '
enjoy;Verb;A1;komo i ka
enormous;Adjective;A2;alahula mau
enough;det. proNoun Adverb;A1;lawa
enquiry;Noun;B2;ninau
ensure;Verb;B2;hōʻoia '
enter;Verb;A2;komo
entertain;Verb;B1;ke awa o
entertainment;Noun;B1;lealea
enthusiasm;Noun;B2;ohohia
enthusiastic;Adjective;B2;hoihoi
entire;Adjective;B2;holoʻokoʻa
entirely;Adverb;B2;loa
entrance;Noun;B1;komo
entry;Noun;B1;e komo ai
environment;Noun;A2;i hoʻolilo 'ia
environmental;Adjective;B1;? aneie
episode;Noun;B1;episode
equal;Adjective, Verb Noun;B1, B2;like
equally;Adverb;B1;like
equipment;Noun;A2;lako a
error;Noun;A2;hewa
escape;Verb Noun;B1;pakele
especially;Adverb;A2;ka oi aku
essay;Noun;A2;(essay)
essential;Adjective;B1;nui
establish;Verb;B2;hookupaa
estate;Noun;B2;waiwai
estimate;Verb Noun;B2;olelo
ethical;Adjective;B2;pono
euro;Noun;A1;Euro
evaluate;Verb;B2;loiloi i
even;AdVerb Adjective;A1, B2;a hiki
evening;Noun;A1;ahiahi
event;Noun;A1;hanana
eventually;Adverb;B1;e ho'ōla
ever;Adverb;A1;loa
every;det;A1;o kela kanaka
everybody;proNoun;A1;i na
everyday;Adjective;A2;nā lā āpau
everyone;proNoun;A1;a pau
everything;proNoun;A1;na mea a pau
everywhere;Adverb;A2;na wahi a
evidence;Noun;A2;hoike
evil;Adjective, Noun;B2;ka hewa
exact;Adjective;A2;mau
exactly;Adverb;A2;me kēia nui
exam;Noun;A1;hōʻike
examination;Noun;B2;keia hookolokolo ana
examine;Verb;B1;hoike
example;Noun;A1;Eia kekahi laʻana
excellent;Adjective;A2;maikaʻi loa
except;prep, conj;A2, B1;koe nae
exchange;Noun Verb;B1;e loaa hou mai
excited;Adjective;A1;e inu nei
excitement;Noun;B1;pīhoihoi
exciting;Adjective;A1;pīhoihoi
excuse;Noun Verb;B2;ka olelo e
executive;Noun Adjective;B2;hooko
exercise;Noun Verb;A1;hoʻokō '
exhibition;Noun;B1;exhibition
exist;Verb;A2;hoi ma-
existence;Noun;B2;lakou ola
expand;Verb;B1;hoʻonui
expect;Verb;A2;manaʻo
expectation;Noun;B2;iakou
expected;Adjective;B1;manao
expedition;Noun;B1;huakaʻi
expense;Noun;B2;lehulehu
expensive;Adjective;A1;pipiʻi
experience;Noun Verb;A2, B1;ka hoao ana
experienced;Adjective;B1;inā pilikia ka haumāna
experiment;Noun Verb;A2, B1;hoʻokolohua
expert;Noun Adjective;A2;i makaukau
explain;Verb;A1;hoakaka
explanation;Noun;A2;olelo hoakaka
explode;Verb;B1;explode
exploration;Noun;B2;ʻimi loa i ka lewa
explore;Verb;B1;makaikai i
explosion;Noun;B1;Naita me
export;Noun Verb;B1;mea hoʻolilo
expose;Verb;B2;kiola aku la i
express;Verb;A2;Express
expression;Noun;A2;'aoʻao o
extend;Verb;B2;hohola aku
extent;Noun;B2;loa
external;Adjective;B2;mawaho
extra;Adjective, Noun Adverb;A1, B1;keu
extraordinary;Adjective;B2;kekahi
extreme;Adjective, Noun;A2, B2;loa
extremely;Adverb;A2;loa
eye;Noun;A1;maka
face;Noun Verb;A1, B1;maka
facility;Noun;B2;Hoʻonaʻauao
fact;Noun;A1;mea
factor;Noun;A2;ololi
factory;Noun;A2;hola
fail;Verb;A2;'ole' aʻole
failure;Noun;B2;ole
fair;Adjective;A2;nani kou
fairly;Adverb;B1;'ano
faith;Noun;B2;manaoio
fall;Verb Noun;A1, A2;haule
FALSE;Adjective;A1;wahahee oe
familiar;Adjective;B1;kama'āina
family;Noun Adjective;A1;ohana
famous;Adjective;A1;kaulana
fan;Noun;A2;hoʻopuehu lākou
fancy;Verb Adjective;B1;moemoeā
fantastic;Adjective;A1;fantastic
far;Adverb , Adjective;A1, B1;loa
farm;Noun Verb;A1, A2;mahiʻai
farmer;Noun;A1;mahiai
farming;Noun;A2;mahiʻai
fascinating;Adjective;B1;kupaianaha
fashion;Noun;A2;pahaohao mai la
fashionable;Adjective;B1;kaila
fast;Adjective, Adverb;A1;hookeai
fasten;Verb;B1;hoʻopaʻa
fat;Adjective, Noun;A1, A2;momona
father;Noun;A1;makuakāne
fault;Noun;B2;hoohewaʻe
favour;Noun Verb;B1, B2;lokomaikaʻi
favourite;Adjective, Noun;A1;punahele
fear;Noun Verb;A2, B1;makau
feather;Noun;B2;hulu
feature;Noun Verb;A2, B1;hiʻona
February;Noun;A1;Pepeluali
fee;Noun;B2;uku
feed;Verb Noun;A2, B2;hānai
feedback;Noun;B2;manaʻo
feel;Verb Noun;A1, B2;haha aku
feeling;Noun;A1;like
fellow;Adjective;B2;hoa
female;Adjective, Noun;A2;wahine
fence;Noun;B1;pa
festival;Noun;A1;ahaaina
few;det./Adjective, proNoun;A1;kakaikahi
fiction;Noun;A2;fiction
field;Noun;A2;kahua
fifteen;number;A1;umikumālima
fifth;number;A1;ka lima
fifty;number;A1;kanalima
fight;Verb Noun;A2;kaua
fighting;Noun;B1;kaua
figure;Noun Verb;A2, B2;huahelu
file;Noun Verb;B1, B2;waihona
fill;Verb;A1;māʻona
film;Noun Verb;A1, A2;ho film
final;Adjective, Noun;A1, A2;hope loa
finally;Adverb;A2;hope
finance;Noun Verb;B2;waiwai
financial;Adjective;B1;kālā
find;Verb;A1;loaʻa
finding;Noun;B2;mea i hoʻoholo '
fine;Adjective;A1;ke olonā
finger;Noun;A2;manamana lima
finish;Verb Noun;A1, A2;hoʻopau
fire;Noun Verb;A1, B1;ahi
firm;Noun;B2;kupaa lakou
first;det./number.AdVerb Noun;A1, A2;ka mua
firstly;Adverb;A2;mua
fish;Noun Verb;A1, A2;iʻa
fishing;Noun;A2;lawaia
fit;Verb Adjective;A2;ia e pono
fitness;Noun;B1;hola
five;number;A1;elima
fix;Verb Noun;A2, B2;Lokomaikaʻi
fixed;Adjective;B1;haka pono
flag;Noun;B1;ia? aiina
flame;Noun;B2;lapalapa ahi
flash;Noun Verb;B2;waihonaʻike
flat;Noun Adjective;A1, A2;i lalo
flexible;Adjective;B2;'ōlewa
flight;Noun;A1;holo ana
float;Verb;B2;lana
flood;Noun Verb;B1;kai a Kahinaliʻi
floor;Noun;A1;hehi palaoa
flour;Noun;B1;ka palaoa i
flow;Verb Noun;B1;kahe ana
flower;Noun;A1;ka pua
flu;Noun;A2;maʻi palū
fly;Verb Noun;A1, A2;lele
flying;Noun Adjective;A2;lele ana
focus;Verb Noun;A2;pulakaumaka
fold;Verb Noun;B1, B2;pa
folding;Adjective;B2;pelu
folk;Noun Adjective;B1;hoolaʻi
follow;Verb;A1;hahai
following;Adjective, Noun prep;A2, B1, B2;kēia mau
food;Noun;A1;ka ai
foot;Noun;A1;wawae
football;Noun;A1;pôpeku
for;prep.;A1;no ka
force;NounVerb;B1;poe ikaika no lakou
foreign;Adjective;A2;haole
forest;Noun;A2;ululaau
forever;Adverb;B1;no ka wa pau
forget;Verb;A1;poina
forgive;Verb;B2;kala mai
fork;Noun;A2;ke'ō
form;NounVerb;A1;palapala
formal;Adjective;A2;olelo
former;Adjective;B2;mua
fortunately;Adverb;A2;mea pōmaikaʻi
fortune;Noun;B2;ka pomaikai
forty;number;A1;kanaha
forward;AdVerb Adjective;A2, B2;i mua
found;Verb;B2;loaʻa
four;number;A1;lau
fourteen;number;A1;umikumāhā
fourth;number;A1;ka 'ehā
frame;NounVerb;B1;wahi ponoi
free;Adjective, AdVerb Verb;A1,A2,B2;noa
freedom;Noun;B2;ku okoa ana
freeze;Verb;B1;pa ahau ke
frequency;Noun;B2;alapine (frequency)
frequently;Adverb;B1;pinepine
fresh;Adjective;A2;hawaiian
Friday;Noun;A1;Pōʻalima
fridge;Noun;A2;hau
friend;Noun;A1;hoa
friendly;Adjective;A1;aloha
friendship;Noun;B1;aloha
frighten;Verb;B1;o kona makau i
frightened;Adjective;B1;ka weliweli
frightening;Adjective;B1;o kona makau i
frog;Noun;A2;rana
from;prep;A1;mai
front;Noun Adjective;A1;alo
frozen;Adjective;B1;paʻahau
fruit;Noun;A1;ka hua
fry;Verb;B1;fry
fuel;Noun Verb;B1, B2;wahie
full;Adjective;A1;piha
fully;Adverb;B2;loa
fun;Noun Adjective;A1, A2;leʻaleʻa
function;Noun Verb;B1, B2;kuleana pili i
fund;Noun Verb;B2;puu dala
fundamental;Adjective;B2;apau o
funding;Noun;B2;hoʻolako 'ia o
funny;Adjective;A1;hoʻomākeʻaka
fur;Noun;B1;für
furniture;Noun;A2;lako
further;Adjective, Adverb;A2, B1;hou ia
furthermore;Adverb;B2;eia hou
future;Noun Adjective;A1, A2;wā e hiki mai
gain;Verb Noun;B2;waiwai i loaa
gallery;Noun;A2;gale
game;Noun;A1;holoholona hihiu
gang;Noun;B2;nā koa i
gap;Noun;A2;nahā i
garage;Noun;B1;aoeaiia caaiea
garden;Noun;A1;mala
gas;Noun;A2;kinoea
gate;Noun;A2;ka puka pā o
gather;Verb;B1;houluulu
general;Adjective;A2;kekahi mau
generally;Adverb;B1;ano laulā,
generate;Verb;B2;paha
generation;Noun;B1;hanauna
generous;Adjective;B1;lokomaikaʻi
genre;Noun;B2;Ke 'ano moʻokalaleo
gentle;Adjective;B1;akahai
gentleman;Noun;B1;keonimana
geography;Noun;A1;Tilly
get;Verb;A1;E
ghost;Noun;B1;uhane
giant;Adjective, Noun;B1;kanaka nunui
gift;Noun;A2;makana
girl;Noun;A1;kaikamahine
girlfriend;Noun;A1;Nalohia
give;Verb;A1;haawi
glad;Adjective;B1;olioli iho la lakou
glass;Noun;A1;aniani
global;Adjective;B1;global
glove;Noun;B1;lima ma
go;Verb Noun;A1, B1;hele
goal;Noun;A2;pahu hopu
God;Noun;A2;ke Akua
gold;Noun Adjective;A2;gula
golf;Noun;A2;kolepa
good;Adjective, Noun;A1, A2;maikaʻi loa
goodbye;exclam. Noun;A1;Aloha
goods;Noun;B1;waiwai
govern;Verb;B2;hoomalu aku
government;Noun;A2;aupuni
grab;Verb;B2;mea loaʻa
grade;Noun Verb;B1, B2;ke kaha
gradually;Adverb;B2;i nā
graduate;Noun Verb;B1;puka
grain;Noun;B1;hua liilii
grand;Adjective;B2;Kiure
grandfather;Noun;A1;kupunakāne
grandmother;Noun;A1;kupunawahine
grandparent;Noun;A1;kupuna
grant;Verb Noun;B2;e ae mai
grass;Noun;A2;ka mauu
grateful;Adjective;B1;mahalo
great;Adjective;A1;nui
green;Adjective, Noun;A1;ōmaʻomaʻo
greet;Verb;A2;i liiki ai
grey;Adjective, Noun;A1;Hinahina
ground;Noun;A2;honua
group;Noun;A1;pūʻulu
grow;Verb;A1;ulu ana
growth;Noun;B1;ka ulu ana
guarantee;Verb Noun;B2;kumu hoʻomalu
guard;Noun Verb;B1;kiaʻi
guess;Verb Noun;A1;koho iho
guest;Noun;A2;malihini
guide;Noun Verb;A2;alakaʻi
guilty;Adjective;B1;hewa
guitar;Noun;A1;aloha
gun;Noun;A2;pū
guy;Noun;A2;kanaka
gym;Noun;A1;hale haʻuki
habit;Noun;A2;maʻa
hair;Noun;A1;lauoho
half;Noundet.proNoun, Adverb;A1, A2;ka hapalua o
hall;Noun;A2;keʻena nui
hand;Noun Verb;A1, B1;lima
handle;Verb Noun;B2;i lawelawe,
hang;Verb;B1;kāʻawe aku hoʻi
happen;Verb;A1;hiki mai ana
happily;Adverb;A2;hauʻoli
happiness;Noun;B1;ka pomaikai
happy;Adjective;A1;hauʻoli
hard;Adjective, Adverb;A1;ikaika
hardly;Adverb;B1;ka apuepue
harm;Noun Verb;B2;ia ia ka poino
harmful;Adjective;B2;nā palapala
hat;Noun;A1;ua inaina i ka
hate;Verb Noun;A1, B1;inaina
have;Verb auxiliary Verb;A1, A2;i
have to modal;Verb;A1;ka mea, ua i modal
he;proNoun;A1;ka mea,
head;Noun Verb;A1, B1;poʻo
headache;Noun;A2;headache
headline;Noun;B1;headline
health;Noun;A1;ola kino
healthy;Adjective;A1;ola i ke
hear;Verb;A1;e lohe nei
hearing;Noun;B2;hoʻomalu hālāwai hoʻolohe manaʻoe
heart;Noun;A2;Puʻuwai
heat;Noun Verb;A2;e wela ai
heating;Noun;B1;paio hahana maoli nō
heaven;Noun;B2;ka lani
heavily;Adverb;B1;ua hoopili i
heavy;Adjective;A2;kaumaha loa
heel;Noun;B2;kuekue wawae
height;Noun;A2;ke kiekie
helicopter;Noun;B1;helekopa
hell;Noun;B2;ka malu o
hello;exclam./Noun;A1;aloha
help;Verb Noun;A1;kōkua
helpful;Adjective;A2;kōkua maikaʻi
her;proNoundet;A1;ia
here;Adverb;A1;ʻaneʻi
hero;Noun;A2;meʻe
hers;proNoun;A2;a pau
herself;proNoun;A2;ia iho
hesitate;Verb;B2;kānalua
hey;exclam;A1;hey
hi;exclam;A1;hui
hide;Verb;A2;hūnā i nā '
high;Adjective, AdVerb Noun;A1, A2, B2;kiʻekiʻe
highlight;Verb Noun;B1;Kahiāuli Ho'ā
highly;Adverb;B1;mahalo
hill;Noun;A2;puu
him;proNoun;A1;la ia ia
himself;proNoun;A2;ia iho
hire;Verb Noun;B1, B2;uku
his;det. proNoun;A1, A2;kona
historic;Adjective;B1;Ewa,
historical;Adjective;B1;mōʻaukala
history;Noun;A1;mōʻaukala
hit;Verb Noun;A2;LIKE
hobby;Noun;A1;Hobby
hockey;Noun;A2;Pāʻani Holohau
hold;Verb Noun;A2, B2;paa
hole;Noun;A2;puka
holiday;Noun;A1;aiiia
hollow;Adjective;B2;puha
holy;Adjective;B2;holy
home;Noun AdVerb Adjective;A1, A2;i ka hale
homework;Noun;A1;haʻawina hoʻihoʻi
honest;Adjective;B1;hoopono
honour;Noun Verb;B2;me ka hanohano
hope;Verb Noun;A1, A2;lana nei koʻu manao
horrible;Adjective;B1;ino
horror;Noun;B1;ke haiia'ku
horse;Noun;A1;ka lio
hospital;Noun;A1;haukapila
host;Noun Verb;B1, B2;koa
hot;Adjective;A1;wela mai
hotel;Noun;A1;Hotel
hour;Noun;A1;hola
house;Noun Verb;A1, B2;ka hale o
household;Noun;B2;ko ka hale ona
housing;Noun;B2;hale noho
how;Adverb;A1;pehea
however;Adverb;A1;nae
huge;Adjective;A2;nui
human;Adjective, Noun;A2;kanaka
humorous;Adjective;B2;Humorous
humour;Noun;B2;Quotes
hundred;number;A1;haneri
hungry;Adjective;A1;pōloli
hunt;Verb Noun;B1, B2;i hoʻohālua
hunting;Noun;B2;imi mea hihiu ana
hurricane;Noun;B1;makani pāhili
hurry;Noun Verb;B1;āwīwī
hurt;Verb Adjective Noun;A2, B2;ʻeha
husband;Noun;A1;kane
I;proNoun;A1;I
ice;Noun;A1;hau
ice cream;Noun;A1;hau Kalima
idea;Noun;A1;manaʻo
ideal;Adjective , Noun;A2, B2;maikaʻi
identify;Verb;A2;kuhikuhi
identity;Noun;B1;paha, ka '
if;conj.;A1;ina
ignore;Verb;B1;kāpae'ōlelo
ill;Adjective;A2;maʻi
illegal;Adjective;B1;'ino ai
illness;Noun;A2;maʻi
illustrate;Verb;B2;kahaki
illustration;Noun;B2;ki i me ka
image;Noun;A2;kiʻi
imaginary;Adjective;B1;ka mana
imagination;Noun;B2;manaʻo
imagine;Verb;A1;noonoo ai i na
immediate;Adjective;B1;hoʻomaka koke i ka
immediately;Adverb;A2;koke
immigrant;Noun;B1;immigrant
impact;Noun Verb;B1;hopena
impatient;Adjective;B2;impatient
imply;Verb;B2;imply
import;Noun Verb;B1;kekahi waiwai i
importance;Noun;B1;nui
important;Adjective;A1;nui
impose;Verb;B2;hoʻokō i
impossible;Adjective;A2;hiki ole
impress;Verb;B2;holoʻokoʻa i hele mai
impressed;Adjective;B2;pīhoihoi lākou eʻike
impression;Noun;B1;manaʻo
impressive;Adjective;B1;kilakila
improve;Verb;A1;hoʻoikaika 'ana
improvement;Noun;B1;hou
in;prep., Adverb;A1;i loko o
inch;Noun;B2;'īniha
incident;Noun;B2;hana 'ia
include;Verb;A1;nā
included;Adjective;A2;hookomoia
including;prep.;A2;me
income;Noun;B2;loaa
increase;Verb Noun;A2;mea ulu
increasingly;Adverb;B2;increasingly
incredible;Adjective;A2;mea hiki ole
incredibly;Adverb;B1;incredibly
indeed;Adverb;B1;ka mea,
independent;Adjective;A2;kuokoa
indicate;Verb;B1;hoike
indirect;Adjective;B1;ʻauhau'ēʻaʻe
individual;Noun, adj;A2;kanaka
indoor;Adjective;B1;i loko o
indoors;Adverb;B1;i loko
industrial;Adjective;B2;hanalima
industry;Noun;A2;hana
infection;Noun;B2;maʻiʻaʻai
influence;NounVerb;B1;hoʻohuli manaʻo
inform;Verb;B2;hai aku
informal;Adjective;A2;ka hoʻomaʻamaʻa
information;Noun;A1;'ike
ingredient;Noun;B1;'Oponopono
initial;Adjective;B2;loiloi mua
initially;Adverb;B2;initially
initiative;Noun;B2;Initiative
injure;Verb;B1;ai oia
injured;Adjective;B1;iki i
injury;Noun;A2;eha
inner;Adjective;B2;lilo o ka
innocent;Adjective;B1;hala
insect;Noun;A2;insect
inside;prep.Adverb Noun Adjective;A2;ma loko
insight;Noun;B2;ka naʻauao
insist;Verb;B2;koi aku
inspire;Verb;B2;mea hoʻokomo aku i
install;Verb;B2;e hoʻouka
instance;Noun;B2;kekahi manawa he
instead;Adverb;A2;kahi
institute;Noun;B2;kula,
institution;Noun;B2;kula
instruction;Noun;A2;i ke aʻo
instructor;Noun;A2;kumu aʻo
instrument;Noun;A2;mea kani
insurance;Noun;B2;lapaʻau
intelligence;Noun;B1;manao
intelligent;Adjective;A2;akamai
intend;Verb;B1;ke makemake nei oukou
intended;Adjective;B2;manaoia
intense;Adjective;B2;, pili
intention;Noun;B1;manao
interest;Noun Verb;A1;hoihoi
interested;Adjective;A1;pili
interesting;Adjective;A1;hana hoihoi
internal;Adjective;B2;na
international;Adjective;A2;lahui
internet;Noun;A1;Internet
interpret;Verb;B2;ke ano
interrupt;Verb;B2;? a? uaaiey
interview;Noun Verb;A1;ninaninau
into;prep.;A1;i loko o
introduce;Verb;A1;mai i
introduction;Noun;A2;hoike
invent;Verb;A2;invent
invention;Noun;A2;hana mea hou i hana muaʻole
invest;Verb;B1;ana
investigate;Verb;B1;noiʻi ana
investigation;Noun;B2;hoʻokolokolo '
investment;Noun;B2;waiwai kūʻai
invitation;Noun;A2;kono
invite;Verb;A2;kii
involve;Verb;A2;pū
involved;Adjective;B1;ke komo pū o
iron;Noun Verb;B1;me ka hao
island;Noun;A1;mokupuni
issue;Noun, Verb;B1, B2;pukana
IT;Noun;B1;IT
it;proNoun;A1;ia
item;Noun;A2;'ikamu
its;det.;A1;kona
itself;proNoun;A2;ia
jacket;Noun;A1;lākeke
jam;Noun;A2;Jam
January;Noun;A1;Ianuali
jazz;Noun;A2;Jazz
jeans;Noun;A1;'ahina
jewellery;Noun;A2;jewelery
job;Noun;A1;oihana
join;Verb;A1;hui
joke;Noun Verb;A2;'ōlelo hoʻomakeʻaka
journal;Noun;B1;puke pai
journalist;Noun;A2;kanaka moʻolelo nūpepa
journey;Noun;A1;huakai
joy;Noun;B2;ka olioli
judge;Noun Verb;B1;luna kānāwai
judgement;Noun;B2;ka hoopono
juice;Noun;A1;wai
July;Noun;A1;Iulai
jump;Verb Noun;A2;Jump
June;Noun;A1;Iune
junior;Adjective;B2;o Junior
just;Adverb;A1;pono
justice;Noun;B2;kaulike
justify;Verb;B2;hoapono aku
keen;Adjective;B1;kilo
keep;Verb;A1;malama
key;Noun, Adjective Verb;A1, B1;koʻikoʻi
keyboard;Noun;B1;pōkole
kick;Verb Noun;B1;keʻehi aku
kid;Noun;A2;kao
kill;Verb;A2;kill me
killing;Noun;B1;pepehi
kilometre;Noun;A1;kilomika o
kind(type);Noun;A1;ano keia ano (ʻano)
kind(caring);Adjective;B1;ano keia ano (mālama)
king;Noun;A2;ke alii
kiss;Verb Noun;B1;honi
kitchen;Noun;A1;lumi kuke
knee;Noun;A2;kukuli
knife;Noun;A2;pahi,
knock;Verb , Noun;A2, B1;kikeke
know;Verb;A1;ike
knowledge;Noun;A2;ike
lab;Noun;A2;Keʻena
label;Noun Verb;B1;i 'ae'
laboratory;Noun;B1;keʻena hoʻokolohua
labour;Noun;B2;hana
lack;Noun Verb;B1;hoi i emi kana
lady;Noun;A2;wahine
lake;Noun;A2;Lake
lamp;Noun;A2;kukui
land;Noun, Verb;A1, A2;Āina
landscape;Noun;B2;panorama
language;Noun;A1;'ōlelo
laptop;Noun;A2;kamepiula lawe
large;Adjective;A1;nui
largely;Adverb;B2;pili kēia
last1 (final);det., Adverb n;A1, A2;last1 (hope)
last1 (taking time);Verb;A2;last1 (lalau manawa)
late;Adjective Adverb;A1;hopena o
later;Adverb , Adjective;A1, A2;hope
latest;Adjective , Noun;B1, B2;mea hou loa
laugh;Verb Noun;A1;akaaka
laughter;Noun;A2;akaaka
launch;Verb Noun;B2;Launch
law;Noun;A2;kānāwai
lawyer;Noun;A2;loio
lay;Verb;B1;moe
layer;Noun;B1;, ahu iho
lazy;Adjective;A2;palaualelo
lead;Verb , Noun;A2, B1;kēpau
leader;Noun;A2;alakaʻi
leadership;Noun;B2;alakaʻi
leading;Adjective;B1;alakai
leaf;Noun;B1;lau
league;Noun;B2;olelo kuikahi
lean;Verb;B2;wīwī
learn;Verb;A1;aʻo
learning;Noun;A2;palapala he
least;det./proNoun Adverb;A2;ka liʻiliʻi loa
leather;Noun;B1;ili
leave;Verb , Noun;A1, B2;haalele iho
lecture;Noun Verb;A2;haʻi'ōlelo
left;Adjective Adverb Verb;A1;hema
leg;Noun;A1;uha mua
legal;Adjective;B1;loio i
leisure;Noun;B1;wa kaawale,
lemon;Noun;A2;lemona
lend;Verb;A2;mai hoi
length;Noun;B1;lōʻihi
less;det./pro Noun Adverb;A2;emi mai
lesson;Noun;A1;haʻawina
let;Verb;A1;e
letter;Noun;A1;letter
level;Noun, Adjective , Verb;A2, B1, B2;'ilikai
library;Noun;A1;waihona
licence;Noun;B2;laikini
lie;Verb;A1;e moe
lie;Verb Noun;B2;e moe
life;Noun;A1;ke ola
lifestyle;Noun;A2;Aloha Hawaii
lift;Verb;Noun;ke eaʻe
light (from the sun/a lamp);Noun Adverb , Verb;A1, A2;malamalama, (mai ka la / he kukui)
light (not heavy);Adjective;A2;mālamalama (Mai kaumaha)
like (similar);prep.;A1;e like ( 'ano like)
like (find sb/sth pleasant);Verb , n;A1, B1;e like (loaʻa sb / Mahele Ewalu maikai)
Noun;B1; ;Noun
likely;Adjective;A2;paha
limit;Noun Verb;B1;kali
limited;Adjective;B2;i kaupalena '
line;Noun, Verb;A1, B2;laina
link;Noun Verb;A2;loulou
lion;Noun;A1;liona
lip;Noun;B1;kapa
liquid;Noun Adjective;B1;wai a
list;Noun Verb;A1;papa inoa
listen;Verb;A1;e hoolohe mai
listener;Noun;A2;lohe
literature;Noun;B1;moʻokalaleo
little;Adjective det./proNoun, Adverb;A1, A2;apana uuku na
live1;Verb;A1;live1
live2;Adjective Adverb;B1;live2
lively;Adjective;B2;hiki wawe ko
living;Adjective Noun;B1;e ola ana
load;Noun Verb;B2;haawe
loan;Noun;B2;aie
local;Adjective , Noun;A1, B1;kūloko
locate;Verb;B1;huli ana
located;Adjective;B1;ke aupuni '
location;Noun;B1;wahi
lock;Verb Noun;A2;laka
logical;Adjective;B2;Logical
lonely;Adjective;B1;mehameha
long;Adjective Adverb;A1;lōʻihi
long-term;Adjective Adverb;B2;wā lōʻihi
look;Verb , Noun;A1, A2;nānā
loose;Adjective;B2;wehe ae
lord;Noun;B2;haku
lorry;Noun;A2;lorry
lose;Verb;A1;lilo aku
loss;Noun;B1;lilo
lost;Adjective;A2;nalowale
lot;proNoun det. Adverb;A1;ou wahi lihi iki
loud;Adjective Adverb;A2;ka leo nui
loudly;Adverb;A2;ka leo nui
love;Noun Verb;A1;aloha
lovely;Adjective;A2;mau
low;Adjective Adverb , n;A2, B2;haʻahaʻa
lower;Verb;B2;lalo
luck;Noun;A2;loaa a
lucky;Adjective;A2;laki
lunch;Noun;A1;ka 'aina awakea
lung;Noun;B2;akemāmā
luxury;Noun;B1;hana maʻamau
machine;Noun;A1;mīkini
mad;Adjective;B1;huhū
magazine;Noun;A1;Magazine
magic;Noun Adjective;B1;hana kilokilo
mail;Noun Verb;A2;Mail
main;Adjective;A1;ka papa kuhikuhiE
mainly;Adverb;B1;ʻano nui
maintain;Verb;B2;kōkua ma muli o
major;Adjective;A2;nui maoli
majority;Noun;B2;hapanui
make;Verb , Noun;A1, B2;hana
male;Adjective Noun;A2;kane a pau
mall;Noun;B1;kulai
man;Noun;A1;ke kanaka
manage;Verb;A2;kahu ai
management;Noun;B1;'ōnaehana
manager;Noun;A2;manakia
manner;Noun;A2;kela ano keia ano
many;det./proNoun;A1;he nui
map;Noun, Verb;A1, B2;palapala
March;Noun;A1;Malaki
mark;Verb Noun;A2;mark
market;Noun, Verb;A1, B1;makeke
marketing;Noun;B1;ke kūʻai akuʻana
marriage;Noun;B1;mare
married;Adjective;A1;i mare
marry;Verb;A2;mare
mass;Noun Adjective;B2;nuipa a
massive;Adjective;B2;nunui
master;Noun Verb;B2;haku
match (contest/correspond);Noun Verb;A1;ń (hoopapa / hoʻopili like)
matching;Adjective;B2;'ālike
material;Noun, Adjective;A2, B2;mea
mathematics;Noun;A2;makemakika
maths;Noun;A2;makemakika
matter;Noun Verb;A2;keia mea
maximum;Adjective Noun;B2;i kā mākou
May;Noun;A1;Mei
may modal;Verb;A2;e modal
maybe;Adverb;A1;paha
me;proNoun;A1;mai iaʻu
meal;Noun;A1;ʻai
mean;Verb;A1;kaulana
meaning;Noun;A1;ano
means;Noun;B2;ano
meanwhile;Adverb;B1;ia manawa
measure;Verb Noun;B1;ana
measurement;Noun;B2;huahelu
meat;Noun;A1;ai
media;Noun;A2;Media
medical;Adjective;A2;'inikua
medicine;Noun;A2;lapaau
medium;Adjective , Noun;B1, B2;meakino
meet;Verb;A1;e hui ana
meeting;Noun;A1;halawai
melt;Verb;B2;mahele heheʻe i ka
member;Noun;A1;lala
memory;Noun;A2;paʻa
mental;Adjective;B1;ka noʻonoʻo '
mention;Verb , Noun;A2, B1;hai
menu;Noun;A1;Ka 'ike no
mess;Noun Verb;B1;mōkākī
message;Noun;A1;memo
metal;Noun;A2;mea hiki ke hooheheeia
method;Noun;A2;hana
metre;Noun;A1;mika
middle;Noun Adjective;A2;waena
midnight;Noun;A1;ke aumoe
might modal;Verb;A2;paha modal
mild;Adjective;B1;mehana
mile;Noun;A1;ka mile
military;Adjective Noun;B2;koa
milk;Noun;A1;ka waiu
million number; ;A1;miliona helu
mind;Noun Verb;A2;ka manao,
mine (belongs to me);proNoun;A2;koʻu (no ia iaʻu)
mine (hole in the ground);Noun;B1;koʻu (puka i loko o ka lepo)
mineral;Noun;B2;mea pōhaku
minimum;Adjective Noun;B2;ka palena iki
minister;Noun;B2;lawelawe
minor;Adjective;B2;nīnūnē
minority;Noun;B2;hapa
minute;Noun;A1;minuke
mirror;Noun;A2;aniani
miss;Verb;A1;Miss
missing;Adjective;A2;nalowale
mission;Noun;B2;nuʻukia
mistake;Noun, Verb;A1, B2;kuhihewa
mix;Verb Noun;B1;mix
mixed;Adjective;B2;hui
mixture;Noun;B1;ukuhiia
mobile;Adjective Noun;A2;lawe lima
model;Noun, Verb;A1, B2;kükohu
modern;Adjective;A1;kēia
modify;Verb;B2;Hoʻololi 'ia
moment;Noun;A1;manawa
Monday;Noun;A1;PōʻakahiEnglish
money;Noun;A1;kala
monitor;Noun Verb;B2;kanaka hoʻoponopono
monkey;Noun;A2;Keko
month;Noun;A1;mahina
mood;Noun;B1;naʻau i loko
moon;Noun;A2;mahina
moral;Adjective Noun;B2;pono
more;det./proNoun Adverb;A1;hou aku
morning;Noun;A1;kakahiaka
most;det./proNoun Adverb;A1;ka hapanui o
mostly;Adverb;A2;ka hapanui
mother;Noun;A1;makuahine
motor;Noun Adjective;B2;Hawaii
motorcycle;Noun;A2;mokokailala
mount;Verb;B2;mauna
mountain;Noun;A1;mauna
mouse;Noun;A1;iole
mouth;Noun;A1;ka waha
move;Verb , Noun;A1, B1;oni ana
movement;Noun;A2;ana
movie;Noun;A1;mea hōʻike
much;det./proNoun Adverb;A1;nui
mud;Noun;B1;mud
multiple;Adjective;B2;mau
multiply;Verb;B2;hoolaha
mum;Noun;A1;mum
murder;NounVerb;B1;pepehi kanaka
muscle;Noun;B1;Muscle
museum;Noun;A1;Hōʻikeʻike
music;Noun;A1;mele
musical;Adjective , Noun;A2, B1;bila
musician;Noun;A2;mele
must modal;Verb;A1;pono modal
my;det.;A1;i kaʻu mau
myself;proNoun;A2;au iaʻu iho
mysterious;Adjective;B2;pohihihi
mystery;Noun;B1;mea huna
nail;Noun;B1;kui
name;Noun Verb;A1;inoa
narrative;Noun Adjective;B1;kakou kamailio ana
narrow;Adjective , Verb;A2, B2;pilikia
nation;Noun;B1;lahuikanaka
national;Adjective , Noun;A2, B2;aupuni
native;Adjective Noun;B1;maoli
natural;Adjective;A1;maoli
naturally;Adverb;B1;maoli ai
nature;Noun;A2;ke ano maoli
near;prep. Adjective Adverb;A1;ma kahi o
nearly;Adverb;A2;aneane
neat;Adjective;B2;maemae
necessarily;Adverb;B1;pono
necessary;Adjective;A2;pono
neck;Noun;A2;'ā'ī
need;Verb , Noun, modal Verb;A1, A2, B1;nele
needle;Noun;B1;kui kele ma
negative;Adjective , Noun;A1, B2;hopena maikaʻi '
neighbour;Noun;A1;hoalauna
neighbourhood;Noun;B1;kaiāulu
neither;det./proNoun, Adverb;A2, B1;aole hoi
nerve;Noun;B2;nā aʻalolo
nervous;Adjective;A2;ko mākou hopohopo
net;Noun;B1;upena
network;Noun;A2;mea i ulana
never;Adverb;A1;aole loa
nevertheless;Adverb;B2;aka hoi
new;Adjective;A1;mea hou
news;Noun;A1;kūkala nūhou
newspaper;Noun;A1;nūpepa
next;Adjective Adverb , Noun;A1, B1;e hiki mai ana
next to;prep.;A1;kokoke
nice;Adjective;A1;oluʻolu
night;Noun;A1;pō
nightmare;Noun;B2;no
nine;number;A1;eiwa
nineteen;number;A1;umikumaiwa
ninety;number;A1;kanaiwa
no;exclam. det.;A1;aʻole
no one;proNoun;A1;aʻohe kanaka
nobody;proNoun;A1;'Aʻohe
noise;Noun;A2;halulu
noisy;Adjective;A2;walaʻau
none;pro Noun;A2;ka mea,
nor;conj./Adverb;B1;aole hoi
normal;Adjective , Noun;A2, B1;maʻamau
normally;Adverb;A2;maʻamau
north;Noun Adjective Adverb;A1;ke Akau
northern;Adjective;B1;akau
nose;Noun;A1;ihu
not;Adverb;A1;ole
note;Noun Verb;A1, B1;'āne
nothing;proNoun;A1;i kekahi mea
notice;Verb Noun;A2;hoolaha ana
notion;Noun;B2;manaʻo
novel;Noun;A2;puke
November;Noun;A1;Nowemapa
now;Adverb , conj.;A1, B1;kēia manawa
nowhere;Adverb;A2;wahi
nuclear;Adjective;B1;nukelea
number;Noun, Verb;A1, A2;helu
numerous;Adjective;B2;lehulehu
nurse;Noun;A1;hanai
nut;Noun;A2;Kukui Nut
obey;Verb;B2;i malama ai
object;Noun Verb;A1, B2;mea
objective;Noun Adjective;B2;Pahuhopu
obligation;Noun;B2;hala
observation;Noun;B2;kilo
observe;Verb;B2;mālama pono
obtain;Verb;B2;loaa
obvious;Adjective;B1;ahuwale
obviously;Adverb;B1;ʻae nō hoʻi
occasion;Noun;B1;i ka manawa maopopo
occasionally;Adverb;B2;kēlā wā i kēia wā
occur;Verb;B1;ana
ocean;Noun;A2;moana, kai
o’clock;Adverb;A1;ka hora
October;Noun;A1;Okakopa
odd;Adjective;B1;'ano'ē
of;prep.;A1;o ka
off;Adverb prep.;A1;aku
offence;Noun;B2;hewa
offend;Verb;B2;ka hoohihia ana i
offensive;Adjective;B2;kūpono '
offer;Verb Noun;A2;kaumaha
office;Noun;A1;oihana
officer;Noun;A2;luna
official;Adjective , Noun;B1, B2;kūhelu
often;Adverb;A1;pinepine
oh;exclam.;A1;oh oh
oil;Noun;A2;ka aila
OK;exclam. Adjective /Adverb;A1;OK
old;Adjective;A1;kahiko
old-fashioned;Adjective;B1;kahiko puʻu waiū
on;prep. Adverb;A1;ma
once;Adverb , conj.;A1, B1;pākahi
one;number-det. proNoun;A1;ekahi
onion;Noun;A1;onion
online;Adjective Adverb;A1;Pau online
only;Adjective Adverb;A1;wale
onto;prep.;A2;ma luna o
open;Adjective Verb;A1;hamama
opening;Noun;B2;puka
operate;Verb;B2;hana
operation;Noun;B1;hana
opinion;Noun;A1;manao
opponent;Noun;B2;hoa paio
opportunity;Noun;A2;manawa maopopo
oppose;Verb;B2;ku e
opposed;Adjective;B2;huli kū'ē mai ana
opposite;Adjective Adverb prep. Noun;A1;ku pono ana
opposition;Noun;B2;kū'ē
option;Noun;A2;koho
or;conj.;A1;ole
orange;Noun Adjective;A1;alani
order;Noun Verb;A1;mea
ordinary;Adjective;A2;maʻamau
organ;Noun;B2;hui,
organization;Noun;A2;hui
organize;Verb;A2;hoonohonoho
organized;Adjective;B1;i hoʻonohonoho 'ia
organizer;Noun;B1;hoʻokuhikuhi
origin;Noun;B2;me Kinohi
original;Adjective , Noun;A2, B1;mua
originally;Adverb;B1;mua
other;Adjective /proNoun;A1;'ē aʻe
otherwise;Adverb;B2;i ole ia
ought;modal Verb;B1;pono
our;det.;A1;ko kakou mau
ours;proNoun;B1;kākou
ourselves;proNoun;A2;ia makou iho
out;Adverb /prep.;A1;mai
outcome;Noun;B2;hoʻokūkū
outdoor;Adjective;B1;foxmike
outdoors;Adverb;B1;ke ao o waho
outer;Adjective;B2;waho
outline;Noun Verb;B2;outline
outside;Adverb , prep. nouNoun Adjective;A1, A2;waho
oven;Noun;A2;umu
over;prep. Adverb;A1;no
overall;Adjective Adverb;B2;nohona ma
owe;Verb;B2;aie
own;Adjective /proNoun, Verb;A1, A2;iho
owner;Noun;A2;ʻona
pace;Noun, Verb;B2;iki mai
pack;Verb , Noun;A2, B1;Paka
package;Noun, Verb;B1, B2;AEeAaOA
page;Noun;A1;ʻaoʻao
pain;Noun;A2;ka eha
painful;Adjective;B1;eha
paint;Verb Noun;A1;pena
painter;Noun;A2;pena
painting;Noun;A1;pena
pair;Noun;A1;mau
palace;Noun;A2;pā kaua
pale;Adjective;B1;hākea
pan;Noun;B1;pa
panel;Noun;B2;panel
pants;Noun;A2;lole wāwae
paper;Noun;A1;pepa
paragraph;Noun;A1;paukū
parent;Noun;A1;makua
park;Noun Verb;A1;paka
parking;Noun;A2;i? iaie?
parliament;Noun;B2;hale kanawai
part;Noun;A1;hapa
participant;Noun;B2;aku i komo
participate;Verb;B1;komo
particular;Adjective;A2;mau
particularly;Adverb;B1;pakahi aku la ia
partly;Adverb;B2;he nawaliwali kekahi
partner;Noun;A1;hoapili ia
party;Noun;A1;'aoʻao
pass;Verb , Noun;A2, B1;kekahi
passage;Noun;B2;e hooholo ia
passenger;Noun;A2;ohua
passion;Noun;B1;kuko
passport;Noun;A1;palapala holo'āina'ē
past;Adjective Noun prep., Adverb;A1, A2;i hala iho nei
path;Noun;B1;alanui
patient;Noun, Adjective;A2, B2;hoomanawanui
pattern;Noun;A2;kumu
pay;Verb , Noun;A1, A2;uku
payment;Noun;B1;uku
peace;Noun;A2;ka maluhia
peaceful;Adjective;B1;hui maluhia 'ana
pen;Noun;A1;ka peni
pencil;Noun;A1;penikala
penny;Noun;A2;akahi denari
pension;Noun;B2;hoomau
people;Noun;A1;kanaka
pepper;Noun;A1;kekahi pahūpahū
per;prep.;A2;no
per cent;Noun Adjective /Adverb;A2;hapahaneri no
percentage;Noun;B1;pakeneka
perfect;Adjective;A1;hemolele oukou
perfectly;Adverb;B1;wahi aku me ka
perform;Verb;A2;hana
performance;Noun;B1;hana ana
perhaps;Adverb;A2;paha
period;Noun;A1;manawa
permanent;Adjective;B2;paʻa '
permission;Noun;A2;ae
permit;Verb Noun;B2;palapala
person;Noun;A1;kanaka
personal;Adjective;A1;pilikino
personality;Noun;A2;kanaka
personally;Adverb;B1;kino
perspective;Noun;B2;kuanaʻike
persuade;Verb;B1;ke malimali aku
pet;Noun;A2;Ka Hānai Ā Huhu
petrol;Noun;A2;kola
phase;Noun;B2;pae
phenomenon;Noun;B2;kŰia
philosophy;Noun;B2;kālaiʻike
phone;Noun Verb;A1;kelepona
photo;Noun;A1;Hawaii photo
photograph;Noun, Verb;A1, A2;kiʻi
photographer;Noun;B1;mea paʻi
photography;Noun;B1;For the
phrase;Noun;A1;hopuna'ōlelo
physical;Adjective;A2;physical
physics;Noun;A2;ke kālaikūlohea
piano;Noun;A1;Piano
pick;Verb , Noun;A2, B2;e koho i
picture;Noun, Verb;A1, B2;kiʻi
piece;Noun;A1;kauwahi
pig;Noun;A1;puaa,
pile;Noun Verb;B2;puʻu
pilot;Noun;A2;ke kahu moku
pin;Noun Verb;B1;kui
pink;Adjective Noun;A1;ākala
pipe;Noun;B1;paipu
pitch;Noun;B2;kukulu iho la o
place;Noun Verb;A1, B1;wahi
plain;Adjective;B2;akaka
plan;Noun Verb;A1;kuka
plane;Noun;A1;pelane
planet;Noun;A2;Honua
planning;Noun;B1;hoʻolālā
plant;Noun Verb;A1, A2;meakanu
plastic;Noun Adjective;A2;Ka lula ea Ke
plate;Noun;A2;una honua
platform;Noun;A2;anuu
play;Verb Noun;A1;hula
player;Noun;A1;ka mea pâʻani pôpeku
pleasant;Adjective;B1;ʻoluʻolu
please;exclam., Verb;A1, A2;e 'oluʻolu
pleased;Adjective;A2;lealea nui aku ai
pleasure;Noun;B1;makemake
plenty;proNoun;B1;nui
plot;Noun, Verb;B1, B2;kuka
plus;prep., Adjective conj., Noun;B1, B2;eia kekahi
pocket;Noun;A2;eke
poem;Noun;B1;poem
poet;Noun;B1;haku mele
poetry;Noun;B1;poetry
point;Noun, Verb;A1, B1;wahi
pointed;Adjective;B2;kuhikuhi mai la lakou
poison;Noun Verb;B1;make
poisonous;Adjective;B1;nahesa niho
police;Noun;A1;Mākaʻi
policeman;Noun;A1;policeman
policy;Noun;B1;ʻikepili
polite;Adjective;A2;polite
political;Adjective;B1;pili aupuni
politician;Noun;B1;politician
politics;Noun;B1;kālai'āina
pollution;Noun;A2;haumia ea
pool;Noun;A1;punawai
poor;Adjective;A1;poe hune
pop;Noun Adjective;A2;pukaaniani
popular;Adjective;A1;kaulana
popularity;Noun;B2;hiʻona
population;Noun;A2;heluna kanaka
port;Noun;B1;awa
portrait;Noun;B1;kiʻi
pose;Verb;B2;oweliweli
position;Noun, Verb;A2, B2;wahi
positive;Adjective , Noun;A1, B2;maikaʻi
possess;Verb;B2;noho ma
possession;Noun;A2;e noho ai
possibility;Noun;A2;manawa kūpono
possible;Adjective;A1;hiki
possibly;Adverb;B1;paha ia
post;Noun Verb;A1;lāʻau kū
poster;Noun;A2;pelaha
pot;Noun;B1;ipuhao
potato;Noun;A1;ʻuala
potential;Adjective Noun;B2;Loaʻaʻia
pound;Noun;A1;paona
pour;Verb;B1;ninini aku au i
poverty;Noun;B1;ilihune
powder;Noun;B1;he lepo lā
power;Noun, Verb;A2, B2;mana
powerful;Adjective;B1;ikaika
practical;Adjective;B1;mea hiki
practice;Noun;A1;ka hana pono
practise;Verb;A1;ka hana pono
praise;Noun Verb;B2;hoʻoleʻa
pray;Verb;B1;e pule
prayer;Noun;B1;pule
predict;Verb;A2;wānana
prediction;Noun;B1;ka olelo wanana a
prefer;Verb;A1;makemake
pregnant;Adjective;B2;hapai
preparation;Noun;B2;hoomalolo
prepare;Verb;A1;hoomakaukau
prepared;Adjective;B1;i hoomakaukau
presence;Noun;B2;ke alo o
present;Adjective Noun, Verb;A1, A2;keia manawa
presentation;Noun;B1;hōʻike
preserve;Verb;B2;hookoe mai i ua
president;Noun;A2;peresidena
press;Verb Noun;B1;kaomi
pressure;Noun;B1;puʻe
pretend;Verb;B1;hoʻokohukohu
pretty;Adjective Adverb;A1;nani
prevent;Verb;A2;kāohi 'ia paha
previous;Adjective;B1;mua
previously;Adverb;B1;mua
price;Noun, Verb;A1, B2;kuai
priest;Noun;B1;kahuna
primary;Adjective;B1;iniiaiie
prime;Adjective;B2;Kuhina Nui
prince;Noun;B1;alii
princess;Noun;B1;Alii
principle;Noun;B2;rula
print;Verb , Noun;A2, B2;e kakau
printer;Noun;A2;mīkini paʻi
printing;Noun;B1;ka paʻi palapala
priority;Noun;B2;makakoho
prison;Noun;A2;o ka hale paʻahao
prisoner;Noun;B1;paahao no
privacy;Noun;B2;pilikino
private;Adjective;B1;paulele i ka hoʻomana
prize;Noun;A2;uku
probably;Adverb;A1;paha
problem;Noun;A1;pilikia
procedure;Noun;B2;ke kaʻina hana no
process;Noun, Verb;A2, B2;kaʻina
produce;Verb , Verb;A2, B2;hua
producer;Noun;B1;ka hoʻohua
product;Noun;A1;huahana
production;Noun;B1;? iecaianoaaiiuo
profession;Noun;B1;hooiaio ana
professional;Adjective , Noun;A2, B2;'oihana
professor;Noun;A2;Kumu
profile;Noun;A2;profile
profit;Noun;B1;e pono ai
program;Noun, Verb;A2, B1;polokalamu
programme;Noun;A1;polokalamu
progress;Noun, Verb;A2, B2;holo nei
project;Noun, Verb;A1, B2;ana
promise;Verb Noun;A2;i olelo mua iaʻi
promote;Verb;B1;hoʻolaulaha
pronounce;Verb;A2;olelo
proof;Noun;B2;hooiaio
proper;Adjective;B1;pono
properly;Adverb;B1;pono
property;Noun;B1;waiwai
proposal;Noun;B2;olelo
propose;Verb;B2;hāpai
prospect;Noun;B2;e nānā ana
protect;Verb;A2;hoʻopale ai i
protection;Noun;B2;hoomalu ana
protest;Noun Verb;B1;palapala
proud;Adjective;B1;haʻaheo
prove;Verb;B1;hoao
provide;Verb;A2;e hoomakaukau i
psychologist;Noun;B2;psychologist
psychology;Noun;B2;ʻike manaʻo
pub;Noun;A2;PUB
public;Adjective Noun;A2;lehulehu
publication;Noun;B2;ka paʻi
publish;Verb;A2;hoolaha aku
pull;Verb , Noun;A2, B1;, e huki like
punish;Verb;B1;hoopai aku
punishment;Noun;B1;hoopai
pupil;Noun;B2;haumāna
purchase;Noun Verb;B2;kuai ana
pure;Adjective;B2;maemae
purple;Adjective Noun;A1;poni
purpose;Noun;A2;manao
pursue;Verb;B2;alualu
push;Verb , Noun;A2, B1;pahu aku ai i
put;Verb;A1;kau
qualification;Noun;B1;makahiki paha
qualified;Adjective;B1;palapala hōʻoia no
qualify;Verb;B1;hoʻomākauaka
quality;Noun;A2;e like ai
quantity;Noun;A2;mea
quarter;Noun;A1;hapaha
queen;Noun;A2;alii wahine
question;Noun, Verb;A1, A2;ninau
queue;Noun Verb;B1;lālani
quick;Adjective;A1;hoopoina koke ana
quickly;Adverb;A1;koke
quiet;Adjective;A1;noho malie ana
quietly;Adverb;A2;mālie
quit;Verb;B1;e hookanaka
quite;Adverb;A1;muli o kona kulana
quotation;Noun;B1;quotation
quote;Verb Noun;B1;kea
race (competition);NounVerb;A2;lāhui (Competition)
race (people);Noun;B1;lāhui (kanaka)
racing;Noun;B1;kânaka
radio;Noun;A1;Radio
railway;Noun;A2;alahao
rain;Noun Verb;A1;ka ua
raise;Verb;A2;hoala mai
range;Noun, Verb;B1, B2;huahelu
rank;Noun Verb;B2;hoouka i ke kaua
rapid;Adjective;B2;kokololio
rapidly;Adverb;B2;koke
rare;Adjective;B1;pohihihi keia
rarely;Adverb;B1;kākaʻikahi
rate;Noun, Verb;A2, B2;kōmi
rather;Adverb;A2;he oiaio, ua
raw;Adjective;B2;heʻiʻo maka nō
reach;Verb , Noun;A2, B2;i loaa ole
react;Verb;A2;pane koke
reaction;Noun;B1;naoh
read;Verb;A1;heluhelu
reader;Noun;A1;mea heluhelu
reading;Noun;A1;heluhelu ana
ready;Adjective;A1;makaukau
real;Adjective;A1;maoli
realistic;Adjective;B2;ʻoia iʻo
reality;Noun;B1;aku o ka lanakila
realize;Verb;A2;hoomaopopo ana
really;Adverb;A1;maoli
reason;Noun;A1;kumu
reasonable;Adjective;B2;kupono
recall;Verb;B2;hoʻomanaʻo aʻela nō
receipt;Noun;B1;loaa ana
receive;Verb;A2;loaa
recent;Adjective;A2;i nā
recently;Adverb;A2;nei
reception;Noun;A2;? eaia
recipe;Noun;A2;beauty
recognize;Verb;A2;hoomaopopo i
recommend;Verb;A2;paipai aku
recommendation;Noun;B1;hoike
record;Noun Verb;A2;moolelo
recording;Noun;A2;i hoʻopaʻa '
recover;Verb;B2;ola
recycle;Verb;A2;recycle
red;Adjective Noun;A1;ulaʻula
reduce;Verb;A2;emi
reduction;Noun;B2;ka ho'ēmiʻana
refer;Verb;A2;hoʻohuli i
reference;Noun;B1;pili
reflect;Verb;B1;noonoo
refuse;Verb;A2;oukou hoole ana
regard;Verb Noun;B2;E pili ana
region;Noun;A2;māhele
regional;Adjective;B2;kēia māhele 'āina
register;Verb Noun;B2;aaeno
regret;Verb Noun;B2;mihi
regular;Adjective;A2;mau
regularly;Adverb;B1;mau
regulation;Noun;B2;hooponopono
reject;Verb;B1;kapae
relate;Verb;B1;hai aku
related;Adjective;B1;nā
relation;Noun;B1;pili
relationship;Noun;A2;pili
relative;Adjective Noun;B1;pili
relatively;Adverb;B2;kŘpa a
relax;Verb;A1;hoʻonānea
relaxed;Adjective;B1;nanea wale
relaxing;Adjective;B1;ko iala
release;Verb Noun;B1;hookuu
relevant;Adjective;B2;pili
reliable;Adjective;B1;ike loea
relief;Noun;B2;ke ola
religion;Noun;B1;hoomana
religious;Adjective;B1;haipule
rely;Verb;B2;hilinai aku
remain;Verb;B1;e noho
remark;Noun Verb;B2;i hoʻopuka
remember;Verb;A1;hoomanao
remind;Verb;B1;paipai
remote;Adjective;B1;loihi
remove;Verb;A2;lawe aku ai i
rent;Noun Verb;B1;haehae iho la
repair;Verb , Noun;A2, B1;? aiiio
repeat;Verb , Noun;A1, B1;hou
repeated;Adjective;B1;hai
replace;Verb;A2;e puku i
reply;Verb Noun;A2;pane
report;Noun, Verb;A1, A2;hoike
reporter;Noun;A2;reporter
represent;Verb;B1;ko
representative;Noun Adjective;B2;'elele
reputation;Noun;B2;kaulana
request;Noun, Verb;A2, B1;noi
require;Verb;B1;noi aku
requirement;Noun;B2;koi
rescue;Verb Noun;B2;hoʻopakele
research;Noun Verb;A2;noiʻi
researcher;Noun;A2;kanaka noiʻi
reservation;Noun;B1;ka hunāhunā
reserve;Noun Verb;B2;no?
resident;NounAdjective;B2;e noho ana
resist;Verb;B2;ke ku imua o
resolve;Verb;B2;hoʻonā ai i ka
resort;Noun;B2;Hawaii
resource;Noun;B1;mau
respect;Noun Verb;B1;mahalo mai paha
respond;Verb;A2;i pane koke
response;Noun;A2;muli o
responsibility;Noun;B1;kuleana
responsible;Adjective;B1;kuleana
rest (remaining part);Noun;A2;hoomaha (koe kekahi hapa)
rest (sleep/relax);Noun Verb;A2;koena (hiamoe / hoʻonānea)
restaurant;Noun;A1;Hawaii
result;Noun, Verb;A1, B1;hopena o
retain;Verb;B2;aua oia
retire;Verb;B1;i hope
retired;Adjective;B1;hoi aku
return;Verb Noun;A1;hoi mai
reveal;Verb;B2;hoike aku
review;Noun Verb;A2;manual
revise;Verb;B1;hooponopono Hou
revolution;Noun;B2;kipi
reward;Noun Verb;B2;uku
rhythm;Noun;B2;pāpana
rice;Noun;A1;raiki
rich;Adjective;A1;waiwai
rid;Verb;B2;hoomaemae aku
ride;Verb , Noun;A1, A2;holo
right;Adjective Adverb Noun;A1;akau
ring;Noun;A2;ke komo lima o
ring;Verb , Noun;A2, B1;ke komo lima o
rise;Verb , Noun;A2, B1;ala
risk;Noun Verb;B1;kamepiula
river;Noun;A1;muliwai
road;Noun;A1;alanui
robot;Noun;B1;lopako
rock (stone);Noun;A2;pohaku (pohaku)
rock (music);Noun;A2;pohaku (mele)
role;Noun;A2;kūlana
roll;Verb Noun;B1;'ōwili
romantic;Adjective;B1;pilialoha
roof;Noun;A2;kaupaku
room;Noun;A1;wahi kaawale no koe
root;Noun;B2;mole
rope;Noun;B1;kaula
rough;Adjective;B1;apuupuu
round;Adjective Adverb prep., Noun;A2, B2;e kokoke mai
route;Noun;A2;ala hele
routine;Noun, Adjective;A1, B2;e oaeouee?
row;Noun;B1;lalani
royal;Adjective;B1;alii
rub;Verb;B2;hamo i
rubber;Noun Adjective;B2;laholio
rubbish;Noun;A2;ōpala
rude;Adjective;A2;mahaʻoi
rugby;Noun;B1;rugby
rule;Noun, Verb;A1, B1;rula
run;Verb , Noun;A1, A2;holo
runner;Noun;A2;kukini
running;Noun;A2;e holo mai ana
rural;Adjective;B2;kua'āina
rush;Verb Noun;B2;naholo kiki mai ai
sad;Adjective;A1;kaumaha
sadly;Adverb;A2;inoino
safe;Adjective;A2;maluhia
safety;Noun;B1;maluhia
sail;Verb , Noun;A2, B1;holo
sailing;Noun;A2;holo ana
sailor;Noun;B1;luina Kelemania e
salad;Noun;A1;Appetizers
salary;Noun;A2;uku
sale;Noun;A2;kuai
salt;Noun;A1;ka paʻakai
same;Adjective proNoun Adverb;A1;ia
sample;Noun, Verb;B1, B2;hāpana
sand;Noun;B1;ke one
sandwich;Noun;A1;Hawaii
satellite;Noun;B2;ukali
satisfied;Adjective;B2;māʻona
satisfy;Verb;B2;māʻona aʻela nō hoʻi
Saturday;Noun;A1;Pōʻaono
sauce;Noun;A2;meaʻai kākele
save;Verb;A2;, koe wale
saving;Noun;B2;olaʻi
say;Verb;A1;ke olelo nei
scale;Noun;B2;pālākiō
scan;Verb;B1;scan NineManga.com
scared;Adjective;A2;ka makaʻu no
scary;Adjective;A2;scary
scene;Noun;A2;loa
schedule;Noun, Verb;A2, B2;papa kuhikuhi
scheme;Noun;B2;noaia
school;Noun;A1;kula
science;Noun;A1;'epekema
scientific;Adjective;B1;ʻepekema
scientist;Noun;A1;nä känaka 'epekema
score;Verb Noun;A2;heluʻai
scream;Verb Noun;B2;scream
screen;NounVerb;A2, B2;paku
script;Noun;B1;kōmi'ōkuhi
sculpture;Noun;B1;kiʻi kaula
sea;Noun;A1;kai
search;Noun Verb;A2;huli
season;Noun;A2;manawa
seat;Noun Verb;A2, B2;noho
second1 (next after the first);et./ number, Adverb;A1, A2;second1 (e hiki mai ana ma hope o ka mua)
second1 (unit of time);Noun;A1;second1 (pa alima o ka manawa)
secondary;Adjective;B1;kiʻekiʻe
secondly;Adverb;A2;ka lua
secret;Adjective, Noun;A2;malu o
secretary;Noun;A2;kakauolelo
section;Noun;A1;pauku
sector;Noun;B2;kaiaulu
secure;Verb Adjective;B2;hoopakele ia
security;Noun;B1;e malu ai
see;Verb;A1;ike
seed;Noun;B1;hua
seek;Verb;B2;imi
seem;Verb;A2;manao
select;Verb;B2;koho i
selection;Noun;B2;koho
self;Noun;B2;pakiko
sell;Verb;A1;E kuai lilo aku
send;Verb;A1;Send
senior;Adjective;B2;kula kiʻekiʻe '
sense;Noun Verb;A2, B2;hoohalike
sensible;Adjective;B1;sensible
sensitive;Adjective;B2;ikepili koʻikoʻi
sentence;Noun Verb;A1, B2;olelo
separate;Adjective, Verb;A2, B1;hoʻokaʻawale
September;Noun;A1;Kepakemapa
sequence;Noun;B2;kaʻina
series;Noun;A2;moʻo
serious;Adjective;A2;hoʻoponopono ulia pōpilikia '
seriously;Adverb;B1;seriously
servant;Noun;B1;kauwa
serve;Verb;A2;malama aku ai
service;Noun;A2;hana
session;Noun;B2;ka Ahaolelo o
set (put);Verb;B1;huapalapala (E hahao i)
set (group);Noun;B1;huapalapala (hui)
setting;Noun;B1;okoʻa no ka manawa
settle;Verb;B2;maluhia iho la
seven;number;A1;ehiku
seventeen;number;A1;umikumāhiku
seventy;number;A1;kanahiku
several;det./proNoun;A2;kekahi mau
severe;Adjective;B2;loa
sex;Noun;B1;anal
sexual;Adjective;B1;moe
shade;Noun;B2;e malu ai
shadow;Noun;B2;malu
shake;Verb Noun;A2, B1;Haalulu iho
shall;modal Verb;A2;e
shallow;Adjective;B2;lepo
shame;Noun;B2;ka hilahila
shape;Noun Verb;A2, B2;shape
share;Verb Noun;A1, B1;kaʻana like 'ana
sharp;Adjective;B1;oi
she;proNoun;A1;ka mea,
sheep;Noun;A1;hipa
sheet;Noun;A2;kuina
shelf;Noun;B1;holopapa
shell;Noun;B1;iwi
shelter;Noun Verb;B2;malumalu
shift;Noun Verb;B1, B2;naeaeaa
shine;Verb;B1;alohi
shiny;Adjective;B1;ka lā'ī
ship;Noun Verb;A2, B2;moku
shirt;Noun;A1;Awaits
shock;Noun Verb;B2;kŰia
shocked;Adjective;B2;walawala ai
shoe;Noun;A1;kāmaʻa
shoot;Verb;B1;pana
shooting;Noun;B2;pana
shop;Noun Verb;A1;Shop
shopping;Noun;A1;Kūʻai
short;Adjective;A1;pōkole
shot;Noun;B2;ua pana mai
should;modal Verb;A1;e
shoulder;Noun;A2;poohiwi
shout;Verb Noun;A2;hooho ana
show;Verb Noun;A1;hōʻike
shower;Noun;A1;nui
shut;Verb Adjective;A2;ke papani nei
shy;Adjective;B1;hilahila
sick;Adjective;A1;maʻi
side;Noun;A2;ʻaoʻao
sight;Noun;B1;maka
sign;Noun Verb;A2;hoailona
signal;Noun Verb;B1;ua ani
significant;Adjective;B2;nui
significantly;Adverb;B2;me ka nui loa
silence;Noun;B2;noho malie
silent;Adjective;B1;hāmau
silk;Noun;B2;silika
silly;Adjective;B1;i hawawa,
silver;Noun Adjective;A2;kala
similar;Adjective;A1;i 'ano like
similarity;Noun;B1;similarity
similarly;Adverb;B1;like me
simple;Adjective;A2;poe noonoo ole
simply;Adverb;B1;wale
since;prep. conj., Adverb;A2, B1;hope o
sincere;Adjective;B2;oiaio
sing;Verb;A1;E mele aku
singer;Noun;A1;mea hoolea
singing;Noun;A2;ke mele
single;Adjective Noun;A2;hookahi
sink;Verb;B1;poho iho
sir;Noun;A2;e kuu haku
sister;Noun;A1;kaikuaʻana, kaikaina
sit;Verb;A1;ua noho
site;Noun;A2;paena
situation;Noun;A1;kulana home 'ole
six;number;A1;eono
sixteen;number;A1;umikumāono
sixty;number;A1;kanaono
size;Noun;A2;ka nui
ski;Verb Noun;A2;Ski
skiing;Noun;A2;eu?
skill;Noun;A1;akamai
skin;Noun;A2;ili
skirt;Noun;A1;lepa
sky;Noun;A2;lani
slave;Noun;B2;kauwa
sleep;Verb , Noun;A1, A2;hiamoe
slice;Noun Verb;B1;māhele
slide;Verb Noun;B2;kiʻiaka
slight;Adjective;B2;hōʻemi iki
slightly;Adverb;B1;iki
slip;Verb;B2;'oihana
slope;Noun Verb;B2;hene
slow;Adjective , Verb;A1, B1;kali
slowly;Adverb;A2;lohi
small;Adjective;A1;liʻiliʻi
smart;Adjective;B1;akamai
smartphone;Noun;A2;Phone
smell;Verb Noun;A2;honi
smile;Verb Noun;A2;maliu oluolu
smoke;Noun Verb;A2;uahi
smoking;Noun;A2;e uwahi ana
smooth;Adjective;B1;i laumania
snake;Noun;A1;nahesa
snow;Noun Verb;A1;he hau la
so;Adverb conj.;A1;no laila,
soap;Noun;A2;ke kopa
soccer;Noun;A2;Hui Pōwāwae
social;Adjective;A2;pōʻai
society;Noun;A2;ke kaiāulu kanaka,
sock;Noun;A2;sock
soft;Adjective;A2;pahee
software;Noun;B1;lako polokalamu
soil;Noun;B1;lepo
solar;Adjective;B2;ka ikehu lā
soldier;Noun;A2;koa
solid;Adjective Noun;B1;paa
solution;Noun;A2;kākoʻo pāʻoihana
solve;Verb;A2;ke hoʻoponopono
some;det. proNoun;A1;i kekahi mau
somebody;proNoun;A1;KoʻOlau
someone;proNoun;A1;kekahi
something;proNoun;A1;i kekahi mea
sometimes;Adverb;A1;kekahi manawa
somewhat;Adverb;B2;i kekahi mau mea
somewhere;Adverb proNoun;A2;aloha
son;Noun;A1;keikikāne
song;Noun;A1;mele
soon;Adverb;A1;koke
sorry;Adjective exclam.;A1;e kala mai
sort;Noun, Verb;A2, B1;ke ano
soul;Noun;B2;uhane
sound;Noun Verb;A1;kani
soup;Noun;A1;ai
source;Noun;A2;kahi
south;Noun Adjective Adverb;A1;ka hema
southern;Adjective;B1;hema
space;Noun;A1;makahiki
speak;Verb;A1;'ōlelo aku
speaker;Noun;A2;horn
special;Adjective;A1;kūikawā
specialist;Noun Adjective;B2;hoʻomalu
species;Noun;B2;? ueo
specific;Adjective;A2;i ho'ākāka '
specifically;Adverb;B1;ua hōʻike hewa
speech;Noun;A2;olelo ana
speed;Noun, Verb;A2, B2;mämä holo
spell;Verb;A1;pelaʻia
spelling;Noun;A1;pela '
spend;Verb;A1;ke lilo aku
spending;Noun;B1;anahulu
spicy;Adjective;B1;spicy
spider;Noun;A2;punawelewele,
spirit;Noun;B1;uhane
spiritual;Adjective;B2;ka uhane
split;Verb Noun;B2;mahae
spoken;Adjective;B1;olelo
sponsor;Verb Noun;B2;loulou o
spoon;Noun;A2;puna
sport;Noun;A1;sport
spot;Noun, Verb;B1, B2;ke kina ole
spread;Verb , Noun;B1, B2;E lulu aku hoi
spring;Noun, Verb;A1, B1;waipuna
square;Adjective Noun;A2;ʻahā like
stable;Adjective;B2;lio
stadium;Noun;B1;kahua pâʻani nei
staff;Noun;B1;koʻokoʻo
stage;Noun, Verb;A2, B2;ke kahua me
stair;Noun;A2;wili i piʻi
stamp;Noun;A2;, hehi iho
stand;Verb , Noun;A1, B2;ku
standard;Noun Adjective;B1;hae
star;Noun, Verb;A1, A2;hoku
stare;Verb;B2;nānā lākou me ka
start;Verb , Noun;A1, A2;hoʻomaka '
state;Noun, Adjective , v;A2, B1;moku'āina
statement;Noun;A1;olelo
station;Noun;A1;ia hoonoho ai i
statistic;Noun;B1;ka 'ikepili helu
statue;Noun;B1;kia hoʻomanaʻo
status;Noun;B2;kūlana
stay;Verb , Noun;A1, A2;noho
steady;Adjective;B2;napoo
steal;Verb;A2;aihue
steel;Noun;B2;kila
steep;Adjective;B2;poe puaa ma
step;Noun, Verb;A2, B2;ka anu u
stick (push into/attach);Verb;B1;lāʻau (pahu aku ai i loko o / paʻa)
stick (piece of wood);Noun;B1;lāʻau ('āpana o ka laau)
sticky;Adjective;B2;Padfolio
stiff;Adjective;B2;'ā'ī
still;Adverb , Adjective;A1, B1;nō
stock;Noun;B2;kumukūʻai
stomach;Noun;A2;'ōpū
stone;Noun;A2;pohaku
stop;Verb Noun;A1;hooki
store;Noun, Verb;A2, B1;hale kūʻai
storm;Noun;A2;ino
story;Noun;A1;moʻolelo
straight;Adverb Adjective;A2;pololei
strange;Adjective;A2;e wale no
stranger;Noun;B1;malihini
strategy;Noun;A2;papa kōnane
stream;Noun;B2;kahawai
street;Noun;A1;alanui
strength;Noun;B1;ikaika
stress;Noun Verb;A2;stress
stretch;Verb Noun;B2;'ō
strict;Adjective;B2;ikaika
strike;Verb Noun;B2;hahau
string;Noun;B1;kaula
strong;Adjective;A1;ikaika
strongly;Adverb;B1;ikaika
structure;Noun, Verb;A2, B2;'ole
struggle;Verb Noun;B2;paio
student;Noun;A1;haumana
studio;Noun;B1;o Nuioka ma
study;Noun Verb;A1;like
stuff;Noun, Verb;B1, B2;he ukana
stupid;Adjective;A2;hūpō
style;Noun;A1;kaila
subject;Noun, Adjective;A1, B2;kumuhana
submit;Verb;B2;waiho i
substance;Noun;B1;waiwai
succeed;Verb;A2;pomaikai iho la o
success;Noun;A1;i ka pomaikai
successful;Adjective;A2;ʻana
successfully;Adverb;B1;ana
such;det./proNoun;A2;ia
sudden;Adjective;B1;manawa e
suddenly;Adverb;A2;koke
suffer;Verb;B1;me koʻu hoomanawanui ana'ku
sugar;Noun;A1;kōpaʻa
suggest;Verb;A2;paipai
suggestion;Noun;A2;a'ōlelo hoʻohali
suit;Noun, Verb;A2, B1;hoopii
suitable;Adjective;B1;pono
sum;Noun Verb;B2;huina
summarize;Verb;B1;hōʻuluʻulu
summary;Noun;B1;hōʻuluʻulu manaʻo
summer;Noun;A1;kauwela
sun;Noun;A1;lā
Sunday;Noun;A1;Lāpule
supermarket;Noun;A1;mākeke nui
supply;Noun Verb;B1;lako hou i
support;Verb Noun;A2;kākoʻo
supporter;Noun;B1;kākoʻo iā ia,
suppose;Verb;A2;Ke manao nei
sure;Adjective , Adverb;A1, A2;ʻoiaʻiʻo
surely;Adverb;B1;oiaio no, e
surface;Noun;B1;ili honua
surgery;Noun;B2;ʻoki kino
surprise;Noun Verb;A2;mea hou
surprised;Adjective;A2;kahaha
surprising;Adjective;A2;kahaha ko oukou naau
surround;Verb;B2;hoopuni iho
surrounding;Adjective;B2;a puni
survey;Noun, Verb;A2, B2;ana manaʻo
survive;Verb;B1;ola
suspect;Verb Noun;B2;i hoʻohuoi nui
swear;Verb;B2;hoohiki
sweater;Noun;A1;sweater
sweep;Verb;B2;kahili
sweet;Adjective Noun;A2;mea ala
swim;Verb , Noun;A1, B1;'auʻau
swimming;Noun;A1;'auʻau
switch;Verb , Noun;B1, B2;E kuapo
symbol;Noun;A2;hōʻailona
sympathy;Noun;B2;walohia
symptom;Noun;B1;symptom
system;Noun;A2;'ōnaehana
table;Noun;A1;papaʻaina
tablet;Noun;A2;papa
tail;Noun;B1;huelo
take;Verb;A1;lawe
tale;Noun;B2;moʻolelo
talent;Noun;B1;tālena
talented;Adjective;B1;loea
talk;Verb , Noun;A1, A2;o anakuhi
tall;Adjective;A1;loloa
tank;Noun;B2;pahu
tape;Noun;B1;lola
target;Noun, Verb;A2, B2;pale umauma hoʻokahi
task;Noun;A2;hana
taste;Noun Verb;A2;hoao aku la,
tax;Noun Verb;B1;auhau
taxi;Noun;A1;kaʻa'ōhua
tea;Noun;A1;kī
teach;Verb;A1;e ao aku
teacher;Noun;A1;ke kumu
teaching;Noun;A2;e ao ana
team;Noun;A1;hui
tear1;Verb Noun;B2;tear1
tear2;Noun;B2;tear2
technical;Adjective;B1;oaoieei-
technique;Noun;B1;'ana i kūpono
technology;Noun;A2;enehana
teenage;Adjective;A2;teenage
teenager;Noun;A1;teenager
telephone;Noun Verb;A1;kelepona
television;Noun;A1;kīwī
tell;Verb;A1;hai aku
temperature;Noun;A2;wela
temporary;Adjective;B2;? aiaiiuie
ten;number;A1;umi
tend;Verb;B1;mālama
tennis;Noun;A1;Hana
tent;Noun;B1;hale lole
term;Noun, Verb;A2, B2;ʻia
terrible;Adjective;A1;weliweli
test;Noun Verb;A1;hoʻokolohua
text;Noun, Verb;A1, A2;kikokikona
than;conj.;A1;ma mua o
thank;Verb;A1;aloha aku nei au
thanks;exclam. Noun;A1;mahalo
that;det. proNoun conj., Adverb;A1, B1;i
the;definite article;A1;i ka
theatre;Noun;A1;i ka hale kiʻiʻoniʻoni
their;det.;A1;lākou
theirs;proNoun;B1;no lakou
them;proNoun;A1;ia
theme;Noun;B1;theme like
themselves;proNoun;A2;ia lakou iho
then;Adverb;A1;laila
theory;Noun;B1;kumumanaʻo
therapy;Noun;B2;Inc
there;Adverb;A1;malaila
therefore;Adverb;B1;nolaila
they;proNoun;A1;ka mea,
thick;Adjective;A2;mānoanoa o ia mea
thief;Noun;A2;aihue
thin;Adjective;A2;lahilahi
thing;Noun;A1;mea
think;Verb;A1;manaʻo
thinking;Noun;A2;manaʻo
third;number, Noun;A1, A2;ke kolu
thirsty;Adjective;A1;make wai au
thirteen;number;A1;umikumākolu
thirty;number;A1;kanakolu
this;det./proNoun, Adverb;A1, B1;keia
though;conj. Adverb;B1;nae
thought;Noun;A2;manao
thousand;number;A1;tausani
threat;Noun;B2;hoʻoweliweli
threaten;Verb;B2;olelo hooweliweli aku
three;number;A1;ekolu
throat;Noun;B1;kaniai
through;prep. Adverb;A1;ma
throughout;prep./Adverb;B1;ma
throw;Verb;A2;hoolei
Thursday;Noun;A1;Pōʻahā
thus;Adverb;B2;pela
ticket;Noun;A1;balota
tidy;Adjective v;A2;tidy
tie;Verb Noun;A2;Ka Hawai i
tight;Adjective;B1;pilipaa
till;conj./prep.;B1;a hiki i
time;Noun, Verb;A1, B2;manawa
tin;Noun;B1;tina
tiny;Adjective;B1;moku
tip;Noun, Verb;A2, B1;kōkua
tired;Adjective;A1;māluhiluhi
title;Noun;A1, B2;inoa
to;prep., infinitive marker;A1;i ka
today;Adverb Noun;A1;i keia la
toe;Noun;B1;manamananui
together;Adverb;A1;pu
toilet;Noun;A1;'Ia
tomato;Noun;A1;kamako
tomorrow;Adverb Noun;A1;āpōpō
tone;Noun;B2;leo
tongue;Noun;B1;elelo
tonight;Adverb n;A1;kēia pō
too;Adverb;A1;oi aku
tool;Noun;A2;mea paahana
tooth;Noun;A1;niho
top;Noun, Adjective;A2;luna
topic;Noun;A1;kumuhana
total;Adjective Noun;B1;huina pau
totally;Adverb;B1;ihola ia
touch;Verb , Noun;A2, B1;hoopa aku
tough;Adjective;B2;uaua
tour;Noun, Verb;A2, B1;kaapuni kana
tourism;Noun;A2;? ecia
tourist;Noun;A1;oo? enonei-?
towards;prep.;A2;i
towel;Noun;A2;kawele
tower;Noun;A2;hale kiai
town;Noun;A1;kulanakauhale
toy;Noun, Adjective;A2;liʻiliʻi
track;Noun, Verb;A2, B2;Track
trade;Noun, Verb;B1;kuai
tradition;Noun;A2;moolelo
traditional;Adjective;A2;ku una
traffic;Noun;A1;kalepa ae la lakou
train;Noun, Verb;A1, A2;nalowale
trainer;Noun;A2;kanaka aʻo
training;Noun;A2;aʻo
transfer;Verb Noun;B2;hoolilo
transform;Verb;B2;hoʻololi
transition;Noun;B2;hoʻololi
translate;Verb;B1;unuhi
translation;Noun;B1;unuhi
transport;Noun, Verb;A2, B1;amo
travel;Verb Noun;A1;ka hele ana
traveller;Noun;A2;hele
treat;Verb;B1;pono
treatment;Noun;B1;iapaau ana
tree;Noun;A1;kumulāʻau
trend;Noun;B1;kū i ke au
trial;Noun;B2;hookolokoloia
trick;Noun Verb;B1;liana a
trip;Noun, Verb;A1, B2;huakai
tropical;Adjective;B2;Tropical
trouble;Noun, Verb;A2, B2;pilikia
trousers;Noun;A1;wāwae
truck;Noun;A2;kona kalaka
TRUE;Adjective;A1;oiaio
truly;Adverb;B2;ana no hoi
trust;Noun Verb;B2;āina noho kahu '
truth;Noun;B1;oiaio
try;Verb , Noun;A1, B2;ho'āʻo
T-shirt;Noun;A1;T-Shirt
tube;Noun;B1;Tube
Tuesday;Noun;A1;Pōʻalua
tune;Noun;B2;hoʻoikaika
tunnel;Noun;B2;tunnel
turn;Verb Noun;A1;huli
TV;Noun;A1;TV
twelve;number;A1;umikumālua
twenty;number;A1;iwakālua
twice;Adverb;A1;pālua
twin;Noun Adjective;A2;māhoe
two;number;A1;elua
type;Noun, Verb;A1, B1;ʻAno
typical;Adjective;A2;typical
typically;Adverb;B1;nō kāu
tyre;Noun;B1;luhi o
ugly;Adjective;B1;ʻinoʻino
ultimately;Adverb;B2;ultimately
umbrella;Noun;A1;mamalu
unable;Adjective;B1;hiki
uncle;Noun;A1;makua
uncomfortable;Adjective;B1;ke koikoi
unconscious;Adjective;B2;unconscious
under;prep. Adj;A1;ma lalo o
underground;Adjective Adverb;A2;lola honua
understand;Verb;A1;maopopo
understanding;Noun;A2;naʻauao
underwear;Noun;B1;huihui
unemployed;Adjective;B1;ʻaʻole loaʻaʻoihana
unemployment;Noun;B1;ka nele i
unexpected;Adjective;B2;unexpected
unfair;Adjective;B1;kaulikeʻole
unfortunately;Adverb;A2;Eia naʻe
unhappy;Adjective;A2;kona olioli ole
uniform;Noun;A2;ʻaʻahu
union;Noun;B1;hoao ana
unique;Adjective;B2;kū hoʻokahi
unit;Noun;A2;pa alima
united;Adjective;A2;'amelika
universe;Noun;B2;ke ao holoʻokoʻa
university;Noun;A1;kulanui
unknown;Adjective;B2;iKE oLE IA
unless;conj.;B1;ke ole
unlike;prep.;B1;e like
unlikely;Adjective;B1;olelo lealea
unnecessary;Adjective;B1;hoʻokali kūpono '
unpleasant;Adjective;B1;kaʻawaʻawa loa
until;conj./prep.;A1;a
unusual;Adjective;A2;hana
up;Adverb proNoun;A1;i
update;Verb Noun;B1;IeAIIeXIAaIEN
upon;prep.;B1;maluna o
upper;Adjective;B2;luna
upset;Adjective v;B1;leʻa hoʻi
upstairs;Adverb , Adjective;A1, A2;upstairs
upwards;Adverb;B2;luna
urban;Adjective;B2;hoʻokiwikā
urge;Verb;B2;koi aku ia
us;proNoun;A1;iā mākou
use;Verb , Noun;A1, A2;hoʻohana
used;Adjective;B1;hoʻohana
used to;modal Verb;A2;ma mua
useful;Adjective;A1;maikaʻi kēia
user;Noun;A2;mea hoʻohana
usual;Adjective;A2;mau
usually;Adverb;A1;IeAUPIIe, IAa IO
vacation;Noun;A1;hawaii
valley;Noun;A2;awāwa
valuable;Adjective;B1;waiwai
value;Noun, Verb;B1, B2;waiwai
van;Noun;A2;van
variety;Noun;A2;likeʻole ma
various;Adjective;B1;likeʻole
vary;Verb;B2;lauwili
vast;Adjective;B2;nui
vegetable;Noun;A1;nō
vehicle;Noun;A2;kaa
venue;Noun;B2;wahi
version;Noun;B1;mana
very;Adverb , Adjective;A1, B1;loa
via;prep.;B2;Via
victim;Noun;B1;luahi
victory;Noun;B2;ka lanakila
video;Noun;A1;wikiō
view;Noun, Verb;A2,;nānaina
viewer;Noun;B1;Mea Nānā
village;Noun;A1;kauhale
violence;Noun;B2;wale
violent;Adjective;B1;ikaika
virtual;Adjective;B2;ʻike kamepiula
virus;Noun;A2;mea hoʻomaʻi
vision;Noun;B2;hihio
visit;Verb Noun;A1;makaikai
visitor;Noun;A1;malihini
visual;Adjective;B2;pilikia makapō
vital;Adjective;B2;nui
vitamin;Noun;B2;wikamina
voice;Noun;A2;leo, i ka
volume;Noun;B2;ka leo
volunteer;Noun Verb;B1;hana manawaleʻa
vote;Noun Verb;B1;koho ana
wage;Noun;B2;hana
wait;Verb , Noun;A1, A2;hoohalua
waiter;Noun;A1;waiter
wake;Verb;A1;Wake
walk;Verb Noun;A1;hele
wall;Noun;A1;pa pohaku
want;Verb;A1;makemake
war;Noun;A2;ke kaua
warm;Adjective , v;A1, B1;pumehana
warn;Verb;B1;ao
warning;Noun;B1;aʻoaʻo ma
wash;Verb , Noun;A1, A2;holoi ai
washing;Noun;A2;holoi ana
waste;Noun v, Adjective;B1;luku aku
watch;Verb Noun;A1;paha o ka wati
water;Noun, Verb;A1, B1;ka wai
wave;Noun;A2, B1;hawewe
way;Noun;A1, B2;ala
we;proNoun;A1;mākou
weak;Adjective;A2;nawaliwali
weakness;Noun;B2;nawaliwali ka hoomaopopo ana
wealth;Noun;B2;waiwai
wealthy;Adjective;B2;waiwai
weapon;Noun;B1;mea pepehi
wear;Verb;A1;Wear
weather;Noun;A1;nana
web;Noun;A2;pūnaewele puni honua
website;Noun;A1;paena
wedding;Noun;A2;Aha Hoʻomale
Wednesday;Noun;A1;Pōʻakolu
week;Noun;A1;pule
weekend;Noun;A1;hopena pule
weigh;Verb;B1;ke kaupaona
weight;Noun;A2;ke kaupaona
welcome;exclam. Verb Adjective , n;A1, A2;Welina
well;Adverb , Adjective , exclam.;A1;pono
west;Noun Adjective Adverb;A1;komohana
western;Adjective;B1;komohana
wet;Adjective;A2;pulu
what;proNoun/det.;A1;He aha
whatever;det./proNoun;B1;na mea a pau
wheel;Noun;A2;huila
when;Adverb proNounconj.;A1;ka wā
whenever;conj.;B1;manawa
where;Adverb conj.;A1;kahi
whereas;conj.;B2;ka mea
wherever;conj.;B2;ma kahi
whether;conj.;B1;ina paha ua
which;proNoun/det.;A1;a
while;conj., Noun;A2, B1;ana
whisper;Verb Noun;B2;hāwanawana naʻe
white;Adjective Noun;A1;keʻokeʻo
who;proNoun;A1;ka mea
whole;Adjective , n;A2, B1;a pau
whom;proNoun;B2;ka mea a
whose;det./proNoun;A2;kona
why;Adverb;A1;no ke aha mai
wide;Adjective;A2;mea, he akea
widely;Adverb;B2;i lohe nui
wife;Noun;A1;ka wahine a
wild;Adjective;A2;hihiu
wildlife;Noun;B2;wildlife
will;modal, Noun Verb;A1,;makemake
willing;Adjective;B2;makemake
win;Verb , Noun;A1, B1;lanakila '
wind1;Noun;A2;wind1
wind2;Verb;B2;wind2
window;Noun;A1;pukaaniani
wine;Noun;A1;waina
wing;Noun;B1;'ēheu
winner;Noun;A2;e uwa
winter;Noun;A1;ka hooilo
wire;Noun;B2;uea
wise;Adjective;B2;naauao
wish;Verb Noun;A2;makemake
with;prep.;A1;me ka
within;prep.;B1;i loko o
without;prep.;A1;me ka
witness;Noun Verb;B2;hoike
woman;Noun;A1;wahine
wonder;Verb Noun;B1;kupanaha
wonderful;Adjective;A1;kupanaha
wood;Noun;A2;laau
wooden;Adjective;A2;laau
wool;Noun;B1;hulu hipa
word;Noun;A1;hua'ōlelo
work;Verb Noun;A1;hana
worker;Noun;A1;limahana o
working;Adjective;A2;ka lawelawe hana
world;Noun;A1;honua
worldwide;Adjective Adverb;B1;nā hualoaʻa a
worried;Adjective;A2;hoohihiaia
worry;Verb Noun;A2, B1;uuku au
worse;Adjective, AdVerb Noun;A2,B1, B2;ino loa
worst;Adjective, AdVerb;A2,B1, B2;ʻino
worth;Adjective, Noun;B1, B2;ke kumukuai o
would;modal, Verb;A1;E
wound;Noun Verb;B2;eha
wow;exclam.;A2;Wow
wrap;Verv;B2;wahī
write;Verb;A1;kahakaha iho
writer;Noun;A1;mea kākau moʻolelo
writing;Noun;A1;palapala
written;Adjective;B1;palapala
wrong;Adjective, AdVerb Noun;A1, B1, B2;hewa
yard;Noun;B1;iwilei
yeah;exclam.;A1;yeah
year;Noun;A1;makahiki
yellow;Adjective, Noun;A1;melemele
yes;exclam.;A1;ae
yesterday;AdVerb Noun;A1;i nehinei
yet;AdVerb conj.;A2, B2;aka,
you;proNoun;A1;oe
young;Adjective, Noun;A1, B1;opio
your;det.;A1;kou
yours;proNoun;A2;kou
yourself;proNoun;A1;oe ia oe iho
youth;Noun;B1;wa opiopio
zero;number;A2;ole
zone;Noun;B2;oo?
