a, an;indefinite, article;A1;a, ar
abandon;Verb;B2;thréigean
ability;Noun;A2;cumas
able;Adjective;A2;ann
about;prep. Adverb;A1;faoi
above;prep. Adverb;A1;os cionn
abroad;Adverb;A2;thar lear
absolute;Adjective;B2;absalóideach
absolutely;Adverb;B1;go hiomlán
academic;adj, Noun;B1, B2;acadúil
accept;Verb;A2;glacadh
acceptable;Adjective;B2;inghlactha
access;Noun Verb;B1;rochtain
accident;Noun;A2;timpiste
accommodation;Noun;B1;cóiríocht
accompany;Verb;B2;ag gabháil
according to;prep.;A2;de réir
account;Noun Verb;B1, B2;cuntas
accurate;Adjective;B2;cruinn
accuse;Verb;B2;cúisigh
achieve;Verb;A2;a bhaint amach
achievement;Noun;B1;a bhaint amach
acknowledge;Verb;B2;aitheantas a thabhairt
acquire;Verb;B2;talamh fháil
across;prep. Adverb;A1;thar
act;Verb Noun;A2,B1;gníomhú
action;Noun;A1;gníomh
active;Adjective;A2;gníomhach
activity;Noun;A1;gníomhaíocht
actor;Noun;A1;aisteoir
actress;Noun;A1;aisteoir
actual;Adjective;B2;iarbhír
actually;Adverb;A2;i ndáiríre
ad;Noun;B1;ad
adapt;Verb;B2;a chur in oiriúint
add;Verb;A1;cuir
addition;Noun;B1;Ina theannta sin
additional;Adjective;B2;sa bhreis
address;Noun Verb;A1,B2;seoladh
administration;Noun;B2;riarachán
admire;Verb;B1;admire
admit;Verb;B1;ligean isteach
adopt;Verb;B2;ghlacadh
adult;Noun adj;A1,A2;do dhaoine fásta
Advance;Noun Verb adj;B2;Advance
Advanced;Adjective;B1;Advanced
Advantage;Noun;A2;Advantage
Adventure;Noun;A2;Eachtraíochta
Advertise;Verb;A2;Post a fhógairt
Advertisement;Noun;A2;Fógraíocht
Advertising;Noun;A2;Fógraíocht
Advice;Noun Verb;A1, B1;comhairle
affair;Noun;B2;affair
affect;Verb;A2;difear
afford;Verb;B1;acmhainn
afraid;Adjective;A1;eagla
after;prep. conj. Adverb;A1,A2;tar éis
afternoon;Noun;A1;tráthnóna
afterwards;Adverb;B2;ina dhiaidh sin
again;Adverb;A1;arís
against;prep;A2;in aghaidh
age;Noun Verb;A1, B1;aois
aged;Adjective;B1;aois
agency;Noun;B2;gníomhaireacht
agenda;Noun;B2;clár oibre
agent;Noun;B1;gníomhaire
aggressive;Adjective;B2;ionsaitheach
ago;Adverb;A1;ó shin
agree;Verb;A1;aontú
agreement;Noun;B1;comhaontú
ah;exclam.;A2;ah
ahead;Adverb;B1;romhainn
aid;Noun Verb;B2;gcabhair
aim;Verb Noun;B1;aidhm
air;Noun;A1;aer
aircraft;Noun;B2;aerárthaí
airline;Noun;A2;aerlíne
airport;Noun;A1;aerfort
alarm;Noun Verb;B1, B2;aláraim
album;Noun;B1;album
alcohol;Noun;B1;alcól
alcoholic;Adjective;B1;alcólacha
alive;Adjective;A2;beo
all;det. pron, Adverb;A1, A2;gach
all right;Adjective, Adverb exclam;A2;ceart go leor
allow;Verb;A2;cheadú
almost;Adverb;A2;beagnach
alone;Adjective, Adverb;A2;ina n-aonar
along;prep. Adverb;A2;chomh maith
already;Adverb;A2;cheana
also;Adverb;A1;chomh maith
alter;Verb;B2;alter
alternative;Noun Adjective;A2, B1;malartacha
although;conj;A2;cé
always;Adverb;A1;i gcónaí
amazed;Adjective;B1;amazed
amazing;Adjective;A1;iontach
ambition;Noun;B1;uaillmhian
ambitious;Adjective;B1;uaillmhianach
among;prep.;A2;i measc
amount;Noun Verb;A2, B2;méid
analyse;Verb;B1;anailís a dhéanamh
analysis;Noun;B1;anailís
ancient;Adjective;A2;ársa
and;conj;A1;agus
anger;Noun;B2;fearg
angle;Noun;B2;uillinn
angry;Adjective;A1;feargach
animal;Noun;A1;ainmhithe
ankle;Noun;A2;rúitín
anniversary;Noun;B2;comóradh
announce;Verb;B1;fhógairt
announcement;Noun;B1;fhógairt
annoy;Verb;B1;annoy
annoyed;Adjective;B1;ar buile
annoying;Adjective;B1;annoying
annual;Adjective;B2;bliantúil
another;det. proNoun;A1;eile
answer;Noun Verb;A1;freagra
anxious;Adjective;B2;imníoch
any;det. proNoun, Adverb;A1, A2;aon
anybody;pron;A2;aon duine
any more;Adverb;A2;ar bith níos mó
anyone;pron;A1;duine ar bith
anything;pron;A1;rud ar bith
anyway;Adverb;A2;mar sin féin
anywhere;AdVerb proNoun;A2;in áit ar bith
apart;Adverb;B1;óna chéile
apartment;Noun;A1;árasán
apologize;Verb;B1;leithscéal a ghabháil
app;Noun;A2;app
apparent;Adjective;B2;léir
apparently;Adverb;B2;cosúil
appeal;Noun Verb;B2;achomharc
appear;Verb;A2;Nocht
appearance;Noun;A2;cuma
apple;Noun;A1;úll
application;Noun;B1;iarratas
apply;Verb;A2;iarratas a dhéanamh
appointment;Noun;B1;ceapachán
appreciate;Verb;B1;meas
approach;Noun Verb;B2;Cur chuige
appropriate;Adjective;B2;cuí
approval;Noun;B2;ceadú
approve;Verb;B2;cheadú
approximately;Adverb;B1;thart
April;Noun;A1;aibreán
architect;Noun;A2;ailtire
architecture;Noun;A2;ailtireacht
area;Noun;A1;limistéar
argue;Verb;A2;Áitíonn
argument;Noun;A2;argóint
arise;Verb;B2;teacht chun cinn
arm;Noun;A1;lámh
armed;Adjective;B2;armtha
arms;Noun;B2;airm
army;Noun;A2;arm
around;prep. Adverb;A1;thart
arrange;Verb;A2;socrú
arrangement;Noun;A2;socrú
arrest;Verb Noun;B1;ghabháil
arrival;Noun;B1;teacht
arrive;Verb;A1;teacht
art;Noun;A1;ealaín
article;Noun;A1;article
artificial;Adjective;B2;saorga
artist;Noun;A1;ealaíontóir
artistic;Adjective;B2;ealaíonta
as;prep., Adverb conj.;A1, A2;mar
ashamed;Adjective;B2;náire
asleep;Adjective;A2;chodladh
ask;Verb;A1;a iarraidh
aspect;Noun;B2;gné
assess;Verb;B2;measúnú a dhéanamh ar
assessment;Noun;B2;measúnú
assignment;Noun;B1;sannadh
assist;Verb;B1;cúnamh a thabhairt
assistant;Noun Adjective;A2;cúntóir
associate;Verb;B2;chomhlachú
associated;Adjective;B2;gaolmhara
association;Noun;B2;Comhlachas
assume;Verb;B2;glacadh leis
at;prep.;A1;ag
athlete;Noun;A2;lúthchleasaí
atmosphere;Noun;B1;atmaisféar
attach;Verb;B1;gabháil
attack;Noun Verb;A2;ionsaí
attempt;Noun Verb;B2;iarracht
attend;Verb;A2;freastal
attention;Noun exclam.;A2;aire
attitude;Noun;B1;dearcadh
attract;Verb;B1;mhealladh
attraction;Noun;B1;mhealladh
attractive;Adjective;A2;tarraingteach
audience;Noun;A2;lucht féachana
August;Noun;A1;Lúnasa
aunt;Noun;A1;aintín
author;Noun;A2;údar
authority;Noun;B1;údarás
autumn;Noun;A1;fhómhair
available;Adjective;A2;ar fáil
average;Adjective, Noun Verb;A2, B1;meán
avoid;Verb;A2;sheachaint
award;Noun Verb;A2, B1;dámhachtain
aware;Adjective;B1;feasach
away;Adverb;A1;ar shiúl
awful;Adjective;A2;uafásach
baby;Noun;A1;leanbh
back;Noun AdVerb Adjective, Verb;A1, A2, B2;ais
background;Noun;A2;cúlra
backwards;Adverb;B1;ar gcúl
bacteria;Noun;B2;baictéir
bad;Adjective;A1;-dona
badly;Adverb;A2;go holc
bag;Noun;A1;mála
bake;Verb;B1;bake
balance;Noun Verb;B1;cothromaíocht
ball;Noun;A1;liathróid
ban;Verb Noun;B1;ban
banana;Noun;A1;banana
band;Noun;A1;bhanna
bank (money);Noun;A1;banc (airgead)
bank (river);Noun;B1;bhruach (abhainn)
bar;Noun Verb;A2, B2;barra
barrier;Noun;B2;bacainn
base;Noun Verb;B1;bonn
baseball;Noun;A2;baseball
based;Adjective;A2;bhunaithe
basketball;Noun;A2;cispheil
basic;Adjective;B1;bunúsach
basically;Adverb;B2;go bunúsach
basis;Noun;B1;bhonn
bath;Noun;A1;folctha
bathroom;Noun;A1;seomra folctha
battery;Noun;B1;ceallraí
battle;Noun Verb;B1, B2;cath
be;Verb auxiliary Verb;A1;a
beach;Noun;A1;beach
bean;Noun;A2;pónaire
bear (deal with);Verb;B2;iompróidh (déileáil le)
bear (animal);Noun;A2;iompróidh (ainmhí)
beat;Verb Noun;A2, B2;buille
beautiful;Adjective;A1;go hálainn
beauty;Noun;B1;áilleacht
because;conj.;A1;mar
become;Verb;A1;bheith
bed;Noun;A1;leaba
bedroom;Noun;A1;seomra leaba
bee;Noun;B1;beach
beef;Noun;A2;mairteoil
beer;Noun;A1;beoir
before;prep., conj. Adverb;A1, A2;roimh
beg;Verb;B2;beg
begin;Verb;A1;tús
beginning;Noun;A1;tús
behave;Verb;A2;féin a iompar
behaviour;Noun;A2;iompar
behind;prep. Adverb;A1;taobh thiar de
being;Noun;B2;á
belief;Noun;B1;creideamh
believe;Verb;A1;Creidim
bell;Noun;B1;clog
belong;Verb;A2;bhaineas
below;Adverb prep.;A1;thíos
belt;Noun;A2;crios
bend;Verb Noun;B1;Bend
benefit;Verb NouNoun;A2, B1;sochair
bent;Adjective;B2;Bent
best;Adjective, AdVerb Noun;A1, A2;is
bet;Verb Noun;B2;geall
better;Adjective , Adverb , Noun;A1, A2, B1;níos fearr
between;prep., Adverb;A1, A2;idir
beyond;prep. Adverb;B2;ina dhiaidh sin
bicycle;Noun;A1;rothar
big;Adjective;A1;chomh mór is
bike;Noun;A1;rothar
bill;Noun Verb;A1, B2;bille
billion number; ;A2;billiún uimhir
bin;Noun;A2;bin
biology;Noun;A2;bitheolaíocht
bird;Noun;A1;éan
birth;Noun;A2;breithe
birthday;Noun;A1;Breithlá
biscuit;Noun;A2;briosca
bit;Noun;A2;giotán
bite;Verb Noun;B1;bite
bitter;Adjective;B2;searbh
black;Adjective, Noun;A1;dubh
blame;Verb Noun;B2;milleán
blank;Adjective, Noun;A2;bán
blind;Adjective;B2;dall
block;Noun Verb;B1;bloc
blog;Noun;A1;blog
blonde;Adjective;A1;blonde
blood;Noun;A2;fuil
blow;Verb;A2;buille
blue;Adjective, Noun;A1;gorm
board;Noun Verb;A2, B1;bord
boat;Noun;A1;bád
body;Noun;A1;comhlacht
boil;Verb;A2;boil
bomb;Noun Verb;B1;buama
bond;Noun;B2;banna
bone;Noun;A2;cnámh
book;Noun Verb;A1, A2;leabhar
boot;Noun;A1;tosaithe
border;Noun Verb;B1, B2;teorann
bored;Adjective;A1;leamh
boring;Adjective;A1;leadránach
born;Verb;A1;rugadh
borrow;Verb;A2;iasacht
boss;Noun;A2;Boss
both;det./proNoun;A1;araon
bother;Verb;B1;bodhraigh
bottle;Noun;A1;buidéal
bottom;NouNoun Adjective;A2;bun
bowl;Noun;A2;babhla
box;Noun;A1;bosca
boy;Noun;A1;buachaill
boyfriend;Noun;A1;buachaill
brain;Noun;A2;inchinn
branch;Noun;B1;géaga
brand;Noun Verb;B1;branda
brave;Adjective;B1;cróga
bread;Noun;A1;arán
break;Verb Noun;A1;sos
breakfast;Noun;A1;bricfeasta
breast;Noun;B2;chíche
breath;Noun;B1;anáil
breathe;Verb;B1;breathe
breathing;Noun;B1;análaithe
bride;Noun;B1;Bride
bridge;Noun;A2;droichead
brief;Adjective;B2;gearr
bright;Adjective;A2;geal
brilliant;Adjective;A2;thar cionn
bring;Verb;A1;a thabhairt
broad;Adjective;B2;leathan
broadcast;Verb Noun;B2;craoladh
broken;Adjective;A2;briste
brother;Noun;A1;deartháir
brown;Adjective, Noun;A1;donn
brush;Verb Noun;A2;scuab
bubble;Noun;B1;mboilgeog
budget;Noun;B2;buiséad
build;Verb;A1;thógáil
building;Noun;A1;foirgneamh
bullet;Noun;B2;bullet
bunch;Noun;B2;bunch
burn;Verb Noun;A2, B2;sruthán
bury;Verb;B1;adhlacadh
bus;Noun;A1;bus
bush;Noun;B2;Bush
business;Noun;A1;gnó
businessman;Noun;A2;gnó
busy;Adjective;A1;gnóthach
but;conj. prep;A1, B2;ach
butter;Noun;A1;im
button;Noun;A2;cnaipe
buy;Verb;A1;cheannach
by;prep. Adverb;A1, B1;le
bye;exclam;A1;slán
cable;Noun;B2;cábla
cafe;Noun;A1;caife
cake;Noun;A1;cáca milis
calculate;Verb;B2;ríomh
call;Verb Noun;A1;glaoch
calm;Adjective Verb Noun;B1;calma
camera;Noun;A1;ceamara
camp;Noun Verb;A2;campa
campaign;Noun Verb;B1;feachtas
camping;Noun;A2;campála
campus;Noun;B1;gcampas
can1;modal Verb;A1;can1
can2;Noun;A2;can2
cancel;Verb;B2;ceal
cancer;Noun;B2;ailse
candidate;Noun;B1;iarrthóir
cannot;Verb;A1;ní féidir
cap;Noun;B1;cap
capable;Adjective;B2;ann
capacity;Noun;B2;cumas
capital;Noun Adjective;A1;caipitil
captain;Noun;B1;captaen
capture;Verb Noun;B2;ghabháil
car;Noun;A1;carr
card;Noun;A1;cárta
care;Noun Verb;A2;cúram
career;Noun;A1;gairme
careful;Adjective;A2;cúramach
carefully;Adverb;A2;go cúramach
careless;Adjective;B1;míchúramach
carpet;Noun;A2;cairpéad
carrot;Noun;A1;cairéad
carry;Verb;A1;iompar
cartoon;Noun;A2;cartún
case;Noun;A2;cás
cash;Noun;A2;airgead
cast;Noun Verb;B2;caitheadh
castle;Noun;A2;caisleán
cat;Noun;A1;cat
catch;Verb Noun;A2, B2;ghabháil
category;Noun;B1;catagóir
cause;Noun Verb;A2;faoi ​​deara
CD;Noun;A1;CD
ceiling;Noun;B1;uasteorainn
celebrate;Verb;A2;ceiliúradh
celebration;Noun;B1;ceiliúradh
celebrity;Noun;A2;celebrity
cell;Noun;B2;cill
cent;Noun;A1;cent
central;Adjective;B1;lárnach
centre;Noun Verb;A1, B1;ionad
century;Noun;A1;haois
ceremony;Noun;B1;searmanas
certain;Adjective;A2;áirithe
certainly;Adverb;A2;cinnte
chain;Noun Verb;B1, B2;slabhra
chair;Noun Verb;A1, B2;cathaoir
chairman;Noun;B2;chathaoirleach
challenge;Noun Verb;B1, B2;dúshlán
champion;Noun;B1;curadh
chance;Noun;A2;seans
change;Verb Noun;A1;athrú
channel;Noun;B1;cainéal
chapter;Noun;B1;caibidil
character;Noun;A2;carachtar
characteristic;Noun Adjective;B2;tréith
charge;Noun Verb;B1;gceannas
charity;Noun;A2;carthanas
chart;Noun Verb;A1, B2;chairt
chat;Verb Noun;A2;comhrá
cheap;Adjective , Adverb;A1, B1;saor
cheat;Verb Noun;B1;cheat
check;Verb Noun;A1, A2;seiceáil
chef;Noun;A2;cócaire
cheerful;Adjective;B1;ghealgháireach
cheese;Noun;A1;cáis
chemical;Adjective, Noun;B1;ceimiceacha
chemistry;Noun;A2;ceimic
chest;Noun;B1;cófra
chicken;Noun;A1;sicín
chief;Adjective, Noun;B2;príomhfheidhmeannach
child;Noun;A1;leanbh
childhood;Noun;B1;óige
chip;Noun;A2;sliseanna
chocolate;Noun;A1;seacláid
choice;Noun;A2;rogha
choose;Verb;A1;roghnaigh
church;Noun;A2;séipéal
cigarette;Noun;A2;toitíní
cinema;Noun;A1;phictiúrlann
circle;Noun Verb;A2;ciorcal
circumstance;Noun;B2;imthoisc
cite;Verb;B2;cite
citizen;Noun;B2;saoránach
city;Noun;A1;chathair
civil;Adjective;B2;sibhialta
claim;Verb Noun;B1;éileamh
class;Noun;A1;rang
classic;Adjective, Noun;B2;clasaiceach
classical;Adjective;A2;clasaiceach
classroom;Noun;A1;seomra ranga
clause;Noun;B1;clásal
clean;Adjective, Verb;A1;glan
clear;Adjective, Verb;A2, B1;soiléir
clearly;Adverb;A2;go soiléir
clever;Adjective;A2;cliste
click;Verb Noun;B1;cliceáil
client;Noun;B1;cliant
climate;Noun;A2;aeráid
climb;Verb Noun;A1, B1;tóg
clock;Noun;A1;clog
close1;Verb Noun;A1, B2;close1
close2;Adjective , Adverb;A2, B1;close2
closed;Adjective;A2;dúnta
closely;Adverb;B2;dlúth
cloth;Noun;B1;éadach
clothes;Noun;A1;éadaí
clothing;Noun;A2;éadaí
cloud;Noun;A2;scamall
club;Noun;A1;club
clue;Noun;B1;clue
coach;Noun Verb;A2, B1;cóiste
coal;Noun;B1;gual
coast;Noun;A2;chósta
coat;Noun;A1;cóta
code;Noun;A2;cód
coffee;Noun;A1;caife
coin;Noun;B1;caith súil
cold;Adjective Noun;A1;fuar
collapse;Verb Noun;B2;titim
colleague;Noun;A2;comhghleacaí
collect;Verb;A2;bhailiú
collection;Noun;B1;bailiúchán
college;Noun;A1;Coláiste
colour;Noun;A1;dath
coloured;Adjective;B1;daite
column;Noun;A2;colún
combination;Noun;B2;teaglaim
combine;Verb;B1;le chéile
come;Verb;A1;teacht
comedy;Noun;A2;greann
comfort;Noun Verb;B2;compord
comfortable;Adjective;A2;compordach
command;Noun Verb;B2;orduithe
comment;Noun Verb;A2, B1;comment
commercial;Adjective Noun;B1;tráchtála
commission;Noun Verb;B2;coimisiún
commit;Verb;B1;tiomantas
commitment;Noun;B2;tiomantas
committee;Noun;B2;coiste
common;Adjective Noun;A1;coitianta
commonly;Adverb;B2;coitianta
communicate;Verb;A2;a chur in iúl
communication;Noun;B1;cumarsáid
community;Noun;A2;pobail
company;Noun;A1;cuideachta
compare;Verb;A1;a chur i gcomparáid
comparison;Noun;B1;comparáid a dhéanamh
compete;Verb;A2;iomaíocht
competition;Noun;A2;iomaíocht
competitor;Noun;B1;iomaitheoir
competitive;Adjective;B1;iomaíoch
complain;Verb;A2;gearán a dhéanamh
complaint;Noun;B1;gearán
complete;Adjective Verb;A1;críochnaithe
completely;Adverb;A2;go hiomlán
complex;Adjective, Noun;B1, B2;casta
complicated;Adjective;B2;achrannach
component;Noun;B2;comhpháirte
computer;Noun;A1;ríomhaire
concentrate;Verb;B1;díriú
concentration;Noun;B2;tiúchan
concept;Noun;B2;coincheap
concern;Noun Verb;B2;imní
concerned;Adjective;B2;mbaineann
concert;Noun;A1;ceolchoirm
conclude;Verb;B1;a thabhairt i gcrích
conclusion;Noun;B1;Mar fhocal scoir
condition;Noun;A2;coinníoll
conduct;Verb Noun;B2;iompar
conference;Noun;A2;comhdháil
confidence;Noun;B2;muinín
confident;Adjective;B1;muiníneach
confirm;Verb;B1;dhaingniú
conflict;Noun Verb;B2;coimhlint
confuse;Verb;B1;amú
confused;Adjective;B1;mearbhall
confusing;Adjective;B2;mearbhall
connect;Verb;A2;ceangal
connected;Adjective;A2;ceangailte
connection;Noun;B1;nasc
conscious;Adjective;B2;Tuigeann
consequence;Noun;B1;dhroim
conservative;Adjective, Noun;B2;coimeádach
consider;Verb;A2;mheas
consideration;Noun;B2;breithniú
consist;Verb;B1;Is éard a
consistent;Adjective;B2;comhsheasmhach
constant;Adjective;B2;tairiseach
constantly;Adverb;B2;i gcónaí
construct;Verb;B2;thógáil
construction;Noun;B2;tógála
consume;Verb;B1;ithe
consumer;Noun;B1;tomhaltóirí
contact;Noun Verb;B1;teagmháil
contain;Verb;A2;Go bhfuil
container;Noun;B1;coimeádán
contemporary;Adjective;B2;comhaimseartha
content;Noun;B1;ábhar
contest;Noun Verb;B2;comórtas
context;Noun;A2;comhthéacs
continent;Noun;A2;mór-roinn
continue;Verb;A2;leanúint ar aghaidh
continuous;Adjective;B1;leanúnach
contract;Noun Verb;B2;conradh
contrast;Noun Verb;B1;gcodarsnacht
contribute;Verb;B2;cur
contribution;Noun;B2;ranníocaíocht
control;Noun Verb;A2;smacht
convenient;Adjective;B1;áisiúil
conversation;Noun;A1;comhrá
convert;Verb;B2;thiontú
convince;Verb;B1;Cuir ina luí air
convinced;Adjective;B2;cinnte
cook;Verb Noun;A1, A2;cócaireacht
cooker;Noun;A2;Cócaire
cooking;Noun;A1;cócaireachta
cool;Adjective, Verb;A1, B1;fionnuar
copy;Noun Verb;A2;cóip
core;Noun Adjective;B2;croí
corner;Noun;A2;cúinne
corporate;Adjective;B2;corparáideach
correct;Adjective Verb;A1;ceart
correctly;Adverb;A2;i gceart
cost;Noun Verb;A1;costas
costume;Noun;B1;éadaí
cottage;Noun;B1;teachín
cotton;Noun;B1;cadás
could;Verb;A1;D'fhéadfadh
council;Noun;B2;comhairle
count;Verb Noun;A2, B1;comhaireamh
country;Noun;A1;tír
countryside;Noun;B1;tuath
county;Noun;B2;contae
couple;Noun;A2;lánúin
courage;Noun;B2;misneach
course;Noun;A1;Ar ndóigh
court;Noun;B1;cúirte
cousin;Noun;A1;col ceathrar
cover;Verb Noun;A2, B1;chlúdach
covered;Adjective;B1;clúdaithe
cow;Noun;A1;bó
crash;Noun Verb;B2;tuairteála
crazy;Adjective;A2;dÚsachtach
cream;Noun Adjective;A1, B1;uachtar
create;Verb;A1;a chruthú
creation;Noun;B2;chruthú
creative;Adjective;A2;cruthaitheach
creature;Noun;B2;creature
credit;Noun Verb;A2, B2;creidmheasa
crew;Noun;B2;criú
crime;Noun;A2;coireacht
criminal;Noun Adjective;A2, B1;coiriúil
crisis;Noun;B2;géarchéime
criterion;Noun;B2;critéar
critic;Noun;B2;léirmheastóir
critical;Adjective;B2;criticiúil
criticism;Noun;B2;cáineadh
criticize;Verb;B2;cháineadh
crop;Noun;B2;barr
cross;Verb Noun;A2;tras
crowd;Noun;A2;slua
crowded;Adjective;A2;crowded
crucial;Adjective;B2;ríthábhachtach
cruel;Adjective;B1;éadrócaireach
cry;Verb Noun;A2, B2;caoin
cultural;Adjective;B1;chultúrtha
culture;Noun;A1;cultúr
cup;Noun;A1;cupán
cupboard;Noun;A2;cófra
cure;Verb Noun;B2;leigheas
curly;Adjective;A2;curly
currency;Noun;B1;airgeadra
current;Adjective, Noun;B1, B2;atá ann faoi láthair
currently;Adverb;B1;faoi ​​láthair
curtain;Noun;B1;imbhalla
curve;Noun Verb;B2;cuar
curved;Adjective;B2;cuartha
custom;Noun;B1;saincheaptha
customer;Noun;A1;chustaiméirí
cut;Verb , Noun;A1, B1;gearrtha
cycle;Noun Verb;A2, B1;timthriall
dad;Noun;A1;daidí
daily;Adjective, Adverb;A2, B1;lá
damage;Noun Verb;B1;damáiste
dance;Noun Verb;A1;damhsa
dancer;Noun;A1;rinceoir
dancing;Noun;A1;damhsa
danger;Noun;A2;contúirt
dangerous;Adjective;A1;contúirteacha
dark;Adjective, Noun;A1, A2;dorcha
data;Noun;A2;sonraí
date;Noun Verb;A1, B2;dáta
daughter;Noun;A1;iníon
day;Noun;A1;lá
dead;Adjective;A2;marbh
deal;Verb Noun;A2, B1;déileáil
dear;Adjective, exclam;A1, A2;daor
death;Noun;A2;bás
debate;Noun Verb;B2;díospóireacht
debt;Noun;B2;fiach
decade;Noun;B1;deich mbliana
December;Noun;A1;nollaig
decent;Adjective;B2;réasúnta
decide;Verb;A1;cinneadh a dhéanamh
decision;Noun;A2;cinneadh
declare;Verb;B2;dhearbhú
decline;Verb Noun;B2;meath
decorate;Verb;B1;decorate
decoration;Noun;B2;maisiú
decrease;Verb Noun;B2;laghdú
deep;Adjective, Adverb;A2, B1;domhain
deeply;Adverb;B2;go domhain
defeat;Verb Noun;B2;defeat
defence;Noun;B2;cosaint
defend;Verb;B2;chosaint
define;Verb;B1;shainiú
definite;Adjective;B1;cinnte
definitely;Adverb;A2;cinnte
definition;Noun;B1;sainmhíniú
degree;Noun;A2;céim
delay;Verb Noun;B2;moill
deliberate;Adjective;B2;aon ghnó
deliberately;Adverb;B2;d'aon ghnó
delicious;Adjective;A1;delicious
delight;Verb Noun;B2;áthas
delighted;Adjective;B2;thar a bheith sásta
deliver;Verb;B1;sheachadadh
delivery;Noun;B2;seachadadh
demand;Noun Verb;B2;éileamh
demonstrate;Verb;B2;léiriú
dentist;Noun;A2;fiaclóir
deny;Verb;B2;dhiúltú
department;Noun;A2;roinn
departure;Noun;B1;imeachta
depend;Verb;A2;ag brath
depressed;Adjective;B2;depressed
depressing;Adjective;B2;depressing
depth;Noun;B2;doimhneacht
describe;Verb;A1;cur síos
description;Noun;A1;Cur síos
desert;Noun Verb;A2, B2;fásach
deserve;Verb;B2;dul
design;Noun Verb;A1;dearadh
designer;Noun;A2;dearthóir
desire;Noun Verb;B2;fonn
desk;Noun;A1;deasc
desperate;Adjective;B2;éadóchasach
despite;prep;B1;in ainneoin
destination;Noun;B1;ceann scríbe
destroy;Verb;A2;scrios
detail;Noun Verb;A1, B2;sonraí
detailed;Adjective;B2;mionsonraithe
detect;Verb;B2;aimsiú
detective;Noun;A2;bleachtaireachta
determine;Verb;B1;chinneadh
determined;Adjective;B1;chinneadh
develop;Verb;A2;fhorbairt
development;Noun;B1;Forbairt
device;Noun;A2;gléas
diagram;Noun;B1;léaráid
dialogue;Noun;A1;idirphlé
diamond;Noun;B1;Diamond
diary;Noun;A2;dialann
dictionary;Noun;A1;foclóir
die;Verb;A1;bás
diet;Noun;A1;aiste bia
difference;Noun;A1;difríocht
different;Adjective;A1;difriúil
differently;Adverb;A2;éagsúil
difficult;Adjective;A1;deacair
difficulty;Noun;B1;deacracht
dig;Verb;B2;tochailt
digital;Adjective;A2;digiteach
dinner;Noun;A1;dinnéar
direct;Adjective, Verb Adverb;A2, B1;díreach
direction;Noun;A2;treo
directly;Adverb;B1;go díreach
director;Noun;A2;stiúrthóir
dirt;Noun;B1;DIRT
dirty;Adjective;A1;salach
Dis Adverbantage;Noun;B1;dis Adverbantage
disagree;Verb;A2;easaontaíonn
disappear;Verb;A2;imíonn
disappointed;Adjective;B1;díomá
disappointing;Adjective;B1;díomá
disaster;Noun;A2;Tubaiste
disc;Noun;B2;diosca
discipline;Noun;B2;smacht
discount;Noun Verb;B1, B2;lascaine
discover;Verb;A2;discover
discovery;Noun;A2;fionnachtain
discuss;Verb;A1;plé a dhéanamh
discussion;Noun;A2;plé
disease;Noun;A2;galar
dish;Noun;A1;mhias
dishonest;Adjective;B2;mímhacánta
dislike;Verb Noun;B1;nach dtaitníonn
dismiss;Verb;B2;dhíbhe
display;Verb Noun;B2;taispeáint
distance;Noun;A2;achar
distribute;Verb;B2;dháileadh
distribution;Noun;B2;dáileadh
district;Noun;B2;dúiche
divide;Verb Noun;B1, B2;deighilt
division;Noun;B2;roinn
divorced;Adjective;A2;colscartha
do;Verb auxiliary verb;A1;dhéanamh
doctor;Noun;A1;dochtúir
document;Noun Verb;A2, B2;doiciméad
documentary;Noun;B1;faisnéise
dog;Noun;A1;madra
dollar;Noun;A1;dollar
domestic;Adjective;B2;baile
dominate;Verb;B2;tionchar an-mhór
donate;Verb;B1;bhronnadh
door;Noun;A1;doras
double;Adjective det. proNoun Verb , Adverb;A2, B1;dúbailte
doubt;Noun Verb;B1;dabht
down;Adverb Prep;A1;síos
download;Verb Noun;A2;íoslódáil
downstairs;Adverb , Adjective;A1, A2;thíos staighre
downwards;Adverb;B2;síos
dozen;Noun det;B2;dosaen
draft;Noun Verb;B2;dréacht
drag;Verb;B2;tarraing
drama;Noun;A2;drámaíocht
dramatic;Adjective;B2;drámatúil
draw;Verb;A1;tharraingt
drawing;Noun;A2;líníocht
dream;Noun Verb;A2;aisling
dress;Noun Verb;A1;gúna
dressed;Adjective;B1;cóirithe
drink;Noun Verb;A1;deoch
drive;Verb Noun;A1, A2;tiomáint
driver;Noun;A1;tiománaí
driving;Noun;A2;Tiomána
drop;Verb Noun;A2, B1;titim
drug;Noun;A2;drugaí
drum;Noun;B1;druma
drunk;Adjective;B1;ólta
dry;Adjective, Verb;A2;tirim
due;Adjective;B1;dlite
during;prep;A1;le linn
dust;Noun;B1;deannach
duty;Noun;B1;dualgas
DVD;Noun;A1;DVD
each;det./proNoun/Adverb;A1;gach
ear;Noun;A1;cluas
early;Adjective Adverb;A1;go luath
earn;Verb;A2;thuilleamh
earth;Noun;A2;cré
earthquake;Noun;B1;crith talún
easily;Adverb;A2;go héasca
east;Noun Adjective Adverb;A1;soir
eastern;Adjective;B1;thoir
easy;Adjective;A1;éasca
eat;Verb;A1;ithe
economic;Adjective;B1;eacnamaíoch
economy;Noun;B1;Geilleagar
edge;Noun;B1;imeall
edit;Verb;B2;in eagar
edition;Noun;B2;eagrán
editor;Noun;B1;eagarthóir
educate;Verb;B1;oideachas
educated;Adjective;B1;oideachas
education;Noun;A2;oideachas
educational;Adjective;B1;oideachais
effect;Noun;A2;éifeacht
effective;Adjective;B1;éifeachtach ó thaobh
effectively;Adverb;B1;go héifeachtach
efficient;Adjective;B2;éifeachtach
effort;Noun;B1;iarracht
egg;Noun;A1;ubh
eight;number;A1;ocht
eighteen;number;A1;ocht déag
eighty;number;A1;ochtú
either;det./proNoun Adverb;A2;ceachtar
elderly;Adjective;B2;scothaosta
elect;Verb;B2;toghaí
election;Noun;B1;toghchán
electric;Adjective;A2;Leictreach
electrical;Adjective;A2;leictreach
electricity;Noun;A2;leictreachas
electronic;Adjective;A2;leictreonach
element;Noun;B1;eilimint
elephant;Noun;A1;eilifint
eleven;number;A1;déag
else;Adverb;A1;eile
elsewhere;Adverb;B2;áit eile
email;Noun Verb;A1;r-phost
embarrassed;Adjective;B1;embarrassed
embarrassing;Adjective;B1;embarrassing
emerge;Verb;B2;cinn
emergency;Noun;B1;éigeandála
emotion;Noun;B1;emotion
emotional;Adjective;B2;mhothúchánach
emphasis;Noun;B2;béim
emphasize;Verb;B2;béim
employ;Verb;A2;fostaíonn
employee;Noun;A2;fostaí
employer;Noun;A2;fostóir
employment;Noun;B1;fostaíocht
empty;Adjective, Verb;A2, B1;folamh
enable;Verb;B2;chumasú
encounter;Verb Noun;B2;bhíonn
encourage;Verb;B1;spreagadh
end;Noun Verb;A1;deireadh
ending;Noun;A2;dar críoch
enemy;Noun;B1;namhaid
energy;Noun;A2;fuinneamh
engage;Verb;B2;gabháil
engaged;Adjective;B1;gabháil
engine;Noun;A2;inneall
engineer;Noun;A2;innealtóir
engineering;Noun;B1;innealtóireacht
enhance;Verb;B2;feabhas a chur ar
enjoy;Verb;A1;taitneamh a bhaint as
enormous;Adjective;A2;ollmhór
enough;det. proNoun Adverb;A1;Go Leor
enquiry;Noun;B2;fiosrúcháin
ensure;Verb;B2;áirithiú
enter;Verb;A2;isteach
entertain;Verb;B1;air bacadh
entertainment;Noun;B1;siamsaíocht
enthusiasm;Noun;B2;díograis
enthusiastic;Adjective;B2;díograiseach
entire;Adjective;B2;fad
entirely;Adverb;B2;go hiomlán
entrance;Noun;B1;bealach isteach
entry;Noun;B1;iontráil
environment;Noun;A2;timpeallacht
environmental;Adjective;B1;comhshaoil
episode;Noun;B1;eachtra
equal;Adjective, Verb Noun;B1, B2;cothrom le
equally;Adverb;B1;cothrom
equipment;Noun;A2;trealamh
error;Noun;A2;earráid
escape;Verb Noun;B1;éalú
especially;Adverb;A2;go háirithe
essay;Noun;A2;aiste
essential;Adjective;B1;riachtanach
establish;Verb;B2;bhunú
estate;Noun;B2;eastáit
estimate;Verb Noun;B2;meastachán
ethical;Adjective;B2;eiticiúla
euro;Noun;A1;euro
evaluate;Verb;B2;meastóireacht
even;AdVerb Adjective;A1, B2;fiú
evening;Noun;A1;tráthnóna
event;Noun;A1;imeacht
eventually;Adverb;B1;sa deireadh
ever;Adverb;A1;riamh
every;det;A1;gach
everybody;proNoun;A1;gach duine
everyday;Adjective;A2;gach lá
everyone;proNoun;A1;gach duine
everything;proNoun;A1;gach rud
everywhere;Adverb;A2;i ngach áit
evidence;Noun;A2;fianaise
evil;Adjective, Noun;B2;olc
exact;Adjective;A2;cruinn
exactly;Adverb;A2;díreach
exam;Noun;A1;scrúdú
examination;Noun;B2;scrúdú
examine;Verb;B1;scrúdú a dhéanamh ar
example;Noun;A1;sampla
excellent;Adjective;A2;den scoth
except;prep, conj;A2, B1;eisceadh
exchange;Noun Verb;B1;mar mhalairt
excited;Adjective;A1;sceitimíní
excitement;Noun;B1;excitement
exciting;Adjective;A1;spreagúil
excuse;Noun Verb;B2;leithscéal
executive;Noun Adjective;B2;feidhmiúcháin
exercise;Noun Verb;A1;fheidhmiú
exhibition;Noun;B1;taispeántas
exist;Verb;A2;ndé
existence;Noun;B2;bheith ann
expand;Verb;B1;leathnú
expect;Verb;A2;a bheith ag súil
expectation;Noun;B2;ionchas
expected;Adjective;B1;ag súil leis
expedition;Noun;B1;expedition
expense;Noun;B2;costas
expensive;Adjective;A1;daor
experience;Noun Verb;A2, B1;taithí
experienced;Adjective;B1;taithí acu
experiment;Noun Verb;A2, B1;turgnamh
expert;Noun Adjective;A2;saineolaí
explain;Verb;A1;míniú a thabhairt ar
explanation;Noun;A2;míniú
explode;Verb;B1;pléascadh
exploration;Noun;B2;taiscéalaíochta
explore;Verb;B1;iniúchadh a dhéanamh
explosion;Noun;B1;pléascadh
export;Noun Verb;B1;onnmhairithe
expose;Verb;B2;nochtadh
express;Verb;A2;chur in iúl
expression;Noun;A2;cialluíonn an abairt
extend;Verb;B2;leathnú
extent;Noun;B2;méid
external;Adjective;B2;seachtrach
extra;Adjective, Noun Adverb;A1, B1;breise
extraordinary;Adjective;B2;urghnách
extreme;Adjective, Noun;A2, B2;mhór
extremely;Adverb;A2;thar a bheith
eye;Noun;A1;eye
face;Noun Verb;A1, B1;aghaidh
facility;Noun;B2;saoráid
fact;Noun;A1;Go deimhin
factor;Noun;A2;fachtóir
factory;Noun;A2;mhonarcha
fail;Verb;A2;theipeann
failure;Noun;B2;teip
fair;Adjective;A2;cothrom
fairly;Adverb;B1;cothrom
faith;Noun;B2;Creideamh
fall;Verb Noun;A1, A2;titim
FALSE;Adjective;A1;BRÉAGACH
familiar;Adjective;B1;eolas
family;Noun Adjective;A1;teaghlaigh
famous;Adjective;A1;dlíodóirí
fan;Noun;A2;lucht leanúna
fancy;Verb Adjective;B1;mhaisiúil
fantastic;Adjective;A1;iontach
far;Adverb , Adjective;A1, B1;dtí seo
farm;Noun Verb;A1, A2;feirme
farmer;Noun;A1;feirmeoir
farming;Noun;A2;feirmeoireacht
fascinating;Adjective;B1;suimiúil
fashion;Noun;A2;faisean
fashionable;Adjective;B1;faiseanta
fast;Adjective, Adverb;A1;tapa
fasten;Verb;B1;fasten
fat;Adjective, Noun;A1, A2;saill
father;Noun;A1;athair
fault;Noun;B2;locht
favour;Noun Verb;B1, B2;dtús báire
favourite;Adjective, Noun;A1;is fearr leat
fear;Noun Verb;A2, B1;eagla
feather;Noun;B2;cleite
feature;Noun Verb;A2, B1;gné
February;Noun;A1;feabhra
fee;Noun;B2;táille
feed;Verb Noun;A2, B2;beatha
feedback;Noun;B2;aiseolas
feel;Verb Noun;A1, B2;bhraitheann
feeling;Noun;A1;mothú
fellow;Adjective;B2;eile
female;Adjective, Noun;A2;baineann
fence;Noun;B1;fál
festival;Noun;A1;féile
few;det./Adjective, proNoun;A1;beag
fiction;Noun;A2;ficsean
field;Noun;A2;Gort
fifteen;number;A1;cúig cinn déag
fifth;number;A1;cúigiú
fifty;number;A1;caoga
fight;Verb Noun;A2;troid
fighting;Noun;B1;troid
figure;Noun Verb;A2, B2;figiúr
file;Noun Verb;B1, B2;comhad
fill;Verb;A1;líon
film;Noun Verb;A1, A2;scannáin
final;Adjective, Noun;A1, A2;deiridh
finally;Adverb;A2;ar deireadh
finance;Noun Verb;B2;airgeadas
financial;Adjective;B1;airgeadais
find;Verb;A1;teacht
finding;Noun;B2;aimsiú
fine;Adjective;A1;fíneáil
finger;Noun;A2;finger
finish;Verb Noun;A1, A2;bailchríoch
fire;Noun Verb;A1, B1;tine
firm;Noun;B2;gnólacht
first;det./number.AdVerb Noun;A1, A2;ar dtús
firstly;Adverb;A2;an gcéad dul síos
fish;Noun Verb;A1, A2;iasc
fishing;Noun;A2;iascaireacht
fit;Verb Adjective;A2;oiriúnach
fitness;Noun;B1;aclaíochta
five;number;A1;cúig
fix;Verb Noun;A2, B2;shocrú
fixed;Adjective;B1;seasta
flag;Noun;B1;bratach
flame;Noun;B2;lasair
flash;Noun Verb;B2;flash
flat;Noun Adjective;A1, A2;cothrom
flexible;Adjective;B2;solúbtha
flight;Noun;A1;eitilte
float;Verb;B2;snámhphointe
flood;Noun Verb;B1;tuile
floor;Noun;A1;urlár
flour;Noun;B1;plúr
flow;Verb Noun;B1;sreabhadh
flower;Noun;A1;bláth
flu;Noun;A2;fliú
fly;Verb Noun;A1, A2;eitilt
flying;Noun Adjective;A2;ag eitilt
focus;Verb Noun;A2;fócas
fold;Verb Noun;B1, B2;huaire
folding;Adjective;B2;fillte
folk;Noun Adjective;B1;tíre
follow;Verb;A1;leanúint
following;Adjective, Noun prep;A2, B1, B2;seo a leanas
food;Noun;A1;bia
foot;Noun;A1;chos
football;Noun;A1;peil
for;prep.;A1;do
force;NounVerb;B1;bhfeidhm
foreign;Adjective;A2;eachtrach
forest;Noun;A2;foraoise
forever;Adverb;B1;go deo
forget;Verb;A1;dearmad
forgive;Verb;B2;logh
fork;Noun;A2;forc
form;NounVerb;A1;foirm
formal;Adjective;A2;foirmiúil
former;Adjective;B2;iar
fortunately;Adverb;A2;fortunately
fortune;Noun;B2;fortune
forty;number;A1;daichead
forward;AdVerb Adjective;A2, B2;ar aghaidh
found;Verb;B2;Fuarthas
four;number;A1;ceithre
fourteen;number;A1;ceathair déag
fourth;number;A1;ceathrú
frame;NounVerb;B1;fráma
free;Adjective, AdVerb Verb;A1,A2,B2;saor
freedom;Noun;B2;saoirse
freeze;Verb;B1;reo
frequency;Noun;B2;minicíocht
frequently;Adverb;B1;go minic
fresh;Adjective;A2;iad úr
Friday;Noun;A1;Dé hAoine
fridge;Noun;A2;cuisneoir
friend;Noun;A1;cara
friendly;Adjective;A1;cairdiúil
friendship;Noun;B1;cairdeas
frighten;Verb;B1;eagla
frightened;Adjective;B1;scanraithe
frightening;Adjective;B1;scanrúil
frog;Noun;A2;frog
from;prep;A1;ó
front;Noun Adjective;A1;tosaigh
frozen;Adjective;B1;reoite
fruit;Noun;A1;torthaí
fry;Verb;B1;Fry
fuel;Noun Verb;B1, B2;breosla
full;Adjective;A1;iomlán
fully;Adverb;B2;go hiomlán
fun;Noun Adjective;A1, A2;craic
function;Noun Verb;B1, B2;fheidhm
fund;Noun Verb;B2;ciste
fundamental;Adjective;B2;bunúsacha
funding;Noun;B2;maoiniú
funny;Adjective;A1;greannmhar
fur;Noun;B1;fionnaidh
furniture;Noun;A2;troscán
further;Adjective, Adverb;A2, B1;Tuilleadh
furthermore;Adverb;B2;ina theannta sin
future;Noun Adjective;A1, A2;sa todhchaí
gain;Verb Noun;B2;gnóthachan
gallery;Noun;A2;gailearaí
game;Noun;A1;cluiche
gang;Noun;B2;gang
gap;Noun;A2;bearna
garage;Noun;B1;gharáiste
garden;Noun;A1;gairdín
gas;Noun;A2;gás
gate;Noun;A2;geata
gather;Verb;B1;bhailiú
general;Adjective;A2;Go ginearálta
generally;Adverb;B1;go ginearálta
generate;Verb;B2;ghiniúint
generation;Noun;B1;ghiniúint
generous;Adjective;B1;flaithiúil
genre;Noun;B2;seánra
gentle;Adjective;B1;milis
gentleman;Noun;B1;uasal
geography;Noun;A1;tíreolaíocht
get;Verb;A1;fháil
ghost;Noun;B1;Púca
giant;Adjective, Noun;B1;fathach
gift;Noun;A2;bronntanas
girl;Noun;A1;cailín
girlfriend;Noun;A1;leannán cailín
give;Verb;A1;a thabhairt
glad;Adjective;B1;sásta
glass;Noun;A1;gloine
global;Adjective;B1;domhanda
glove;Noun;B1;lámhainn
go;Verb Noun;A1, B1;dul
goal;Noun;A2;sprioc
God;Noun;A2;Dia
gold;Noun Adjective;A2;óir
golf;Noun;A2;gailf
good;Adjective, Noun;A1, A2;maith
goodbye;exclam. Noun;A1;slán
goods;Noun;B1;earraí
govern;Verb;B2;rialaíonn
government;Noun;A2;rialtas
grab;Verb;B2;grab
grade;Noun Verb;B1, B2;ghrád
gradually;Adverb;B2;de réir a chéile
graduate;Noun Verb;B1;céimí
grain;Noun;B1;gráin
grand;Adjective;B2;grand
grandfather;Noun;A1;seanathair
grandmother;Noun;A1;seanmháthair
grandparent;Noun;A1;seantuismitheoir
grant;Verb Noun;B2;deontas
grass;Noun;A2;féar
grateful;Adjective;B1;buíoch
great;Adjective;A1;mór
green;Adjective, Noun;A1;glas
greet;Verb;A2;beannú
grey;Adjective, Noun;A1;liath
ground;Noun;A2;talamh
group;Noun;A1;grúpa
grow;Verb;A1;fás
growth;Noun;B1;fás
guarantee;Verb Noun;B2;ráthaíocht
guard;Noun Verb;B1;garda
guess;Verb Noun;A1;buille faoi thuairim
guest;Noun;A2;aoi
guide;Noun Verb;A2;treoir
guilty;Adjective;B1;sé nó sí ciontach
guitar;Noun;A1;guitar
gun;Noun;A2;gun
guy;Noun;A2;Guy
gym;Noun;A1;ionad Spórt
habit;Noun;A2;nós
hair;Noun;A1;gruaig
half;Noundet.proNoun, Adverb;A1, A2;leath
hall;Noun;A2;hall
hand;Noun Verb;A1, B1;lámh
handle;Verb Noun;B2;láimhseáil
hang;Verb;B1;hang
happen;Verb;A1;a tharlóidh
happily;Adverb;A2;sona sásta
happiness;Noun;B1;sonas
happy;Adjective;A1;sásta
hard;Adjective, Adverb;A1;crua
hardly;Adverb;B1;ar éigean
harm;Noun Verb;B2;díobháil
harmful;Adjective;B2;dochrach
hat;Noun;A1;hata
hate;Verb Noun;A1, B1;fuath
have;Verb auxiliary Verb;A1, A2;agat
have to modal;Verb;A1;Have a modal
he;proNoun;A1;sé
head;Noun Verb;A1, B1;ceann
headache;Noun;A2;tinneas cinn
headline;Noun;B1;ceannlíne
health;Noun;A1;sláinte
healthy;Adjective;A1;sláintiúil
hear;Verb;A1;chloisteáil
hearing;Noun;B2;éisteacht
heart;Noun;A2;croí
heat;Noun Verb;A2;teas
heating;Noun;B1;teasa
heaven;Noun;B2;spéir
heavily;Adverb;B1;go mór
heavy;Adjective;A2;trom
heel;Noun;B2;sÚil
height;Noun;A2;airde
helicopter;Noun;B1;héileacaptar
hell;Noun;B2;ifreann
hello;exclam./Noun;A1;Dia dhuit
help;Verb Noun;A1;cabhrú
helpful;Adjective;A2;Cabhrach
her;proNoundet;A1;di
here;Adverb;A1;anseo
hero;Noun;A2;laoch
hers;proNoun;A2;dá cuid
herself;proNoun;A2;í féin
hesitate;Verb;B2;bíodh aon leisce ort
hey;exclam;A1;hug
hi;exclam;A1;Haigh
hide;Verb;A2;hide
high;Adjective, AdVerb Noun;A1, A2, B2;ard
highlight;Verb Noun;B1;aird a tharraingt ar
highly;Adverb;B1;go mór
hill;Noun;A2;cnoc
him;proNoun;A1;leis
himself;proNoun;A2;é féin
hire;Verb Noun;B1, B2;cíos
his;det. proNoun;A1, A2;a
historic;Adjective;B1;stairiúil
historical;Adjective;B1;staire
history;Noun;A1;stair
hit;Verb Noun;A2;Buail
hobby;Noun;A1;Caitheamh aimsire
hockey;Noun;A2;haca
hold;Verb Noun;A2, B2;shealbhú
hole;Noun;A2;poll
holiday;Noun;A1;lá saoire
hollow;Adjective;B2;log
holy;Adjective;B2;naofa
home;Noun AdVerb Adjective;A1, A2;baile
homework;Noun;A1;obair bhaile
honest;Adjective;B1;macánta
honour;Noun Verb;B2;honor
hope;Verb Noun;A1, A2;Tá súil
horrible;Adjective;B1;Uafásach
horror;Noun;B1;horror
horse;Noun;A1;capall
hospital;Noun;A1;ospidéal
host;Noun Verb;B1, B2;óstach
hot;Adjective;A1;te
hotel;Noun;A1;Óstán
hour;Noun;A1;uair an chloig
house;Noun Verb;A1, B2;teach
household;Noun;B2;teaghlaigh
housing;Noun;B2;tithíocht
how;Adverb;A1;conas
however;Adverb;A1;ach
huge;Adjective;A2;ollmhór
human;Adjective, Noun;A2;duine
humorous;Adjective;B2;humorous
humour;Noun;B2;greann
hundred;number;A1;céad
hungry;Adjective;A1;ocras
hunt;Verb Noun;B1, B2;fiach
hunting;Noun;B2;fiach
hurricane;Noun;B1;hairicín
hurry;Noun Verb;B1;Hurry
hurt;Verb Adjective Noun;A2, B2;Gortaítear
husband;Noun;A1;fear céile
I;proNoun;A1;I
ice;Noun;A1;oighear
ice cream;Noun;A1;uachtar reoite
idea;Noun;A1;smaoineamh
ideal;Adjective , Noun;A2, B2;idéalach
identify;Verb;A2;aithint
identity;Noun;B1;aitheantas
if;conj.;A1;dá
ignore;Verb;B1;neamhaird
ill;Adjective;A2;tinn
illegal;Adjective;B1;mídhleathach
illness;Noun;A2;tinneas
illustrate;Verb;B2;léiriú
illustration;Noun;B2;léaráid
image;Noun;A2;íomha
imaginary;Adjective;B1;samhailfhadú
imagination;Noun;B2;samhlaíocht
imagine;Verb;A1;shamhlú
immediate;Adjective;B1;láithreach
immediately;Adverb;A2;láithreach
immigrant;Noun;B1;inimirceach
impact;Noun Verb;B1;tionchar
impatient;Adjective;B2;impatient
imply;Verb;B2;tuiscint
import;Noun Verb;B1;allmhairiú
importance;Noun;B1;tábhacht
important;Adjective;A1;tábhachtach
impose;Verb;B2;fhorchur
impossible;Adjective;A2;dodhéanta
impress;Verb;B2;luí
impressed;Adjective;B2;tógtha
impression;Noun;B1;tuiscint
impressive;Adjective;B1;mórthaibhseach
improve;Verb;A1;feabhas a chur ar
improvement;Noun;B1;feabhsú
in;prep., Adverb;A1;i
inch;Noun;B2;orlach
incident;Noun;B2;teagmhas
include;Verb;A1;I measc
included;Adjective;A2;san áireamh
including;prep.;A2;san áireamh
income;Noun;B2;ioncam
increase;Verb Noun;A2;méadú
increasingly;Adverb;B2;níos
incredible;Adjective;A2;dochreidte
incredibly;Adverb;B1;thar
indeed;Adverb;B1;cínte
independent;Adjective;A2;neamhspleách
indicate;Verb;B1;Léiríonn
indirect;Adjective;B1;indíreach
individual;Noun, adj;A2;aonair
indoor;Adjective;B1;faoi ​​dhíon
indoors;Adverb;B1;taobh istigh
industrial;Adjective;B2;tionscail
industry;Noun;A2;tionscal
infection;Noun;B2;ionfhabhtú
influence;NounVerb;B1;tionchar a imirt
inform;Verb;B2;chur ar an eolas
informal;Adjective;A2;neamhfhoirmiúil
information;Noun;A1;faisnéis
ingredient;Noun;B1;-chomhábhar
initial;Adjective;B2;tosaigh
initially;Adverb;B2;ar dtús
initiative;Noun;B2;tionscnamh
injure;Verb;B1;díobháil
injured;Adjective;B1;gortaithe
injury;Noun;A2;díobhála
inner;Adjective;B2;istigh
innocent;Adjective;B1;neamhchiontach
insect;Noun;A2;feithidí
inside;prep.Adverb Noun Adjective;A2;taobh istigh
insight;Noun;B2;léargas
insist;Verb;B2;seasann
inspire;Verb;B2;INSPIRE
install;Verb;B2;shuiteáil
instance;Noun;B2;Mar shampla
instead;Adverb;A2;ina ionad sin
institute;Noun;B2;institiúid
institution;Noun;B2;institiúid
instruction;Noun;A2;teagasc
instructor;Noun;A2;teagascóir
instrument;Noun;A2;ionstraim
insurance;Noun;B2;Árachas
intelligence;Noun;B1;faisnéis
intelligent;Adjective;A2;Chliste
intend;Verb;B1;intinn
intended;Adjective;B2;beartaithe
intense;Adjective;B2;dian
intention;Noun;B1;rún
interest;Noun Verb;A1;ús
interested;Adjective;A1;suim acu
interesting;Adjective;A1;suimiúil
internal;Adjective;B2;inmheánach
international;Adjective;A2;idirnáisiúnta
internet;Noun;A1;trádála
interpret;Verb;B2;léirmhíniú
interrupt;Verb;B2;idirbhriseadh
interview;Noun Verb;A1;agallamh
into;prep.;A1;isteach
introduce;Verb;A1;a thabhairt isteach
introduction;Noun;A2;Réamhrá
invent;Verb;A2;chumadh
invention;Noun;A2;aireagán
invest;Verb;B1;Infheistiú
investigate;Verb;B1;imscrúdú
investigation;Noun;B2;imscrúdú
investment;Noun;B2;infheistíocht
invitation;Noun;A2;cuireadh
invite;Verb;A2;cuireadh
involve;Verb;A2;i gceist
involved;Adjective;B1;i gceist
iron;Noun Verb;B1;iarann
island;Noun;A1;oileán
issue;Noun, Verb;B1, B2;eisiúint
IT;Noun;B1;IT
it;proNoun;A1;sé
item;Noun;A2;mír
its;det.;A1;a
itself;proNoun;A2;é féin
jacket;Noun;A1;seaicéad
jam;Noun;A2;subh
January;Noun;A1;Eanáir
jazz;Noun;A2;snagcheol
jeans;Noun;A1;jeans
jewellery;Noun;A2;seodra
job;Noun;A1;post
join;Verb;A1;páirt a ghlacadh
joke;Noun Verb;A2;joke
journal;Noun;B1;iris
journalist;Noun;A2;iriseoir
journey;Noun;A1;turas
joy;Noun;B2;áthas
judge;Noun Verb;B1;Breitheamh
judgement;Noun;B2;breithiúnas
juice;Noun;A1;sú
July;Noun;A1;iúil
jump;Verb Noun;A2;léim
June;Noun;A1;meitheamh
junior;Adjective;B2;sóisearach
just;Adverb;A1;ach
justice;Noun;B2;an cheartais
justify;Verb;B2;údar
keen;Adjective;B1;fonn
keep;Verb;A1;choinneáil
key;Noun, Adjective Verb;A1, B1;eochair
keyboard;Noun;B1;Méarchlár
kick;Verb Noun;B1;cic
kid;Noun;A2;kid
kill;Verb;A2;mharú
killing;Noun;B1;marú
kilometre;Noun;A1;ciliméadar
kind(type);Noun;A1;cineál (cineál)
kind(caring);Adjective;B1;cineál (comhbhách)
king;Noun;A2;Rí
kiss;Verb Noun;B1;póg
kitchen;Noun;A1;cistin
knee;Noun;A2;glúin
knife;Noun;A2;scian
knock;Verb , Noun;A2, B1;cnag
know;Verb;A1;Tá a fhios
knowledge;Noun;A2;eolas
lab;Noun;A2;saotharlainne
label;Noun Verb;B1;lipéad
laboratory;Noun;B1;saotharlainne
labour;Noun;B2;saothair
lack;Noun Verb;B1;easpa
lady;Noun;A2;bhean
lake;Noun;A2;loch
lamp;Noun;A2;lampa
land;Noun, Verb;A1, A2;talamh
landscape;Noun;B2;tírdhreach
language;Noun;A1;teanga
laptop;Noun;A2;ríomhaire glúine
large;Adjective;A1;mór
largely;Adverb;B2;den chuid is mó
last1 (final);det., Adverb n;A1, A2;last1 (deiridh)
last1 (taking time);Verb;A2;last1 (ag cur am)
late;Adjective Adverb;A1;déanach
later;Adverb , Adjective;A1, A2;ina dhiaidh sin
latest;Adjective , Noun;B1, B2;is déanaí cothrom le
laugh;Verb Noun;A1;gáire
laughter;Noun;A2;gáire
launch;Verb Noun;B2;seoladh
law;Noun;A2;Dlí
lawyer;Noun;A2;dlíodóir
lay;Verb;B1;leagan
layer;Noun;B1;ciseal
lazy;Adjective;A2;leisciúil
lead;Verb , Noun;A2, B1;luaidhe
leader;Noun;A2;ceannaire
leadership;Noun;B2;ceannaireacht
leading;Adjective;B1;le rá
leaf;Noun;B1;duille
league;Noun;B2;Sraith
lean;Verb;B2;lean
learn;Verb;A1;foghlaim
learning;Noun;A2;foghlaim
least;det./proNoun Adverb;A2;ar a laghad
leather;Noun;B1;leathar
leave;Verb , Noun;A1, B2;saoire
lecture;Noun Verb;A2;léacht
left;Adjective Adverb Verb;A1;taobh clé
leg;Noun;A1;cos
legal;Adjective;B1;dlí
leisure;Noun;B1;fóillíochta
lemon;Noun;A2;líomóid
lend;Verb;A2;iasacht
length;Noun;B1;fad
less;det./pro Noun Adverb;A2;lúide
lesson;Noun;A1;ceacht
let;Verb;A1;a ligean
letter;Noun;A1;litir
level;Noun, Adjective , Verb;A2, B1, B2;leibhéal
library;Noun;A1;leabharlann
licence;Noun;B2;ceadúnas
lie;Verb;A1;bréag
lie;Verb Noun;B2;bréag
life;Noun;A1;saol
lifestyle;Noun;A2;stíl mhaireachtála
lift;Verb;Noun;ardaitheoir
light (from the sun/a lamp);Noun Adverb , Verb;A1, A2;éadrom (ón ngrian / lampa)
light (not heavy);Adjective;A2;éadrom (Ní trom)
like (similar);prep.;A1;cosúil le (cosúil)
like (find sb/sth pleasant);Verb , n;A1, B1;cosúil le (a aimsiú sb / sth taitneamhach)
Noun;B1; ;ainmfhocal
likely;Adjective;A2;dócha
limit;Noun Verb;B1;teorainn
limited;Adjective;B2;teoranta
line;Noun, Verb;A1, B2;líne
link;Noun Verb;A2;nasc
lion;Noun;A1;leon
lip;Noun;B1;liopa
liquid;Noun Adjective;B1;leacht
list;Noun Verb;A1;liosta
listen;Verb;A1;éisteacht
listener;Noun;A2;éisteoir
literature;Noun;B1;litríocht
little;Adjective det./proNoun, Adverb;A1, A2;beag
live1;Verb;A1;live1
live2;Adjective Adverb;B1;live2
lively;Adjective;B2;bríomhar
living;Adjective Noun;B1;ina gcónaí
load;Noun Verb;B2;ualach
loan;Noun;B2;iasacht
local;Adjective , Noun;A1, B1;áitiúil
locate;Verb;B1;aimsiú
located;Adjective;B1;lonnaithe
location;Noun;B1;suíomh
lock;Verb Noun;A2;glas
logical;Adjective;B2;loighciúil
lonely;Adjective;B1;uaigneach
long;Adjective Adverb;A1;fada
long-term;Adjective Adverb;B2;fadtéarmach
look;Verb , Noun;A1, A2;cuma
loose;Adjective;B2;scaoilte
lord;Noun;B2;tighearna
lorry;Noun;A2;leoraí
lose;Verb;A1;caillfidh
loss;Noun;B1;caillteanas
lost;Adjective;A2;caillte
lot;proNoun det. Adverb;A1;go leor
loud;Adjective Adverb;A2;os ard
loudly;Adverb;A2;os ard
love;Noun Verb;A1;grá
lovely;Adjective;A2;álainn
low;Adjective Adverb , n;A2, B2;íseal
lower;Verb;B2;níos ísle
luck;Noun;A2;Ádh mór
lucky;Adjective;A2;-ádh
lunch;Noun;A1;lón
lung;Noun;B2;scamhóg
luxury;Noun;B1;só
machine;Noun;A1;meaisín
mad;Adjective;B1;dÚsachtach
magazine;Noun;A1;iris
magic;Noun Adjective;B1;draíochta
mail;Noun Verb;A2;mail
main;Adjective;A1;priomh
mainly;Adverb;B1;den chuid is mó
maintain;Verb;B2;a choimeád ar bun
major;Adjective;A2;mór-
majority;Noun;B2;tromlach
make;Verb , Noun;A1, B2;Déan
male;Adjective Noun;A2;male
mall;Noun;B1;Meall
man;Noun;A1;fear
manage;Verb;A2;bhainistiú
management;Noun;B1;bainistíochta
manager;Noun;A2;bainisteoir
manner;Noun;A2;modh
many;det./proNoun;A1;go leor
map;Noun, Verb;A1, B2;léarscáil
March;Noun;A1;Márta
mark;Verb Noun;A2;marc
market;Noun, Verb;A1, B1;margadh
marketing;Noun;B1;margaíochta
marriage;Noun;B1;pósadh
married;Adjective;A1;pósta
marry;Verb;A2;pósadh
mass;Noun Adjective;B2;mais
massive;Adjective;B2;ollmhór
master;Noun Verb;B2;máistir
match (contest/correspond);Noun Verb;A1;cluiche (comórtas / fhreagraíonn)
matching;Adjective;B2;meaitseáil
material;Noun, Adjective;A2, B2;ábhar
mathematics;Noun;A2;matamaitic
maths;Noun;A2;matamaitic
matter;Noun Verb;A2;is cuma
maximum;Adjective Noun;B2;uasmhéid
May;Noun;A1;Bealtaine
may modal;Verb;A2;D'fhéadfadh modal
maybe;Adverb;A1;b'fhéidir
me;proNoun;A1;me
meal;Noun;A1;béile
mean;Verb;A1;meán
meaning;Noun;A1;bhrí
means;Noun;B2;acmhainn
meanwhile;Adverb;B1;Idir an dá linn
measure;Verb Noun;B1;beart
measurement;Noun;B2;tomhas
meat;Noun;A1;feoil
media;Noun;A2;na meáin
medical;Adjective;A2;leighis
medicine;Noun;A2;cógas
medium;Adjective , Noun;B1, B2;mheán
meet;Verb;A1;freastal
meeting;Noun;A1;cruinniú
melt;Verb;B2;leá
member;Noun;A1;comhalta
memory;Noun;A2;cuimhne
mental;Adjective;B1;meabhrach
mention;Verb , Noun;A2, B1;lua
menu;Noun;A1;roghchlár
mess;Noun Verb;B1;praiseach
message;Noun;A1;teachtaireacht
metal;Noun;A2;miotal
method;Noun;A2;modh
metre;Noun;A1;méadar
middle;Noun Adjective;A2;lár
midnight;Noun;A1;meán oíche
might modal;Verb;A2;D'fhéadfadh modal
mild;Adjective;B1;éadrom
mile;Noun;A1;míle
military;Adjective Noun;B2;míleata
milk;Noun;A1;bainne
million number; ;A1;milliún uimhir
mind;Noun Verb;A2;aigne
mine (belongs to me);proNoun;A2;mianach (Baineann dom)
mine (hole in the ground);Noun;B1;mianach (bpoll sa talamh)
mineral;Noun;B2;mianraí
minimum;Adjective Noun;B2;is lú
minister;Noun;B2;aire
minor;Adjective;B2;carraigeacha
minority;Noun;B2;mionlaigh
minute;Noun;A1;nóiméad
mirror;Noun;A2;scáthán
miss;Verb;A1;chailleann
missing;Adjective;A2;in easnamh
mission;Noun;B2;misean
mistake;Noun, Verb;A1, B2;botún
mix;Verb Noun;B1;meascán
mixed;Adjective;B2;measctha
mixture;Noun;B1;meascán
mobile;Adjective Noun;A2;soghluaiste
model;Noun, Verb;A1, B2;Mionsamhail
modern;Adjective;A1;nua-aimseartha
modify;Verb;B2;Athraigh
moment;Noun;A1;nóiméad
Monday;Noun;A1;Dé Luain
money;Noun;A1;airgead
monitor;Noun Verb;B2;monatóireacht a dhéanamh
monkey;Noun;A2;moncaí
month;Noun;A1;mí
mood;Noun;B1;giúmar
moon;Noun;A2;moon
moral;Adjective Noun;B2;morálta
more;det./proNoun Adverb;A1;níos
morning;Noun;A1;maidin
most;det./proNoun Adverb;A1;an chuid is mó
mostly;Adverb;A2;den chuid is mó
mother;Noun;A1;Máthair
motor;Noun Adjective;B2;mótair
motorcycle;Noun;A2;gluaisrothar
mount;Verb;B2;mount
mountain;Noun;A1;sliabh
mouse;Noun;A1;luch
mouth;Noun;A1;béal
move;Verb , Noun;A1, B1;bogadh
movement;Noun;A2;gluaiseacht
movie;Noun;A1;scannán
much;det./proNoun Adverb;A1;i bhfad níos
mud;Noun;B1;láibe
multiple;Adjective;B2;il
multiply;Verb;B2;iolrú
mum;Noun;A1;mamaí
murder;NounVerb;B1;dúnmharú
muscle;Noun;B1;muscle
museum;Noun;A1;músaem
music;Noun;A1;Ceol
musical;Adjective , Noun;A2, B1;ceoil
musician;Noun;A2;ceoltóir
must modal;Verb;A1;Ní mór modal
my;det.;A1;mo
myself;proNoun;A2;mé féin
mysterious;Adjective;B2;mistéireach
mystery;Noun;B1;Mystery
nail;Noun;B1;ingne
name;Noun Verb;A1;ainm
narrative;Noun Adjective;B1;insinte
narrow;Adjective , Verb;A2, B2;caol
nation;Noun;B1;náisiún
national;Adjective , Noun;A2, B2;náisiúnta
native;Adjective Noun;B1;dúchais
natural;Adjective;A1;nádúrtha
naturally;Adverb;B1;go nádúrtha
nature;Noun;A2;nádúr
near;prep. Adjective Adverb;A1;in aice leis
nearly;Adverb;A2;beagnach
neat;Adjective;B2;neat
necessarily;Adverb;B1;gá go
necessary;Adjective;A2;riachtanach
neck;Noun;A2;muineál
need;Verb , Noun, modal Verb;A1, A2, B1;riachtanas
needle;Noun;B1;snáthaid
negative;Adjective , Noun;A1, B2;diúltach
neighbour;Noun;A1;comharsa
neighbourhood;Noun;B1;comharsanachta
neither;det./proNoun, Adverb;A2, B1;ná
nerve;Noun;B2;nerve
nervous;Adjective;A2;néaróg
net;Noun;B1;glan
network;Noun;A2;líonra
never;Adverb;A1;riamh
nevertheless;Adverb;B2;mar sin féin
new;Adjective;A1;nua
news;Noun;A1;nuacht
newspaper;Noun;A1;nuachtán
next;Adjective Adverb , Noun;A1, B1;ar aghaidh
next to;prep.;A1;in aice le
nice;Adjective;A1;deas
night;Noun;A1;oíche
nightmare;Noun;B2;nightmare
nine;number;A1;naoi
nineteen;number;A1;naoi gcinn déag
ninety;number;A1;nócha
no;exclam. det.;A1;no
no one;proNoun;A1;duine ar bith
nobody;proNoun;A1;aon duine
noise;Noun;A2;torann
noisy;Adjective;A2;noisy
none;pro Noun;A2;none
nor;conj./Adverb;B1;ná
normal;Adjective , Noun;A2, B1;gnáth
normally;Adverb;A2;de ghnáth
north;Noun Adjective Adverb;A1;ó thuaidh
northern;Adjective;B1;Thuaidh
nose;Noun;A1;srón
not;Adverb;A1;ní
note;Noun Verb;A1, B1;Nóta
nothing;proNoun;A1;rud ar bith
notice;Verb Noun;A2;Fógra
notion;Noun;B2;coincheap
novel;Noun;A2;úrscéal
November;Noun;A1;samhain
now;Adverb , conj.;A1, B1;anois
nowhere;Adverb;A2;áit
nuclear;Adjective;B1;núicléach
number;Noun, Verb;A1, A2;uimhir
numerous;Adjective;B2;go leor
nurse;Noun;A1;altra
nut;Noun;A2;cnó
obey;Verb;B2;déanamh de réir
object;Noun Verb;A1, B2;réad
objective;Noun Adjective;B2;cuspóir
obligation;Noun;B2;oibleagáid
observation;Noun;B2;breathnóireacht
observe;Verb;B2;breathnú
obtain;Verb;B2;fuair
obvious;Adjective;B1;soiléir
obviously;Adverb;B1;ar ndóigh
occasion;Noun;B1;ócáid
occasionally;Adverb;B2;ó am go chéile
occur;Verb;B1;tharlaíonn
ocean;Noun;A2;farraige
o’clock;Adverb;A1;a chlog
October;Noun;A1;Deireadh Fómhair
odd;Adjective;B1;corr
of;prep.;A1;de
off;Adverb prep.;A1;off
offence;Noun;B2;cion
offend;Verb;B2;chiontaíonn
offensive;Adjective;B2;ionsaitheacha
offer;Verb Noun;A2;thairiscint
office;Noun;A1;oifig
officer;Noun;A2;oifigeach
official;Adjective , Noun;B1, B2;oifigiúla
often;Adverb;A1;Is minic
oh;exclam.;A1;OH
oil;Noun;A2;ola
OK;exclam. Adjective /Adverb;A1;OK
old;Adjective;A1;Sean
old-fashioned;Adjective;B1;sean-aimseartha
on;prep. Adverb;A1;ar
once;Adverb , conj.;A1, B1;uair amháin
one;number-det. proNoun;A1;ceann
onion;Noun;A1;oinniún
online;Adjective Adverb;A1;ar líne
only;Adjective Adverb;A1;ach
onto;prep.;A2;isteach
open;Adjective Verb;A1;oscailte
opening;Noun;B2;oscailt
operate;Verb;B2;oibriú
operation;Noun;B1;oibríocht
opinion;Noun;A1;tuairim
opponent;Noun;B2;comhraic
opportunity;Noun;A2;deis
oppose;Verb;B2;cur i gcoinne
opposed;Adjective;B2;i gcoinne
opposite;Adjective Adverb prep. Noun;A1;os coinne
opposition;Noun;B2;freasúra
option;Noun;A2;rogha
or;conj.;A1;nó
orange;Noun Adjective;A1;Oráiste
order;Noun Verb;A1;ordú
ordinary;Adjective;A2;gnáth
organ;Noun;B2;orgán
organization;Noun;A2;eagraíocht
organize;Verb;A2;eagrú
organized;Adjective;B1;eagraithe
organizer;Noun;B1;eagraí
origin;Noun;B2;tionscnaimh
original;Adjective , Noun;A2, B1;bunaidh
originally;Adverb;B1;ar dtús
other;Adjective /proNoun;A1;eile
otherwise;Adverb;B2;ar shlí eile
ought;modal Verb;B1;chóir
our;det.;A1;ár
ours;proNoun;B1;linne
ourselves;proNoun;A2;muid féin
out;Adverb /prep.;A1;as
outcome;Noun;B2;toradh
outdoor;Adjective;B1;amuigh faoin aer
outdoors;Adverb;B1;lasmuigh
outer;Adjective;B2;seachtrach
outline;Noun Verb;B2;imlíne
outside;Adverb , prep. nouNoun Adjective;A1, A2;taobh amuigh
oven;Noun;A2;oigheann
over;prep. Adverb;A1;níos mó
overall;Adjective Adverb;B2;tríd is tríd
owe;Verb;B2;chomaoin
own;Adjective /proNoun, Verb;A1, A2;féin
owner;Noun;A2;úinéir
pace;Noun, Verb;B2;luas
pack;Verb , Noun;A2, B1;pacáiste
package;Noun, Verb;B1, B2;pacáiste
page;Noun;A1;leathanach
pain;Noun;A2;pian
painful;Adjective;B1;painful
paint;Verb Noun;A1;péint
painter;Noun;A2;péintéir
painting;Noun;A1;péinteáil
pair;Noun;A1;péire
palace;Noun;A2;Palace
pale;Adjective;B1;pale
pan;Noun;B1;pan
panel;Noun;B2;painéal
pants;Noun;A2;pants
paper;Noun;A1;páipéar
paragraph;Noun;A1;alt
parent;Noun;A1;tuismitheoir
park;Noun Verb;A1;páirc
parking;Noun;A2;páirceála
parliament;Noun;B2;Pharlaimint
part;Noun;A1;cuid
participant;Noun;B2;rannpháirtí
participate;Verb;B1;bheith rannpháirteach
particular;Adjective;A2;go háirithe
particularly;Adverb;B1;go háirithe
partly;Adverb;B2;go páirteach
partner;Noun;A1;pháirtí
party;Noun;A1;páirtí
pass;Verb , Noun;A2, B1;pas
passage;Noun;B2;sliocht
passenger;Noun;A2;paisinéirí
passion;Noun;B1;paisean
passport;Noun;A1;pas
past;Adjective Noun prep., Adverb;A1, A2;caite
path;Noun;B1;cosán
patient;Noun, Adjective;A2, B2;othar
pattern;Noun;A2;patrún
pay;Verb , Noun;A1, A2;pá
payment;Noun;B1;íocaíocht
peace;Noun;A2;síocháin
peaceful;Adjective;B1;síochánta
pen;Noun;A1;peann
pencil;Noun;A1;peann luaidhe
penny;Noun;A2;pingin
pension;Noun;B2;pinsin
people;Noun;A1;daoine
pepper;Noun;A1;piobar
per;prep.;A2;in aghaidh
per cent;Noun Adjective /Adverb;A2;faoin gcéad
percentage;Noun;B1;céatadán
perfect;Adjective;A1;foirfe
perfectly;Adverb;B1;breá
perform;Verb;A2;dhéanamh
performance;Noun;B1;feidhmíocht
perhaps;Adverb;A2;b'fhéidir
period;Noun;A1;tréimhse
permanent;Adjective;B2;buan
permission;Noun;A2;cead
permit;Verb Noun;B2;cead
person;Noun;A1;duine
personal;Adjective;A1;pearsanta
personality;Noun;A2;pearsantacht
personally;Adverb;B1;go pearsanta
perspective;Noun;B2;peirspictíocht
persuade;Verb;B1;ina luí
pet;Noun;A2;peataí
petrol;Noun;A2;peitril
phase;Noun;B2;céim
phenomenon;Noun;B2;feiniméan
philosophy;Noun;B2;fealsúnacht
phone;Noun Verb;A1;fón
photo;Noun;A1;grianghraf
photograph;Noun, Verb;A1, A2;grianghraf
photographer;Noun;B1;grianghrafadóir
photography;Noun;B1;grianghrafadóireacht
phrase;Noun;A1;abairt
physical;Adjective;A2;fisiciúil
physics;Noun;A2;fisic
piano;Noun;A1;pianó
pick;Verb , Noun;A2, B2;Pioc
picture;Noun, Verb;A1, B2;pictiúr
piece;Noun;A1;píosa
pig;Noun;A1;muc
pile;Noun Verb;B2;carn
pilot;Noun;A2;píolótach
pin;Noun Verb;B1;bioráin
pink;Adjective Noun;A1;bándearg
pipe;Noun;B1;píopa
pitch;Noun;B2;tuinairde
place;Noun Verb;A1, B1;áit
plain;Adjective;B2;plain
plan;Noun Verb;A1;plean
plane;Noun;A1;eitleán
planet;Noun;A2;pláinéad
planning;Noun;B1;pleanáil
plant;Noun Verb;A1, A2;plandaí
plastic;Noun Adjective;A2;plaisteach
plate;Noun;A2;pláta
platform;Noun;A2;ardán
play;Verb Noun;A1;imirt
player;Noun;A1;player
pleasant;Adjective;B1;pleasant
please;exclam., Verb;A1, A2;le do thoil
pleased;Adjective;A2;sásta
pleasure;Noun;B1;pléisiúr
plenty;proNoun;B1;neart
plot;Noun, Verb;B1, B2;plota
plus;prep., Adjective conj., Noun;B1, B2;móide
pocket;Noun;A2;póca
poem;Noun;B1;dán
poet;Noun;B1;file
poetry;Noun;B1;filíochta
point;Noun, Verb;A1, B1;pointe
pointed;Adjective;B2;Léirigh
poison;Noun Verb;B1;nimhe
poisonous;Adjective;B1;nimhneach
police;Noun;A1;póilíní
policeman;Noun;A1;bpóilín
policy;Noun;B1;polasaí
polite;Adjective;A2;béasach
political;Adjective;B1;polaitiúil
politician;Noun;B1;polaiteoir
politics;Noun;B1;polaitíocht
pollution;Noun;A2;truailliú
pool;Noun;A1;linn snámha
poor;Adjective;A1;bocht
pop;Noun Adjective;A2;pop
popular;Adjective;A1;tóir
popularity;Noun;B2;tóir
population;Noun;A2;daonra
port;Noun;B1;port
portrait;Noun;B1;portráid
pose;Verb;B2;údar
position;Noun, Verb;A2, B2;post
positive;Adjective , Noun;A1, B2;dearfach
possess;Verb;B2;acu
possession;Noun;A2;seilbh
possibility;Noun;A2;fhéidearthacht
possible;Adjective;A1;féidir
possibly;Adverb;B1;b'fhéidir
post;Noun Verb;A1;fearainn
poster;Noun;A2;póstaer
pot;Noun;B1;Pota
potato;Noun;A1;prátaí
potential;Adjective Noun;B2;féideartha
pound;Noun;A1;punt
pour;Verb;B1;Doirt
poverty;Noun;B1;bochtaineacht
powder;Noun;B1;púdar
power;Noun, Verb;A2, B2;cumhacht
powerful;Adjective;B1;cumhachtach
practical;Adjective;B1;praiticiúla
practice;Noun;A1;cleachtadh
practise;Verb;A1;cleachtadh
praise;Noun Verb;B2;moladh
pray;Verb;B1;guí
prayer;Noun;B1;paidir
predict;Verb;A2;thuar
prediction;Noun;B1;réamhinsint
prefer;Verb;A1;fearr
pregnant;Adjective;B2;ag iompar clainne
preparation;Noun;B2;ullmhúchán
prepare;Verb;A1;ullmhú
prepared;Adjective;B1;ullmhaithe
presence;Noun;B2;láithreacht
present;Adjective Noun, Verb;A1, A2;i láthair
presentation;Noun;B1;cur i láthair
preserve;Verb;B2;chaomhnú
president;Noun;A2;uachtarán
press;Verb Noun;B1;preas
pressure;Noun;B1;brú
pretend;Verb;B1;ligean
pretty;Adjective Adverb;A1;deas
prevent;Verb;A2;cosc a chur ar
previous;Adjective;B1;siar
previously;Adverb;B1;roimhe
price;Noun, Verb;A1, B2;praghas
priest;Noun;B1;sagart
primary;Adjective;B1;Uíbh
prime;Adjective;B2;príomh-
prince;Noun;B1;Prionsa
princess;Noun;B1;banphrionsa
principle;Noun;B2;prionsabal
print;Verb , Noun;A2, B2;phriontáil
printer;Noun;A2;printéir
printing;Noun;B1;priontáil
priority;Noun;B2;tosaíocht
prison;Noun;A2;phríosúin
prisoner;Noun;B1;príosúnach
privacy;Noun;B2;príobháideachta
private;Adjective;B1;príobháideach
prize;Noun;A2;duais
probably;Adverb;A1;is dócha
problem;Noun;A1;fadhb
procedure;Noun;B2;Nós imeachta
process;Noun, Verb;A2, B2;próiseas
produce;Verb , Verb;A2, B2;tháirgeadh
producer;Noun;B1;léiritheoir
product;Noun;A1;táirge
production;Noun;B1;táirgeadh
profession;Noun;B1;gairm
professional;Adjective , Noun;A2, B2;gairmiúla
professor;Noun;A2;ollamh
profile;Noun;A2;próifíl
profit;Noun;B1;brabús
program;Noun, Verb;A2, B1;clár
programme;Noun;A1;clár
progress;Noun, Verb;A2, B2;ar bhonn leanúnach
project;Noun, Verb;A1, B2;tionscadal
promise;Verb Noun;A2;gealltanas
promote;Verb;B1;a chur chun cinn
pronounce;Verb;A2;breith
proof;Noun;B2;cruthúnas
proper;Adjective;B1;ceart
properly;Adverb;B1;i gceart
property;Noun;B1;maoin
proposal;Noun;B2;togra
propose;Verb;B2;mholadh
prospect;Noun;B2;ionchas
protect;Verb;A2;chosaint
protection;Noun;B2;cosaint
protest;Noun Verb;B1;agóid
proud;Adjective;B1;bródúil
prove;Verb;B1;chruthú
provide;Verb;A2;a chur ar fáil
psychologist;Noun;B2;síceolaí
psychology;Noun;B2;síceolaíocht
pub;Noun;A2;teach tábhairne
public;Adjective Noun;A2;poiblí
publication;Noun;B2;foilseachán
publish;Verb;A2;fhoilsiú
pull;Verb , Noun;A2, B1;tarraingt
punish;Verb;B1;pionós a ghearradh
punishment;Noun;B1;pionós
pupil;Noun;B2;dalta
purchase;Noun Verb;B2;cheannach
pure;Adjective;B2;íon
purple;Adjective Noun;A1;corcra
purpose;Noun;A2;cuspóir
pursue;Verb;B2;shaothrú
push;Verb , Noun;A2, B1;bhrú
put;Verb;A1;chur
qualification;Noun;B1;cáilíocht
qualified;Adjective;B1;cháilithe
qualify;Verb;B1;bheith incháilithe
quality;Noun;A2;cáilíocht
quantity;Noun;A2;cainníocht
quarter;Noun;A1;ráithe
queen;Noun;A2;banríon
question;Noun, Verb;A1, A2;ceist
queue;Noun Verb;B1;scuaine
quick;Adjective;A1;tapaidh
quickly;Adverb;A1;go tapa
quiet;Adjective;A1;ciúin
quietly;Adverb;A2;go ciúin
quit;Verb;B1;éirí as an tobac
quite;Adverb;A1;go leor
quotation;Noun;B1;luachan
quote;Verb Noun;B1;ceanglófar
race (competition);NounVerb;A2;cine (iomaíochta)
race (people);Noun;B1;cine (duine)
racing;Noun;B1;rásaíocht
radio;Noun;A1;radio
railway;Noun;A2;Iarnród
rain;Noun Verb;A1;báisteach
raise;Verb;A2;ardú
range;Noun, Verb;B1, B2;réimse
rank;Noun Verb;B2;Alexa
rapid;Adjective;B2;go mear
rapidly;Adverb;B2;go tapa
rare;Adjective;B1;annamh
rarely;Adverb;B1;annamh
rate;Noun, Verb;A2, B2;ráta
rather;Adverb;A2;in áit
raw;Adjective;B2;amh
reach;Verb , Noun;A2, B2;teacht
react;Verb;A2;imoibríonn
reaction;Noun;B1;imoibriú
read;Verb;A1;léamh
reader;Noun;A1;léitheoir
reading;Noun;A1;léamh
ready;Adjective;A1;réidh
real;Adjective;A1;fíor
realistic;Adjective;B2;réalaíoch
reality;Noun;B1;réaltacht
realize;Verb;A2;realize
really;Adverb;A1;i ndáiríre
reason;Noun;A1;cúis
reasonable;Adjective;B2;réasúnta
recall;Verb;B2;chun cuimhne
receipt;Noun;B1;admháil
receive;Verb;A2;fháil
recent;Adjective;A2;le déanaí
recently;Adverb;A2;le déanaí
reception;Noun;A2;fáiltiú
recipe;Noun;A2;oideas
recognize;Verb;A2;aithint
recommend;Verb;A2;mholadh
recommendation;Noun;B1;moladh
record;Noun Verb;A2;taifead
recording;Noun;A2;taifeadadh
recover;Verb;B2;ghnóthú
recycle;Verb;A2;Athchúrsáil
red;Adjective Noun;A1;dearg
reduce;Verb;A2;laghdú
reduction;Noun;B2;laghdú
refer;Verb;A2;a tharchur
reference;Noun;B1;tagairt
reflect;Verb;B1;léiriú
refuse;Verb;A2;dramhaíl
regard;Verb Noun;B2;féachaint
region;Noun;A2;réigiún
regional;Adjective;B2;réigiúnach
register;Verb Noun;B2;clárú
regret;Verb Noun;B2;brón
regular;Adjective;A2;rialta
regularly;Adverb;B1;go rialta
regulation;Noun;B2;rialachán
reject;Verb;B1;dhiúltú
relate;Verb;B1;Baineann
related;Adjective;B1;gaolmhara
relation;Noun;B1;ndáil
relationship;Noun;A2;caidreamh
relative;Adjective Noun;B1;gaol
relatively;Adverb;B2;réasúnta
relax;Verb;A1;scíth a ligean
relaxed;Adjective;B1;relaxed
relaxing;Adjective;B1;scíth a ligean
release;Verb Noun;B1;scaoileadh
relevant;Adjective;B2;ábhartha
reliable;Adjective;B1;iontaofa
relief;Noun;B2;faoiseamh
religion;Noun;B1;reiligiún
religious;Adjective;B1;creidimh
rely;Verb;B2;ag brath
remain;Verb;B1;fós
remark;Noun Verb;B2;ráiteas
remember;Verb;A1;cuimhnigh
remind;Verb;B1;i gcuimhne
remote;Adjective;B1;iargúlta
remove;Verb;A2;bhaint
rent;Noun Verb;B1;cíos
repair;Verb , Noun;A2, B1;a dheisiú
repeat;Verb , Noun;A1, B1;athuair
repeated;Adjective;B1;arís agus arís eile
replace;Verb;A2;ionad
reply;Verb Noun;A2;freagra
report;Noun, Verb;A1, A2;tuarascáil
reporter;Noun;A2;tuairisceoir
represent;Verb;B1;ionadaíocht a dhéanamh
representative;Noun Adjective;B2;ionadaí
reputation;Noun;B2;-cháil
request;Noun, Verb;A2, B1;iarratas
require;Verb;B1;cheangal
requirement;Noun;B2;riachtanas
rescue;Verb Noun;B2;tarrthála
research;Noun Verb;A2;taighde
researcher;Noun;A2;taighdeoir
reservation;Noun;B1;áirithinte
reserve;Noun Verb;B2;cúlchiste
resident;NounAdjective;B2;ina gcónaí
resist;Verb;B2;resist
resolve;Verb;B2;réiteach
resort;Noun;B2;dul ar iontaoibh
resource;Noun;B1;acmhainn
respect;Noun Verb;B1;meas
respond;Verb;A2;freagra
response;Noun;A2;freagra
responsibility;Noun;B1;freagracht
responsible;Adjective;B1;atá freagrach
rest (remaining part);Noun;A2;eile (cuid eile)
rest (sleep/relax);Noun Verb;A2;chuid eile (codladh / scíth a ligean)
restaurant;Noun;A1;bialann
result;Noun, Verb;A1, B1;mar thoradh
retain;Verb;B2;choinneáil
retire;Verb;B1;scor
retired;Adjective;B1;ar scor
return;Verb Noun;A1;tuairisceán
reveal;Verb;B2;nochtann
review;Noun Verb;A2;athbhreithniú
revise;Verb;B1;athmheas
revolution;Noun;B2;réabhlóid
reward;Noun Verb;B2;duais
rhythm;Noun;B2;rithim
rice;Noun;A1;rís
rich;Adjective;A1;saibhir
rid;Verb;B2;réidh
ride;Verb , Noun;A1, A2;thiomána
right;Adjective Adverb Noun;A1;ceart
ring;Noun;A2;fáinne
ring;Verb , Noun;A2, B1;fáinne
rise;Verb , Noun;A2, B1;ardú
risk;Noun Verb;B1;riosca
river;Noun;A1;abhainn
road;Noun;A1;bóthar
robot;Noun;B1;robot
rock (stone);Noun;A2;carraig (cloiche)
rock (music);Noun;A2;rac (ceol)
role;Noun;A2;ról
roll;Verb Noun;B1;rolla
romantic;Adjective;B1;rómánsúil
roof;Noun;A2;díon
room;Noun;A1;seomra
root;Noun;B2;root
rope;Noun;B1;téad
rough;Adjective;B1;garbh
round;Adjective Adverb prep., Noun;A2, B2;babhta
route;Noun;A2;bealach
routine;Noun, Adjective;A1, B2;ghnáthamh
row;Noun;B1;as a chéile
royal;Adjective;B1;ríoga
rub;Verb;B2;rub
rubber;Noun Adjective;B2;rubair
rubbish;Noun;A2;rubbish
rude;Adjective;A2;drochbhéasach
rugby;Noun;B1;rugbaí
rule;Noun, Verb;A1, B1;riail
run;Verb , Noun;A1, A2;reáchtáil
runner;Noun;A2;rádala
running;Noun;A2;ag rith
rural;Adjective;B2;tuaithe
rush;Verb Noun;B2;Rush
sad;Adjective;A1;brónach
sadly;Adverb;A2;Faraor
safe;Adjective;A2;sábháilte
safety;Noun;B1;sábháilteacht
sail;Verb , Noun;A2, B1;seol
sailing;Noun;A2;seoltóireacht
sailor;Noun;B1;mairnéalach
salad;Noun;A1;sailéad
salary;Noun;A2;tuarastal
sale;Noun;A2;díol
salt;Noun;A1;salann
same;Adjective proNoun Adverb;A1;céanna
sample;Noun, Verb;B1, B2;sampla
sand;Noun;B1;gaineamh
sandwich;Noun;A1;ceapaire
satellite;Noun;B2;satailíte
satisfied;Adjective;B2;gur deimhin leis
satisfy;Verb;B2;shásamh
Saturday;Noun;A1;Dé Sathairn
sauce;Noun;A2;anlann
save;Verb;A2;shábháil
saving;Noun;B2;shábháil
say;Verb;A1;rá
scale;Noun;B2;scála
scan;Verb;B1;scanadh
scared;Adjective;A2;scanraithe
scary;Adjective;A2;scary
scene;Noun;A2;radharc
schedule;Noun, Verb;A2, B2;sceideal
scheme;Noun;B2;scéim
school;Noun;A1;scoil
science;Noun;A1;eolaíocht
scientific;Adjective;B1;eolaíochta
scientist;Noun;A1;eolaí
score;Verb Noun;A2;scór
scream;Verb Noun;B2;scread
screen;NounVerb;A2, B2;scáileán
script;Noun;B1;script
sculpture;Noun;B1;dealbhóireacht
sea;Noun;A1;farraige
search;Noun Verb;A2;cuardaigh
season;Noun;A2;séasúr
seat;Noun Verb;A2, B2;suíochán
second1 (next after the first);et./ number, Adverb;A1, A2;second1 (tar éis an chéad)
second1 (unit of time);Noun;A1;second1 (aonaid ama)
secondary;Adjective;B1;tánaisteach
secondly;Adverb;A2;an dara dul síos
secret;Adjective, Noun;A2;rúnda
secretary;Noun;A2;rúnaí
section;Noun;A1;alt
sector;Noun;B2;earnáil
secure;Verb Adjective;B2;slán
security;Noun;B1;slándála
see;Verb;A1;féach
seed;Noun;B1;síolta
seek;Verb;B2;lorg
seem;Verb;A2;Is cosúil
select;Verb;B2;roghnaigh
selection;Noun;B2;roghnú
self;Noun;B2;féin
sell;Verb;A1;dhíol
send;Verb;A1;sheoladh
senior;Adjective;B2;sinsearach
sense;Noun Verb;A2, B2;ciall
sensible;Adjective;B1;ciallmhar
sensitive;Adjective;B2;íogair
sentence;Noun Verb;A1, B2;abairt
separate;Adjective, Verb;A2, B1;ar leith
September;Noun;A1;Meán Fómhair
sequence;Noun;B2;seicheamh
series;Noun;A2;sraith
serious;Adjective;A2;tromchúiseach
seriously;Adverb;B1;dáiríre
servant;Noun;B1;seirbhíseach
serve;Verb;A2;freastal
service;Noun;A2;seirbhíse
session;Noun;B2;seisiún
set (put);Verb;B1;leagtar (chur)
set (group);Noun;B1;leagtar (grúpa)
setting;Noun;B1;leagan
settle;Verb;B2;socrú síos
seven;number;A1;seacht
seventeen;number;A1;seventeen
seventy;number;A1;seachtó
several;det./proNoun;A2;roinnt
severe;Adjective;B2;dian
sex;Noun;B1;gnéas
sexual;Adjective;B1;gnéasach
shade;Noun;B2;scáth
shadow;Noun;B2;scáth
shake;Verb Noun;A2, B1;croith
shall;modal Verb;A2;beidh
shallow;Adjective;B2;éadomhain
shame;Noun;B2;náire
shape;Noun Verb;A2, B2;cruth
share;Verb Noun;A1, B1;scair
sharp;Adjective;B1;géar
she;proNoun;A1;sí
sheep;Noun;A1;caorach
sheet;Noun;A2;bileog
shelf;Noun;B1;seilf
shell;Noun;B1;bhlaosc
shelter;Noun Verb;B2;foscadh
shift;Noun Verb;B1, B2;athrú
shine;Verb;B1;Shine
shiny;Adjective;B1;lonrach
ship;Noun Verb;A2, B2;long
shirt;Noun;A1;léine
shock;Noun Verb;B2;turraing
shocked;Adjective;B2;shocked
shoe;Noun;A1;bróg
shoot;Verb;B1;shoot
shooting;Noun;B2;lámhach
shop;Noun Verb;A1;siopa
shopping;Noun;A1;siopadóireacht
short;Adjective;A1;gearr
shot;Noun;B2;lámhaigh
should;modal Verb;A1;Ar chóir
shoulder;Noun;A2;ghualainn
shout;Verb Noun;A2;shout
show;Verb Noun;A1;taispeáin
shower;Noun;A1;cith
shut;Verb Adjective;A2;stoptar
shy;Adjective;B1;cúthail
sick;Adjective;A1;tinn
side;Noun;A2;taobh
sight;Noun;B1;radharc
sign;Noun Verb;A2;comhartha
signal;Noun Verb;B1;comhartha
significant;Adjective;B2;suntasach
significantly;Adverb;B2;go mór
silence;Noun;B2;tost
silent;Adjective;B1;adh
silk;Noun;B2;síoda
silly;Adjective;B1;amaideach
silver;Noun Adjective;A2;airgead
similar;Adjective;A1;den chineál céanna
similarity;Noun;B1;cosúlacht
similarly;Adverb;B1;dul céanna
simple;Adjective;A2;simplí
simply;Adverb;B1;ach
since;prep. conj., Adverb;A2, B1;ós rud é
sincere;Adjective;B2;ó chroí a ghabháil
sing;Verb;A1;Sing
singer;Noun;A1;amhránaí
singing;Noun;A2;amhránaíocht
single;Adjective Noun;A2;singil
sink;Verb;B1;doirteal
sir;Noun;A2;a dhuine uasail
sister;Noun;A1;deirfiúr
sit;Verb;A1;suí
site;Noun;A2;láithreán
situation;Noun;A1;scéal
six;number;A1;sé
sixteen;number;A1;déag
sixty;number;A1;seasca
size;Noun;A2;méid
ski;Verb Noun;A2;ski
skiing;Noun;A2;sciáil
skill;Noun;A1;scil
skin;Noun;A2;craiceann
skirt;Noun;A1;sciorta
sky;Noun;A2;spéir
slave;Noun;B2;daor
sleep;Verb , Noun;A1, A2;codladh
slice;Noun Verb;B1;slice
slide;Verb Noun;B2;sleamhnán
slight;Adjective;B2;beag
slightly;Adverb;B1;beagán
slip;Verb;B2;duillín
slope;Noun Verb;B2;fána
slow;Adjective , Verb;A1, B1;mall
slowly;Adverb;A2;go mall
small;Adjective;A1;beag
smart;Adjective;B1;chliste
smartphone;Noun;A2;smartphone
smell;Verb Noun;A2;boladh
smile;Verb Noun;A2;aoibh gháire
smoke;Noun Verb;A2;deatach
smoking;Noun;A2;caitheamh tobac
smooth;Adjective;B1;réidh
snake;Noun;A1;nathair
snow;Noun Verb;A1;sneachta
so;Adverb conj.;A1;mar sin
soap;Noun;A2;gallúnach
soccer;Noun;A2;sacar
social;Adjective;A2;sóisialta
society;Noun;A2;sochaí
sock;Noun;A2;stoca
soft;Adjective;A2;bog
software;Noun;B1;bogearraí
soil;Noun;B1;ithir
solar;Adjective;B2;gréine
soldier;Noun;A2;saighdiúir
solid;Adjective Noun;B1;soladach
solution;Noun;A2;réiteach
solve;Verb;A2;réiteach
some;det. proNoun;A1;cuid
somebody;proNoun;A1;duine éigin
someone;proNoun;A1;éigin
something;proNoun;A1;rud éigin
sometimes;Adverb;A1;uaireanta
somewhat;Adverb;B2;beagán
somewhere;Adverb proNoun;A2;áit éigin
son;Noun;A1;mac
song;Noun;A1;amhrán
soon;Adverb;A1;luath
sorry;Adjective exclam.;A1;tá brón orainn
sort;Noun, Verb;A2, B1;sort
soul;Noun;B2;anam
sound;Noun Verb;A1;fuaim
soup;Noun;A1;anraith
source;Noun;A2;foinse
south;Noun Adjective Adverb;A1;ó dheas
southern;Adjective;B1;ó dheas
space;Noun;A1;spás
speak;Verb;A1;labhair
speaker;Noun;A2;cainteoir
special;Adjective;A1;speisialta
specialist;Noun Adjective;B2;speisialaithe
species;Noun;B2;speicis
specific;Adjective;A2;sonrach
specifically;Adverb;B1;sonrach
speech;Noun;A2;urlabhra
speed;Noun, Verb;A2, B2;luas
spell;Verb;A1;litriú
spelling;Noun;A1;litriú
spend;Verb;A1;chaitheamh
spending;Noun;B1;caiteachas
spicy;Adjective;B1;spicy
spider;Noun;A2;damhán alla
spirit;Noun;B1;spiorad
spiritual;Adjective;B2;spioradálta
split;Verb Noun;B2;scoilt
spoken;Adjective;B1;labhartha
sponsor;Verb Noun;B2;urraitheoir
spoon;Noun;A2;spúnóg
sport;Noun;A1;spórt
spot;Noun, Verb;B1, B2;spota
spread;Verb , Noun;B1, B2;scaipeadh
spring;Noun, Verb;A1, B1;earrach
square;Adjective Noun;A2;cearnach
stable;Adjective;B2;cobhsaí
stadium;Noun;B1;staidiam
staff;Noun;B1;foirne
stage;Noun, Verb;A2, B2;céim
stair;Noun;A2;staighre
stamp;Noun;A2;stampa
stand;Verb , Noun;A1, B2;seasamh
standard;Noun Adjective;B1;chaighdeánach
star;Noun, Verb;A1, A2;star
stare;Verb;B2;stare
start;Verb , Noun;A1, A2;tús
state;Noun, Adjective , v;A2, B1;stáit
statement;Noun;A1;ráiteas
station;Noun;A1;stáisiún
statistic;Noun;B1;staitistic
statue;Noun;B1;dealbh
status;Noun;B2;stádas
stay;Verb , Noun;A1, A2;fanacht
steady;Adjective;B2;seasta
steal;Verb;A2;steal
steel;Noun;B2;cruach
steep;Adjective;B2;géar
step;Noun, Verb;A2, B2;céim
stick (push into/attach);Verb;B1;bata (bhrú isteach / gabháil)
stick (piece of wood);Noun;B1;maide (píosa adhmaid)
sticky;Adjective;B2;greamaitheach
stiff;Adjective;B2;righin
still;Adverb , Adjective;A1, B1;fós
stock;Noun;B2;stoic
stomach;Noun;A2;boilg
stone;Noun;A2;cloch
stop;Verb Noun;A1;stop
store;Noun, Verb;A2, B1;siopa
storm;Noun;A2;stoirm
story;Noun;A1;scéal
straight;Adverb Adjective;A2;díreach
strange;Adjective;A2;aisteach
stranger;Noun;B1;strainséir
strategy;Noun;A2;straitéis
stream;Noun;B2;sruth
street;Noun;A1;sráide
strength;Noun;B1;neart
stress;Noun Verb;A2;strus
stretch;Verb Noun;B2;stráice
strict;Adjective;B2;dian
strike;Verb Noun;B2;stailc
string;Noun;B1;teaghrán
strong;Adjective;A1;láidir
strongly;Adverb;B1;go láidir
structure;Noun, Verb;A2, B2;struchtúr
struggle;Verb Noun;B2;streachailt
student;Noun;A1;dalta
studio;Noun;B1;studio
study;Noun Verb;A1;staidéar
stuff;Noun, Verb;B1, B2;rudaí
stupid;Adjective;A2;dúr
style;Noun;A1;stíl
subject;Noun, Adjective;A1, B2;ábhar
submit;Verb;B2;a chur faoi bhráid
substance;Noun;B1;substaint
succeed;Verb;A2;éireoidh
success;Noun;A1;rath
successful;Adjective;A2;éirigh
successfully;Adverb;B1;D'éirigh
such;det./proNoun;A2;den sórt sin
sudden;Adjective;B1;tobann
suddenly;Adverb;A2;go tobann
suffer;Verb;B1;ag fulaingt
sugar;Noun;A1;siúcra
suggest;Verb;A2;mholadh
suggestion;Noun;A2;moladh
suit;Noun, Verb;A2, B1;agra
suitable;Adjective;B1;oiriúnach
sum;Noun Verb;B2;ndeonófar suim
summarize;Verb;B1;achoimre
summary;Noun;B1;achoimre
summer;Noun;A1;samhradh
sun;Noun;A1;ghrian
Sunday;Noun;A1;Dé Domhnaigh
supermarket;Noun;A1;ollmhargadh
supply;Noun Verb;B1;soláthar
support;Verb Noun;A2;tacaíocht
supporter;Noun;B1;thacadóir
suppose;Verb;A2;dócha
sure;Adjective , Adverb;A1, A2;cinnte
surely;Adverb;B1;surely
surface;Noun;B1;dromchla
surgery;Noun;B2;máinliacht
surprise;Noun Verb;A2;iontas
surprised;Adjective;A2;ionadh
surprising;Adjective;A2;iontas
surround;Verb;B2;nacht
surrounding;Adjective;B2;máguaird
survey;Noun, Verb;A2, B2;suirbhé
survive;Verb;B1;mair
suspect;Verb Noun;B2;drochamhras
swear;Verb;B2;swear
sweater;Noun;A1;geansaí
sweep;Verb;B2;sweep
sweet;Adjective Noun;A2;milis
swim;Verb , Noun;A1, B1;snámh
swimming;Noun;A1;snámha
switch;Verb , Noun;B1, B2;athrú
symbol;Noun;A2;tsiombail
sympathy;Noun;B2;comhbhrón
symptom;Noun;B1;symptom
system;Noun;A2;córas
table;Noun;A1;tábla
tablet;Noun;A2;tablet
tail;Noun;B1;eireaball
take;Verb;A1;ghlacadh
tale;Noun;B2;scéal
talent;Noun;B1;tallann
talented;Adjective;B1;cumasach
talk;Verb , Noun;A1, A2;labhairt
tall;Adjective;A1;ard
tank;Noun;B2;umar
tape;Noun;B1;téip
target;Noun, Verb;A2, B2;Is é sprioc
task;Noun;A2;tasc
taste;Noun Verb;A2;blas
tax;Noun Verb;B1;cáin
taxi;Noun;A1;tacsaí
tea;Noun;A1;tae
teach;Verb;A1;mhúineadh
teacher;Noun;A1;múinteoir
teaching;Noun;A2;teagaisc
team;Noun;A1;fhoireann
tear1;Verb Noun;B2;tear1
tear2;Noun;B2;tear2
technical;Adjective;B1;theicniúil
technique;Noun;B1;teicníc
technology;Noun;A2;teicneolaíocht
teenage;Adjective;A2;déagóirí
teenager;Noun;A1;déagóir
telephone;Noun Verb;A1;teileafón
television;Noun;A1;Teilifís
tell;Verb;A1;insint
temperature;Noun;A2;teocht
temporary;Adjective;B2;sealadach
ten;number;A1;deich
tend;Verb;B1;claonadh a bhíonn
tennis;Noun;A1;Leadóg
tent;Noun;B1;puball
term;Noun, Verb;A2, B2;téarma
terrible;Adjective;A1;uafásach
test;Noun Verb;A1;scrúdú
text;Noun, Verb;A1, A2;téacs
than;conj.;A1;ná
thank;Verb;A1;go raibh maith
thanks;exclam. Noun;A1;go raibh maith agat
that;det. proNoun conj., Adverb;A1, B1;go
the;definite article;A1;an
theatre;Noun;A1;amharclann
their;det.;A1;n
theirs;proNoun;B1;inniúlacht siúd
them;proNoun;A1;iad
theme;Noun;B1;téama
themselves;proNoun;A2;iad féin
then;Adverb;A1;ansin
theory;Noun;B1;teoiric
therapy;Noun;B2;teiripe
there;Adverb;A1;ann
therefore;Adverb;B1;dá bhrí sin,
they;proNoun;A1;siad
thick;Adjective;A2;tiubh
thief;Noun;A2;thief
thin;Adjective;A2;tanaí
thing;Noun;A1;rud
think;Verb;A1;I mo thuairimse,
thinking;Noun;A2;smaointeoireacht
third;number, Noun;A1, A2;tríú
thirsty;Adjective;A1;tart
thirteen;number;A1;déag
thirty;number;A1;tríocha
this;det./proNoun, Adverb;A1, B1;seo
though;conj. Adverb;B1;cé
thought;Noun;A2;shíl
thousand;number;A1;míle
threat;Noun;B2;bhagairt
threaten;Verb;B2;bagairt
three;number;A1;trí
throat;Noun;B1;scornach
through;prep. Adverb;A1;trí
throughout;prep./Adverb;B1;ar fud
throw;Verb;A2;caith
Thursday;Noun;A1;Déardaoin
thus;Adverb;B2;dá bhrí sin
ticket;Noun;A1;ticéad
tidy;Adjective v;A2;slachtmhar
tie;Verb Noun;A2;carbhat
tight;Adjective;B1;daingean
till;conj./prep.;B1;till
time;Noun, Verb;A1, B2;am
tin;Noun;B1;stáin
tiny;Adjective;B1;beag bídeach
tip;Noun, Verb;A2, B1;tip
tired;Adjective;A1;tuirseach
title;Noun;A1, B2;teideal
to;prep., infinitive marker;A1;chun
today;Adverb Noun;A1;inniu
toe;Noun;B1;ladhar
together;Adverb;A1;le chéile
toilet;Noun;A1;leithris
tomato;Noun;A1;trátaí
tomorrow;Adverb Noun;A1;amárach
tone;Noun;B2;ton
tongue;Noun;B1;teanga
tonight;Adverb n;A1;anocht
too;Adverb;A1;freisin
tool;Noun;A2;uirlis
tooth;Noun;A1;fiacail
top;Noun, Adjective;A2;top
topic;Noun;A1;topaic
total;Adjective Noun;B1;Iomlán
totally;Adverb;B1;go hiomlán
touch;Verb , Noun;A2, B1;dteagmháil
tough;Adjective;B2;diana
tour;Noun, Verb;A2, B1;turas
tourism;Noun;A2;turasóireacht
tourist;Noun;A1;turasóireachta
towards;prep.;A2;i dtreo
towel;Noun;A2;tuáille
tower;Noun;A2;túr
town;Noun;A1;baile
toy;Noun, Adjective;A2;bréagán
track;Noun, Verb;A2, B2;rian
trade;Noun, Verb;B1;Trádáil
tradition;Noun;A2;traidisiún
traditional;Adjective;A2;traidisiúnta
traffic;Noun;A1;trácht
train;Noun, Verb;A1, A2;traein
trainer;Noun;A2;oiliúnóir
training;Noun;A2;oiliúint
transfer;Verb Noun;B2;aistriú
transform;Verb;B2;athrú
transition;Noun;B2;aistriú
translate;Verb;B1;aistriú
translation;Noun;B1;aistriúchán
transport;Noun, Verb;A2, B1;iompar
travel;Verb Noun;A1;taisteal
traveller;Noun;A2;lucht siúil
treat;Verb;B1;chóireáil
treatment;Noun;B1;cóireáil
tree;Noun;A1;crann
trend;Noun;B1;treocht
trial;Noun;B2;triail
trick;Noun Verb;B1;trick
trip;Noun, Verb;A1, B2;turas
tropical;Adjective;B2;trópaiceach
trouble;Noun, Verb;A2, B2;deacracht
trousers;Noun;A1;bríste
truck;Noun;A2;trucail
TRUE;Adjective;A1;TRUE
truly;Adverb;B2;go fírinneach
trust;Noun Verb;B2;iontaobhas
truth;Noun;B1;fírinne
try;Verb , Noun;A1, B2;bain triail
T-shirt;Noun;A1;T-léine
tube;Noun;B1;tube
Tuesday;Noun;A1;Dé Máirt
tune;Noun;B2;tune
tunnel;Noun;B2;tollán
turn;Verb Noun;A1;cas
TV;Noun;A1;TV
twelve;number;A1;dhá cheann déag de
twenty;number;A1;fiche
twice;Adverb;A1;faoi ​​dhó
twin;Noun Adjective;A2;cúpla
two;number;A1;dhá
type;Noun, Verb;A1, B1;cineál
typical;Adjective;A2;tipiciúil
typically;Adverb;B1;de ghnáth
tyre;Noun;B1;bonn
ugly;Adjective;B1;gránna
ultimately;Adverb;B2;deireadh thiar
umbrella;Noun;A1;scáth fearthainne
unable;Adjective;B1;ann
uncle;Noun;A1;uncail
uncomfortable;Adjective;B1;míchompordach
unconscious;Adjective;B2;Gan aithne gan urlabhra
under;prep. Adj;A1;faoi
underground;Adjective Adverb;A2;faoin talamh
understand;Verb;A1;a thuiscint
understanding;Noun;A2;tuiscint
underwear;Noun;B1;fo-éadaí
unemployed;Adjective;B1;dífhostaithe
unemployment;Noun;B1;dífhostaíocht
unexpected;Adjective;B2;gan choinne
unfair;Adjective;B1;éagórach
unfortunately;Adverb;A2;ar an drochuair
unhappy;Adjective;A2;míshásta
uniform;Noun;A2;éide
union;Noun;B1;aontas
unique;Adjective;B2;uathúil
unit;Noun;A2;aonad
united;Adjective;A2;aontaithe
universe;Noun;B2;cruinne
university;Noun;A1;ollscoil
unknown;Adjective;B2;anaithnid
unless;conj.;B1;mura rud é
unlike;prep.;B1;murab ionann agus
unlikely;Adjective;B1;ní dócha
unnecessary;Adjective;B1;nach bhfuil gá leo
unpleasant;Adjective;B1;unpleasant
until;conj./prep.;A1;go dtí
unusual;Adjective;A2;neamhghnách
up;Adverb proNoun;A1;suas
update;Verb Noun;B1;thabhairt cothrom le dáta
upon;prep.;B1;ar
upper;Adjective;B2;Uachtarach
upset;Adjective v;B1;trína chéile
upstairs;Adverb , Adjective;A1, A2;thuas staighre
upwards;Adverb;B2;os a chionn
urban;Adjective;B2;uirbeach
urge;Verb;B2;áiteamh
us;proNoun;A1;linn
use;Verb , Noun;A1, A2;úsáid
used;Adjective;B1;úsáidtear
used to;modal Verb;A2;a úsáidtear chun
useful;Adjective;A1;úsáideach
user;Noun;A2;faoi ​​úsáideoir
usual;Adjective;A2;gnáth
usually;Adverb;A1;de ghnáth
vacation;Noun;A1;laethanta saoire
valley;Noun;A2;valley
valuable;Adjective;B1;luachmhar
value;Noun, Verb;B1, B2;luach
van;Noun;A2;van
variety;Noun;A2;éagsúlacht
various;Adjective;B1;éagsúla
vary;Verb;B2;Athraíonn
vast;Adjective;B2;ollmhór
vegetable;Noun;A1;glasraí
vehicle;Noun;A2;feithicil
venue;Noun;B2;-ionad
version;Noun;B1;leagan
very;Adverb , Adjective;A1, B1;an-
via;prep.;B2;via
victim;Noun;B1;íospartach
victory;Noun;B2;bua
video;Noun;A1;físeán
view;Noun, Verb;A2,;amharc
viewer;Noun;B1;amharcán
village;Noun;A1;sráidbhaile
violence;Noun;B2;foréigean
violent;Adjective;B1;foréigneach
virtual;Adjective;B2;fíorúil
virus;Noun;A2;víreas
vision;Noun;B2;fís
visit;Verb Noun;A1;cuairt
visitor;Noun;A1;chuairteoir
visual;Adjective;B2;amhairc
vital;Adjective;B2;ríthábhachtach
vitamin;Noun;B2;vitimín
voice;Noun;A2;guth
volume;Noun;B2;toirt
volunteer;Noun Verb;B1;oibrithe deonacha
vote;Noun Verb;B1;vóta
wage;Noun;B2;pá
wait;Verb , Noun;A1, A2;fanacht
waiter;Noun;A1;waiter
wake;Verb;A1;dúisigh
walk;Verb Noun;A1;siúlóid
wall;Noun;A1;balla
want;Verb;A1;ag iarraidh
war;Noun;A2;cogadh
warm;Adjective , v;A1, B1;te
warn;Verb;B1;rabhadh a thabhairt
warning;Noun;B1;rabhadh
wash;Verb , Noun;A1, A2;nigh
washing;Noun;A2;ag ní
waste;Noun v, Adjective;B1;dramhaíl
watch;Verb Noun;A1;faire
water;Noun, Verb;A1, B1;uisce
wave;Noun;A2, B1;tonn
way;Noun;A1, B2;bhealach
we;proNoun;A1;táimid ag
weak;Adjective;A2;lag
weakness;Noun;B2;laige
wealth;Noun;B2;saibhreas
wealthy;Adjective;B2;saibhir
weapon;Noun;B1;arm
wear;Verb;A1;chaitheamh
weather;Noun;A1;aimsir
web;Noun;A2;gréasáin
website;Noun;A1;láithreán gréasáin
wedding;Noun;A2;bainise
Wednesday;Noun;A1;Dé Céadaoin
week;Noun;A1;seachtain
weekend;Noun;A1;deireadh seachtaine
weigh;Verb;B1;meáigh
weight;Noun;A2;meáchan
welcome;exclam. Verb Adjective , n;A1, A2;fáilte
well;Adverb , Adjective , exclam.;A1;maith
west;Noun Adjective Adverb;A1;siar
western;Adjective;B1;an iarthair
wet;Adjective;A2;fliuch
what;proNoun/det.;A1;Cad
whatever;det./proNoun;B1;is cuma cad
wheel;Noun;A2;roth
when;Adverb proNounconj.;A1;Cathain
whenever;conj.;B1;aon uair
where;Adverb conj.;A1;i gcás
whereas;conj.;B2;de bhrí
wherever;conj.;B2;cibé áit
whether;conj.;B1;an bhfuil
which;proNoun/det.;A1;a
while;conj., Noun;A2, B1;cé
whisper;Verb Noun;B2;cogar
white;Adjective Noun;A1;bán
who;proNoun;A1;EDS
whole;Adjective , n;A2, B1;fad
whom;proNoun;B2;duine
whose;det./proNoun;A2;a bhfuil a
why;Adverb;A1;cén fáth
wide;Adjective;A2;ar fud an
widely;Adverb;B2;go forleathan
wife;Noun;A1;bean chéile
wild;Adjective;A2;fiáin
wildlife;Noun;B2;fiadhúlra
will;modal, Noun Verb;A1,;beidh
willing;Adjective;B2;toilteanach
win;Verb , Noun;A1, B1;bua
wind1;Noun;A2;wind1
wind2;Verb;B2;wind2
window;Noun;A1;fuinneog
wine;Noun;A1;fíon
wing;Noun;B1;sciathán
winner;Noun;A2;buaiteoir
winter;Noun;A1;gheimhridh
wire;Noun;B2;sreang
wise;Adjective;B2;ciallmhar
wish;Verb Noun;A2;mian
with;prep.;A1;le
within;prep.;B1;laistigh
without;prep.;A1;gan
witness;Noun Verb;B2;finné
woman;Noun;A1;bean
wonder;Verb Noun;B1;Wonder
wonderful;Adjective;A1;iontach
wood;Noun;A2;adhmad
wooden;Adjective;A2;adhmaid
wool;Noun;B1;olann
word;Noun;A1;focal
work;Verb Noun;A1;obair
worker;Noun;A1;oibrí
working;Adjective;A2;obair
world;Noun;A1;domhan
worldwide;Adjective Adverb;B1;ar fud an domhain
worried;Adjective;A2;buartha
worry;Verb Noun;A2, B1;imní
worse;Adjective, AdVerb Noun;A2,B1, B2;níos measa
worst;Adjective, AdVerb;A2,B1, B2;measa
worth;Adjective, Noun;B1, B2;fiú
would;modal, Verb;A1;bheadh
wound;Noun Verb;B2;créachta
wow;exclam.;A2;WOW
wrap;Verv;B2;wrap
write;Verb;A1;scríobh
writer;Noun;A1;scríbhneoir
writing;Noun;A1;scríobh
written;Adjective;B1;scríofa
wrong;Adjective, AdVerb Noun;A1, B1, B2;mícheart
yard;Noun;B1;clós
yeah;exclam.;A1;yera yeah
year;Noun;A1;bhliain
yellow;Adjective, Noun;A1;buí
yes;exclam.;A1;yes
yesterday;AdVerb Noun;A1;inné
yet;AdVerb conj.;A2, B2;fós
you;proNoun;A1;tú
young;Adjective, Noun;A1, B1;óg
your;det.;A1;do
yours;proNoun;A2;mise
yourself;proNoun;A1;féin
youth;Noun;B1;óige
zero;number;A2;nialas
zone;Noun;B2;crios
