a, an;indefinite, article;A1;a, ಅತ್ಯಂತ
abandon;Verb;B2;ತ್ಯಜಿಸಲು
ability;Noun;A2;ಸಾಮರ್ಥ್ಯ
able;Adjective;A2;ಸಾಧ್ಯವಾಗುತ್ತದೆ
about;prep. Adverb;A1;ಬಗ್ಗೆ
above;prep. Adverb;A1;ಮೇಲಿನ
abroad;Adverb;A2;ವಿದೇಶದಲ್ಲಿ
absolute;Adjective;B2;ಸಂಪೂರ್ಣ
absolutely;Adverb;B1;ಸಂಪೂರ್ಣವಾಗಿ
academic;adj, Noun;B1, B2;ಶೈಕ್ಷಣಿಕ
accept;Verb;A2;ಒಪ್ಪಿಕೊಳ್ಳಿ
acceptable;Adjective;B2;ಸ್ವೀಕಾರಾರ್ಹ
access;Noun Verb;B1;ಪ್ರವೇಶ
accident;Noun;A2;ಅಪಘಾತ
accommodation;Noun;B1;ವಸತಿ
accompany;Verb;B2;ಜೊತೆಯಲ್ಲಿ
according to;prep.;A2;ರ ಪ್ರಕಾರ
account;Noun Verb;B1, B2;ಖಾತೆ
accurate;Adjective;B2;ನಿಖರವಾದ
accuse;Verb;B2;ಆರೋಪಿಸಿದರು
achieve;Verb;A2;ಸಾಧಿಸಲು
achievement;Noun;B1;ಸಾಧನೆ
acknowledge;Verb;B2;ಅಂಗೀಕಾರದಿಂದ
acquire;Verb;B2;ಪಡೆದುಕೊಳ್ಳುವವರೆಗೆ
across;prep. Adverb;A1;ಅಡ್ಡಲಾಗಿ
act;Verb Noun;A2,B1;ಕಾರ್ಯನಿರ್ವಹಿಸಲು
action;Noun;A1;ಕ್ರಮ
active;Adjective;A2;ಸಕ್ರಿಯ
activity;Noun;A1;ಚಟುವಟಿಕೆ
actor;Noun;A1;ನಟ
actress;Noun;A1;ನಟಿ
actual;Adjective;B2;ನಿಜವಾದ
actually;Adverb;A2;ವಾಸ್ತವವಾಗಿ
ad;Noun;B1;ಜಾಹೀರಾತು
adapt;Verb;B2;ಹೊಂದಿಕೊಳ್ಳುವ
add;Verb;A1;ಸೇರಿಸಬಹುದು
addition;Noun;B1;ಜೊತೆಗೆ
additional;Adjective;B2;ಹೆಚ್ಚುವರಿ
address;Noun Verb;A1,B2;ವಿಳಾಸಕ್ಕೆ
administration;Noun;B2;ಆಡಳಿತ
admire;Verb;B1;ಅಚ್ಚುಮೆಚ್ಚು
admit;Verb;B1;ಲಕ್ಷಣ
adopt;Verb;B2;ಅಳವಡಿಸಿಕೊಳ್ಳಲು
adult;Noun adj;A1,A2;ವಯಸ್ಕ
Advance;Noun Verb adj;B2;ಅಡ್ವಾನ್ಸ್
Advanced;Adjective;B1;ಸುಧಾರಿತ
Advantage;Noun;A2;ಅಡ್ವಾಂಟೇಜ್
Adventure;Noun;A2;ಸಾಹಸ
Advertise;Verb;A2;ಜಾಹೀರಾತು
Advertisement;Noun;A2;ಜಾಹೀರಾತು
Advertising;Noun;A2;ಜಾಹೀರಾತು
Advice;Noun Verb;A1, B1;ಸಲಹೆ
affair;Noun;B2;ಸಂಬಂಧ
affect;Verb;A2;ಪರಿಣಾಮ
afford;Verb;B1;ನಿಭಾಯಿಸುತ್ತೇನೆ
afraid;Adjective;A1;ಹೆದರುತ್ತಿದ್ದರು
after;prep. conj. Adverb;A1,A2;ನಂತರ
afternoon;Noun;A1;ಮಧ್ಯಾಹ್ನ
afterwards;Adverb;B2;ನಂತರ
again;Adverb;A1;ಮತ್ತೆ
against;prep;A2;ವಿರುದ್ಧ
age;Noun Verb;A1, B1;ವಯಸ್ಸಿನ
aged;Adjective;B1;ವಯಸ್ಸಿನ
agency;Noun;B2;ಸಂಸ್ಥೆ
agenda;Noun;B2;ಅಜೆಂಡಾ
agent;Noun;B1;ಏಜೆಂಟ್
aggressive;Adjective;B2;ಆಕ್ರಮಣಕಾರಿ
ago;Adverb;A1;ಹಿಂದೆ
agree;Verb;A1;ಒಪ್ಪುತ್ತೇನೆ
agreement;Noun;B1;ಒಪ್ಪಂದದ
ah;exclam.;A2;ಆಹ್
ahead;Adverb;B1;ಮುಂದೆ
aid;Noun Verb;B2;ನೆರವು
aim;Verb Noun;B1;ಗುರಿ
air;Noun;A1;ವಿಮಾನ
aircraft;Noun;B2;ವಿಮಾನದ
airline;Noun;A2;ವಿಮಾನಯಾನ
airport;Noun;A1;ವಿಮಾನ
alarm;Noun Verb;B1, B2;ಎಚ್ಚರಿಕೆ
album;Noun;B1;ಆಲ್ಬಮ್
alcohol;Noun;B1;ಮದ್ಯ
alcoholic;Adjective;B1;ಆಲ್ಕೊಹಾಲ್ಯುಕ್ತ
alive;Adjective;A2;ಜೀವಂತವಾಗಿ
all;det. pron, Adverb;A1, A2;ಎಲ್ಲಾ
all right;Adjective, Adverb exclam;A2;ಸರಿ
allow;Verb;A2;ಅವಕಾಶ
almost;Adverb;A2;ಸುಮಾರು
alone;Adjective, Adverb;A2;ಏಕಾಂಗಿಯಾಗಿ
along;prep. Adverb;A2;ಜೊತೆಗೆ
already;Adverb;A2;ಈಗಾಗಲೇ
also;Adverb;A1;ಸಹ
alter;Verb;B2;ಅಲ್ಟರ್
alternative;Noun Adjective;A2, B1;ಪರ್ಯಾಯ
although;conj;A2;ಆದಾಗ್ಯೂ
always;Adverb;A1;ಯಾವಾಗಲೂ
amazed;Adjective;B1;ಆಶ್ಚರ್ಯಚಕಿತನಾದನು
amazing;Adjective;A1;ಅದ್ಭುತ
ambition;Noun;B1;ಮಹತ್ವಾಕಾಂಕ್ಷೆ
ambitious;Adjective;B1;ಮಹತ್ವಾಕಾಂಕ್ಷೆಯ
among;prep.;A2;ನಡುವೆ
amount;Noun Verb;A2, B2;ಪ್ರಮಾಣದ
analyse;Verb;B1;ವಿಶ್ಲೇಷಿಸಲು
analysis;Noun;B1;ವಿಶ್ಲೇಷಣೆ
ancient;Adjective;A2;ಪ್ರಾಚೀನ
and;conj;A1;ಮತ್ತು
anger;Noun;B2;ಕೋಪದ
angle;Noun;B2;ಕೋನ
angry;Adjective;A1;ಕೋಪಗೊಂಡ
animal;Noun;A1;ಪ್ರಾಣಿಗಳ
ankle;Noun;A2;ಪಾದದ
anniversary;Noun;B2;ವಾರ್ಷಿಕೋತ್ಸವದ
announce;Verb;B1;ಘೋಷಿಸಲು
announcement;Noun;B1;ಘೋಷಣೆ
annoy;Verb;B1;ಸಿಟ್ಟುಬರಿಸು
annoyed;Adjective;B1;ಸಿಟ್ಟಾಗಿ
annoying;Adjective;B1;ಕಿರಿಕಿರಿ
annual;Adjective;B2;ವಾರ್ಷಿಕ
another;det. proNoun;A1;ಮತ್ತೊಂದು
answer;Noun Verb;A1;ಉತ್ತರವನ್ನು
anxious;Adjective;B2;ಆಸಕ್ತಿ
any;det. proNoun, Adverb;A1, A2;ಯಾವುದಾದರು
anybody;pron;A2;ಯಾರೇ
any more;Adverb;A2;ಯಾವುದೇ
anyone;pron;A1;ಯಾರಾದರೂ
anything;pron;A1;ಏನು
anyway;Adverb;A2;ಹೇಗಾದರೂ
anywhere;AdVerb proNoun;A2;ಎಲ್ಲಿಯಾದರೂ
apart;Adverb;B1;ಹೊರತುಪಡಿಸಿ
apartment;Noun;A1;ಅಪಾರ್ಟ್ಮೆಂಟ್
apologize;Verb;B1;ಕ್ಷಮೆ
app;Noun;A2;ಅಪ್ಲಿಕೇಶನ್
apparent;Adjective;B2;ಸ್ಪಷ್ಟ
apparently;Adverb;B2;ಸ್ಪಷ್ಟವಾಗಿ
appeal;Noun Verb;B2;ಮನವಿಯನ್ನು
appear;Verb;A2;ಕಾಣಿಸಿಕೊಳ್ಳುತ್ತವೆ
appearance;Noun;A2;ನೋಟವನ್ನು
apple;Noun;A1;ಸೇಬು
application;Noun;B1;ಅಪ್ಲಿಕೇಶನ್
apply;Verb;A2;ಅರ್ಜಿ
appointment;Noun;B1;ಅಪಾಯಿಂಟ್ಮೆಂಟ್
appreciate;Verb;B1;ಪ್ರಶಂಸಿಸುತ್ತೇವೆ
approach;Noun Verb;B2;ವಿಧಾನ
appropriate;Adjective;B2;ಸೂಕ್ತ
approval;Noun;B2;ಅನುಮೋದನೆ
approve;Verb;B2;ಅನುಮೋದಿಸಲು
approximately;Adverb;B1;ಸುಮಾರು
April;Noun;A1;ಏಪ್ರಿಲ್
architect;Noun;A2;ವಾಸ್ತುಶಿಲ್ಪಿ
architecture;Noun;A2;ವಾಸ್ತುಶಿಲ್ಪ
area;Noun;A1;ಪ್ರದೇಶ
argue;Verb;A2;ವಾದಿಸುತ್ತಾರೆ
argument;Noun;A2;ವಾದವನ್ನು
arise;Verb;B2;ಉದ್ಭವಿಸುವ
arm;Noun;A1;ತೋಳನ್ನು
armed;Adjective;B2;ಶಸ್ತ್ರಸಜ್ಜಿತವಾದ
arms;Noun;B2;ಶಸ್ತ್ರಾಸ್ತ್ರ
army;Noun;A2;ಸೇನೆಯ
around;prep. Adverb;A1;ಸುಮಾರು
arrange;Verb;A2;ವ್ಯವಸ್ಥೆ
arrangement;Noun;A2;ವ್ಯವಸ್ಥೆ
arrest;Verb Noun;B1;ಬಂಧಿಸಲು
arrival;Noun;B1;ಆಗಮನದ
arrive;Verb;A1;ಬರುವ
art;Noun;A1;ಕಲೆ
article;Noun;A1;ಲೇಖನ
artificial;Adjective;B2;ಕೃತಕ
artist;Noun;A1;ಕಲಾವಿದ
artistic;Adjective;B2;ಕಲಾತ್ಮಕ
as;prep., Adverb conj.;A1, A2;ಮಾಹಿತಿ
ashamed;Adjective;B2;ತಲೆತಗ್ಗಿಸಬೇಕು
asleep;Adjective;A2;ನಿದ್ದೆ
ask;Verb;A1;ಕೇಳಲು
aspect;Noun;B2;ಅಂಶವು
assess;Verb;B2;ನಿರ್ಣಯಿಸಲು
assessment;Noun;B2;ಮೌಲ್ಯಮಾಪನ
assignment;Noun;B1;ಹುದ್ದೆ
assist;Verb;B1;ಸಹಾಯ
assistant;Noun Adjective;A2;ಸಹಾಯಕ
associate;Verb;B2;ಸಹಾಯಕ
associated;Adjective;B2;ಸಂಬಂಧಿತ
association;Noun;B2;ಸಂಘದ
assume;Verb;B2;ಊಹಿಸುತ್ತವೆ
at;prep.;A1;ನಲ್ಲಿ
athlete;Noun;A2;ಕ್ರೀಡಾಪಟು
atmosphere;Noun;B1;ವಾತಾವರಣ
attach;Verb;B1;ಲಗತ್ತಿಸಬಹುದು
attack;Noun Verb;A2;ದಾಳಿ
attempt;Noun Verb;B2;ಪ್ರಯತ್ನ
attend;Verb;A2;ಹಾಜರಾಗಲು
attention;Noun exclam.;A2;ಗಮನ
attitude;Noun;B1;ವರ್ತನೆ
attract;Verb;B1;ಆಕರ್ಷಿಸಲು
attraction;Noun;B1;ಆಕರ್ಷಣೆ
attractive;Adjective;A2;ಆಕರ್ಷಕ
audience;Noun;A2;ಪ್ರೇಕ್ಷಕರು
August;Noun;A1;ಆಗಸ್ಟ್
aunt;Noun;A1;ಚಿಕ್ಕಮ್ಮನ
author;Noun;A2;ಲೇಖಕ
authority;Noun;B1;ಪ್ರಾಧಿಕಾರದಿಂದ
autumn;Noun;A1;ಶರತ್ಕಾಲದಲ್ಲಿ
available;Adjective;A2;ಲಭ್ಯವಿರುವ
average;Adjective, Noun Verb;A2, B1;ಸರಾಸರಿ
avoid;Verb;A2;ತಪ್ಪಿಸಲು
award;Noun Verb;A2, B1;ಪ್ರಶಸ್ತಿ
aware;Adjective;B1;ಅರಿವು
away;Adverb;A1;ದೂರ
awful;Adjective;A2;ಭೀಕರವಾದ
baby;Noun;A1;ಬೇಬಿ
back;Noun AdVerb Adjective, Verb;A1, A2, B2;ಮತ್ತೆ
background;Noun;A2;ಹಿನ್ನೆಲೆ
backwards;Adverb;B1;ಹಿಂದಕ್ಕೆ
bacteria;Noun;B2;ಬ್ಯಾಕ್ಟೀರಿಯಾ
bad;Adjective;A1;ಕೆಟ್ಟ
badly;Adverb;A2;ಕೆಟ್ಟದಾಗಿ
bag;Noun;A1;ಚೀಲ
bake;Verb;B1;ತಯಾರಿಸಲು
balance;Noun Verb;B1;ಸಮತೋಲನ
ball;Noun;A1;ಚೆಂಡನ್ನು
ban;Verb Noun;B1;ನಿಷೇಧ
banana;Noun;A1;ಬಾಳೆ
band;Noun;A1;ಬ್ಯಾಂಡ್
bank (money);Noun;A1;ಬ್ಯಾಂಕ್ (ಹಣ)
bank (river);Noun;B1;ಬ್ಯಾಂಕ್ (ನದಿ)
bar;Noun Verb;A2, B2;ಬಾರ್
barrier;Noun;B2;ತಡೆಗೋಡೆ
base;Noun Verb;B1;ಬೇಸ್
baseball;Noun;A2;ಬೇಸ್ಬಾಲ್
based;Adjective;A2;ಆಧಾರಿತ
basketball;Noun;A2;ಬ್ಯಾಸ್ಕೆಟ್ಬಾಲ್
basic;Adjective;B1;ಮೂಲ
basically;Adverb;B2;ಮೂಲತಃ
basis;Noun;B1;ಆಧಾರದ
bath;Noun;A1;ಸ್ನಾನದ
bathroom;Noun;A1;ಬಾತ್ರೂಮ್
battery;Noun;B1;ಬ್ಯಾಟರಿ
battle;Noun Verb;B1, B2;ಕದನ
be;Verb auxiliary Verb;A1;ಎಂದು
beach;Noun;A1;ಬೀಚ್
bean;Noun;A2;ಹುರುಳಿ
bear (deal with);Verb;B2;ಕರಡಿ (ವ್ಯವಹಾರವು)
bear (animal);Noun;A2;ಕರಡಿ (ಪ್ರಾಣಿ)
beat;Verb Noun;A2, B2;ಬೀಟ್
beautiful;Adjective;A1;ಸುಂದರ
beauty;Noun;B1;ಸೌಂದರ್ಯ
because;conj.;A1;ಕಾರಣ
become;Verb;A1;ಆಗಲು
bed;Noun;A1;ಹಾಸಿಗೆ
bedroom;Noun;A1;ಮಲಗುವ ಕೋಣೆ
bee;Noun;B1;ಬೀ
beef;Noun;A2;ದನದ
beer;Noun;A1;ಬಿಯರ್
before;prep., conj. Adverb;A1, A2;ಮೊದಲು
beg;Verb;B2;ಬೇಗ್
begin;Verb;A1;ಆರಂಭಿಸಲು
beginning;Noun;A1;ಆರಂಭದಲ್ಲಿ
behave;Verb;A2;ವರ್ತಿಸುತ್ತಾರೆ
behaviour;Noun;A2;ವರ್ತನೆಯನ್ನು
behind;prep. Adverb;A1;ಹಿಂದೆ
being;Noun;B2;ಜೀವಿಯು
belief;Noun;B1;ನಂಬಿಕೆಯ
believe;Verb;A1;ನಂಬಿಕೆ
bell;Noun;B1;ಗಂಟೆ
belong;Verb;A2;ಸೇರಿದ
below;Adverb prep.;A1;ಕೆಳಗಿನ
belt;Noun;A2;ಬೆಲ್ಟ್
bend;Verb Noun;B1;ಬಾಗಿ
benefit;Verb NouNoun;A2, B1;ಲಾಭ
bent;Adjective;B2;ಬಾಗುತ್ತದೆ
best;Adjective, AdVerb Noun;A1, A2;ಉತ್ತಮ
bet;Verb Noun;B2;ಬೆಟ್
better;Adjective , Adverb , Noun;A1, A2, B1;ಉತ್ತಮ
between;prep., Adverb;A1, A2;ನಡುವೆ
beyond;prep. Adverb;B2;ಮೀರಿ
bicycle;Noun;A1;ಬೈಸಿಕಲ್
big;Adjective;A1;ದೊಡ್ಡ
bike;Noun;A1;ಬೈಕ್
bill;Noun Verb;A1, B2;ಬಿಲ್
billion number; ;A2;ಬಿಲಿಯನ್ ಸಂಖ್ಯೆಯ
bin;Noun;A2;ಡಬ್ಬ
biology;Noun;A2;ಜೀವಶಾಸ್ತ್ರ
bird;Noun;A1;ಹಕ್ಕಿ
birth;Noun;A2;ಜನ್ಮ
birthday;Noun;A1;ಹುಟ್ಟುಹಬ್ಬದ
biscuit;Noun;A2;ಬಿಸ್ಕತ್ತು
bit;Noun;A2;ಬಿಟ್
bite;Verb Noun;B1;ಕಚ್ಚುವುದು
bitter;Adjective;B2;ಕಹಿ
black;Adjective, Noun;A1;ಕಪ್ಪು
blame;Verb Noun;B2;ಆಪಾದನೆಯನ್ನು
blank;Adjective, Noun;A2;ಖಾಲಿ
blind;Adjective;B2;ಬ್ಲೈಂಡ್
block;Noun Verb;B1;ಬ್ಲಾಕ್
blog;Noun;A1;ಬ್ಲಾಗ್
blonde;Adjective;A1;ಹೊಂಬಣ್ಣದ
blood;Noun;A2;ರಕ್ತದ
blow;Verb;A2;ಬ್ಲೋ
blue;Adjective, Noun;A1;ನೀಲಿ
board;Noun Verb;A2, B1;ಬೋರ್ಡ್
boat;Noun;A1;ದೋಣಿ
body;Noun;A1;ದೇಹದ
boil;Verb;A2;ಕುದಿಯುತ್ತವೆ
bomb;Noun Verb;B1;ಬಾಂಬ್
bond;Noun;B2;ಕರಾರುಪತ್ರ
bone;Noun;A2;ಮೂಳೆ
book;Noun Verb;A1, A2;ಪುಸ್ತಕದ
boot;Noun;A1;ಬೂಟ್
border;Noun Verb;B1, B2;ಗಡಿ
bored;Adjective;A1;ಬೇಸರ
boring;Adjective;A1;ನೀರಸ
born;Verb;A1;ಹುಟ್ಟು
borrow;Verb;A2;ಸಾಲ
boss;Noun;A2;ಮೇಲಧಿಕಾರಿ
both;det./proNoun;A1;ಎರಡೂ
bother;Verb;B1;ಚಿಂತೆ
bottle;Noun;A1;ಬಾಟಲ್
bottom;NouNoun Adjective;A2;ಕೆಳಗೆ
bowl;Noun;A2;ಬೌಲ್
box;Noun;A1;ಬಾಕ್ಸ್
boy;Noun;A1;ಹುಡುಗ
boyfriend;Noun;A1;ಗೆಳೆಯ
brain;Noun;A2;ಮೆದುಳಿನ
branch;Noun;B1;ಶಾಖೆಯ
brand;Noun Verb;B1;ಬ್ರ್ಯಾಂಡ್
brave;Adjective;B1;ಕೆಚ್ಚೆದೆಯ
bread;Noun;A1;ಬ್ರೆಡ್
break;Verb Noun;A1;ಬ್ರೇಕ್
breakfast;Noun;A1;ಉಪಹಾರ
breast;Noun;B2;ಸ್ತನ
breath;Noun;B1;ಉಸಿರಾಟದ
breathe;Verb;B1;ಉಸಿರಾಡಲು
breathing;Noun;B1;ಉಸಿರಾಟದ
bride;Noun;B1;ವಧು
bridge;Noun;A2;ಸೇತುವೆಯ
brief;Adjective;B2;ಸಂಕ್ಷಿಪ್ತ
bright;Adjective;A2;ಪ್ರಕಾಶಮಾನವಾದ
brilliant;Adjective;A2;ಅದ್ಭುತ
bring;Verb;A1;ತರಲು
broad;Adjective;B2;ವಿಶಾಲ
broadcast;Verb Noun;B2;ಪ್ರಸಾರ
broken;Adjective;A2;ಮುರಿದ
brother;Noun;A1;ಸಹೋದರ
brown;Adjective, Noun;A1;ಕಂದು
brush;Verb Noun;A2;ಕುಂಚ
bubble;Noun;B1;ಬಬಲ್
budget;Noun;B2;ಬಜೆಟ್
build;Verb;A1;ನಿರ್ಮಿಸಲು
building;Noun;A1;ಕಟ್ಟಡ
bullet;Noun;B2;ಬುಲೆಟ್
bunch;Noun;B2;ಗುಂಪನ್ನು
burn;Verb Noun;A2, B2;ಬರ್ನ್
bury;Verb;B1;ಹೂತು
bus;Noun;A1;ಬಸ್
bush;Noun;B2;ಪೊದೆ
business;Noun;A1;ವ್ಯಾಪಾರ
businessman;Noun;A2;ವ್ಯಾಪಾರಿ
busy;Adjective;A1;ನಿರತ
but;conj. prep;A1, B2;ಆದರೆ
butter;Noun;A1;ಬೆಣ್ಣೆಯ
button;Noun;A2;ಬಟನ್
buy;Verb;A1;ಖರೀದಿ
by;prep. Adverb;A1, B1;ಮೂಲಕ
bye;exclam;A1;ಬೈ
cable;Noun;B2;ಕೇಬಲ್
cafe;Noun;A1;ಕೆಫೆ
cake;Noun;A1;ಕೇಕ್
calculate;Verb;B2;ಲೆಕ್ಕಾಚಾರ
call;Verb Noun;A1;ಕಾಲ್
calm;Adjective Verb Noun;B1;ಶಾಂತ
camera;Noun;A1;ಕ್ಯಾಮೆರಾ
camp;Noun Verb;A2;ಶಿಬಿರದಲ್ಲಿ
campaign;Noun Verb;B1;ಪ್ರಚಾರ
camping;Noun;A2;ಕ್ಯಾಂಪಿಂಗ್
campus;Noun;B1;ಕ್ಯಾಂಪಸ್
can1;modal Verb;A1;can1
can2;Noun;A2;can2
cancel;Verb;B2;ರದ್ದುಗೊಳಿಸಲು
cancer;Noun;B2;ಕ್ಯಾನ್ಸರ್
candidate;Noun;B1;ಅಭ್ಯರ್ಥಿಯ
cannot;Verb;A1;ಸಾಧ್ಯವಾಗದ
cap;Noun;B1;ಕ್ಯಾಪ್
capable;Adjective;B2;ಸಾಮರ್ಥ್ಯ
capacity;Noun;B2;ಸಾಮರ್ಥ್ಯ
capital;Noun Adjective;A1;ಬಂಡವಾಳ
captain;Noun;B1;ನಾಯಕ
capture;Verb Noun;B2;ಕ್ಯಾಪ್ಚರ್
car;Noun;A1;ಕಾರು
card;Noun;A1;ಕಾರ್ಡ್
care;Noun Verb;A2;ರಕ್ಷಣೆ
career;Noun;A1;ವೃತ್ತಿ
careful;Adjective;A2;ಎಚ್ಚರಿಕೆಯಿಂದ
carefully;Adverb;A2;ಎಚ್ಚರಿಕೆಯಿಂದ
careless;Adjective;B1;ಅಸಡ್ಡೆ
carpet;Noun;A2;ಕಾರ್ಪೆಟ್
carrot;Noun;A1;ಕ್ಯಾರೆಟ್
carry;Verb;A1;ಕ್ಯಾರಿ
cartoon;Noun;A2;ಕಾರ್ಟೂನ್
case;Noun;A2;ಸಂದರ್ಭದಲ್ಲಿ
cash;Noun;A2;ನಗದು
cast;Noun Verb;B2;ಎರಕಹೊಯ್ದ
castle;Noun;A2;ಕೋಟೆಯ
cat;Noun;A1;ಬೆಕ್ಕು
catch;Verb Noun;A2, B2;ಕ್ಯಾಚ್
category;Noun;B1;ವರ್ಗದಲ್ಲಿ
cause;Noun Verb;A2;ಕಾರಣ
CD;Noun;A1;ಸಿಡಿ
ceiling;Noun;B1;ಸೀಲಿಂಗ್
celebrate;Verb;A2;ಆಚರಿಸಲು
celebration;Noun;B1;ಆಚರಣೆ
celebrity;Noun;A2;ಪ್ರಸಿದ್ಧ
cell;Noun;B2;ಸೆಲ್
cent;Noun;A1;ಶೇ
central;Adjective;B1;ಕೇಂದ್ರ
centre;Noun Verb;A1, B1;ಸೆಂಟರ್
century;Noun;A1;ಶತಮಾನದ
ceremony;Noun;B1;ಕಾರ್ಯಕ್ರಮ
certain;Adjective;A2;ಕೆಲವು
certainly;Adverb;A2;ಖಂಡಿತವಾಗಿಯೂ
chain;Noun Verb;B1, B2;ಸರಣಿ
chair;Noun Verb;A1, B2;ಕುರ್ಚಿಯಲ್ಲಿ
chairman;Noun;B2;ಅಧ್ಯಕ್ಷ
challenge;Noun Verb;B1, B2;ಸವಾಲು
champion;Noun;B1;ಚಾಂಪಿಯನ್
chance;Noun;A2;ಅವಕಾಶ
change;Verb Noun;A1;ಬದಲಾವಣೆ
channel;Noun;B1;ಚಾನಲ್
chapter;Noun;B1;ಅಧ್ಯಾಯ
character;Noun;A2;ಪಾತ್ರ
characteristic;Noun Adjective;B2;ವಿಶಿಷ್ಟ
charge;Noun Verb;B1;ಶುಲ್ಕ
charity;Noun;A2;ಚಾರಿಟಿ
chart;Noun Verb;A1, B2;ಚಾರ್ಟ್
chat;Verb Noun;A2;ಚಾಟ್
cheap;Adjective , Adverb;A1, B1;ಅಗ್ಗ
cheat;Verb Noun;B1;ಮೋಸ
check;Verb Noun;A1, A2;ಪರಿಶೀಲಿಸಿ
chef;Noun;A2;ಬಾಣಸಿಗ
cheerful;Adjective;B1;ಹರ್ಷಚಿತ್ತದಿಂದ
cheese;Noun;A1;ಗಿಣ್ಣು
chemical;Adjective, Noun;B1;ರಾಸಾಯನಿಕ
chemistry;Noun;A2;ರಸಾಯನಶಾಸ್ತ್ರ
chest;Noun;B1;ಎದೆಯ
chicken;Noun;A1;ಕೋಳಿ
chief;Adjective, Noun;B2;ಮುಖ್ಯ
child;Noun;A1;ಮಗು
childhood;Noun;B1;ಬಾಲ್ಯದ
chip;Noun;A2;ಚಿಪ್
chocolate;Noun;A1;ಚಾಕೊಲೇಟ್
choice;Noun;A2;ಆಯ್ಕೆಯ
choose;Verb;A1;ಆಯ್ಕೆ
church;Noun;A2;ಚರ್ಚ್
cigarette;Noun;A2;ಸಿಗರೇಟ್
cinema;Noun;A1;ಸಿನಿಮಾ
circle;Noun Verb;A2;ವೃತ್ತದ
circumstance;Noun;B2;ಪರಿಸ್ಥಿತಿಯ
cite;Verb;B2;ಉಲ್ಲೇಖ
citizen;Noun;B2;ನಾಗರಿಕ
city;Noun;A1;ನಗರದ
civil;Adjective;B2;ನಾಗರಿಕ
claim;Verb Noun;B1;ಹಕ್ಕು
class;Noun;A1;ವರ್ಗ
classic;Adjective, Noun;B2;ಶಾಸ್ತ್ರೀಯ
classical;Adjective;A2;ಶಾಸ್ತ್ರೀಯ
classroom;Noun;A1;ತರಗತಿಯ
clause;Noun;B1;ಷರತ್ತು
clean;Adjective, Verb;A1;ಕ್ಲೀನ್
clear;Adjective, Verb;A2, B1;ಸ್ಪಷ್ಟ
clearly;Adverb;A2;ಸ್ಪಷ್ಟವಾಗಿ
clever;Adjective;A2;ಚತುರ
click;Verb Noun;B1;ಕ್ಲಿಕ್
client;Noun;B1;ಕ್ಲೈಂಟ್
climate;Noun;A2;ಹವಾಗುಣ
climb;Verb Noun;A1, B1;ಹತ್ತಿ
clock;Noun;A1;ಗಡಿಯಾರ
close1;Verb Noun;A1, B2;close1
close2;Adjective , Adverb;A2, B1;close2
closed;Adjective;A2;ಮುಚ್ಚಿದ
closely;Adverb;B2;ನಿಕಟವಾಗಿ
cloth;Noun;B1;ಬಟ್ಟೆ
clothes;Noun;A1;ಬಟ್ಟೆ
clothing;Noun;A2;ಉಡುಪು
cloud;Noun;A2;ಮೋಡದ
club;Noun;A1;ಕ್ಲಬ್
clue;Noun;B1;ಸುಳಿವು
coach;Noun Verb;A2, B1;ತರಬೇತುದಾರ
coal;Noun;B1;ಕಲ್ಲಿದ್ದಲು
coast;Noun;A2;ಕರಾವಳಿ
coat;Noun;A1;ಕೋಟ್
code;Noun;A2;ಕೋಡ್
coffee;Noun;A1;ಕಾಫಿ
coin;Noun;B1;ನಾಣ್ಯ
cold;Adjective Noun;A1;ಶೀತ
collapse;Verb Noun;B2;ಕುಸಿತದ
colleague;Noun;A2;ಸಹೋದ್ಯೋಗಿ
collect;Verb;A2;ಸಂಗ್ರಹಿಸುತ್ತಾರೆ
collection;Noun;B1;ಸಂಗ್ರಹ
college;Noun;A1;ಕಾಲೇಜು
colour;Noun;A1;ಬಣ್ಣದ
coloured;Adjective;B1;ಬಣ್ಣದ
column;Noun;A2;ಕಾಲಮ್
combination;Noun;B2;ಸಂಯೋಜನೆಯನ್ನು
combine;Verb;B1;ಒಗ್ಗೂಡಿ
come;Verb;A1;ಬಂದು
comedy;Noun;A2;ಹಾಸ್ಯ
comfort;Noun Verb;B2;ಆರಾಮ
comfortable;Adjective;A2;ಆರಾಮದಾಯಕ
command;Noun Verb;B2;ಆಜ್ಞೆಯನ್ನು
comment;Noun Verb;A2, B1;ಕಾಮೆಂಟ್
commercial;Adjective Noun;B1;ವಾಣಿಜ್ಯ
commission;Noun Verb;B2;ಆಯೋಗದ
commit;Verb;B1;ಬದ್ಧತೆ
commitment;Noun;B2;ಬದ್ಧತೆಯ
committee;Noun;B2;ಸಮಿತಿಯ
common;Adjective Noun;A1;ಸಾಮಾನ್ಯ
commonly;Adverb;B2;ಸಾಮಾನ್ಯವಾಗಿ
communicate;Verb;A2;ಸಂವಹನ
communication;Noun;B1;ಸಂವಹನದ
community;Noun;A2;ಸಮುದಾಯ
company;Noun;A1;ಕಂಪನಿ
compare;Verb;A1;ಹೋಲಿಸಿ
comparison;Noun;B1;ಹೋಲಿಕೆ
compete;Verb;A2;ಸ್ಪರ್ಧಿಸುತ್ತಾರೆ
competition;Noun;A2;ಸ್ಪರ್ಧೆಯಲ್ಲಿ
competitor;Noun;B1;ಪ್ರತಿಸ್ಪರ್ಧಿ
competitive;Adjective;B1;ಸ್ಪರ್ಧಾತ್ಮಕ
complain;Verb;A2;ದೂರು
complaint;Noun;B1;ದೂರು
complete;Adjective Verb;A1;ಸಂಪೂರ್ಣ
completely;Adverb;A2;ಸಂಪೂರ್ಣವಾಗಿ
complex;Adjective, Noun;B1, B2;ಸಂಕೀರ್ಣ
complicated;Adjective;B2;ಜಟಿಲವಾಗಿದೆ
component;Noun;B2;ಘಟಕ
computer;Noun;A1;ಕಂಪ್ಯೂಟರ್
concentrate;Verb;B1;ಸಾರೀಕೃತ
concentration;Noun;B2;ಏಕಾಗ್ರತೆ
concept;Noun;B2;ಪರಿಕಲ್ಪನೆ
concern;Noun Verb;B2;ಕಾಳಜಿ
concerned;Adjective;B2;ಸಂಬಂಧಪಟ್ಟ
concert;Noun;A1;ಸಂಗೀತ
conclude;Verb;B1;ತೀರ್ಮಾನಿಸಲು
conclusion;Noun;B1;ತೀರ್ಮಾನಕ್ಕೆ
condition;Noun;A2;ಸ್ಥಿತಿ
conduct;Verb Noun;B2;ನೀತಿ
conference;Noun;A2;ಕಾನ್ಫರೆನ್ಸ್
confidence;Noun;B2;ವಿಶ್ವಾಸ
confident;Adjective;B1;ಆತ್ಮವಿಶ್ವಾಸ
confirm;Verb;B1;ಖಚಿತಪಡಿಸಿ
conflict;Noun Verb;B2;ಸಂಘರ್ಷದ
confuse;Verb;B1;ಗೊಂದಲ
confused;Adjective;B1;ಗೊಂದಲ
confusing;Adjective;B2;ಗೊಂದಲ
connect;Verb;A2;ಸಂಪರ್ಕ
connected;Adjective;A2;ಸಂಪರ್ಕ
connection;Noun;B1;ಸಂಪರ್ಕ
conscious;Adjective;B2;ಜಾಗೃತ
consequence;Noun;B1;ಪರಿಣಾಮವಾಗಿ
conservative;Adjective, Noun;B2;ಸಂಪ್ರದಾಯವಾದಿ
consider;Verb;A2;ಪರಿಗಣಿಸಲು
consideration;Noun;B2;ಪರಿಗಣಿಸಿ
consist;Verb;B1;ಒಳಗೊಂಡಿರುತ್ತವೆ
consistent;Adjective;B2;ಸ್ಥಿರ
constant;Adjective;B2;ನಿರಂತರ
constantly;Adverb;B2;ನಿರಂತರವಾಗಿ
construct;Verb;B2;ರಚನೆ
construction;Noun;B2;ನಿರ್ಮಾಣ
consume;Verb;B1;ಸೇವಿಸುತ್ತವೆ
consumer;Noun;B1;ಗ್ರಾಹಕ
contact;Noun Verb;B1;ಸಂಪರ್ಕ
contain;Verb;A2;ಹೊಂದಿರುತ್ತವೆ
container;Noun;B1;ಧಾರಕ
contemporary;Adjective;B2;ಸಮಕಾಲೀನ
content;Noun;B1;ವಿಷಯ
contest;Noun Verb;B2;ಸ್ಪರ್ಧೆಯಲ್ಲಿ
context;Noun;A2;ಸಂದರ್ಭವನ್ನು
continent;Noun;A2;ಖಂಡದ
continue;Verb;A2;ಮುಂದುವರಿಸಲು
continuous;Adjective;B1;ನಿರಂತರ
contract;Noun Verb;B2;ಒಪ್ಪಂದದ
contrast;Noun Verb;B1;ಇದಕ್ಕೆ
contribute;Verb;B2;ಕೊಡುಗೆ
contribution;Noun;B2;ಕೊಡುಗೆ
control;Noun Verb;A2;ನಿಯಂತ್ರಣ
convenient;Adjective;B1;ಅನುಕೂಲಕರ
conversation;Noun;A1;ಸಂಭಾಷಣೆ
convert;Verb;B2;ಮತಾಂತರದ
convince;Verb;B1;ಮನವರಿಕೆ
convinced;Adjective;B2;ಮನವರಿಕೆ
cook;Verb Noun;A1, A2;ಅಡುಗೆ
cooker;Noun;A2;ಕುಕ್ಕರ್
cooking;Noun;A1;ಅಡುಗೆ
cool;Adjective, Verb;A1, B1;ತಂಪು
copy;Noun Verb;A2;ಪ್ರತಿಯನ್ನು
core;Noun Adjective;B2;ಮೂಲ
corner;Noun;A2;ಮೂಲೆಯಲ್ಲಿ
corporate;Adjective;B2;ಕಾರ್ಪೊರೇಟ್
correct;Adjective Verb;A1;ಸರಿಯಾದ
correctly;Adverb;A2;ಸರಿಯಾಗಿ
cost;Noun Verb;A1;ವೆಚ್ಚ
costume;Noun;B1;ವಸ್ತ್ರ
cottage;Noun;B1;ಕಾಟೇಜ್
cotton;Noun;B1;ಹತ್ತಿ
could;Verb;A1;ಸಾಧ್ಯವೋ
council;Noun;B2;ಕೌನ್ಸಿಲ್
count;Verb Noun;A2, B1;ಎಣಿಕೆ
country;Noun;A1;ದೇಶದ
countryside;Noun;B1;ಗ್ರಾಮಾಂತರ
county;Noun;B2;ಕ
couple;Noun;A2;ಒಂದೆರಡು
courage;Noun;B2;ಧೈರ್ಯ
course;Noun;A1;ಸಹಜವಾಗಿ
court;Noun;B1;ನ್ಯಾಯಾಲಯದ
cousin;Noun;A1;ಸೋದರಸಂಬಂಧಿ
cover;Verb Noun;A2, B1;ಕವರ್
covered;Adjective;B1;ಒಳಗೊಂಡಿದೆ
cow;Noun;A1;ಹಸುವಿನ
crash;Noun Verb;B2;ಕ್ರ್ಯಾಶ್
crazy;Adjective;A2;ಕ್ರೇಜಿ
cream;Noun Adjective;A1, B1;ಕ್ರೀಮ್
create;Verb;A1;ರಚಿಸಲು
creation;Noun;B2;ಸೃಷ್ಟಿ
creative;Adjective;A2;ಸೃಜನಶೀಲ
creature;Noun;B2;ಜೀವಿ
credit;Noun Verb;A2, B2;ಕ್ರೆಡಿಟ್
crew;Noun;B2;ಸಿಬ್ಬಂದಿ
crime;Noun;A2;ಅಪರಾಧದ
criminal;Noun Adjective;A2, B1;ಕ್ರಿಮಿನಲ್
crisis;Noun;B2;ಬಿಕ್ಕಟ್ಟಿನ
criterion;Noun;B2;ಮಾನದಂಡವಾಗಿ
critic;Noun;B2;ವಿಮರ್ಶಕ
critical;Adjective;B2;ನಿರ್ಣಾಯಕ
criticism;Noun;B2;ಟೀಕೆ
criticize;Verb;B2;ವಿಮರ್ಶೆ
crop;Noun;B2;ಬೆಳೆ
cross;Verb Noun;A2;ಅಡ್ಡ
crowd;Noun;A2;ಗುಂಪು
crowded;Adjective;A2;ಸಮೂಹದಿಂದ
crucial;Adjective;B2;ನಿರ್ಣಾಯಕ
cruel;Adjective;B1;ಕ್ರೂರ
cry;Verb Noun;A2, B2;ಕೂಗು
cultural;Adjective;B1;ಸಾಂಸ್ಕೃತಿಕ
culture;Noun;A1;ಸಂಸ್ಕೃತಿ
cup;Noun;A1;ಕಪ್
cupboard;Noun;A2;ಬೀರು
cure;Verb Noun;B2;ಚಿಕಿತ್ಸೆ
curly;Adjective;A2;ಗುಂಗುರು
currency;Noun;B1;ಕರೆನ್ಸಿ
current;Adjective, Noun;B1, B2;ಪ್ರಸ್ತುತ
currently;Adverb;B1;ಪ್ರಸ್ತುತ
curtain;Noun;B1;ಪರದೆ
curve;Noun Verb;B2;ಕರ್ವ್
curved;Adjective;B2;ವಕ್ರ
custom;Noun;B1;ಕಸ್ಟಮ್
customer;Noun;A1;ಗ್ರಾಹಕ
cut;Verb , Noun;A1, B1;ಕಟ್
cycle;Noun Verb;A2, B1;ಸೈಕಲ್
dad;Noun;A1;ತಂದೆ
daily;Adjective, Adverb;A2, B1;ದೈನಂದಿನ
damage;Noun Verb;B1;ಹಾನಿ
dance;Noun Verb;A1;ನೃತ್ಯ
dancer;Noun;A1;ನರ್ತಕಿ
dancing;Noun;A1;ನೃತ್ಯ
danger;Noun;A2;ಅಪಾಯದ
dangerous;Adjective;A1;ಅಪಾಯಕಾರಿ
dark;Adjective, Noun;A1, A2;ಡಾರ್ಕ್
data;Noun;A2;ಡೇಟಾ
date;Noun Verb;A1, B2;ದಿನಾಂಕ
daughter;Noun;A1;ಮಗಳು
day;Noun;A1;ದಿನ
dead;Adjective;A2;ಸತ್ತ
deal;Verb Noun;A2, B1;ಒಪ್ಪಂದ
dear;Adjective, exclam;A1, A2;ಪ್ರೀತಿಯ
death;Noun;A2;ಸಾವಿನ
debate;Noun Verb;B2;ಚರ್ಚೆ
debt;Noun;B2;ಸಾಲ
decade;Noun;B1;ದಶಕದ
December;Noun;A1;ಡಿಸೆಂಬರ್
decent;Adjective;B2;ಸಭ್ಯ
decide;Verb;A1;ನಿರ್ಧರಿಸಲು
decision;Noun;A2;ನಿರ್ಧಾರವನ್ನು
declare;Verb;B2;ಘೋಷಿಸಲು
decline;Verb Noun;B2;ಅವನತಿ
decorate;Verb;B1;ಅಲಂಕರಿಸಲು
decoration;Noun;B2;ಅಲಂಕಾರ
decrease;Verb Noun;B2;ಇಳಿಕೆ
deep;Adjective, Adverb;A2, B1;ಆಳವಾದ
deeply;Adverb;B2;ಆಳವಾಗಿ
defeat;Verb Noun;B2;ಸೋಲಿನ
defence;Noun;B2;ರಕ್ಷಣಾ
defend;Verb;B2;ರಕ್ಷಿಸಲು
define;Verb;B1;ವ್ಯಾಖ್ಯಾನಿಸಲು
definite;Adjective;B1;ನಿರ್ದಿಷ್ಟ
definitely;Adverb;A2;ಖಂಡಿತವಾಗಿ
definition;Noun;B1;ವ್ಯಾಖ್ಯಾನ
degree;Noun;A2;ಪದವಿಯನ್ನು
delay;Verb Noun;B2;ವಿಳಂಬ
deliberate;Adjective;B2;ಉದ್ದೇಶಪೂರ್ವಕವಾಗಿ
deliberately;Adverb;B2;ಉದ್ದೇಶಪೂರ್ವಕವಾಗಿ
delicious;Adjective;A1;ರುಚಿಕರವಾದ
delight;Verb Noun;B2;ಪರಮಾನಂದ
delighted;Adjective;B2;ಬಿಂಬಿಸಿದ್ದು
deliver;Verb;B1;ತಲುಪಿಸಲು
delivery;Noun;B2;ವಿತರಣಾ
demand;Noun Verb;B2;ಬೇಡಿಕೆ
demonstrate;Verb;B2;ಪ್ರದರ್ಶಿಸಲು
dentist;Noun;A2;ದಂತವೈದ್ಯ
deny;Verb;B2;ನಿರಾಕರಿಸಲು
department;Noun;A2;ಇಲಾಖೆ
departure;Noun;B1;ನಿರ್ಗಮನದ
depend;Verb;A2;ಅವಲಂಬಿಸಿರುತ್ತದೆ
depressed;Adjective;B2;ಖಿನ್ನತೆಯನ್ನು
depressing;Adjective;B2;ಒತ್ತುವುದರ
depth;Noun;B2;ಆಳ
describe;Verb;A1;ವಿವರಿಸಲು
description;Noun;A1;ವಿವರಣೆ
desert;Noun Verb;A2, B2;ಮರುಭೂಮಿ
deserve;Verb;B2;ಅನಗತ್ಯವಾಗಿ
design;Noun Verb;A1;ವಿನ್ಯಾಸ
designer;Noun;A2;ಡಿಸೈನರ್
desire;Noun Verb;B2;ಬಯಕೆ
desk;Noun;A1;ಮೇಜಿನ
desperate;Adjective;B2;ಹತಾಶ
despite;prep;B1;ಹೊರತಾಗಿಯೂ
destination;Noun;B1;ತಲುಪುವ ದಾರಿ
destroy;Verb;A2;ನಾಶ
detail;Noun Verb;A1, B2;ವಿವರ
detailed;Adjective;B2;ವಿವರವಾದ
detect;Verb;B2;ಪತ್ತೆ
detective;Noun;A2;ಪತ್ತೇದಾರಿ
determine;Verb;B1;ನಿರ್ಧರಿಸಲು
determined;Adjective;B1;ನಿರ್ಧರಿಸಲಾಗುತ್ತದೆ
develop;Verb;A2;ಅಭಿವೃದ್ಧಿ
development;Noun;B1;ಅಭಿವೃದ್ಧಿ
device;Noun;A2;ಸಾಧನ
diagram;Noun;B1;ಚಿತ್ರದಲ್ಲಿ
dialogue;Noun;A1;ಸಂಭಾಷಣೆ
diamond;Noun;B1;ವಜ್ರದ
diary;Noun;A2;ಡೈರಿ
dictionary;Noun;A1;ನಿಘಂಟು
die;Verb;A1;ಸಾಯುವ
diet;Noun;A1;ಆಹಾರ
difference;Noun;A1;ವ್ಯತ್ಯಾಸ
different;Adjective;A1;ವಿವಿಧ
differently;Adverb;A2;ವಿಭಿನ್ನವಾಗಿ
difficult;Adjective;A1;ಕಷ್ಟ
difficulty;Noun;B1;ತೊಂದರೆ
dig;Verb;B2;ಉತ್ಖನನದಿಂದ
digital;Adjective;A2;ಡಿಜಿಟಲ್
dinner;Noun;A1;ಊಟ
direct;Adjective, Verb Adverb;A2, B1;ನೇರ
direction;Noun;A2;ದಿಕ್ಕಿನಲ್ಲಿ
directly;Adverb;B1;ನೇರವಾಗಿ
director;Noun;A2;ನಿರ್ದೇಶಕ
dirt;Noun;B1;ಮಣ್ಣು
dirty;Adjective;A1;ಕೊಳಕು
Dis Adverbantage;Noun;B1;ಡಿಸ್ Adverbantage
disagree;Verb;A2;ಒಪ್ಪುವುದಿಲ್ಲ
disappear;Verb;A2;ಕಣ್ಮರೆಯಾಗಿ
disappointed;Adjective;B1;ನಿರಾಶೆ
disappointing;Adjective;B1;ನಿರಾಸೆಯಾದರೆ
disaster;Noun;A2;ದುರಂತದ
disc;Noun;B2;ಡಿಸ್ಕ್
discipline;Noun;B2;ಶಿಸ್ತು
discount;Noun Verb;B1, B2;ರಿಯಾಯಿತಿ
discover;Verb;A2;ಸಂಶೋಧಕ
discovery;Noun;A2;ಆವಿಷ್ಕಾರ
discuss;Verb;A1;ಚರ್ಚಿಸಲು
discussion;Noun;A2;ಚರ್ಚೆಯ
disease;Noun;A2;ರೋಗ
dish;Noun;A1;ಖಾದ್ಯ
dishonest;Adjective;B2;ಅಪ್ರಾಮಾಣಿಕ
dislike;Verb Noun;B1;ಅಸಮ್ಮತಿಯನ್ನು
dismiss;Verb;B2;ವಜಾಗೊಳಿಸಿ
display;Verb Noun;B2;ಪ್ರದರ್ಶನ
distance;Noun;A2;ದೂರ
distribute;Verb;B2;ವಿತರಿಸಲು
distribution;Noun;B2;ವಿತರಣೆ
district;Noun;B2;ಜಿಲ್ಲೆಯ
divide;Verb Noun;B1, B2;ವಿಭಜನೆಯನ್ನು
division;Noun;B2;ವಿಭಾಗ
divorced;Adjective;A2;ವಿಚ್ಛೇದನ
do;Verb auxiliary verb;A1;ಹಾಗೆ
doctor;Noun;A1;ವೈದ್ಯರು
document;Noun Verb;A2, B2;ಡಾಕ್ಯುಮೆಂಟ್
documentary;Noun;B1;ಸಾಕ್ಷ್ಯಚಿತ್ರ
dog;Noun;A1;ನಾಯಿ
dollar;Noun;A1;ಡಾಲರ್
domestic;Adjective;B2;ಗೃಹಬಳಕೆಯ
dominate;Verb;B2;ಡಾಮಿನೇಟ್
donate;Verb;B1;ದಾನ
door;Noun;A1;ಬಾಗಿಲು
double;Adjective det. proNoun Verb , Adverb;A2, B1;ಡಬಲ್
doubt;Noun Verb;B1;ಅನುಮಾನ
down;Adverb Prep;A1;ಕೆಳಗೆ
download;Verb Noun;A2;ಡೌನ್ಲೋಡ್
downstairs;Adverb , Adjective;A1, A2;ಕೆಳಗಡೆ
downwards;Adverb;B2;ಕೆಳಮುಖವಾಗಿ
dozen;Noun det;B2;ಡಜನ್
draft;Noun Verb;B2;ಕರಡು
drag;Verb;B2;ಡ್ರ್ಯಾಗ್
drama;Noun;A2;ನಾಟಕ
dramatic;Adjective;B2;ನಾಟಕೀಯ
draw;Verb;A1;ಸೆಳೆಯಲು
drawing;Noun;A2;ಚಿತ್ರ
dream;Noun Verb;A2;ಕನಸು
dress;Noun Verb;A1;ಉಡುಗೆ
dressed;Adjective;B1;ಧರಿಸುತ್ತಾರೆ
drink;Noun Verb;A1;ಪಾನೀಯ
drive;Verb Noun;A1, A2;ಡ್ರೈವ್
driver;Noun;A1;ಚಾಲಕ
driving;Noun;A2;ಚಾಲನೆ
drop;Verb Noun;A2, B1;ಡ್ರಾಪ್
drug;Noun;A2;ಔಷಧ
drum;Noun;B1;ಡ್ರಮ್
drunk;Adjective;B1;ಕುಡಿದು
dry;Adjective, Verb;A2;ಒಣ
due;Adjective;B1;ಕಾರಣ
during;prep;A1;ಸಮಯದಲ್ಲಿ
dust;Noun;B1;ಧೂಳಿನ
duty;Noun;B1;ಕರ್ತವ್ಯ
DVD;Noun;A1;ಡಿವಿಡಿ
each;det./proNoun/Adverb;A1;ಪ್ರತಿಯೊಂದು
ear;Noun;A1;ಕಿವಿ
early;Adjective Adverb;A1;ಬೇಗ
earn;Verb;A2;ಗಳಿಸುವ
earth;Noun;A2;ಭೂಮಿಯ
earthquake;Noun;B1;ಭೂಕಂಪದ
easily;Adverb;A2;ಸುಲಭವಾಗಿ
east;Noun Adjective Adverb;A1;ಪೂರ್ವ
eastern;Adjective;B1;ಪೂರ್ವ
easy;Adjective;A1;ಸುಲಭ
eat;Verb;A1;ತಿನ್ನಲು
economic;Adjective;B1;ಆರ್ಥಿಕ
economy;Noun;B1;ಆರ್ಥಿಕ
edge;Noun;B1;ಅಂಚಿನ
edit;Verb;B2;ತಿದ್ದು
edition;Noun;B2;ಆವೃತ್ತಿಯ
editor;Noun;B1;ಸಂಪಾದಕ
educate;Verb;B1;ಶಿಕ್ಷಣ
educated;Adjective;B1;ಶಿಕ್ಷಣ
education;Noun;A2;ಶಿಕ್ಷಣ
educational;Adjective;B1;ಶೈಕ್ಷಣಿಕ
effect;Noun;A2;ಪರಿಣಾಮ
effective;Adjective;B1;ಪರಿಣಾಮಕಾರಿ
effectively;Adverb;B1;ಪರಿಣಾಮಕಾರಿಯಾಗಿ
efficient;Adjective;B2;ದಕ್ಷ
effort;Noun;B1;ಪ್ರಯತ್ನ
egg;Noun;A1;ಮೊಟ್ಟೆಯ
eight;number;A1;ಎಂಟು
eighteen;number;A1;ಹದಿನೆಂಟು
eighty;number;A1;ಎಂಭತ್ತು
either;det./proNoun Adverb;A2;ಎರಡೂ
elderly;Adjective;B2;ಹಿರಿಯರು
elect;Verb;B2;ಚುನಾಯಿತ
election;Noun;B1;ಚುನಾವಣೆಯಲ್ಲಿ
electric;Adjective;A2;ವಿದ್ಯುತ್
electrical;Adjective;A2;ವಿದ್ಯುತ್
electricity;Noun;A2;ವಿದ್ಯುತ್
electronic;Adjective;A2;ವಿದ್ಯುನ್ಮಾನ
element;Noun;B1;ಅಂಶ
elephant;Noun;A1;ಆನೆಯ
eleven;number;A1;ಹನ್ನೊಂದು
else;Adverb;A1;ಬೇರೆ
elsewhere;Adverb;B2;ಇತರೆಡೆ
email;Noun Verb;A1;ಇಮೇಲ್
embarrassed;Adjective;B1;ನಾಚಿಕೆಯಾಗುತ್ತದೆ
embarrassing;Adjective;B1;ಮುಜುಗರದ
emerge;Verb;B2;ಹೊರಹೊಮ್ಮಲು
emergency;Noun;B1;ತುರ್ತು
emotion;Noun;B1;ಭಾವನೆಯ
emotional;Adjective;B2;ಭಾವನಾತ್ಮಕ
emphasis;Noun;B2;ಒತ್ತು
emphasize;Verb;B2;ಒತ್ತು
employ;Verb;A2;ಉದ್ಯೋಗಿಗಳು
employee;Noun;A2;ನೌಕರ
employer;Noun;A2;ಉದ್ಯೋಗದಾತ
employment;Noun;B1;ಉದ್ಯೋಗ
empty;Adjective, Verb;A2, B1;ಖಾಲಿ
enable;Verb;B2;ಸಕ್ರಿಯ
encounter;Verb Noun;B2;ಎನ್ಕೌಂಟರ್
encourage;Verb;B1;ಪ್ರೋತ್ಸಾಹಿಸಲು
end;Noun Verb;A1;ಕೊನೆಯಲ್ಲಿ
ending;Noun;A2;ಕೊನೆಗೊಳ್ಳುವ
enemy;Noun;B1;ಶತ್ರು
energy;Noun;A2;ಶಕ್ತಿ
engage;Verb;B2;ತೊಡಗಿಸಿಕೊಳ್ಳಲು
engaged;Adjective;B1;ನಿಶ್ಚಿತಾರ್ಥ
engine;Noun;A2;ಎಂಜಿನ್
engineer;Noun;A2;ಎಂಜಿನಿಯರ್
engineering;Noun;B1;ಎಂಜಿನಿಯರಿಂಗ್
enhance;Verb;B2;ಹೆಚ್ಚಿಸಲು
enjoy;Verb;A1;ಆನಂದಿಸಿ
enormous;Adjective;A2;ಅಗಾಧ
enough;det. proNoun Adverb;A1;ಸಾಕು
enquiry;Noun;B2;ವಿಚಾರಣೆ
ensure;Verb;B2;ಖಚಿತಪಡಿಸಿಕೊಳ್ಳಲು
enter;Verb;A2;ನಮೂದಿಸಿ
entertain;Verb;B1;ಮನರಂಜನೆ
entertainment;Noun;B1;ಮನರಂಜನೆ
enthusiasm;Noun;B2;ಉತ್ಸಾಹ
enthusiastic;Adjective;B2;ಉತ್ಸಾಹ
entire;Adjective;B2;ಇಡೀ
entirely;Adverb;B2;ಸಂಪೂರ್ಣವಾಗಿ
entrance;Noun;B1;ಪ್ರವೇಶ
entry;Noun;B1;ಪ್ರವೇಶ
environment;Noun;A2;ಪರಿಸರ
environmental;Adjective;B1;ಪರಿಸರ
episode;Noun;B1;ಕಂತು
equal;Adjective, Verb Noun;B1, B2;ಸಮಾನ
equally;Adverb;B1;ಅಷ್ಟೇ
equipment;Noun;A2;ಉಪಕರಣ
error;Noun;A2;ದೋಷ
escape;Verb Noun;B1;ತಪ್ಪಿಸಿಕೊಳ್ಳಲು
especially;Adverb;A2;ವಿಶೇಷವಾಗಿ
essay;Noun;A2;ಪ್ರಬಂಧ
essential;Adjective;B1;ಅಗತ್ಯ
establish;Verb;B2;ಸ್ಥಾಪಿಸಲು
estate;Noun;B2;ಎಸ್ಟೇಟ್
estimate;Verb Noun;B2;ಅಂದಾಜು
ethical;Adjective;B2;ನೈತಿಕ
euro;Noun;A1;ಯೂರೋ
evaluate;Verb;B2;ಮೌಲ್ಯಮಾಪನ
even;AdVerb Adjective;A1, B2;ಸಹ
evening;Noun;A1;ಸಂಜೆ
event;Noun;A1;ಈವೆಂಟ್
eventually;Adverb;B1;ಅಂತಿಮವಾಗಿ
ever;Adverb;A1;ಇದುವರೆಗೆ
every;det;A1;ಪ್ರತಿ
everybody;proNoun;A1;ಎಲ್ಲರೂ
everyday;Adjective;A2;ಪ್ರತಿ ದಿನ
everyone;proNoun;A1;ಎಲ್ಲರೂ
everything;proNoun;A1;ಎಲ್ಲವನ್ನೂ
everywhere;Adverb;A2;ಎಲ್ಲೆಡೆ
evidence;Noun;A2;ಸಾಕ್ಷಿ
evil;Adjective, Noun;B2;ದುಷ್ಟ
exact;Adjective;A2;ನಿಖರ
exactly;Adverb;A2;ನಿಖರವಾಗಿ
exam;Noun;A1;ಪರೀಕ್ಷೆಯಲ್ಲಿ
examination;Noun;B2;ಪರೀಕ್ಷೆ
examine;Verb;B1;ಪರೀಕ್ಷಿಸಲು
example;Noun;A1;ಉದಾಹರಣೆ
excellent;Adjective;A2;ಅತ್ಯುತ್ತಮ
except;prep, conj;A2, B1;ಹೊರತುಪಡಿಸಿ
exchange;Noun Verb;B1;ವಿನಿಮಯ
excited;Adjective;A1;ಹರ್ಷ
excitement;Noun;B1;ಉತ್ಸಾಹ
exciting;Adjective;A1;ಅತ್ಯಾಕರ್ಷಕ
excuse;Noun Verb;B2;ಕ್ಷಮಿಸಿ
executive;Noun Adjective;B2;ಕಾರ್ಯನಿರ್ವಾಹಕ
exercise;Noun Verb;A1;ವ್ಯಾಯಾಮ
exhibition;Noun;B1;ಪ್ರದರ್ಶನ
exist;Verb;A2;ಅಸ್ತಿತ್ವದಲ್ಲಿವೆ
existence;Noun;B2;ಅಸ್ತಿತ್ವದ
expand;Verb;B1;ವಿಸ್ತರಿಸಲು
expect;Verb;A2;ನಿರೀಕ್ಷಿಸಬಹುದು
expectation;Noun;B2;ನಿರೀಕ್ಷೆ
expected;Adjective;B1;ನಿರೀಕ್ಷಿಸಲಾಗಿದೆ
expedition;Noun;B1;ಆರೋಹಣದ
expense;Noun;B2;ವೆಚ್ಚದಲ್ಲಿ
expensive;Adjective;A1;ದುಬಾರಿ
experience;Noun Verb;A2, B1;ಅನುಭವ
experienced;Adjective;B1;ಅನುಭವಿ
experiment;Noun Verb;A2, B1;ಪ್ರಯೋಗದ
expert;Noun Adjective;A2;ತಜ್ಞ
explain;Verb;A1;ವಿವರಿಸಲು
explanation;Noun;A2;ವಿವರಣೆಯನ್ನು
explode;Verb;B1;ಸ್ಫೋಟಕ್ಕೆ
exploration;Noun;B2;ಪರಿಶೋಧನೆ
explore;Verb;B1;ಅನ್ವೇಷಿಸಲು
explosion;Noun;B1;ಸ್ಫೋಟ
export;Noun Verb;B1;ರಫ್ತು
expose;Verb;B2;ಒಡ್ಡಲು
express;Verb;A2;ಎಕ್ಸ್ಪ್ರೆಸ್
expression;Noun;A2;ಅಭಿವ್ಯಕ್ತಿ
extend;Verb;B2;ವಿಸ್ತರಿಸಲು
extent;Noun;B2;ಮಟ್ಟಿಗೆ
external;Adjective;B2;ಬಾಹ್ಯ
extra;Adjective, Noun Adverb;A1, B1;ಹೆಚ್ಚುವರಿ
extraordinary;Adjective;B2;ಅಸಾಮಾನ್ಯ
extreme;Adjective, Noun;A2, B2;ತೀವ್ರ
extremely;Adverb;A2;ಅತ್ಯಂತ
eye;Noun;A1;ಕಣ್ಣಿನ
face;Noun Verb;A1, B1;ಮುಖದ
facility;Noun;B2;ಸೌಲಭ್ಯ
fact;Noun;A1;ವಾಸ್ತವವಾಗಿ
factor;Noun;A2;ಫ್ಯಾಕ್ಟರ್
factory;Noun;A2;ಕಾರ್ಖಾನೆ
fail;Verb;A2;ಅನುತ್ತೀರ್ಣ
failure;Noun;B2;ವೈಫಲ್ಯ
fair;Adjective;A2;ನ್ಯಾಯೋಚಿತ
fairly;Adverb;B1;ತಕ್ಕಮಟ್ಟಿಗೆ
faith;Noun;B2;ನಂಬಿಕೆಯ
fall;Verb Noun;A1, A2;ಬೀಳುತ್ತವೆ
FALSE;Adjective;A1;ತಪ್ಪು
familiar;Adjective;B1;ಪರಿಚಿತ
family;Noun Adjective;A1;ಕುಟುಂಬದ
famous;Adjective;A1;ಖ್ಯಾತ
fan;Noun;A2;ಅಭಿಮಾನಿ
fancy;Verb Adjective;B1;ಅಲಂಕಾರಿಕ
fantastic;Adjective;A1;ಅದ್ಭುತ
far;Adverb , Adjective;A1, B1;ದೂರದ
farm;Noun Verb;A1, A2;ಕೃಷಿ
farmer;Noun;A1;ರೈತ
farming;Noun;A2;ಕೃಷಿ
fascinating;Adjective;B1;ಆಕರ್ಷಕ
fashion;Noun;A2;ಫ್ಯಾಷನ್
fashionable;Adjective;B1;ಫ್ಯಾಶನ್
fast;Adjective, Adverb;A1;ವೇಗದ
fasten;Verb;B1;ಅಂಟಿಸು
fat;Adjective, Noun;A1, A2;ಕೊಬ್ಬು
father;Noun;A1;ತಂದೆ
fault;Noun;B2;ತಪ್ಪು
favour;Noun Verb;B1, B2;ಪರವಾಗಿ
favourite;Adjective, Noun;A1;ನೆಚ್ಚಿನ
fear;Noun Verb;A2, B1;ಭಯ
feather;Noun;B2;ಗರಿ
feature;Noun Verb;A2, B1;ವೈಶಿಷ್ಟ್ಯವನ್ನು
February;Noun;A1;ಫೆಬ್ರವರಿ
fee;Noun;B2;ಶುಲ್ಕ
feed;Verb Noun;A2, B2;ಫೀಡ್
feedback;Noun;B2;ಪ್ರತಿಕ್ರಿಯೆ
feel;Verb Noun;A1, B2;ಅಭಿಪ್ರಾಯ
feeling;Noun;A1;ಭಾವನೆ
fellow;Adjective;B2;ಸಹ
female;Adjective, Noun;A2;ಸ್ತ್ರೀ
fence;Noun;B1;ಬೇಲಿ
festival;Noun;A1;ಹಬ್ಬ
few;det./Adjective, proNoun;A1;ಕೆಲವು
fiction;Noun;A2;ವಿಜ್ಞಾನ
field;Noun;A2;ಕ್ಷೇತ್ರ
fifteen;number;A1;ಹದಿನೈದು
fifth;number;A1;ಐದನೇ
fifty;number;A1;ಐವತ್ತು
fight;Verb Noun;A2;ಹೋರಾಟದಲ್ಲಿ
fighting;Noun;B1;ಹೋರಾಟದ
figure;Noun Verb;A2, B2;ಫಿಗರ್
file;Noun Verb;B1, B2;ಕಡತ
fill;Verb;A1;ಫಿಲ್
film;Noun Verb;A1, A2;ಚಿತ್ರ
final;Adjective, Noun;A1, A2;ಅಂತಿಮ
finally;Adverb;A2;ಅಂತಿಮವಾಗಿ
finance;Noun Verb;B2;ಹಣಕಾಸು
financial;Adjective;B1;ಆರ್ಥಿಕ
find;Verb;A1;ಹೇಗೆ
finding;Noun;B2;ಶೋಧನೆಯಲ್ಲಿ
fine;Adjective;A1;ದಂಡ
finger;Noun;A2;ಬೆರಳನ್ನು
finish;Verb Noun;A1, A2;ಅಂತಿಮ
fire;Noun Verb;A1, B1;ಬೆಂಕಿ
firm;Noun;B2;ಸಂಸ್ಥೆಯ
first;det./number.AdVerb Noun;A1, A2;ಪ್ರಥಮ
firstly;Adverb;A2;ಮೊದಲನೆಯದಾಗಿ
fish;Noun Verb;A1, A2;ಮೀನಿನ
fishing;Noun;A2;ಮೀನುಗಾರಿಕೆ
fit;Verb Adjective;A2;ದೇಹರಚನೆ
fitness;Noun;B1;ಫಿಟ್ನೆಸ್
five;number;A1;ಐದು
fix;Verb Noun;A2, B2;ಫಿಕ್ಸ್
fixed;Adjective;B1;ಸ್ಥಿರ
flag;Noun;B1;ಧ್ವಜ
flame;Noun;B2;ಜ್ವಾಲೆಯ
flash;Noun Verb;B2;ಫ್ಲಾಶ್
flat;Noun Adjective;A1, A2;ಫ್ಲಾಟ್
flexible;Adjective;B2;ಹೊಂದಿಕೊಳ್ಳುವ
flight;Noun;A1;ಫ್ಲೈಟ್
float;Verb;B2;ಫ್ಲೋಟ್
flood;Noun Verb;B1;ಪ್ರವಾಹ
floor;Noun;A1;ನೆಲದ
flour;Noun;B1;ಹಿಟ್ಟು
flow;Verb Noun;B1;ಹರಿಯುವಂತೆ
flower;Noun;A1;ಹೂವಿನ
flu;Noun;A2;ಜ್ವರ
fly;Verb Noun;A1, A2;ಹಾರುವ
flying;Noun Adjective;A2;ಹಾರುವ
focus;Verb Noun;A2;ಗಮನ
fold;Verb Noun;B1, B2;ಪಟ್ಟು
folding;Adjective;B2;ಫೋಲ್ಡಿಂಗ್
folk;Noun Adjective;B1;ಜಾನಪದ
follow;Verb;A1;ಅನುಸರಿಸಿ
following;Adjective, Noun prep;A2, B1, B2;ಕೆಳಗಿನ
food;Noun;A1;ಆಹಾರ
foot;Noun;A1;ಪಾದ
football;Noun;A1;ಫುಟ್ಬಾಲ್
for;prep.;A1;ಫಾರ್
force;NounVerb;B1;ಬಲದ
foreign;Adjective;A2;ವಿದೇಶಿ
forest;Noun;A2;ಅರಣ್ಯ
forever;Adverb;B1;ಶಾಶ್ವತವಾಗಿ
forget;Verb;A1;ಮರೆಯಬೇಡಿ
forgive;Verb;B2;ಕ್ಷಮಿಸಲು
fork;Noun;A2;ಫೋರ್ಕ್
form;NounVerb;A1;ರೂಪ
formal;Adjective;A2;ಔಪಚಾರಿಕ
former;Adjective;B2;ಮಾಜಿ
fortunately;Adverb;A2;ಅದೃಷ್ಟವಶಾತ್
fortune;Noun;B2;ಅದೃಷ್ಟ
forty;number;A1;ನಲವತ್ತು
forward;AdVerb Adjective;A2, B2;ಮುಂದೆ
found;Verb;B2;ಕಂಡು
four;number;A1;ನಾಲ್ಕು
fourteen;number;A1;ಹದಿನಾಲ್ಕು
fourth;number;A1;ನಾಲ್ಕನೇ
frame;NounVerb;B1;ಫ್ರೇಮ್
free;Adjective, AdVerb Verb;A1,A2,B2;ಉಚಿತ
freedom;Noun;B2;ಸ್ವಾತಂತ್ರ್ಯ
freeze;Verb;B1;ಫ್ರೀಜ್
frequency;Noun;B2;ಆವರ್ತನ
frequently;Adverb;B1;ಆಗಾಗ್ಗೆ
fresh;Adjective;A2;ತಾಜಾ
Friday;Noun;A1;ಶುಕ್ರವಾರ
fridge;Noun;A2;ಫ್ರಿಜ್
friend;Noun;A1;ಸ್ನೇಹಿತ
friendly;Adjective;A1;ಸ್ನೇಹಿ
friendship;Noun;B1;ಸ್ನೇಹಕ್ಕಾಗಿ
frighten;Verb;B1;ಬೆದರಿಸಿ
frightened;Adjective;B1;ಘೋರ
frightening;Adjective;B1;ಭಯಾನಕ
frog;Noun;A2;ಕಪ್ಪೆ
from;prep;A1;ನಿಂದ
front;Noun Adjective;A1;ಮುಂದೆ
frozen;Adjective;B1;ಹೆಪ್ಪುಗಟ್ಟಿದ
fruit;Noun;A1;ಹಣ್ಣು
fry;Verb;B1;ಫ್ರೈ
fuel;Noun Verb;B1, B2;ಇಂಧನ
full;Adjective;A1;ಪೂರ್ಣ
fully;Adverb;B2;ಸಂಪೂರ್ಣ
fun;Noun Adjective;A1, A2;ಮೋಜಿನ
function;Noun Verb;B1, B2;ಕಾರ್ಯ
fund;Noun Verb;B2;ನಿಧಿ
fundamental;Adjective;B2;ಮೂಲಭೂತ
funding;Noun;B2;ಹಣಕಾಸಿನ
funny;Adjective;A1;ತಮಾಷೆಯ
fur;Noun;B1;ತುಪ್ಪಳ
furniture;Noun;A2;ಪೀಠೋಪಕರಣ
further;Adjective, Adverb;A2, B1;ಮತ್ತಷ್ಟು
furthermore;Adverb;B2;ಅಲ್ಲದೆ
future;Noun Adjective;A1, A2;ಭವಿಷ್ಯದ
gain;Verb Noun;B2;ಗಳಿಕೆ
gallery;Noun;A2;ಗ್ಯಾಲರಿ
game;Noun;A1;ಆಟದ
gang;Noun;B2;ಗ್ಯಾಂಗ್
gap;Noun;A2;ಅಂತರ
garage;Noun;B1;ಗ್ಯಾರೇಜ್
garden;Noun;A1;ತೋಟದ
gas;Noun;A2;ಅನಿಲ
gate;Noun;A2;ಗೇಟ್
gather;Verb;B1;ಸಂಗ್ರಹಿಸಲು
general;Adjective;A2;ಸಾಮಾನ್ಯ
generally;Adverb;B1;ಸಾಮಾನ್ಯವಾಗಿ
generate;Verb;B2;ಸೃಷ್ಟಿಸಲು
generation;Noun;B1;ಪೀಳಿಗೆಯ
generous;Adjective;B1;ಉದಾರ
genre;Noun;B2;ಪ್ರಕಾರದ
gentle;Adjective;B1;ಶಾಂತ
gentleman;Noun;B1;ಸಂಭಾವಿತ
geography;Noun;A1;ಭೌಗೋಳಿಕ
get;Verb;A1;ಪಡೆಯಿರಿ
ghost;Noun;B1;ಪ್ರೇತ
giant;Adjective, Noun;B1;ದೈತ್ಯ
gift;Noun;A2;ಉಡುಗೊರೆ
girl;Noun;A1;ಹುಡುಗಿ
girlfriend;Noun;A1;ಗೆಳತಿ
give;Verb;A1;ನೀಡಲು
glad;Adjective;B1;ಸಂತೋಷವನ್ನು
glass;Noun;A1;ಗಾಜಿನ
global;Adjective;B1;ಜಾಗತಿಕ
glove;Noun;B1;ಕೈಗವಸು
go;Verb Noun;A1, B1;ಹೋಗಿ
goal;Noun;A2;ಗೋಲು
God;Noun;A2;ದೇವರು
gold;Noun Adjective;A2;ಚಿನ್ನದ
golf;Noun;A2;ಗಾಲ್ಫ್
good;Adjective, Noun;A1, A2;ಉತ್ತಮ
goodbye;exclam. Noun;A1;ವಿದಾಯ
goods;Noun;B1;ಸರಕುಗಳ
govern;Verb;B2;ಆಡಳಿತ
government;Noun;A2;ಸರ್ಕಾರ
grab;Verb;B2;ದೋಚಿದ
grade;Noun Verb;B1, B2;ಗ್ರೇಡ್
gradually;Adverb;B2;ನಿಧಾನವಾಗಿ
graduate;Noun Verb;B1;ಪದವಿಧರ
grain;Noun;B1;ಧಾನ್ಯ
grand;Adjective;B2;ಗ್ರಾಂಡ್
grandfather;Noun;A1;ಅಜ್ಜ
grandmother;Noun;A1;ಅಜ್ಜಿ
grandparent;Noun;A1;ಅಜ್ಜ
grant;Verb Noun;B2;ಅನುದಾನ
grass;Noun;A2;ಹುಲ್ಲಿನ
grateful;Adjective;B1;ಕೃತಜ್ಞರಾಗಿರಬೇಕು
great;Adjective;A1;ಮಹಾನ್
green;Adjective, Noun;A1;ಹಸಿರು
greet;Verb;A2;ಸ್ವಾಗತಿಸಲು
grey;Adjective, Noun;A1;ಬೂದು
ground;Noun;A2;ನೆಲದ
group;Noun;A1;ಗುಂಪು
grow;Verb;A1;ಬೆಳೆಯಲು
growth;Noun;B1;ಬೆಳವಣಿಗೆಯ
guarantee;Verb Noun;B2;ಖಾತರಿ
guard;Noun Verb;B1;ಸಿಬ್ಬಂದಿ
guess;Verb Noun;A1;ಊಹೆ
guest;Noun;A2;ಅತಿಥಿ
guide;Noun Verb;A2;ಮಾರ್ಗದರ್ಶಿ
guilty;Adjective;B1;ತಪ್ಪಿತಸ್ಥ
guitar;Noun;A1;ಗಿಟಾರ್
gun;Noun;A2;ಗನ್
guy;Noun;A2;ವ್ಯಕ್ತಿ
gym;Noun;A1;ಜಿಮ್
habit;Noun;A2;ಅಭ್ಯಾಸ
hair;Noun;A1;ಕೂದಲು
half;Noundet.proNoun, Adverb;A1, A2;ಅರ್ಧ
hall;Noun;A2;ಸಭಾಂಗಣ
hand;Noun Verb;A1, B1;ಕೈಯಲ್ಲಿ
handle;Verb Noun;B2;ಹ್ಯಾಂಡಲ್
hang;Verb;B1;ಹ್ಯಾಂಗ್
happen;Verb;A1;ಸಂಭವಿಸಬಹುದು
happily;Adverb;A2;ಸುಖದಿಂದ
happiness;Noun;B1;ಸಂತೋಷ
happy;Adjective;A1;ಸಂತೋಷ
hard;Adjective, Adverb;A1;ಕಠಿಣ
hardly;Adverb;B1;ಅಷ್ಟೇನೂ
harm;Noun Verb;B2;ಹಾನಿ
harmful;Adjective;B2;ಹಾನಿಕಾರಕ
hat;Noun;A1;ಹ್ಯಾಟ್
hate;Verb Noun;A1, B1;ದ್ವೇಷ
have;Verb auxiliary Verb;A1, A2;ಹೊಂದಿವೆ
have to modal;Verb;A1;ಹೊಂದಲು ಮೋಡಲ್
he;proNoun;A1;ಅವರು
head;Noun Verb;A1, B1;ತಲೆಯ
headache;Noun;A2;ತಲೆನೋವು
headline;Noun;B1;ಶಿರೋನಾಮೆಯನ್ನು
health;Noun;A1;ಆರೋಗ್ಯ
healthy;Adjective;A1;ಆರೋಗ್ಯಕರ
hear;Verb;A1;ಕೇಳಲು
hearing;Noun;B2;ಕೇಳಿ
heart;Noun;A2;ಹೃದಯ
heat;Noun Verb;A2;ಶಾಖ
heating;Noun;B1;ಬಿಸಿ
heaven;Noun;B2;ಸ್ವರ್ಗ
heavily;Adverb;B1;ಅತೀವವಾಗಿ
heavy;Adjective;A2;ಭಾರೀ
heel;Noun;B2;ಹೀಲ್
height;Noun;A2;ಎತ್ತರ
helicopter;Noun;B1;ಹೆಲಿಕಾಪ್ಟರ್
hell;Noun;B2;ನರಕದ
hello;exclam./Noun;A1;ಹಲೋ
help;Verb Noun;A1;ಸಹಾಯ
helpful;Adjective;A2;ಸಹಾಯಕವಾಗಿದೆಯೆ
her;proNoundet;A1;ಅವಳು
here;Adverb;A1;ಇಲ್ಲಿ
hero;Noun;A2;ನಾಯಕ
hers;proNoun;A2;ಅವಳ
herself;proNoun;A2;ಸ್ವತಃ
hesitate;Verb;B2;ಹಿಂದೇಟು
hey;exclam;A1;ಹೇ
hi;exclam;A1;ನಮಸ್ತೆ
hide;Verb;A2;ಹೈಡ್
high;Adjective, AdVerb Noun;A1, A2, B2;ಹೆಚ್ಚಿನ
highlight;Verb Noun;B1;ಪ್ರಮುಖ
highly;Adverb;B1;ಹೆಚ್ಚು
hill;Noun;A2;ಬೆಟ್ಟದ
him;proNoun;A1;ಅವರಿಗೆ
himself;proNoun;A2;ಸ್ವತಃ
hire;Verb Noun;B1, B2;ಬಾಡಿಗೆ
his;det. proNoun;A1, A2;ಅವನ
historic;Adjective;B1;ಐತಿಹಾಸಿಕ
historical;Adjective;B1;ಐತಿಹಾಸಿಕ
history;Noun;A1;ಇತಿಹಾಸ
hit;Verb Noun;A2;ಹಿಟ್
hobby;Noun;A1;ಹವ್ಯಾಸ
hockey;Noun;A2;ಹಾಕಿ
hold;Verb Noun;A2, B2;ಹಿಡಿತವನ್ನು
hole;Noun;A2;ಕುಳಿ
holiday;Noun;A1;ರಜಾ
hollow;Adjective;B2;ಟೊಳ್ಳು
holy;Adjective;B2;ಪವಿತ್ರ
home;Noun AdVerb Adjective;A1, A2;ಮನೆ
homework;Noun;A1;ಮನೆಕೆಲಸ
honest;Adjective;B1;ಪ್ರಾಮಾಣಿಕ
honour;Noun Verb;B2;ಗೌರವಾರ್ಥವಾಗಿ
hope;Verb Noun;A1, A2;ಭರವಸೆ
horrible;Adjective;B1;ಭಯಾನಕ
horror;Noun;B1;ಭಯಾನಕ
horse;Noun;A1;ಕುದುರೆ
hospital;Noun;A1;ಆಸ್ಪತ್ರೆಯಲ್ಲಿ
host;Noun Verb;B1, B2;ಅತಿಥೆಯ
hot;Adjective;A1;ಹಾಟ್
hotel;Noun;A1;ಹೋಟೆಲ್
hour;Noun;A1;ಗಂಟೆ
house;Noun Verb;A1, B2;ಮನೆಯಲ್ಲಿ
household;Noun;B2;ಮನೆಯ
housing;Noun;B2;ವಸತಿ
how;Adverb;A1;ಹೇಗೆ
however;Adverb;A1;ಆದಾಗ್ಯೂ
huge;Adjective;A2;ಬೃಹತ್
human;Adjective, Noun;A2;ಮಾನವ
humorous;Adjective;B2;ಹಾಸ್ಯಮಯ
humour;Noun;B2;ಹಾಸ್ಯ
hundred;number;A1;ನೂರು
hungry;Adjective;A1;ಹಸಿವಿನಿಂದ
hunt;Verb Noun;B1, B2;ಬೇಟೆ
hunting;Noun;B2;ಬೇಟೆಯ
hurricane;Noun;B1;ಚಂಡಮಾರುತ
hurry;Noun Verb;B1;ಯದ್ವಾತದ್ವಾ
hurt;Verb Adjective Noun;A2, B2;ಹರ್ಟ್
husband;Noun;A1;ಪತಿ
I;proNoun;A1;ನಾನು
ice;Noun;A1;ಐಸ್
ice cream;Noun;A1;ಐಸ್ ಕ್ರೀಮ್
idea;Noun;A1;ಕಲ್ಪನೆಯನ್ನು
ideal;Adjective , Noun;A2, B2;ಆದರ್ಶ
identify;Verb;A2;ಗುರುತಿಸಲು
identity;Noun;B1;ಗುರುತನ್ನು
if;conj.;A1;ವೇಳೆ
ignore;Verb;B1;ನಿರ್ಲಕ್ಷಿಸಿ
ill;Adjective;A2;ಕೆಟ್ಟ
illegal;Adjective;B1;ಕಾನೂನುಬಾಹಿರ
illness;Noun;A2;ಅನಾರೋಗ್ಯ
illustrate;Verb;B2;ವಿವರಿಸುತ್ತದೆ
illustration;Noun;B2;ಸಚಿತ್ರ
image;Noun;A2;ಚಿತ್ರ
imaginary;Adjective;B1;ಕಾಲ್ಪನಿಕ
imagination;Noun;B2;ಕಲ್ಪನೆಯ
imagine;Verb;A1;ಊಹಿಸಿ
immediate;Adjective;B1;ತಕ್ಷಣದ
immediately;Adverb;A2;ತಕ್ಷಣ
immigrant;Noun;B1;ವಲಸೆ
impact;Noun Verb;B1;ಪರಿಣಾಮ
impatient;Adjective;B2;ತಾಳ್ಮೆ
imply;Verb;B2;ಸೂಚಿಸುವುದಿಲ್ಲ
import;Noun Verb;B1;ಆಮದು
importance;Noun;B1;ಪ್ರಾಮುಖ್ಯತೆಯನ್ನು
important;Adjective;A1;ಪ್ರಮುಖ
impose;Verb;B2;ವಿಧಿಸಲು
impossible;Adjective;A2;ಅಸಾಧ್ಯ
impress;Verb;B2;ಇಂಪ್ರೆಸ್
impressed;Adjective;B2;ಪ್ರಭಾವಿತರಾದರು
impression;Noun;B1;ಅನಿಸಿಕೆ
impressive;Adjective;B1;ಪ್ರಭಾವಶಾಲಿ
improve;Verb;A1;ಸುಧಾರಿಸಲು
improvement;Noun;B1;ಸುಧಾರಣೆ
in;prep., Adverb;A1;ರಲ್ಲಿ
inch;Noun;B2;ಇಂಚಿನ
incident;Noun;B2;ಘಟನೆ
include;Verb;A1;ಸೇರಿವೆ
included;Adjective;A2;ಒಳಗೊಂಡಿತ್ತು
including;prep.;A2;ಸೇರಿದಂತೆ
income;Noun;B2;ಆದಾಯದ
increase;Verb Noun;A2;ಹೆಚ್ಚಳ
increasingly;Adverb;B2;ಹೆಚ್ಚು
incredible;Adjective;A2;ಅದ್ಭುತ
incredibly;Adverb;B1;ನಂಬಲಾಗದಷ್ಟು
indeed;Adverb;B1;ವಾಸ್ತವವಾಗಿ
independent;Adjective;A2;ಸ್ವತಂತ್ರ
indicate;Verb;B1;ಸೂಚಿಸಲು
indirect;Adjective;B1;ಪರೋಕ್ಷ
individual;Noun, adj;A2;ವೈಯಕ್ತಿಕ
indoor;Adjective;B1;ಒಳಾಂಗಣ
indoors;Adverb;B1;ಒಳಾಂಗಣದಲ್ಲಿ
industrial;Adjective;B2;ಕೈಗಾರಿಕಾ
industry;Noun;A2;ಉದ್ಯಮ
infection;Noun;B2;ಸೋಂಕು
influence;NounVerb;B1;ಪ್ರಭಾವವನ್ನು
inform;Verb;B2;ಮಾಹಿತಿ
informal;Adjective;A2;ಅನೌಪಚಾರಿಕ
information;Noun;A1;ಮಾಹಿತಿ
ingredient;Noun;B1;ಘಟಕಾಂಶವಾಗಿದೆ
initial;Adjective;B2;ಆರಂಭಿಕ
initially;Adverb;B2;ಆರಂಭದಲ್ಲಿ
initiative;Noun;B2;ಉಪಕ್ರಮವು
injure;Verb;B1;ಹಾನಿಗೊಳಗಾಗುತ್ತಾರೋ
injured;Adjective;B1;ಗಾಯಗೊಂಡ
injury;Noun;A2;ಗಾಯ
inner;Adjective;B2;ಒಳ
innocent;Adjective;B1;ಮುಗ್ಧ
insect;Noun;A2;ಕೀಟದ
inside;prep.Adverb Noun Adjective;A2;ಒಳಗೆ
insight;Noun;B2;ಒಳನೋಟವನ್ನು
insist;Verb;B2;ಒತ್ತಾಯ
inspire;Verb;B2;ಸ್ಫೂರ್ತಿ
install;Verb;B2;ಅನುಸ್ಥಾಪಿಸಲು
instance;Noun;B2;ಉದಾಹರಣೆಗೆ
instead;Adverb;A2;ಬದಲಿಗೆ
institute;Noun;B2;ಇನ್ಸ್ಟಿಟ್ಯೂಟ್
institution;Noun;B2;ಸಂಸ್ಥೆಯು
instruction;Noun;A2;ಸೂಚನಾ
instructor;Noun;A2;ಬೋಧಕ
instrument;Noun;A2;ಉಪಕರಣ
insurance;Noun;B2;ವಿಮೆ
intelligence;Noun;B1;ಗುಪ್ತಚರ
intelligent;Adjective;A2;ಬುದ್ಧಿವಂತ
intend;Verb;B1;ಉದ್ದೇಶ
intended;Adjective;B2;ಉದ್ದೇಶ
intense;Adjective;B2;ತೀವ್ರವಾದ
intention;Noun;B1;ಉದ್ದೇಶ
interest;Noun Verb;A1;ಆಸಕ್ತಿ
interested;Adjective;A1;ಆಸಕ್ತಿ
interesting;Adjective;A1;ಆಸಕ್ತಿದಾಯಕ
internal;Adjective;B2;ಆಂತರಿಕ
international;Adjective;A2;ಅಂತಾರಾಷ್ಟ್ರೀಯ
internet;Noun;A1;ಇಂಟರ್ನೆಟ್
interpret;Verb;B2;ವ್ಯಾಖ್ಯಾನಿಸುವ
interrupt;Verb;B2;ಇಂಟರಪ್ಟ್ನ್ನು
interview;Noun Verb;A1;ಸಂದರ್ಶನದಲ್ಲಿ
into;prep.;A1;ಒಳಗೆ
introduce;Verb;A1;ಪರಿಚಯಿಸಲು
introduction;Noun;A2;ಪರಿಚಯ
invent;Verb;A2;ಆವಿಷ್ಕಾರ
invention;Noun;A2;ಆವಿಷ್ಕಾರ
invest;Verb;B1;ಇನ್ವೆಸ್ಟ್
investigate;Verb;B1;ತನಿಖೆ
investigation;Noun;B2;ತನಿಖೆಯ
investment;Noun;B2;ಬಂಡವಾಳ
invitation;Noun;A2;ಆಮಂತ್ರಣವನ್ನು
invite;Verb;A2;ಆಮಂತ್ರಿಸಲು
involve;Verb;A2;ಒಳಗೊಂಡಿರುತ್ತವೆ
involved;Adjective;B1;ಒಳಗೊಂಡಿರುವ
iron;Noun Verb;B1;ಕಬ್ಬಿಣದ
island;Noun;A1;ದ್ವೀಪದ
issue;Noun, Verb;B1, B2;ಸಮಸ್ಯೆ
IT;Noun;B1;ಐಟಿ
it;proNoun;A1;ಇದು
item;Noun;A2;ಐಟಂ
its;det.;A1;ಅದರ
itself;proNoun;A2;ಸ್ವತಃ
jacket;Noun;A1;ಜಾಕೆಟ್
jam;Noun;A2;ಜಾಮ್
January;Noun;A1;ಜನವರಿ
jazz;Noun;A2;ಜಾಝ್
jeans;Noun;A1;ಜೀನ್ಸ್
jewellery;Noun;A2;ಆಭರಣ
job;Noun;A1;ಕೆಲಸ
join;Verb;A1;ಸೇರಲು
joke;Noun Verb;A2;ಜೋಕ್
journal;Noun;B1;ಜರ್ನಲ್
journalist;Noun;A2;ಪತ್ರಕರ್ತ
journey;Noun;A1;ಪ್ರಯಾಣ
joy;Noun;B2;ಜಾಯ್
judge;Noun Verb;B1;ನ್ಯಾಯಾಧೀಶರು
judgement;Noun;B2;ತೀರ್ಪು
juice;Noun;A1;ರಸ
July;Noun;A1;ಜುಲೈ
jump;Verb Noun;A2;ನೆಗೆಯುವುದನ್ನು
June;Noun;A1;ಜೂನ್
junior;Adjective;B2;ಜೂನಿಯರ್
just;Adverb;A1;ಕೇವಲ
justice;Noun;B2;ನ್ಯಾಯ
justify;Verb;B2;ಸಮರ್ಥಿಸಿಕೊಳ್ಳಲು
keen;Adjective;B1;ಉತ್ಸುಕವಾಗಿದ್ದವು
keep;Verb;A1;ಇರಿಸಿಕೊಳ್ಳಲು
key;Noun, Adjective Verb;A1, B1;ಪ್ರಮುಖ
keyboard;Noun;B1;ಕೀಬೋರ್ಡ್
kick;Verb Noun;B1;ಕಿಕ್
kid;Noun;A2;ಮಗು
kill;Verb;A2;ಕಿಲ್
killing;Noun;B1;ಕೊಲೆಗೆ
kilometre;Noun;A1;ಕಿಲೋಮೀಟರ್
kind(type);Noun;A1;ರೀತಿಯ (ಮಾದರಿ)
kind(caring);Adjective;B1;ರೀತಿಯ (ಕಾಳಜಿಯುಳ್ಳ)
king;Noun;A2;ಅರಸನು
kiss;Verb Noun;B1;ಕಿಸ್
kitchen;Noun;A1;ಅಡಿಗೆ
knee;Noun;A2;ಮೊಣಕಾಲು
knife;Noun;A2;ಚಾಕು
knock;Verb , Noun;A2, B1;ನಾಕ್
know;Verb;A1;ಗೊತ್ತಿಲ್ಲ
knowledge;Noun;A2;ಜ್ಞಾನವನ್ನು
lab;Noun;A2;ಲ್ಯಾಬ್
label;Noun Verb;B1;ಲೇಬಲ್
laboratory;Noun;B1;ಪ್ರಯೋಗಾಲಯದ
labour;Noun;B2;ಕಾರ್ಮಿಕ
lack;Noun Verb;B1;ಕೊರತೆ
lady;Noun;A2;ಲೇಡಿ
lake;Noun;A2;ಸರೋವರದ
lamp;Noun;A2;ದೀಪ
land;Noun, Verb;A1, A2;ಭೂಮಿ
landscape;Noun;B2;ಭೂದೃಶ್ಯದ
language;Noun;A1;ಭಾಷೆಯನ್ನು
laptop;Noun;A2;ಲ್ಯಾಪ್ಟಾಪ್
large;Adjective;A1;ದೊಡ್ಡ
largely;Adverb;B2;ಹೆಚ್ಚಾಗಿ
last1 (final);det., Adverb n;A1, A2;last1 (ಅಂತಿಮ)
last1 (taking time);Verb;A2;last1 (ಸಮಯವನ್ನು)
late;Adjective Adverb;A1;ಕೊನೆಯಲ್ಲಿ
later;Adverb , Adjective;A1, A2;ನಂತರ
latest;Adjective , Noun;B1, B2;ಇತ್ತೀಚಿನ
laugh;Verb Noun;A1;ನಗು
laughter;Noun;A2;ಹಾಸ್ಯ
launch;Verb Noun;B2;ಬಿಡುಗಡೆ
law;Noun;A2;ಕಾನೂನು
lawyer;Noun;A2;ವಕೀಲ
lay;Verb;B1;ಲೇ
layer;Noun;B1;ಪದರವನ್ನು
lazy;Adjective;A2;ಆಲಸಿ
lead;Verb , Noun;A2, B1;ಪ್ರಮುಖ
leader;Noun;A2;ನಾಯಕ
leadership;Noun;B2;ನಾಯಕತ್ವದ
leading;Adjective;B1;ಪ್ರಮುಖ
leaf;Noun;B1;ಎಲೆಯ
league;Noun;B2;ಲೀಗ್
lean;Verb;B2;ನೇರ
learn;Verb;A1;ಕಲಿ
learning;Noun;A2;ಕಲಿಕೆಯ
least;det./proNoun Adverb;A2;ಕನಿಷ್ಠ
leather;Noun;B1;ಚರ್ಮದ
leave;Verb , Noun;A1, B2;ರಜೆ
lecture;Noun Verb;A2;ಉಪನ್ಯಾಸ
left;Adjective Adverb Verb;A1;ಎಡ
leg;Noun;A1;ಲೆಗ್
legal;Adjective;B1;ಕಾನೂನು
leisure;Noun;B1;ಬಿಡುವಿನ
lemon;Noun;A2;ನಿಂಬೆ
lend;Verb;A2;ಸಾಲವಾಗಿ
length;Noun;B1;ಉದ್ದ
less;det./pro Noun Adverb;A2;ಕಡಿಮೆ
lesson;Noun;A1;ಪಾಠ
let;Verb;A1;ಅವಕಾಶ
letter;Noun;A1;ಅಕ್ಷರದ
level;Noun, Adjective , Verb;A2, B1, B2;ಮಟ್ಟದ
library;Noun;A1;ಗ್ರಂಥಾಲಯದ
licence;Noun;B2;ಪರವಾನಗಿ
lie;Verb;A1;ಸುಳ್ಳು
lie;Verb Noun;B2;ಸುಳ್ಳು
life;Noun;A1;ಜೀವನದ
lifestyle;Noun;A2;ಜೀವನಶೈಲಿ
lift;Verb;Noun;ಲಿಫ್ಟ್
light (from the sun/a lamp);Noun Adverb , Verb;A1, A2;ಬೆಳಕು (ಸೂರ್ಯನಿಂದ / ಒಂದು ದೀಪ)
light (not heavy);Adjective;A2;ಬೆಳಕು (ಭಾರೀ ಅಲ್ಲ)
like (similar);prep.;A1;ಹಾಗೆ (ಸಮಾನ)
like (find sb/sth pleasant);Verb , n;A1, B1;ಹಾಗೆ (SB / ಎಸ್ತ್ ಆಹ್ಲಾದಕರ ಹುಡುಕಲು)
Noun;B1; ;ನಾಮಪದ
likely;Adjective;A2;ಸಾಧ್ಯತೆ
limit;Noun Verb;B1;ಮಿತಿ
limited;Adjective;B2;ಸೀಮಿತ
line;Noun, Verb;A1, B2;ಲೈನ್
link;Noun Verb;A2;ಲಿಂಕ್
lion;Noun;A1;ಸಿಂಹದ
lip;Noun;B1;ಲಿಪ್
liquid;Noun Adjective;B1;ದ್ರವ
list;Noun Verb;A1;ಪಟ್ಟಿ
listen;Verb;A1;ಕೇಳು
listener;Noun;A2;ಕೇಳುಗನ
literature;Noun;B1;ಸಾಹಿತ್ಯ
little;Adjective det./proNoun, Adverb;A1, A2;ಕಡಿಮೆ
live1;Verb;A1;live1
live2;Adjective Adverb;B1;live2
lively;Adjective;B2;ಉತ್ಸಾಹಭರಿತ
living;Adjective Noun;B1;ದೇಶ
load;Noun Verb;B2;ಲೋಡ್
loan;Noun;B2;ಸಾಲ
local;Adjective , Noun;A1, B1;ಸ್ಥಳೀಯ
locate;Verb;B1;ಪತ್ತೆ
located;Adjective;B1;ಇದೆ
location;Noun;B1;ಸ್ಥಳ
lock;Verb Noun;A2;ಲಾಕ್
logical;Adjective;B2;ತಾರ್ಕಿಕ
lonely;Adjective;B1;ಏಕಾಂಗಿ
long;Adjective Adverb;A1;ಉದ್ದ
long-term;Adjective Adverb;B2;ದೀರ್ಘಕಾಲದ
look;Verb , Noun;A1, A2;ನೋಟ
loose;Adjective;B2;ಸಡಿಲ
lord;Noun;B2;ಲಾರ್ಡ್
lorry;Noun;A2;ಲಾರಿ
lose;Verb;A1;ಕಳೆದುಕೊಳ್ಳಬಹುದು
loss;Noun;B1;ನಷ್ಟ
lost;Adjective;A2;ಕಳೆದುಕೊಂಡ
lot;proNoun det. Adverb;A1;ಬಹಳಷ್ಟು
loud;Adjective Adverb;A2;ಜೋರಾಗಿ
loudly;Adverb;A2;ಜೋರಾಗಿ
love;Noun Verb;A1;ಪ್ರೀತಿ
lovely;Adjective;A2;ಸುಂದರ
low;Adjective Adverb , n;A2, B2;ಕಡಿಮೆ
lower;Verb;B2;ಕಡಿಮೆ
luck;Noun;A2;ಅದೃಷ್ಟ
lucky;Adjective;A2;ಅದೃಷ್ಟ
lunch;Noun;A1;ಊಟ
lung;Noun;B2;ಶ್ವಾಸಕೋಶದ
luxury;Noun;B1;ಐಷಾರಾಮಿ
machine;Noun;A1;ಯಂತ್ರ
mad;Adjective;B1;ಹುಚ್ಚು
magazine;Noun;A1;ಪತ್ರಿಕೆ
magic;Noun Adjective;B1;ಮ್ಯಾಜಿಕ್
mail;Noun Verb;A2;ಮೇಲ್
main;Adjective;A1;ಮುಖ್ಯ
mainly;Adverb;B1;ಮುಖ್ಯವಾಗಿ
maintain;Verb;B2;ನಿರ್ವಹಿಸಲು
major;Adjective;A2;ಪ್ರಮುಖ
majority;Noun;B2;ಬಹುತೇಕ
make;Verb , Noun;A1, B2;ಮೇಕಪ್
male;Adjective Noun;A2;ಪುರುಷ
mall;Noun;B1;ಮಾಲ್
man;Noun;A1;ವ್ಯಕ್ತಿ
manage;Verb;A2;ನಿರ್ವಹಿಸು
management;Noun;B1;ನಿರ್ವಹಣೆ
manager;Noun;A2;ಮ್ಯಾನೇಜರ್
manner;Noun;A2;ರೀತಿಯಲ್ಲಿ
many;det./proNoun;A1;ಅನೇಕ
map;Noun, Verb;A1, B2;ನಕ್ಷೆ
March;Noun;A1;ಮಾರ್ಚ್
mark;Verb Noun;A2;ಗುರುತು
market;Noun, Verb;A1, B1;ಮಾರುಕಟ್ಟೆ
marketing;Noun;B1;ಮಾರ್ಕೆಟಿಂಗ್
marriage;Noun;B1;ಮದುವೆ
married;Adjective;A1;ವಿವಾಹಿತ
marry;Verb;A2;ಮದುವೆಯಾಗಲು
mass;Noun Adjective;B2;ಸಮೂಹ
massive;Adjective;B2;ಬೃಹತ್
master;Noun Verb;B2;ಮಾಸ್ಟರ್
match (contest/correspond);Noun Verb;A1;ಪಂದ್ಯ (ಸ್ಪರ್ಧೆ / ಸಂಬಂಧಿಸದ)
matching;Adjective;B2;ಹೊಂದಾಣಿಕೆಗೆ
material;Noun, Adjective;A2, B2;ವಸ್ತು
mathematics;Noun;A2;ಗಣಿತ
maths;Noun;A2;ಗಣಿತ
matter;Noun Verb;A2;ಮ್ಯಾಟರ್
maximum;Adjective Noun;B2;ಗರಿಷ್ಠ
May;Noun;A1;ಮೇ
may modal;Verb;A2;ಮೋಡಲ್ ಮಾಡಬಹುದು
maybe;Adverb;A1;ಇರಬಹುದು
me;proNoun;A1;ನನ್ನ
meal;Noun;A1;ಊಟ
mean;Verb;A1;ಸರಾಸರಿ
meaning;Noun;A1;ಅರ್ಥ
means;Noun;B2;ಎಂದರೆ
meanwhile;Adverb;B1;ಏತನ್ಮಧ್ಯೆ
measure;Verb Noun;B1;ಅಳತೆ
measurement;Noun;B2;ಅಳತೆಯ
meat;Noun;A1;ಮಾಂಸ
media;Noun;A2;ಮಾಧ್ಯಮ
medical;Adjective;A2;ವೈದ್ಯಕೀಯ
medicine;Noun;A2;ಔಷಧಿ
medium;Adjective , Noun;B1, B2;ಮಾಧ್ಯಮ
meet;Verb;A1;ಮೀಟ್
meeting;Noun;A1;ಸಭೆಯಲ್ಲಿ
melt;Verb;B2;ಕರಗುತ್ತವೆ
member;Noun;A1;ಸದಸ್ಯರ
memory;Noun;A2;ಮೆಮೊರಿ
mental;Adjective;B1;ಮಾನಸಿಕ
mention;Verb , Noun;A2, B1;ಉಲ್ಲೇಖವನ್ನು
menu;Noun;A1;ಮೆನು
mess;Noun Verb;B1;ಅವ್ಯವಸ್ಥೆ
message;Noun;A1;ಸಂದೇಶ
metal;Noun;A2;ಲೋಹದ
method;Noun;A2;ವಿಧಾನವನ್ನು
metre;Noun;A1;ಮೀಟರ್
middle;Noun Adjective;A2;ಮಧ್ಯಮ
midnight;Noun;A1;ಮಧ್ಯರಾತ್ರಿ
might modal;Verb;A2;ಮೋಡಲ್ ಇರಬಹುದು
mild;Adjective;B1;ಸೌಮ್ಯ
mile;Noun;A1;ಮೈಲಿ
military;Adjective Noun;B2;ಸೇನಾ
milk;Noun;A1;ಹಾಲಿನ
million number; ;A1;ಮಿಲಿಯನ್ ಸಂಖ್ಯೆಯ
mind;Noun Verb;A2;ಮನಸ್ಸಿನ
mine (belongs to me);proNoun;A2;ಗಣಿ (ನನಗೆ ಸೇರಿದವ)
mine (hole in the ground);Noun;B1;ಗಣಿ (ನೆಲದಲ್ಲಿ ರಂಧ್ರ)
mineral;Noun;B2;ಖನಿಜ
minimum;Adjective Noun;B2;ಕನಿಷ್ಟ
minister;Noun;B2;ಮಂತ್ರಿ
minor;Adjective;B2;ಚಿಕ್ಕ
minority;Noun;B2;ಅಲ್ಪಸಂಖ್ಯಾತ
minute;Noun;A1;ನಿಮಿಷ
mirror;Noun;A2;ಕನ್ನಡಿಯಲ್ಲಿ
miss;Verb;A1;ಮಿಸ್
missing;Adjective;A2;ಕಾಣೆಯಾಗಿದೆ
mission;Noun;B2;ಮಿಷನ್
mistake;Noun, Verb;A1, B2;ತಪ್ಪು
mix;Verb Noun;B1;ಮಿಶ್ರಣವನ್ನು
mixed;Adjective;B2;ಮಿಶ್ರ
mixture;Noun;B1;ಮಿಶ್ರಣವನ್ನು
mobile;Adjective Noun;A2;ಮೊಬೈಲ್
model;Noun, Verb;A1, B2;ಮಾದರಿ
modern;Adjective;A1;ಆಧುನಿಕ
modify;Verb;B2;ಮಾರ್ಪಡಿಸಿ
moment;Noun;A1;ಕ್ಷಣ
Monday;Noun;A1;ಸೋಮವಾರ
money;Noun;A1;ಹಣ
monitor;Noun Verb;B2;ಮಾನಿಟರ್
monkey;Noun;A2;ಮಂಕಿ
month;Noun;A1;ತಿಂಗಳು
mood;Noun;B1;ಚಿತ್ತ
moon;Noun;A2;ಚಂದ್ರನ
moral;Adjective Noun;B2;ನೈತಿಕ
more;det./proNoun Adverb;A1;ಹೆಚ್ಚು
morning;Noun;A1;ಬೆಳಗ್ಗೆ
most;det./proNoun Adverb;A1;ಅತ್ಯಂತ
mostly;Adverb;A2;ಹೆಚ್ಚಾಗಿ
mother;Noun;A1;ತಾಯಿ
motor;Noun Adjective;B2;ಮೋಟಾರ್
motorcycle;Noun;A2;ಸೈಕಲ್
mount;Verb;B2;ಮೌಂಟ್
mountain;Noun;A1;ಪರ್ವತ
mouse;Noun;A1;ಇಲಿ
mouth;Noun;A1;ಬಾಯಿ
move;Verb , Noun;A1, B1;ನಡೆಸುವಿಕೆಯನ್ನು
movement;Noun;A2;ಚಳುವಳಿ
movie;Noun;A1;ಚಿತ್ರ
much;det./proNoun Adverb;A1;ಹೆಚ್ಚು
mud;Noun;B1;ಮಣ್ಣು
multiple;Adjective;B2;ಅನೇಕ
multiply;Verb;B2;ಗುಣಿಸಿ
mum;Noun;A1;ಮಮ್
murder;NounVerb;B1;ಕೊಲೆ
muscle;Noun;B1;ಮಾಂಸಖಂಡ
museum;Noun;A1;ವಸ್ತು
music;Noun;A1;ಸಂಗೀತ
musical;Adjective , Noun;A2, B1;ಸಂಗೀತ
musician;Noun;A2;ಸಂಗೀತಗಾರ
must modal;Verb;A1;ಮೋಡಲ್ ಮಾಡಬೇಕು
my;det.;A1;ನನ್ನ
myself;proNoun;A2;ನನ್ನ
mysterious;Adjective;B2;ನಿಗೂಢ
mystery;Noun;B1;ರಹಸ್ಯ
nail;Noun;B1;ಉಗುರು
name;Noun Verb;A1;ಹೆಸರು
narrative;Noun Adjective;B1;ನಿರೂಪಣೆ
narrow;Adjective , Verb;A2, B2;ಮೊಟಕುಗೊಳಿಸಿ
nation;Noun;B1;ರಾಷ್ಟ್ರದ
national;Adjective , Noun;A2, B2;ರಾಷ್ಟ್ರೀಯ
native;Adjective Noun;B1;ಸ್ಥಳೀಯ
natural;Adjective;A1;ನೈಸರ್ಗಿಕ
naturally;Adverb;B1;ನೈಸರ್ಗಿಕವಾಗಿ
nature;Noun;A2;ಪ್ರಕೃತಿ
near;prep. Adjective Adverb;A1;ಬಳಿ
nearly;Adverb;A2;ಸುಮಾರು
neat;Adjective;B2;ಅಚ್ಚುಕಟ್ಟಾಗಿ
necessarily;Adverb;B1;ಅಗತ್ಯವಾಗಿ
necessary;Adjective;A2;ಅಗತ್ಯ
neck;Noun;A2;ಕುತ್ತಿಗೆ
need;Verb , Noun, modal Verb;A1, A2, B1;ಅಗತ್ಯ
needle;Noun;B1;ಸೂಜಿ
negative;Adjective , Noun;A1, B2;ಋಣಾತ್ಮಕ
neighbour;Noun;A1;ನೆರೆಯ
neighbourhood;Noun;B1;ನೆರೆಹೊರೆ
neither;det./proNoun, Adverb;A2, B1;ಎರಡೂ
nerve;Noun;B2;ನರದ
nervous;Adjective;A2;ನರ
net;Noun;B1;ನಿವ್ವಳ
network;Noun;A2;ನೆಟ್ವರ್ಕ್
never;Adverb;A1;ಎಂದಿಗೂ
nevertheless;Adverb;B2;ಆದಾಗ್ಯೂ
new;Adjective;A1;ಹೊಸ
news;Noun;A1;ಸುದ್ದಿ
newspaper;Noun;A1;ಪತ್ರಿಕೆ
next;Adjective Adverb , Noun;A1, B1;ಮುಂದಿನ
next to;prep.;A1;ಮುಂದಿನ
nice;Adjective;A1;Sundara
night;Noun;A1;ರಾತ್ರಿ
nightmare;Noun;B2;ದುಃಸ್ವಪ್ನ
nine;number;A1;ಒಂಭತ್ತು
nineteen;number;A1;ಹತ್ತೊಂಬತ್ತು
ninety;number;A1;ತೊಂಬತ್ತು
no;exclam. det.;A1;ಯಾವುದೇ
no one;proNoun;A1;ಯಾರೂ ಇಲ್ಲ
nobody;proNoun;A1;ಯಾರೂ
noise;Noun;A2;ಶಬ್ದ
noisy;Adjective;A2;ಗದ್ದಲದ
none;pro Noun;A2;ಯಾವುದೂ
nor;conj./Adverb;B1;ಅಥವಾ
normal;Adjective , Noun;A2, B1;ಸಾಮಾನ್ಯ
normally;Adverb;A2;ಸಾಮಾನ್ಯವಾಗಿ
north;Noun Adjective Adverb;A1;ಉತ್ತರ
northern;Adjective;B1;ಉತ್ತರ
nose;Noun;A1;ಮೂಗಿನ
not;Adverb;A1;ಕೇವಲ
note;Noun Verb;A1, B1;ಸೂಚನೆ
nothing;proNoun;A1;ಏನೂ
notice;Verb Noun;A2;ಸೂಚನೆ
notion;Noun;B2;ಕಲ್ಪನೆಯನ್ನು
novel;Noun;A2;ಕಾದಂಬರಿ
November;Noun;A1;ನವೆಂಬರ್
now;Adverb , conj.;A1, B1;ಈಗ
nowhere;Adverb;A2;ಎಲ್ಲಿಯೂ
nuclear;Adjective;B1;ಪರಮಾಣು
number;Noun, Verb;A1, A2;ಸಂಖ್ಯೆ
numerous;Adjective;B2;ಹಲವಾರು
nurse;Noun;A1;ನರ್ಸ್
nut;Noun;A2;ಅಡಿಕೆ
obey;Verb;B2;ಅನುಸರಿಸಲೇಬೇಕು
object;Noun Verb;A1, B2;ವಸ್ತು
objective;Noun Adjective;B2;ವಸ್ತುನಿಷ್ಠ
obligation;Noun;B2;ಬಾಧ್ಯತೆ
observation;Noun;B2;ವೀಕ್ಷಣಾ
observe;Verb;B2;ಗಮನಿಸಿ
obtain;Verb;B2;ಪಡೆಯಲು
obvious;Adjective;B1;ಸ್ಪಷ್ಟ
obviously;Adverb;B1;ನಿಸ್ಸಂಶಯವಾಗಿ
occasion;Noun;B1;ಸಂದರ್ಭದಲ್ಲಿ
occasionally;Adverb;B2;ಕೆಲವೊಮ್ಮೆ
occur;Verb;B1;ಸಂಭವಿಸುತ್ತದೆ
ocean;Noun;A2;ಸಾಗರ
o’clock;Adverb;A1;ಗಂಟೆಯ
October;Noun;A1;ಅಕ್ಟೋಬರ್
odd;Adjective;B1;ಬೆಸ
of;prep.;A1;ಆಫ್
off;Adverb prep.;A1;ಆರಿಸಿ
offence;Noun;B2;ಅಪರಾಧ
offend;Verb;B2;ಮುಜುಗರ
offensive;Adjective;B2;ಆಕ್ರಮಣಕಾರಿ
offer;Verb Noun;A2;ಪ್ರಸ್ತಾಪವನ್ನು
office;Noun;A1;ಕಚೇರಿಯಲ್ಲಿ
officer;Noun;A2;ಅಧಿಕಾರಿ
official;Adjective , Noun;B1, B2;ಅಧಿಕೃತ
often;Adverb;A1;ಸಾಮಾನ್ಯವಾಗಿ
oh;exclam.;A1;ಓಹ್
oil;Noun;A2;ತೈಲ
OK;exclam. Adjective /Adverb;A1;ಸರಿ
old;Adjective;A1;ಹಳೆಯ
old-fashioned;Adjective;B1;ಹಳೆ
on;prep. Adverb;A1;ಮೇಲೆ
once;Adverb , conj.;A1, B1;ಒಮ್ಮೆ
one;number-det. proNoun;A1;ಒಂದು
onion;Noun;A1;ಈರುಳ್ಳಿ
online;Adjective Adverb;A1;ಆನ್ಲೈನ್
only;Adjective Adverb;A1;ಮಾತ್ರ
onto;prep.;A2;ಮೇಲೆ
open;Adjective Verb;A1;ತೆರೆದ
opening;Noun;B2;ಆರಂಭಿಕ
operate;Verb;B2;ನಿರ್ವಹಿಸುತ್ತವೆ
operation;Noun;B1;ಕಾರ್ಯಾಚರಣೆಯನ್ನು
opinion;Noun;A1;ಅಭಿಪ್ರಾಯ
opponent;Noun;B2;ಎದುರಾಳಿಯ
opportunity;Noun;A2;ಅವಕಾಶ
oppose;Verb;B2;ವಿರೋಧಿಸಲು
opposed;Adjective;B2;ವಿರೋಧಿಸಿದರು
opposite;Adjective Adverb prep. Noun;A1;ವಿರುದ್ದ
opposition;Noun;B2;ವಿರೋಧ
option;Noun;A2;ಆಯ್ಕೆಯನ್ನು
or;conj.;A1;ಅಥವಾ
orange;Noun Adjective;A1;ಕಿತ್ತಳೆ
order;Noun Verb;A1;ಸಲುವಾಗಿ
ordinary;Adjective;A2;ಸಾಮಾನ್ಯ
organ;Noun;B2;ಆರ್ಗನ್
organization;Noun;A2;ಸಂಸ್ಥೆ
organize;Verb;A2;ಸಂಘಟಿಸಲು
organized;Adjective;B1;ಸಂಘಟಿತ
organizer;Noun;B1;ಸಂಘಟಕ
origin;Noun;B2;ಮೂಲದ
original;Adjective , Noun;A2, B1;ಮೂಲ
originally;Adverb;B1;ಮೂಲತಃ
other;Adjective /proNoun;A1;ಇತರೆ
otherwise;Adverb;B2;ಇಲ್ಲದಿದ್ದರೆ
ought;modal Verb;B1;ಬರಬೇಕಾಗುತ್ತದೆ
our;det.;A1;ನಮ್ಮ
ours;proNoun;B1;ನಮ್ಮದಾಗಿತ್ತು
ourselves;proNoun;A2;ನಮ್ಮಲ್ಲಿ
out;Adverb /prep.;A1;ಔಟ್
outcome;Noun;B2;ಫಲಿತಾಂಶದ
outdoor;Adjective;B1;ಹೊರಾಂಗಣ
outdoors;Adverb;B1;ಹೊರಾಂಗಣದಲ್ಲಿ
outer;Adjective;B2;ಹೊರಗಿನ
outline;Noun Verb;B2;ರೂಪರೇಖೆಯನ್ನು
outside;Adverb , prep. nouNoun Adjective;A1, A2;ಹೊರಗೆ
oven;Noun;A2;ಒಲೆಯಲ್ಲಿ
over;prep. Adverb;A1;ಮೇಲೆ
overall;Adjective Adverb;B2;ಒಟ್ಟಾರೆ
owe;Verb;B2;ಬದ್ಧನಾಗಿರಬೇಕು
own;Adjective /proNoun, Verb;A1, A2;ಆದ
owner;Noun;A2;ಮಾಲೀಕರು
pace;Noun, Verb;B2;ಪೇಸ್
pack;Verb , Noun;A2, B1;ಪ್ಯಾಕ್
package;Noun, Verb;B1, B2;ಪ್ಯಾಕೇಜ್
page;Noun;A1;ಪುಟ
pain;Noun;A2;ನೋವು
painful;Adjective;B1;ನೋವಿನ
paint;Verb Noun;A1;ಬಣ್ಣ
painter;Noun;A2;ವರ್ಣಚಿತ್ರಕಾರ
painting;Noun;A1;ಪೇಂಟಿಂಗ್
pair;Noun;A1;ಜೋಡಿ
palace;Noun;A2;ಅರಮನೆಯ
pale;Adjective;B1;ತಿಳಿ
pan;Noun;B1;ಪ್ಯಾನ್
panel;Noun;B2;ಫಲಕ
pants;Noun;A2;ಪ್ಯಾಂಟ್
paper;Noun;A1;ಕಾಗದದ
paragraph;Noun;A1;ಪ್ಯಾರಾಗ್ರಾಫ್
parent;Noun;A1;ಪೋಷಕ
park;Noun Verb;A1;ಪಾರ್ಕ್
parking;Noun;A2;ಪಾರ್ಕಿಂಗ್
parliament;Noun;B2;ಸಂಸತ್ತಿನಲ್ಲಿ
part;Noun;A1;ಭಾಗವಾಗಿ
participant;Noun;B2;ಸ್ಪರ್ಧಿ
participate;Verb;B1;ಭಾಗವಹಿಸಲು
particular;Adjective;A2;ನಿರ್ದಿಷ್ಟವಾಗಿ
particularly;Adverb;B1;ವಿಶೇಷವಾಗಿ
partly;Adverb;B2;ಭಾಗಶಃ
partner;Noun;A1;ಸಂಗಾತಿ
party;Noun;A1;ಪಕ್ಷದ
pass;Verb , Noun;A2, B1;ಉತ್ತೀರ್ಣ
passage;Noun;B2;ಅಂಗೀಕಾರದ
passenger;Noun;A2;ಪ್ರಯಾಣಿಕರ
passion;Noun;B1;ಉತ್ಸಾಹ
passport;Noun;A1;ಪಾಸ್ಪೋರ್ಟ್
past;Adjective Noun prep., Adverb;A1, A2;ಕಳೆದ
path;Noun;B1;ಮಾರ್ಗವನ್ನು
patient;Noun, Adjective;A2, B2;ರೋಗಿಯ
pattern;Noun;A2;ಮಾದರಿಯನ್ನು
pay;Verb , Noun;A1, A2;ಪಾವತಿ
payment;Noun;B1;ಪಾವತಿ
peace;Noun;A2;ಶಾಂತಿ
peaceful;Adjective;B1;ಶಾಂತಿಯುತ
pen;Noun;A1;ಪೆನ್
pencil;Noun;A1;ಪೆನ್ಸಿಲ್
penny;Noun;A2;ಪೆನ್ನಿ
pension;Noun;B2;ಪಿಂಚಣಿ
people;Noun;A1;ಜನರು
pepper;Noun;A1;ಮೆಣಸು
per;prep.;A2;ಪ್ರತಿ
per cent;Noun Adjective /Adverb;A2;ಶೇಕಡಾ
percentage;Noun;B1;ಶೇಕಡಾವಾರು
perfect;Adjective;A1;ಪರಿಪೂರ್ಣ
perfectly;Adverb;B1;ನಿಖರವಾಗಿ
perform;Verb;A2;ನಿರ್ವಹಿಸಲು
performance;Noun;B1;ಪ್ರದರ್ಶನ
perhaps;Adverb;A2;ಬಹುಶಃ
period;Noun;A1;ಅವಧಿಯಲ್ಲಿ
permanent;Adjective;B2;ಶಾಶ್ವತ
permission;Noun;A2;ಅನುಮತಿಯನ್ನು
permit;Verb Noun;B2;ಪರವಾನಗಿಯನ್ನು
person;Noun;A1;ವ್ಯಕ್ತಿಯ
personal;Adjective;A1;ವೈಯಕ್ತಿಕ
personality;Noun;A2;ವ್ಯಕ್ತಿತ್ವ
personally;Adverb;B1;ವೈಯಕ್ತಿಕವಾಗಿ
perspective;Noun;B2;ದೃಷ್ಟಿಕೋನದಿಂದ
persuade;Verb;B1;ಮನವೊಲಿಸಲು
pet;Noun;A2;ಸಾಕು
petrol;Noun;A2;ಪೆಟ್ರೋಲ್
phase;Noun;B2;ಹಂತದ
phenomenon;Noun;B2;ವಿದ್ಯಮಾನ
philosophy;Noun;B2;ತತ್ವಶಾಸ್ತ್ರ
phone;Noun Verb;A1;ದೂರವಾಣಿ
photo;Noun;A1;ಫೋಟೋ
photograph;Noun, Verb;A1, A2;ಛಾಯಾಚಿತ್ರವನ್ನು
photographer;Noun;B1;ಛಾಯಾಗ್ರಾಹಕ
photography;Noun;B1;ಛಾಯಾಗ್ರಹಣ
phrase;Noun;A1;ಪದಗುಚ್ಛ
physical;Adjective;A2;ದೈಹಿಕ
physics;Noun;A2;ಭೌತಶಾಸ್ತ್ರ
piano;Noun;A1;ಪಿಯಾನೋ
pick;Verb , Noun;A2, B2;ಆಯ್ಕೆ
picture;Noun, Verb;A1, B2;ಚಿತ್ರವನ್ನು
piece;Noun;A1;ತುಣುಕು
pig;Noun;A1;ಹಂದಿ
pile;Noun Verb;B2;ರಾಶಿಯನ್ನು
pilot;Noun;A2;ಪೈಲಟ್
pin;Noun Verb;B1;ಪಿನ್
pink;Adjective Noun;A1;ಗುಲಾಬಿ
pipe;Noun;B1;ಪೈಪ್
pitch;Noun;B2;ಪಿಚ್
place;Noun Verb;A1, B1;ಸ್ಥಾನ
plain;Adjective;B2;ಸರಳ
plan;Noun Verb;A1;ಯೋಜನೆಯನ್ನು
plane;Noun;A1;ಪ್ಲೇನ್
planet;Noun;A2;ಗ್ರಹದ
planning;Noun;B1;ಯೋಜನೆ
plant;Noun Verb;A1, A2;ಸಸ್ಯ
plastic;Noun Adjective;A2;ಪ್ಲಾಸ್ಟಿಕ್
plate;Noun;A2;ಪ್ಲೇಟ್
platform;Noun;A2;ವೇದಿಕೆ
play;Verb Noun;A1;ನಾಟಕ
player;Noun;A1;ಆಟಗಾರ
pleasant;Adjective;B1;ಆಹ್ಲಾದಕರ
please;exclam., Verb;A1, A2;ದಯವಿಟ್ಟು
pleased;Adjective;A2;ಸಂತೋಷ
pleasure;Noun;B1;ಸಂತೋಷ
plenty;proNoun;B1;ಸಾಕಷ್ಟು
plot;Noun, Verb;B1, B2;ಕಥಾವಸ್ತುವಿನ
plus;prep., Adjective conj., Noun;B1, B2;ಜೊತೆಗೆ
pocket;Noun;A2;ಪಾಕೆಟ್
poem;Noun;B1;ಕವಿತೆಯ
poet;Noun;B1;ಕವಿ
poetry;Noun;B1;ಕವನ
point;Noun, Verb;A1, B1;ಪಾಯಿಂಟ್
pointed;Adjective;B2;ಚೂಪಾದ
poison;Noun Verb;B1;ವಿಷದ
poisonous;Adjective;B1;ವಿಷಕಾರಿ
police;Noun;A1;ಪೊಲೀಸ್
policeman;Noun;A1;ಪೊಲೀಸ್
policy;Noun;B1;ನೀತಿ
polite;Adjective;A2;ಶಿಷ್ಟ
political;Adjective;B1;ರಾಜಕೀಯ
politician;Noun;B1;ರಾಜಕಾರಣಿ
politics;Noun;B1;ರಾಜಕೀಯ
pollution;Noun;A2;ಮಾಲಿನ್ಯದ
pool;Noun;A1;ಪೂಲ್
poor;Adjective;A1;ಕಳಪೆ
pop;Noun Adjective;A2;ಪಾಪ್
popular;Adjective;A1;ಜನಪ್ರಿಯ
popularity;Noun;B2;ಜನಪ್ರಿಯತೆಯನ್ನು
population;Noun;A2;ಜನಸಂಖ್ಯೆ
port;Noun;B1;ಪೋರ್ಟ್
portrait;Noun;B1;ಭಾವಚಿತ್ರ
pose;Verb;B2;ಭಂಗಿ
position;Noun, Verb;A2, B2;ಸ್ಥಾನವನ್ನು
positive;Adjective , Noun;A1, B2;ಸಕಾರಾತ್ಮಕ
possess;Verb;B2;ಪಡೆದಿರುತ್ತಾರೆ
possession;Noun;A2;ಹತೋಟಿ
possibility;Noun;A2;ಸಾಧ್ಯತೆಯನ್ನು
possible;Adjective;A1;ಸಾಧ್ಯ
possibly;Adverb;B1;ಬಹುಶಃ
post;Noun Verb;A1;ಪೋಸ್ಟ್
poster;Noun;A2;ಪೋಸ್ಟರ್
pot;Noun;B1;ಮಡಕೆ
potato;Noun;A1;ಆಲೂಗಡ್ಡೆ
potential;Adjective Noun;B2;ಸಂಭಾವ್ಯ
pound;Noun;A1;ಪೌಂಡ್
pour;Verb;B1;ಸುರಿಯುತ್ತಾರೆ
poverty;Noun;B1;ಬಡತನದ
powder;Noun;B1;ಪುಡಿ
power;Noun, Verb;A2, B2;ವಿದ್ಯುತ್
powerful;Adjective;B1;ಪ್ರಬಲ
practical;Adjective;B1;ಪ್ರಾಯೋಗಿಕ
practice;Noun;A1;ಅಭ್ಯಾಸದ
practise;Verb;A1;ಅಭ್ಯಾಸದ
praise;Noun Verb;B2;ಮೆಚ್ಚುಗೆ
pray;Verb;B1;ಪ್ರಾರ್ಥನೆ
prayer;Noun;B1;ಪ್ರಾರ್ಥನೆ
predict;Verb;A2;ಊಹಿಸಲು
prediction;Noun;B1;ಪ್ರಿಡಿಕ್ಷನ್
prefer;Verb;A1;ಆದ್ಯತೆ
pregnant;Adjective;B2;ಗರ್ಭಿಣಿ
preparation;Noun;B2;ತಯಾರಿ
prepare;Verb;A1;ತಯಾರು
prepared;Adjective;B1;ತಯಾರಾದ
presence;Noun;B2;ಉಪಸ್ಥಿತಿ
present;Adjective Noun, Verb;A1, A2;ಪ್ರಸ್ತುತ
presentation;Noun;B1;ಪ್ರಸ್ತುತಿ
preserve;Verb;B2;ಸಂರಕ್ಷಿಸಲು
president;Noun;A2;ಅಧ್ಯಕ್ಷ
press;Verb Noun;B1;ಒತ್ತಿ
pressure;Noun;B1;ಒತ್ತಡದ
pretend;Verb;B1;ನಟಿಸುವುದು
pretty;Adjective Adverb;A1;ಬಹಳ
prevent;Verb;A2;ತಡೆಯಲು
previous;Adjective;B1;ಹಿಂದಿನ
previously;Adverb;B1;ಇದಕ್ಕೂ ಮುಂಚೆ
price;Noun, Verb;A1, B2;ಬೆಲೆ
priest;Noun;B1;ಪಾದ್ರಿ
primary;Adjective;B1;ಪ್ರಾಥಮಿಕ
prime;Adjective;B2;ಅವಿಭಾಜ್ಯ
prince;Noun;B1;ರಾಜಕುಮಾರ
princess;Noun;B1;ರಾಜಕುಮಾರಿ
principle;Noun;B2;ತತ್ವ
print;Verb , Noun;A2, B2;ಮುದ್ರಿಸಿ
printer;Noun;A2;ಪ್ರಿಂಟರ್
printing;Noun;B1;ಮುದ್ರಣ
priority;Noun;B2;ಆದ್ಯತೆ
prison;Noun;A2;ಜೈಲಿನಲ್ಲಿ
prisoner;Noun;B1;ಖೈದಿಗಳ
privacy;Noun;B2;ಗೌಪ್ಯತೆ
private;Adjective;B1;ಖಾಸಗಿ
prize;Noun;A2;ಪ್ರಶಸ್ತಿ
probably;Adverb;A1;ಬಹುಶಃ
problem;Noun;A1;ಸಮಸ್ಯೆಯನ್ನು
procedure;Noun;B2;ವಿಧಾನ
process;Noun, Verb;A2, B2;ಪ್ರಕ್ರಿಯೆ
produce;Verb , Verb;A2, B2;ಉತ್ಪಾದಿಸು
producer;Noun;B1;ನಿರ್ಮಾಪಕ
product;Noun;A1;ಉತ್ಪನ್ನದ
production;Noun;B1;ಉತ್ಪಾದನೆ
profession;Noun;B1;ವೃತ್ತಿ
professional;Adjective , Noun;A2, B2;ವೃತ್ತಿಪರ
professor;Noun;A2;ಪ್ರೊಫೆಸರ್
profile;Noun;A2;ಪ್ರೊಫೈಲ್
profit;Noun;B1;ಲಾಭ
program;Noun, Verb;A2, B1;ಕಾರ್ಯಕ್ರಮ
programme;Noun;A1;ಕಾರ್ಯಕ್ರಮ
progress;Noun, Verb;A2, B2;ಪ್ರಗತಿಯ
project;Noun, Verb;A1, B2;ಯೋಜನೆಯ
promise;Verb Noun;A2;ಭರವಸೆಯನ್ನು
promote;Verb;B1;ಪ್ರಚಾರ
pronounce;Verb;A2;ಉಚ್ಚರಿಸುವ
proof;Noun;B2;ಪುರಾವೆ
proper;Adjective;B1;ಸರಿಯಾದ
properly;Adverb;B1;ಸರಿಯಾಗಿ
property;Noun;B1;ಆಸ್ತಿ
proposal;Noun;B2;ಪ್ರಸ್ತಾವನೆಯನ್ನು
propose;Verb;B2;ಸಲಹೆ
prospect;Noun;B2;ನಿರೀಕ್ಷೆಯೊಂದಿಗೆ
protect;Verb;A2;ರಕ್ಷಿಸಲು
protection;Noun;B2;ರಕ್ಷಣೆ
protest;Noun Verb;B1;ಪ್ರತಿಭಟನೆಯ
proud;Adjective;B1;ಹೆಮ್ಮೆಯ
prove;Verb;B1;ಸಾಬೀತು
provide;Verb;A2;ಅನುವಾದ
psychologist;Noun;B2;ಮನಶ್ಶಾಸ್ತ್ರಜ್ಞ
psychology;Noun;B2;ಸೈಕಾಲಜಿ
pub;Noun;A2;ಪಬ್
public;Adjective Noun;A2;ಸಾರ್ವಜನಿಕ
publication;Noun;B2;ಪ್ರಕಟಣೆಯ
publish;Verb;A2;ಪ್ರಕಟಿಸಲು
pull;Verb , Noun;A2, B1;ಪುಲ್
punish;Verb;B1;ಶಿಕ್ಷೆ
punishment;Noun;B1;ಶಿಕ್ಷೆಯ
pupil;Noun;B2;ಶಿಷ್ಯ
purchase;Noun Verb;B2;ಖರೀದಿ
pure;Adjective;B2;ಶುದ್ಧ
purple;Adjective Noun;A1;ನೇರಳೆ
purpose;Noun;A2;ಉದ್ದೇಶಕ್ಕಾಗಿ
pursue;Verb;B2;ಮುಂದುವರಿಸಲು
push;Verb , Noun;A2, B1;ಪುಶ್
put;Verb;A1;ಪುಟ್
qualification;Noun;B1;ಅರ್ಹತಾ
qualified;Adjective;B1;ಅರ್ಹತೆ
qualify;Verb;B1;ಅರ್ಹತೆ
quality;Noun;A2;ಗುಣಮಟ್ಟದ
quantity;Noun;A2;ಪ್ರಮಾಣ
quarter;Noun;A1;ಕ್ವಾರ್ಟರ್
queen;Noun;A2;ರಾಣಿ
question;Noun, Verb;A1, A2;ಪ್ರಶ್ನೆ
queue;Noun Verb;B1;ಕ್ಯೂ
quick;Adjective;A1;ತ್ವರಿತ
quickly;Adverb;A1;ತ್ವರಿತವಾಗಿ
quiet;Adjective;A1;ಸ್ತಬ್ಧ
quietly;Adverb;A2;ಸದ್ದಿಲ್ಲದೆ
quit;Verb;B1;ಬಿಟ್ಟು
quite;Adverb;A1;ಸಾಕಷ್ಟು
quotation;Noun;B1;ಉದ್ಧರಣಾ
quote;Verb Noun;B1;ಉಲ್ಲೇಖ
race (competition);NounVerb;A2;ಓಟದ (ಸ್ಪರ್ಧೆ)
race (people);Noun;B1;ಓಟದ (ಜನರು)
racing;Noun;B1;ರೇಸಿಂಗ್
radio;Noun;A1;ರೇಡಿಯೊ
railway;Noun;A2;ರೈಲ್ವೆ
rain;Noun Verb;A1;ಮಳೆ
raise;Verb;A2;ಹೆಚ್ಚಳವಾಗಿತ್ತು
range;Noun, Verb;B1, B2;ಶ್ರೇಣಿಯ
rank;Noun Verb;B2;ಶ್ರೇಣಿಯ
rapid;Adjective;B2;ಕ್ಷಿಪ್ರ
rapidly;Adverb;B2;ವೇಗವಾಗಿ
rare;Adjective;B1;ಅಪರೂಪದ
rarely;Adverb;B1;ವಿರಳವಾಗಿ
rate;Noun, Verb;A2, B2;ದರ
rather;Adverb;A2;ಬದಲಿಗೆ
raw;Adjective;B2;ಕಚ್ಚಾ
reach;Verb , Noun;A2, B2;ಕೈಗೆ
react;Verb;A2;ಪ್ರತಿಕ್ರಿಯಿಸುತ್ತವೆ
reaction;Noun;B1;ಪ್ರತಿಕ್ರಿಯೆ
read;Verb;A1;ಓದಲು
reader;Noun;A1;ರೀಡರ್
reading;Noun;A1;ಓದುವ
ready;Adjective;A1;ಸಿದ್ಧ
real;Adjective;A1;ನಿಜವಾದ
realistic;Adjective;B2;ನೈಜ
reality;Noun;B1;ರಿಯಾಲಿಟಿ
realize;Verb;A2;ಅರ್ಥ
really;Adverb;A1;ನಿಜವಾಗಿಯೂ
reason;Noun;A1;ಕಾರಣಕ್ಕಾಗಿ
reasonable;Adjective;B2;ಸಮಂಜಸವಾದ
recall;Verb;B2;ಮರುಸ್ಥಾಪನೆ
receipt;Noun;B1;ರಸೀದಿಯನ್ನು
receive;Verb;A2;ಸ್ವೀಕರಿಸಲು
recent;Adjective;A2;ಇತ್ತೀಚಿನ
recently;Adverb;A2;ಇತ್ತೀಚೆಗೆ
reception;Noun;A2;ಆರತಕ್ಷತೆ
recipe;Noun;A2;ಪಾಕವಿಧಾನ
recognize;Verb;A2;ಗುರುತಿಸಲು
recommend;Verb;A2;ಶಿಫಾರಸು
recommendation;Noun;B1;ಶಿಫಾರಸನ್ನು
record;Noun Verb;A2;ದಾಖಲೆ
recording;Noun;A2;ರೆಕಾರ್ಡಿಂಗ್
recover;Verb;B2;ಗುಣಮುಖರಾಗಲು
recycle;Verb;A2;ಮರುಬಳಕೆ
red;Adjective Noun;A1;ಕೆಂಪು
reduce;Verb;A2;ಕಡಿಮೆ
reduction;Noun;B2;ಕಡಿತ
refer;Verb;A2;ಸಂಪರ್ಕಿಸಿ
reference;Noun;B1;ಉಲ್ಲೇಖ
reflect;Verb;B1;ಪ್ರತಿಬಿಂಬಿಸುತ್ತವೆ
refuse;Verb;A2;ತ್ಯಾಜ್ಯ
regard;Verb Noun;B2;ಸಂಬಂಧಿಸಿದಂತೆ
region;Noun;A2;ಪ್ರದೇಶದಲ್ಲಿ
regional;Adjective;B2;ಪ್ರಾದೇಶಿಕ
register;Verb Noun;B2;ನೋಂದಣಿ
regret;Verb Noun;B2;ವಿಷಾದ
regular;Adjective;A2;ಸಾಮಾನ್ಯ
regularly;Adverb;B1;ನಿಯಮಿತವಾಗಿ
regulation;Noun;B2;ನಿಯಂತ್ರಣ
reject;Verb;B1;ತಿರಸ್ಕರಿಸಲು
relate;Verb;B1;ಸಂಬಂಧ
related;Adjective;B1;ಸಂಬಂಧಿತ
relation;Noun;B1;ಸಂಬಂಧಿಸಿದಂತೆ
relationship;Noun;A2;ಸಂಬಂಧವನ್ನು
relative;Adjective Noun;B1;ಸಾಪೇಕ್ಷ
relatively;Adverb;B2;ತುಲನಾತ್ಮಕವಾಗಿ
relax;Verb;A1;ವಿಶ್ರಾಂತಿ
relaxed;Adjective;B1;ಶಾಂತ
relaxing;Adjective;B1;ವಿಶ್ರಾಂತಿ
release;Verb Noun;B1;ಬಿಡುಗಡೆ
relevant;Adjective;B2;ಸಂಬಂಧಿತ
reliable;Adjective;B1;ವಿಶ್ವಾಸಾರ್ಹ
relief;Noun;B2;ಪರಿಹಾರ
religion;Noun;B1;ಧರ್ಮ
religious;Adjective;B1;ಧಾರ್ಮಿಕ
rely;Verb;B2;ಅವಲಂಬಿಸಿವೆ
remain;Verb;B1;ಉಳಿಯಲು
remark;Noun Verb;B2;ಹೇಳಿಕೆಯನ್ನು
remember;Verb;A1;ನೆನಪಿಡಿ
remind;Verb;B1;ನೆನಪಿನಲ್ಲಿ
remote;Adjective;B1;ದೂರಸ್ಥ
remove;Verb;A2;ತೆಗೆದುಹಾಕಿ
rent;Noun Verb;B1;ಬಾಡಿಗೆ
repair;Verb , Noun;A2, B1;ದುರಸ್ತಿ
repeat;Verb , Noun;A1, B1;ಪುನರಾವರ್ತಿತ
repeated;Adjective;B1;ಪುನರಾವರ್ತಿತ
replace;Verb;A2;ಬದಲಿಗೆ
reply;Verb Noun;A2;ಪ್ರತ್ಯುತ್ತರ
report;Noun, Verb;A1, A2;ವರದಿ
reporter;Noun;A2;ವರದಿಗಾರ
represent;Verb;B1;ಪ್ರತಿನಿಧಿಸುತ್ತವೆ
representative;Noun Adjective;B2;ಪ್ರತಿನಿಧಿ
reputation;Noun;B2;ಖ್ಯಾತಿ
request;Noun, Verb;A2, B1;ವಿನಂತಿಯನ್ನು
require;Verb;B1;ಅಗತ್ಯವಿರುತ್ತದೆ
requirement;Noun;B2;ಅವಶ್ಯಕತೆ
rescue;Verb Noun;B2;ಪಾರುಗಾಣಿಕಾ
research;Noun Verb;A2;ಸಂಶೋಧನೆ
researcher;Noun;A2;ಸಂಶೋಧಕ
reservation;Noun;B1;ಮೀಸಲಾತಿ
reserve;Noun Verb;B2;ಮೀಸಲು
resident;NounAdjective;B2;ನಿವಾಸಿ
resist;Verb;B2;ವಿರೋಧಿಸಲು
resolve;Verb;B2;ಪರಿಹರಿಸಲು
resort;Noun;B2;ಅವಲಂಬಿಸಬೇಕಾಯಿತು
resource;Noun;B1;ಸಂಪನ್ಮೂಲ
respect;Noun Verb;B1;ಗೌರವಿಸಿ
respond;Verb;A2;ಪ್ರತಿಕ್ರಿಯೆ
response;Noun;A2;ಪ್ರತಿಕ್ರಿಯೆ
responsibility;Noun;B1;ಜವಾಬ್ದಾರಿ
responsible;Adjective;B1;ಜವಾಬ್ದಾರಿ
rest (remaining part);Noun;A2;ವಿಶ್ರಾಂತಿ (ಉಳಿದ ಭಾಗ)
rest (sleep/relax);Noun Verb;A2;ಉಳಿದ (ನಿದ್ರೆ / ವಿರಾಮ)
restaurant;Noun;A1;ಉಪಹಾರ ಗೃಹ
result;Noun, Verb;A1, B1;ಕಾರಣವಾಗುತ್ತದೆ
retain;Verb;B2;ಉಳಿಸಿಕೊಳ್ಳಲು
retire;Verb;B1;ನಿವೃತ್ತಿ
retired;Adjective;B1;ನಿವೃತ್ತ
return;Verb Noun;A1;ರಿಟರ್ನ್
reveal;Verb;B2;ಬಹಿರಂಗ
review;Noun Verb;A2;ಸಮೀಕ್ಷೆ
revise;Verb;B1;ಪರಿಷ್ಕರಿಸುವಂತೆ
revolution;Noun;B2;ಕ್ರಾಂತಿ
reward;Noun Verb;B2;ಬಹುಮಾನ
rhythm;Noun;B2;ಲಯ
rice;Noun;A1;ಅಕ್ಕಿ
rich;Adjective;A1;ಸಮೃದ್ಧ
rid;Verb;B2;ಹೋಗಲಾಡಿಸಲು
ride;Verb , Noun;A1, A2;ಸವಾರಿ
right;Adjective Adverb Noun;A1;ಬಲ
ring;Noun;A2;ರಿಂಗ್
ring;Verb , Noun;A2, B1;ರಿಂಗ್
rise;Verb , Noun;A2, B1;ಏರಿಕೆ
risk;Noun Verb;B1;ಅಪಾಯ
river;Noun;A1;ನದಿ
road;Noun;A1;ರಸ್ತೆ
robot;Noun;B1;ರೋಬೋಟ್
rock (stone);Noun;A2;ರಾಕ್ (ಕಲ್ಲು)
rock (music);Noun;A2;ರಾಕ್ ಸಂಗೀತ)
role;Noun;A2;ಪಾತ್ರ
roll;Verb Noun;B1;ರೋಲ್
romantic;Adjective;B1;ಪ್ರಣಯ
roof;Noun;A2;ಛಾವಣಿಯ
room;Noun;A1;ಕೊಠಡಿ
root;Noun;B2;ಬೇರು
rope;Noun;B1;ಹಗ್ಗ
rough;Adjective;B1;ಒರಟು
round;Adjective Adverb prep., Noun;A2, B2;ಸುತ್ತಿನಲ್ಲಿ
route;Noun;A2;ದ
routine;Noun, Adjective;A1, B2;ವಾಡಿಕೆಯ
row;Noun;B1;ಸಾಲು
royal;Adjective;B1;ರಾಯಲ್
rub;Verb;B2;ರಬ್
rubber;Noun Adjective;B2;ರಬ್ಬರ್
rubbish;Noun;A2;ಕಳಪೆ
rude;Adjective;A2;ಒರಟು
rugby;Noun;B1;ರಗ್ಬಿ
rule;Noun, Verb;A1, B1;ನಿಯಮ
run;Verb , Noun;A1, A2;ಓಡು
runner;Noun;A2;ರನ್ನರ್
running;Noun;A2;ಚಾಲನೆಯಲ್ಲಿರುವ
rural;Adjective;B2;ಗ್ರಾಮೀಣ
rush;Verb Noun;B2;ವಿಪರೀತ
sad;Adjective;A1;ದುಃಖ
sadly;Adverb;A2;ದುಃಖಕರವೆಂದರೆ
safe;Adjective;A2;ಸುರಕ್ಷಿತ
safety;Noun;B1;ಸುರಕ್ಷತೆ
sail;Verb , Noun;A2, B1;ಪಟ
sailing;Noun;A2;ತೇಲುವ
sailor;Noun;B1;ನಾವಿಕ
salad;Noun;A1;ಸಲಾಡ್
salary;Noun;A2;ಸಂಬಳ
sale;Noun;A2;ಮಾರಾಟಕ್ಕೆ
salt;Noun;A1;ಉಪ್ಪು
same;Adjective proNoun Adverb;A1;ಅದೇ
sample;Noun, Verb;B1, B2;ಸ್ಯಾಂಪಲ್
sand;Noun;B1;ಮರಳು
sandwich;Noun;A1;ಸ್ಯಾಂಡ್ವಿಚ್
satellite;Noun;B2;ಉಪಗ್ರಹ
satisfied;Adjective;B2;ತೃಪ್ತಿ
satisfy;Verb;B2;ಪೂರೈಸು
Saturday;Noun;A1;ಶನಿವಾರ
sauce;Noun;A2;ಸಾಸ್
save;Verb;A2;ಸೇವ್
saving;Noun;B2;ಉಳಿತಾಯ
say;Verb;A1;ಹೇಳಿ
scale;Noun;B2;ಪ್ರಮಾಣದ
scan;Verb;B1;ಸ್ಕ್ಯಾನ್
scared;Adjective;A2;ನಿಮಗಿರುವುದು
scary;Adjective;A2;ಹೆದರಿಕೆಯೆ
scene;Noun;A2;ದೃಶ್ಯದಲ್ಲಿ
schedule;Noun, Verb;A2, B2;ವೇಳಾಪಟ್ಟಿ
scheme;Noun;B2;ಯೋಜನೆಯ
school;Noun;A1;ಶಾಲೆಯ
science;Noun;A1;ವಿಜ್ಞಾನದ
scientific;Adjective;B1;ವೈಜ್ಞಾನಿಕ
scientist;Noun;A1;ವಿಜ್ಞಾನಿ
score;Verb Noun;A2;ಸ್ಕೋರ್
scream;Verb Noun;B2;ಸ್ಕ್ರೀಮ್
screen;NounVerb;A2, B2;ಪರದೆಯ
script;Noun;B1;ಸ್ಕ್ರಿಪ್ಟ್
sculpture;Noun;B1;ಶಿಲ್ಪ
sea;Noun;A1;ಸಮುದ್ರದ
search;Noun Verb;A2;ಹುಡುಕಿ Kannada
season;Noun;A2;ಋತುವಿನ
seat;Noun Verb;A2, B2;ಸ್ಥಾನವನ್ನು
second1 (next after the first);et./ number, Adverb;A1, A2;second1 (ಮೊದಲ ನಂತರ ಮುಂದಿನ)
second1 (unit of time);Noun;A1;second1 (ಸಮಯದ ಘಟಕ)
secondary;Adjective;B1;ದ್ವಿತೀಯ
secondly;Adverb;A2;ಎರಡನೆಯದಾಗಿ
secret;Adjective, Noun;A2;ರಹಸ್ಯ
secretary;Noun;A2;ಕಾರ್ಯದರ್ಶಿ
section;Noun;A1;ವಿಭಾಗದಲ್ಲಿ
sector;Noun;B2;ವಲಯದ
secure;Verb Adjective;B2;ಭದ್ರತೆಗೆ
security;Noun;B1;ಭದ್ರತಾ
see;Verb;A1;ನೋಡಿ
seed;Noun;B1;ಬೀಜ
seek;Verb;B2;ಹುಡುಕುವುದು
seem;Verb;A2;ತೋರುತ್ತದೆ
select;Verb;B2;ಆಯ್ಕೆ ಮಾಡಿ
selection;Noun;B2;ಆಯ್ಕೆ
self;Noun;B2;ಆತ್ಮ
sell;Verb;A1;ಮಾರಾಟ
send;Verb;A1;ಕಳುಹಿಸು
senior;Adjective;B2;ಹಿರಿಯ
sense;Noun Verb;A2, B2;ಅರ್ಥದಲ್ಲಿ
sensible;Adjective;B1;ಸಂವೇದನಾಶೀಲ
sensitive;Adjective;B2;ಸೂಕ್ಷ್ಮ
sentence;Noun Verb;A1, B2;ಶಿಕ್ಷೆ
separate;Adjective, Verb;A2, B1;ಪ್ರತ್ಯೇಕ
September;Noun;A1;ಸೆಪ್ಟೆಂಬರ್
sequence;Noun;B2;ಅನುಕ್ರಮ
series;Noun;A2;ಸರಣಿ
serious;Adjective;A2;ಗಂಭೀರ
seriously;Adverb;B1;ಗಂಭೀರವಾಗಿ
servant;Noun;B1;ಸೇವಕ
serve;Verb;A2;ಸರ್ವ್
service;Noun;A2;ಸೇವೆಯನ್ನು
session;Noun;B2;ಅಧಿವೇಶನದ
set (put);Verb;B1;ಸೆಟ್ (ಪುಟ್)
set (group);Noun;B1;ಸೆಟ್ (ಸಮೂಹ)
setting;Noun;B1;ಸೆಟ್ಟಿಂಗ್
settle;Verb;B2;ಸೆಟಲ್
seven;number;A1;ಏಳು
seventeen;number;A1;ಹದಿನೇಳು
seventy;number;A1;ಎಪ್ಪತ್ತು
several;det./proNoun;A2;ಹಲವಾರು
severe;Adjective;B2;ತೀವ್ರ
sex;Noun;B1;ಲೈಂಗಿಕ
sexual;Adjective;B1;ಲೈಂಗಿಕ
shade;Noun;B2;ನೆರಳು
shadow;Noun;B2;ನೆರಳು
shake;Verb Noun;A2, B1;ಶೇಕ್
shall;modal Verb;A2;shall
shallow;Adjective;B2;ಆಳವಿಲ್ಲದ
shame;Noun;B2;ಅವಮಾನ
shape;Noun Verb;A2, B2;ಆಕಾರವನ್ನು
share;Verb Noun;A1, B1;ಹಂಚಿಕೆ
sharp;Adjective;B1;ಚೂಪಾದ
she;proNoun;A1;ಅವರು
sheep;Noun;A1;ಕುರಿ
sheet;Noun;A2;ಹಾಳೆಯ
shelf;Noun;B1;ಶೆಲ್ಫ್
shell;Noun;B1;ಶೆಲ್
shelter;Noun Verb;B2;ಆಶ್ರಯ
shift;Noun Verb;B1, B2;ಶಿಫ್ಟ್
shine;Verb;B1;ಹೊಳಪನ್ನು
shiny;Adjective;B1;ಹೊಳೆಯುವ
ship;Noun Verb;A2, B2;ಹಡಗಿನ
shirt;Noun;A1;ಅಂಗಿ
shock;Noun Verb;B2;ಆಘಾತ
shocked;Adjective;B2;ಆಘಾತಕ್ಕೆ
shoe;Noun;A1;ಶೂ
shoot;Verb;B1;ಚಿಗುರು
shooting;Noun;B2;ಶೂಟಿಂಗ್
shop;Noun Verb;A1;ಅಂಗಡಿ
shopping;Noun;A1;ಶಾಪಿಂಗ್
short;Adjective;A1;ಸಣ್ಣ
shot;Noun;B2;ಶಾಟ್
should;modal Verb;A1;ಶುಡ್
shoulder;Noun;A2;ಭುಜದ
shout;Verb Noun;A2;ಹುಯಿಲಿಡು
show;Verb Noun;A1;ಪ್ರದರ್ಶನ
shower;Noun;A1;ಶವರ್
shut;Verb Adjective;A2;ಸ್ಥಗಿತಗೊಂಡ
shy;Adjective;B1;ಸರಿಯಲು
sick;Adjective;A1;ಅನಾರೋಗ್ಯ
side;Noun;A2;ಅಡ್ಡ
sight;Noun;B1;ದೃಷ್ಟಿ
sign;Noun Verb;A2;ಸೈನ್
signal;Noun Verb;B1;ಸಿಗ್ನಲ್
significant;Adjective;B2;ಗಮನಾರ್ಹ
significantly;Adverb;B2;ಗಮನಾರ್ಹವಾಗಿ
silence;Noun;B2;ಮೌನ
silent;Adjective;B1;ಮೂಕ
silk;Noun;B2;ರೇಷ್ಮೆ
silly;Adjective;B1;ಸಿಲ್ಲಿ
silver;Noun Adjective;A2;ಬೆಳ್ಳಿ
similar;Adjective;A1;ಇದೇ
similarity;Noun;B1;ಹೋಲಿಕೆ
similarly;Adverb;B1;ಇದೇ
simple;Adjective;A2;ಸರಳ
simply;Adverb;B1;ಸುಮ್ಮನೆ
since;prep. conj., Adverb;A2, B1;ರಿಂದ
sincere;Adjective;B2;ಪ್ರಾಮಾಣಿಕ
sing;Verb;A1;ಹಾಡುವದು
singer;Noun;A1;ಗಾಯಕ
singing;Noun;A2;ಗಾಯನ
single;Adjective Noun;A2;ಏಕ
sink;Verb;B1;ಸಿಂಕ್
sir;Noun;A2;ಶ್ರೀಮಾನ್
sister;Noun;A1;ಸಹೋದರಿ
sit;Verb;A1;ಕುಳಿತು
site;Noun;A2;ಸೈಟ್
situation;Noun;A1;ಪರಿಸ್ಥಿತಿಯನ್ನು
six;number;A1;ಆರು
sixteen;number;A1;ಹದಿನಾರು
sixty;number;A1;ಅರವತ್ತು
size;Noun;A2;ಗಾತ್ರದ
ski;Verb Noun;A2;ಸ್ಕೀ
skiing;Noun;A2;ಸ್ಕೀಯಿಂಗ್
skill;Noun;A1;ಕೌಶಲ್ಯ
skin;Noun;A2;ಚರ್ಮ
skirt;Noun;A1;ಸ್ಕರ್ಟ್
sky;Noun;A2;ಆಕಾಶದಲ್ಲಿ
slave;Noun;B2;ಗುಲಾಮರ
sleep;Verb , Noun;A1, A2;ನಿದ್ರೆಯ
slice;Noun Verb;B1;ಸ್ಲೈಸ್
slide;Verb Noun;B2;ಸ್ಲೈಡ್
slight;Adjective;B2;ಸ್ವಲ್ಪ
slightly;Adverb;B1;ಸ್ವಲ್ಪ
slip;Verb;B2;ಸ್ಲಿಪ್
slope;Noun Verb;B2;ಇಳಿಜಾರು
slow;Adjective , Verb;A1, B1;ನಿಧಾನ
slowly;Adverb;A2;ನಿಧಾನವಾಗಿ
small;Adjective;A1;ಸಣ್ಣ
smart;Adjective;B1;ಸ್ಮಾರ್ಟ್
smartphone;Noun;A2;ಸ್ಮಾರ್ಟ್ಫೋನ್
smell;Verb Noun;A2;ವಾಸನೆ
smile;Verb Noun;A2;ಕಿರುನಗೆ
smoke;Noun Verb;A2;ಹೊಗೆ
smoking;Noun;A2;ಧೂಮಪಾನದ
smooth;Adjective;B1;ನಯವಾದ
snake;Noun;A1;ಹಾವಿನ
snow;Noun Verb;A1;ಹಿಮ
so;Adverb conj.;A1;ಆದ್ದರಿಂದ
soap;Noun;A2;ಸೋಪ್
soccer;Noun;A2;ಸಾಕರ್
social;Adjective;A2;ಸಾಮಾಜಿಕ
society;Noun;A2;ಸಮಾಜದ
sock;Noun;A2;ಕಾಲ್ಚೀಲದ
soft;Adjective;A2;ಮೃದು
software;Noun;B1;ಸಾಫ್ಟ್ವೇರ್
soil;Noun;B1;ಮಣ್ಣಿನ
solar;Adjective;B2;ಸೌರ
soldier;Noun;A2;ಸೈನಿಕ
solid;Adjective Noun;B1;ಘನ
solution;Noun;A2;ಪರಿಹಾರ
solve;Verb;A2;ಪರಿಹರಿಸಲು
some;det. proNoun;A1;ಕೆಲವು
somebody;proNoun;A1;ಯಾರಾದರೂ
someone;proNoun;A1;ಯಾರಾದರೂ
something;proNoun;A1;ಏನೋ
sometimes;Adverb;A1;ಕೆಲವೊಮ್ಮೆ
somewhat;Adverb;B2;ಸ್ವಲ್ಪ
somewhere;Adverb proNoun;A2;ಎಲ್ಲೋ
son;Noun;A1;ಮಗ
song;Noun;A1;ಹಾಡು
soon;Adverb;A1;ಶೀಘ್ರದಲ್ಲೇ
sorry;Adjective exclam.;A1;ಕ್ಷಮಿಸಿ
sort;Noun, Verb;A2, B1;ರೀತಿಯ
soul;Noun;B2;ಆತ್ಮದ
sound;Noun Verb;A1;ಧ್ವನಿ
soup;Noun;A1;ಸೂಪ್
source;Noun;A2;ಮೂಲ
south;Noun Adjective Adverb;A1;ದಕ್ಷಿಣ
southern;Adjective;B1;ದಕ್ಷಿಣ
space;Noun;A1;ಬಾಹ್ಯಾಕಾಶ
speak;Verb;A1;ಮಾತನಾಡುತ್ತಾರೆ
speaker;Noun;A2;ಸ್ಪೀಕರ್
special;Adjective;A1;ವಿಶೇಷ
specialist;Noun Adjective;B2;ವಿಶೇಷ
species;Noun;B2;ಜಾತಿಯ
specific;Adjective;A2;ನಿರ್ದಿಷ್ಟ
specifically;Adverb;B1;ನಿರ್ದಿಷ್ಟವಾಗಿ
speech;Noun;A2;ಭಾಷಣ
speed;Noun, Verb;A2, B2;ವೇಗದ
spell;Verb;A1;ಕಾಗುಣಿತ
spelling;Noun;A1;ಕಾಗುಣಿತ
spend;Verb;A1;ಕಳೆಯಲು
spending;Noun;B1;ಖರ್ಚು
spicy;Adjective;B1;ಮಸಾಲೆ
spider;Noun;A2;ಜೇಡ
spirit;Noun;B1;ಸ್ಪಿರಿಟ್
spiritual;Adjective;B2;ಆಧ್ಯಾತ್ಮಿಕ
split;Verb Noun;B2;ಒಡಕು
spoken;Adjective;B1;ಮಾತನಾಡುವ
sponsor;Verb Noun;B2;ಪ್ರಾಯೋಜಕರು
spoon;Noun;A2;ಚಮಚ
sport;Noun;A1;ಕ್ರೀಡಾ
spot;Noun, Verb;B1, B2;ಸ್ಪಾಟ್
spread;Verb , Noun;B1, B2;ಹರಡುವಿಕೆ
spring;Noun, Verb;A1, B1;ವಸಂತ
square;Adjective Noun;A2;ಚದರ
stable;Adjective;B2;ಅಚಲವಾದ
stadium;Noun;B1;ಕ್ರೀಡಾಂಗಣ
staff;Noun;B1;ಸಿಬ್ಬಂದಿ
stage;Noun, Verb;A2, B2;ಹಂತ
stair;Noun;A2;ಮೆಟ್ಟಿಲು
stamp;Noun;A2;ಸ್ಟಾಂಪ್
stand;Verb , Noun;A1, B2;ನಿಂತು
standard;Noun Adjective;B1;ಪ್ರಮಾಣಿತ
star;Noun, Verb;A1, A2;ಸ್ಟಾರ್
stare;Verb;B2;ವೀಕ್ಷಿಸುವಂತೆ
start;Verb , Noun;A1, A2;ಆರಂಭ
state;Noun, Adjective , v;A2, B1;ರಾಜ್ಯದ
statement;Noun;A1;ಹೇಳಿಕೆ
station;Noun;A1;ನಿಲ್ದಾಣದ
statistic;Noun;B1;ಅಂಕಿ
statue;Noun;B1;ಪ್ರತಿಮೆಯ
status;Noun;B2;ಸ್ಥಿತಿ
stay;Verb , Noun;A1, A2;ವಾಸ್ತವ್ಯದ
steady;Adjective;B2;ಸ್ಥಿರ
steal;Verb;A2;ಕದಿಯಲು
steel;Noun;B2;ಉಕ್ಕಿನ
steep;Adjective;B2;ಕಡಿದಾದ
step;Noun, Verb;A2, B2;ಹಂತ
stick (push into/attach);Verb;B1;(ತಳ್ಳುವ / ಲಗತ್ತಿಸಿ) ಸ್ಟಿಕ್
stick (piece of wood);Noun;B1;ಸ್ಟಿಕ್ (ಮರದ ತುಂಡು)
sticky;Adjective;B2;ಜಿಗುಟಾದ
stiff;Adjective;B2;ತೀವ್ರ
still;Adverb , Adjective;A1, B1;ಇನ್ನೂ
stock;Noun;B2;ಸ್ಟಾಕ್
stomach;Noun;A2;ಹೊಟ್ಟೆಯ
stone;Noun;A2;ಕಲ್ಲು
stop;Verb Noun;A1;ಸ್ಟಾಪ್
store;Noun, Verb;A2, B1;ಅಂಗಡಿ
storm;Noun;A2;ಚಂಡಮಾರುತದ
story;Noun;A1;ಕಥೆ
straight;Adverb Adjective;A2;ನೇರ
strange;Adjective;A2;ವಿಚಿತ್ರ
stranger;Noun;B1;ಅಪರಿಚಿತ
strategy;Noun;A2;ತಂತ್ರ
stream;Noun;B2;ಸ್ಟ್ರೀಮ್
street;Noun;A1;ರಸ್ತೆಯಲ್ಲಿ
strength;Noun;B1;ಶಕ್ತಿ
stress;Noun Verb;A2;ಒತ್ತಡದ
stretch;Verb Noun;B2;ಸತತ
strict;Adjective;B2;ಕಠಿಣ
strike;Verb Noun;B2;ಮುಷ್ಕರ
string;Noun;B1;ಸ್ಟ್ರಿಂಗ್
strong;Adjective;A1;ಪ್ರಬಲ
strongly;Adverb;B1;ಬಲವಾಗಿ
structure;Noun, Verb;A2, B2;ರಚನೆ
struggle;Verb Noun;B2;ಹೋರಾಟ
student;Noun;A1;ವಿದ್ಯಾರ್ಥಿ
studio;Noun;B1;ಸ್ಟುಡಿಯೋ
study;Noun Verb;A1;ಅಧ್ಯಯನ
stuff;Noun, Verb;B1, B2;ವಿಷಯವನ್ನು
stupid;Adjective;A2;ಸ್ಟುಪಿಡ್
style;Noun;A1;ಶೈಲಿ
subject;Noun, Adjective;A1, B2;ವಿಷಯದ
submit;Verb;B2;ಸಲ್ಲಿಸು
substance;Noun;B1;ವಸ್ತುವಿನ
succeed;Verb;A2;ಯಶಸ್ಸು
success;Noun;A1;ಯಶಸ್ಸಿನ
successful;Adjective;A2;ಯಶಸ್ವಿ
successfully;Adverb;B1;ಯಶಸ್ವಿಯಾಗಿ
such;det./proNoun;A2;ಇಂತಹ
sudden;Adjective;B1;ಹಠಾತ್
suddenly;Adverb;A2;ಇದ್ದಕ್ಕಿದ್ದಂತೆ
suffer;Verb;B1;ಬಳಲುತ್ತಿದ್ದಾರೆ
sugar;Noun;A1;ಸಕ್ಕರೆ
suggest;Verb;A2;ಸೂಚಿಸುತ್ತದೆ
suggestion;Noun;A2;ಸಲಹೆ
suit;Noun, Verb;A2, B1;ಸೂಟ್
suitable;Adjective;B1;ಸೂಕ್ತ
sum;Noun Verb;B2;ಮೊತ್ತ
summarize;Verb;B1;ಸಾರಾಂಶ
summary;Noun;B1;ಸಾರಾಂಶ
summer;Noun;A1;ಬೇಸಿಗೆ
sun;Noun;A1;ಸೂರ್ಯನ
Sunday;Noun;A1;ಭಾನುವಾರ
supermarket;Noun;A1;ಸೂಪರ್ಮಾರ್ಕೆಟ್
supply;Noun Verb;B1;ಪೂರೈಕೆ
support;Verb Noun;A2;ಬೆಂಬಲ
supporter;Noun;B1;ಬೆಂಬಲಿಗರಾಗಿದ್ದರು
suppose;Verb;A2;ಊಹಿಸಿಕೊಳ್ಳಿ
sure;Adjective , Adverb;A1, A2;ಖಚಿತವಾಗಿ
surely;Adverb;B1;ಖಂಡಿತವಾಗಿ
surface;Noun;B1;ಮೇಲ್ಮೈ
surgery;Noun;B2;ಶಸ್ತ್ರಚಿಕಿತ್ಸೆ
surprise;Noun Verb;A2;ಅನಿರೀಕ್ಷಿತ
surprised;Adjective;A2;ಆಶ್ಚರ್ಯ
surprising;Adjective;A2;ಅಚ್ಚರಿ
surround;Verb;B2;ಸರೌಂಡ್
surrounding;Adjective;B2;ಸುತ್ತಮುತ್ತಲಿನ
survey;Noun, Verb;A2, B2;ಸಮೀಕ್ಷೆ
survive;Verb;B1;ಬದುಕಲು
suspect;Verb Noun;B2;ಶಂಕಿತ
swear;Verb;B2;ಪ್ರತಿಜ್ಞೆ
sweater;Noun;A1;ಸ್ವೆಟರ್
sweep;Verb;B2;ಉಜ್ಜುವಿಕೆಯ
sweet;Adjective Noun;A2;ಸಿಹಿ
swim;Verb , Noun;A1, B1;ಈಜು
swimming;Noun;A1;ಈಜು
switch;Verb , Noun;B1, B2;ಸ್ವಿಚ್
symbol;Noun;A2;ಚಿಹ್ನೆ
sympathy;Noun;B2;ಸಹಾನುಭೂತಿಯ
symptom;Noun;B1;ಲಕ್ಷಣ
system;Noun;A2;ವ್ಯವಸ್ಥೆಯ
table;Noun;A1;ಟೇಬಲ್
tablet;Noun;A2;ಟ್ಯಾಬ್ಲೆಟ್
tail;Noun;B1;ಬಾಲದ
take;Verb;A1;ತೆಗೆದುಕೊಳ್ಳಬಹುದು
tale;Noun;B2;ಕಥೆ
talent;Noun;B1;ಪ್ರತಿಭೆ
talented;Adjective;B1;ಪ್ರತಿಭಾವಂತ
talk;Verb , Noun;A1, A2;ಮಾತು
tall;Adjective;A1;ಎತ್ತರದ
tank;Noun;B2;ಟ್ಯಾಂಕ್
tape;Noun;B1;ಟೇಪ್
target;Noun, Verb;A2, B2;ಗುರಿ
task;Noun;A2;ಕಾರ್ಯ
taste;Noun Verb;A2;ರುಚಿ
tax;Noun Verb;B1;ತೆರಿಗೆ
taxi;Noun;A1;ಟ್ಯಾಕ್ಸಿ
tea;Noun;A1;ಟೀ
teach;Verb;A1;ಟೀಚ್
teacher;Noun;A1;ಶಿಕ್ಷಕ
teaching;Noun;A2;ಬೋಧನೆ
team;Noun;A1;ತಂಡದ
tear1;Verb Noun;B2;tear1
tear2;Noun;B2;tear2
technical;Adjective;B1;ತಾಂತ್ರಿಕ
technique;Noun;B1;ತಂತ್ರ
technology;Noun;A2;ತಂತ್ರಜ್ಞಾನ
teenage;Adjective;A2;ಹದಿಹರೆಯದ
teenager;Noun;A1;ಹದಿಹರೆಯದ
telephone;Noun Verb;A1;ದೂರವಾಣಿ
television;Noun;A1;ದೂರದರ್ಶನ
tell;Verb;A1;ಹೇಳಲು
temperature;Noun;A2;ತಾಪಮಾನ
temporary;Adjective;B2;ತಾತ್ಕಾಲಿಕ
ten;number;A1;ಹತ್ತು
tend;Verb;B1;ಒಲವು
tennis;Noun;A1;ಟೆನಿಸ್
tent;Noun;B1;ಡೇರೆ
term;Noun, Verb;A2, B2;ಪದವನ್ನು
terrible;Adjective;A1;ಭಯಾನಕ
test;Noun Verb;A1;ಟೆಸ್ಟ್
text;Noun, Verb;A1, A2;ಪಠ್ಯ
than;conj.;A1;ಹೆಚ್ಚು
thank;Verb;A1;ಧನ್ಯವಾದ
thanks;exclam. Noun;A1;ಧನ್ಯವಾದಗಳು
that;det. proNoun conj., Adverb;A1, B1;ಆ
the;definite article;A1;ದಿ
theatre;Noun;A1;ರಂಗಭೂಮಿ
their;det.;A1;ಅವರ
theirs;proNoun;B1;ಮೇಲು
them;proNoun;A1;ಅವರು
theme;Noun;B1;ಥೀಮ್
themselves;proNoun;A2;ತಮ್ಮನ್ನು
then;Adverb;A1;ನಂತರ
theory;Noun;B1;ಸಿದ್ಧಾಂತ
therapy;Noun;B2;ಚಿಕಿತ್ಸೆ
there;Adverb;A1;ಅಲ್ಲಿ
therefore;Adverb;B1;ಆದ್ದರಿಂದ
they;proNoun;A1;ಅವರು
thick;Adjective;A2;ದಪ್ಪ
thief;Noun;A2;ಕಳ್ಳ
thin;Adjective;A2;ತೆಳು
thing;Noun;A1;ವಿಷಯ
think;Verb;A1;ಭಾವಿಸುತ್ತೇನೆ
thinking;Noun;A2;ಆಲೋಚನೆ
third;number, Noun;A1, A2;ಮೂರನೇ
thirsty;Adjective;A1;ಬಾಯಾರಿದ
thirteen;number;A1;ಹದಿಮೂರು
thirty;number;A1;ಮೂವತ್ತು
this;det./proNoun, Adverb;A1, B1;ಈ
though;conj. Adverb;B1;ಆದರೂ
thought;Noun;A2;ವಿಚಾರ
thousand;number;A1;ಸಾವಿರ
threat;Noun;B2;ಬೆದರಿಕೆ
threaten;Verb;B2;ಬೆದರಿಕೆ
three;number;A1;ಮೂರು
throat;Noun;B1;ಗಂಟಲು
through;prep. Adverb;A1;ಮೂಲಕ
throughout;prep./Adverb;B1;ಉದ್ದಕ್ಕೂ
throw;Verb;A2;ಎಸೆಯಲು
Thursday;Noun;A1;ಗುರುವಾರ
thus;Adverb;B2;ಹೀಗೆ
ticket;Noun;A1;ಟಿಕೆಟ್
tidy;Adjective v;A2;ಅಚ್ಚುಕಟ್ಟಾದ
tie;Verb Noun;A2;ಕಟ್ಟು
tight;Adjective;B1;ಬಿಗಿಯಾದ
till;conj./prep.;B1;ತನಕ
time;Noun, Verb;A1, B2;ಸಮಯ
tin;Noun;B1;ತವರ
tiny;Adjective;B1;ಸಣ್ಣ
tip;Noun, Verb;A2, B1;ಸಲಹೆ
tired;Adjective;A1;ಸುಸ್ತಾಗಿ
title;Noun;A1, B2;ಶೀರ್ಷಿಕೆ
to;prep., infinitive marker;A1;ಗೆ
today;Adverb Noun;A1;ಇಂದು
toe;Noun;B1;ಟೋ
together;Adverb;A1;ಒಟ್ಟಾಗಿ
toilet;Noun;A1;ಟಾಯ್ಲೆಟ್
tomato;Noun;A1;ಟೊಮೆಟೊ
tomorrow;Adverb Noun;A1;ನಾಳೆ
tone;Noun;B2;ಟೋನ್
tongue;Noun;B1;ಭಾಷೆ
tonight;Adverb n;A1;ಟುನೈಟ್
too;Adverb;A1;ತುಂಬಾ
tool;Noun;A2;ಉಪಕರಣವನ್ನು
tooth;Noun;A1;ಹಲ್ಲು
top;Noun, Adjective;A2;ಟಾಪ್
topic;Noun;A1;ವಿಷಯ
total;Adjective Noun;B1;ಒಟ್ಟು
totally;Adverb;B1;ಸಂಪೂರ್ಣವಾಗಿ
touch;Verb , Noun;A2, B1;ಟಚ್
tough;Adjective;B2;ಕಠಿಣ
tour;Noun, Verb;A2, B1;ಪ್ರವಾಸ
tourism;Noun;A2;ಪ್ರವಾಸೋದ್ಯಮ
tourist;Noun;A1;ಪ್ರವಾಸಿ
towards;prep.;A2;ಕಡೆಗೆ
towel;Noun;A2;ಟವಲ್
tower;Noun;A2;ಗೋಪುರದ
town;Noun;A1;ಪಟ್ಟಣದ
toy;Noun, Adjective;A2;ಆಟಿಕೆ
track;Noun, Verb;A2, B2;ಟ್ರ್ಯಾಕ್
trade;Noun, Verb;B1;ವ್ಯಾಪಾರ
tradition;Noun;A2;ಸಂಪ್ರದಾಯದ
traditional;Adjective;A2;ಸಾಂಪ್ರದಾಯಿಕ
traffic;Noun;A1;ಸಂಚಾರ
train;Noun, Verb;A1, A2;ರೈಲು
trainer;Noun;A2;ತರಬೇತುದಾರ
training;Noun;A2;ತರಬೇತಿ
transfer;Verb Noun;B2;ವರ್ಗಾವಣೆ
transform;Verb;B2;ರೂಪಾಂತರ
transition;Noun;B2;ಪರಿವರ್ತನೆ
translate;Verb;B1;ಅನುವಾದಿಸು
translation;Noun;B1;ಅನುವಾದ
transport;Noun, Verb;A2, B1;ಸಾರಿಗೆ
travel;Verb Noun;A1;ಪ್ರಯಾಣ
traveller;Noun;A2;ಪ್ರವಾಸಿಗ
treat;Verb;B1;ಚಿಕಿತ್ಸೆ
treatment;Noun;B1;ಚಿಕಿತ್ಸೆ
tree;Noun;A1;ಮರ
trend;Noun;B1;ಪ್ರವೃತ್ತಿ
trial;Noun;B2;ಪ್ರಯೋಗ
trick;Noun Verb;B1;ಟ್ರಿಕ್
trip;Noun, Verb;A1, B2;ಪ್ರವಾಸ
tropical;Adjective;B2;ಉಷ್ಣವಲಯದ
trouble;Noun, Verb;A2, B2;ತೊಂದರೆ
trousers;Noun;A1;ಪ್ಯಾಂಟ್
truck;Noun;A2;ಟ್ರಕ್
TRUE;Adjective;A1;ಸರಿ
truly;Adverb;B2;ನಿಜವಾಗಿ
trust;Noun Verb;B2;ಟ್ರಸ್ಟ್
truth;Noun;B1;ಸತ್ಯ
try;Verb , Noun;A1, B2;ಪ್ರಯತ್ನಿಸಿ
T-shirt;Noun;A1;ಟಿ ಶರ್ಟ್
tube;Noun;B1;ಕೊಳವೆ
Tuesday;Noun;A1;ಮಂಗಳವಾರ
tune;Noun;B2;ರಾಗ
tunnel;Noun;B2;ಸುರಂಗ
turn;Verb Noun;A1;ಮಾಡಿ
TV;Noun;A1;ಟಿವಿ
twelve;number;A1;ಹನ್ನೆರಡು
twenty;number;A1;ಇಪ್ಪತ್ತು
twice;Adverb;A1;ಎರಡು ಬಾರಿ
twin;Noun Adjective;A2;ಅವಳಿ
two;number;A1;ಎರಡು
type;Noun, Verb;A1, B1;ಮಾದರಿ
typical;Adjective;A2;ವಿಶಿಷ್ಟ
typically;Adverb;B1;ಸಾಮಾನ್ಯವಾಗಿ
tyre;Noun;B1;ಟೈರ್
ugly;Adjective;B1;ಕೊಳಕು
ultimately;Adverb;B2;ಅಂತಿಮವಾಗಿ
umbrella;Noun;A1;ಛತ್ರಿ
unable;Adjective;B1;ಸಾಧ್ಯವಾಗುವುದಿಲ್ಲ
uncle;Noun;A1;ಮಾವ
uncomfortable;Adjective;B1;ಅಹಿತಕರ
unconscious;Adjective;B2;ಪ್ರಜ್ಞೆ
under;prep. Adj;A1;ಅಡಿಯಲ್ಲಿ
underground;Adjective Adverb;A2;ಭೂಗತ
understand;Verb;A1;ಅರ್ಥ
understanding;Noun;A2;ತಿಳುವಳಿಕೆ
underwear;Noun;B1;ಒಳ ಉಡುಪು
unemployed;Adjective;B1;ನಿರುದ್ಯೋಗಿಗಳಿಗೆ
unemployment;Noun;B1;ನಿರುದ್ಯೋಗ
unexpected;Adjective;B2;ಅನಿರೀಕ್ಷಿತ
unfair;Adjective;B1;ಅನ್ಯಾಯ
unfortunately;Adverb;A2;ದುರದೃಷ್ಟವಶಾತ್
unhappy;Adjective;A2;ಅತೃಪ್ತಿ
uniform;Noun;A2;ಸಮವಸ್ತ್ರದಲ್ಲಿ
union;Noun;B1;ಯೂನಿಯನ್
unique;Adjective;B2;ಅನನ್ಯ
unit;Noun;A2;ಘಟಕದ
united;Adjective;A2;ಯುನೈಟೆಡ್
universe;Noun;B2;ಬ್ರಹ್ಮಾಂಡದ
university;Noun;A1;ವಿಶ್ವವಿದ್ಯಾಲಯ
unknown;Adjective;B2;ಅಪರಿಚಿತ
unless;conj.;B1;ಹೊರತು
unlike;prep.;B1;ಭಿನ್ನವಾಗಿ
unlikely;Adjective;B1;ಸಾಧ್ಯತೆ
unnecessary;Adjective;B1;ಅನಗತ್ಯ
unpleasant;Adjective;B1;ಅಹಿತಕರ
until;conj./prep.;A1;ರವರೆಗೆ
unusual;Adjective;A2;ಅಸಾಮಾನ್ಯ
up;Adverb proNoun;A1;ಅಪ್
update;Verb Noun;B1;ಅಪ್ಡೇಟ್
upon;prep.;B1;ಮೇಲೆ
upper;Adjective;B2;ಮೇಲ್ಭಾಗದ
upset;Adjective v;B1;ಅಸಮಾಧಾನ
upstairs;Adverb , Adjective;A1, A2;ಮಹಡಿಯ
upwards;Adverb;B2;ಮೇಲಕ್ಕೆ
urban;Adjective;B2;ನಗರ
urge;Verb;B2;ಪ್ರಚೋದನೆಗಳ
us;proNoun;A1;ನಮಗೆ
use;Verb , Noun;A1, A2;ಬಳಕೆಯ
used;Adjective;B1;ಬಳಸಲಾಗುತ್ತದೆ
used to;modal Verb;A2;ಬಳಸಲಾಗುತ್ತದೆ
useful;Adjective;A1;ಉಪಯುಕ್ತ
user;Noun;A2;ಬಳಕೆದಾರ
usual;Adjective;A2;ಸಾಮಾನ್ಯ
usually;Adverb;A1;ಸಾಮಾನ್ಯವಾಗಿ
vacation;Noun;A1;ರಜೆ
valley;Noun;A2;ಕಣಿವೆಯ
valuable;Adjective;B1;ಬೆಲೆಬಾಳುವ
value;Noun, Verb;B1, B2;ಮೌಲ್ಯವನ್ನು
van;Noun;A2;ವ್ಯಾನ್
variety;Noun;A2;ವಿವಿಧ
various;Adjective;B1;ವಿವಿಧ
vary;Verb;B2;ಬದಲಾಗುತ್ತವೆ
vast;Adjective;B2;ವ್ಯಾಪಕ
vegetable;Noun;A1;ತರಕಾರಿ
vehicle;Noun;A2;ವಾಹನದ
venue;Noun;B2;ಸ್ಥಳದಲ್ಲಿದ್ದ
version;Noun;B1;ಆವೃತ್ತಿ
very;Adverb , Adjective;A1, B1;ಬಹಳ
via;prep.;B2;ಮೂಲಕ
victim;Noun;B1;ಬಲಿಯಾದ
victory;Noun;B2;ಗೆಲುವಿನ
video;Noun;A1;ವೀಡಿಯೊ
view;Noun, Verb;A2,;ನೋಟ
viewer;Noun;B1;ವೀಕ್ಷಕರ
village;Noun;A1;ಹಳ್ಳಿಯ
violence;Noun;B2;ಹಿಂಸಾಚಾರ
violent;Adjective;B1;ಹಿಂಸಾತ್ಮಕ
virtual;Adjective;B2;ವಾಸ್ತವ
virus;Noun;A2;ವೈರಸ್
vision;Noun;B2;ದೃಷ್ಟಿ
visit;Verb Noun;A1;ಭೇಟಿ
visitor;Noun;A1;ಭೇಟಿ
visual;Adjective;B2;ದೃಶ್ಯ
vital;Adjective;B2;ಪ್ರಮುಖ
vitamin;Noun;B2;ವಿಟಮಿನ್
voice;Noun;A2;ಧ್ವನಿ
volume;Noun;B2;ಪರಿಮಾಣ
volunteer;Noun Verb;B1;ಸ್ವಯಂಸೇವಕ
vote;Noun Verb;B1;ಮತ
wage;Noun;B2;ವೇತನ
wait;Verb , Noun;A1, A2;ಕಾಯುವಿಕೆ
waiter;Noun;A1;ಮಾಣಿ
wake;Verb;A1;ಹಿನ್ನೆಲೆಯಲ್ಲಿ
walk;Verb Noun;A1;ನಡೆಯಲು
wall;Noun;A1;ಗೋಡೆಯ
want;Verb;A1;ಬಯಸುವ
war;Noun;A2;ಯುದ್ಧದ
warm;Adjective , v;A1, B1;ಬೆಚ್ಚಗಿನ
warn;Verb;B1;ಎಚ್ಚರಿಕೆ
warning;Noun;B1;ಎಚ್ಚರಿಕೆ
wash;Verb , Noun;A1, A2;ವಾಶ್
washing;Noun;A2;ತೊಳೆಯುವ
waste;Noun v, Adjective;B1;ವ್ಯರ್ಥ
watch;Verb Noun;A1;ಗಡಿಯಾರ
water;Noun, Verb;A1, B1;ನೀರು
wave;Noun;A2, B1;ಅಲೆ
way;Noun;A1, B2;ರೀತಿಯಲ್ಲಿ
we;proNoun;A1;ನಾವು
weak;Adjective;A2;ದುರ್ಬಲ
weakness;Noun;B2;ದೌರ್ಬಲ್ಯ
wealth;Noun;B2;ಸಂಪತ್ತಿನ
wealthy;Adjective;B2;ಶ್ರೀಮಂತ
weapon;Noun;B1;ಶಸ್ತ್ರ
wear;Verb;A1;ಉಡುಗೆ
weather;Noun;A1;ಹವಾಮಾನ
web;Noun;A2;ವೆಬ್
website;Noun;A1;ಜಾಲತಾಣ
wedding;Noun;A2;ಮದುವೆ
Wednesday;Noun;A1;ಬುಧವಾರ
week;Noun;A1;ವಾರದ
weekend;Noun;A1;ವಾರಾಂತ್ಯದಲ್ಲಿ
weigh;Verb;B1;ತೂಕ
weight;Noun;A2;ತೂಕದ
welcome;exclam. Verb Adjective , n;A1, A2;ಸ್ವಾಗತಾರ್ಹ
well;Adverb , Adjective , exclam.;A1;ಚೆನ್ನಾಗಿ
west;Noun Adjective Adverb;A1;ಪಶ್ಚಿಮದಲ್ಲಿ
western;Adjective;B1;ಪಶ್ಚಿಮ
wet;Adjective;A2;ಒದ್ದೆ
what;proNoun/det.;A1;ಏನು
whatever;det./proNoun;B1;ಏನಾದರೂ
wheel;Noun;A2;ಚಕ್ರ
when;Adverb proNounconj.;A1;ಯಾವಾಗ
whenever;conj.;B1;ಬಂದ
where;Adverb conj.;A1;ಅಲ್ಲಿ
whereas;conj.;B2;ಆದರೆ
wherever;conj.;B2;ಎಲ್ಲೆಲ್ಲಿ
whether;conj.;B1;ಎಂಬುದನ್ನು
which;proNoun/det.;A1;ಇದು
while;conj., Noun;A2, B1;ಹಾಗೆಯೇ
whisper;Verb Noun;B2;ಪಿಸುಮಾತು
white;Adjective Noun;A1;ಬಿಳಿ
who;proNoun;A1;who
whole;Adjective , n;A2, B1;ಇಡೀ
whom;proNoun;B2;ಇವರಲ್ಲಿ
whose;det./proNoun;A2;ಅವರ
why;Adverb;A1;ಏಕೆ
wide;Adjective;A2;ವ್ಯಾಪಕ
widely;Adverb;B2;ವ್ಯಾಪಕವಾಗಿ
wife;Noun;A1;ಪತ್ನಿ
wild;Adjective;A2;ಕಾಡು
wildlife;Noun;B2;ವನ್ಯಜೀವಿ
will;modal, Noun Verb;A1,;ತಿನ್ನುವೆ
willing;Adjective;B2;ಸಿದ್ಧರಿದ್ದಾರೆ
win;Verb , Noun;A1, B1;ಗೆಲುವು
wind1;Noun;A2;wind1
wind2;Verb;B2;wind2
window;Noun;A1;ಕಿಟಕಿ
wine;Noun;A1;ವೈನ್
wing;Noun;B1;ವಿಂಗ್
winner;Noun;A2;ವಿಜೇತ
winter;Noun;A1;ಚಳಿಗಾಲದಲ್ಲಿ
wire;Noun;B2;ತಂತಿ
wise;Adjective;B2;ಬುದ್ಧಿವಂತ
wish;Verb Noun;A2;ಹಾರೈಕೆ
with;prep.;A1;ಜೊತೆ
within;prep.;B1;ಒ
without;prep.;A1;ಇಲ್ಲದೆ
witness;Noun Verb;B2;ಸಾಕ್ಷಿ
woman;Noun;A1;ಮಹಿಳೆ
wonder;Verb Noun;B1;ವಂಡರ್
wonderful;Adjective;A1;ಅದ್ಭುತ
wood;Noun;A2;ಮರದ
wooden;Adjective;A2;ಮರದ
wool;Noun;B1;ಉಣ್ಣೆ
word;Noun;A1;ಪದವನ್ನು
work;Verb Noun;A1;ಕೆಲಸದ
worker;Noun;A1;ಕಾರ್ಮಿಕ
working;Adjective;A2;ಕೆಲಸ
world;Noun;A1;ವಿಶ್ವದ
worldwide;Adjective Adverb;B1;ವಿಶ್ವಾದ್ಯಂತ
worried;Adjective;A2;ಚಿಂತೆ
worry;Verb Noun;A2, B1;ಚಿಂತೆ
worse;Adjective, AdVerb Noun;A2,B1, B2;ಕೆಟ್ಟದಾಗಿ
worst;Adjective, AdVerb;A2,B1, B2;ಕೆಟ್ಟ
worth;Adjective, Noun;B1, B2;ಮೌಲ್ಯದ
would;modal, Verb;A1;ವುಡ್
wound;Noun Verb;B2;ಗಾಯದ
wow;exclam.;A2;ಅದ್ಭುತ
wrap;Verv;B2;ಸುತ್ತು
write;Verb;A1;ಬರಹ
writer;Noun;A1;ಬರಹಗಾರ
writing;Noun;A1;ಬರವಣಿಗೆ
written;Adjective;B1;ಲಿಖಿತ
wrong;Adjective, AdVerb Noun;A1, B1, B2;ತಪ್ಪು
yard;Noun;B1;ಗಜ
yeah;exclam.;A1;ಹೌದು
year;Noun;A1;ವರ್ಷ
yellow;Adjective, Noun;A1;ಹಳದಿ
yes;exclam.;A1;ಹೌದು
yesterday;AdVerb Noun;A1;ನಿನ್ನೆ
yet;AdVerb conj.;A2, B2;ಇನ್ನೂ
you;proNoun;A1;ನೀವು
young;Adjective, Noun;A1, B1;ಯುವ
your;det.;A1;ನಿಮ್ಮ
yours;proNoun;A2;ನಿಮ್ಮ
yourself;proNoun;A1;ನಿಮ್ಮನ್ನು
youth;Noun;B1;ಯುವ ಜನ
zero;number;A2;ಶೂನ್ಯ
zone;Noun;B2;ವಲಯ
