a, an;indefinite, article;A1;А,
abandon;Verb;B2;откаже
ability;Noun;A2;способност
able;Adjective;A2;можност
about;prep. Adverb;A1;во врска со
above;prep. Adverb;A1;погоре
abroad;Adverb;A2;во странство
absolute;Adjective;B2;апсолутна
absolutely;Adverb;B1;Апсолутно
academic;adj, Noun;B1, B2;академска
accept;Verb;A2;прифати
acceptable;Adjective;B2;прифатлива
access;Noun Verb;B1;пристап
accident;Noun;A2;несреќа
accommodation;Noun;B1;сместување
accompany;Verb;B2;придружува
according to;prep.;A2;според
account;Noun Verb;B1, B2;сметка
accurate;Adjective;B2;точен
accuse;Verb;B2;обвинуваат
achieve;Verb;A2;постигне
achievement;Noun;B1;достигнување
acknowledge;Verb;B2;признаваат
acquire;Verb;B2;стекнуваат
across;prep. Adverb;A1;низ
act;Verb Noun;A2,B1;дејствува
action;Noun;A1;акција
active;Adjective;A2;активни
activity;Noun;A1;активност
actor;Noun;A1;актер
actress;Noun;A1;актерката
actual;Adjective;B2;вистински
actually;Adverb;A2;всушност,
ad;Noun;B1;реклама
adapt;Verb;B2;адаптираат
add;Verb;A1;додадете
addition;Noun;B1;Покрај тоа
additional;Adjective;B2;дополнителен
address;Noun Verb;A1,B2;адреса
administration;Noun;B2;администрација
admire;Verb;B1;восхитувам
admit;Verb;B1;Признавам
adopt;Verb;B2;донесе
adult;Noun adj;A1,A2;возрасни
Advance;Noun Verb adj;B2;однапред
Advanced;Adjective;B1;Напредно
Advantage;Noun;A2;предност
Adventure;Noun;A2;авантура
Advertise;Verb;A2;Реклами
Advertisement;Noun;A2;Маркетинг
Advertising;Noun;A2;Рекламирање
Advice;Noun Verb;A1, B1;совети
affair;Noun;B2;аферата
affect;Verb;A2;влијаат
afford;Verb;B1;да си дозволат
afraid;Adjective;A1;плаши
after;prep. conj. Adverb;A1,A2;по
afternoon;Noun;A1;попладне
afterwards;Adverb;B2;потоа
again;Adverb;A1;повторно
against;prep;A2;против
age;Noun Verb;A1, B1;возраст
aged;Adjective;B1;возраст
agency;Noun;B2;агенција
agenda;Noun;B2;агенда
agent;Noun;B1;агент
aggressive;Adjective;B2;агресивен
ago;Adverb;A1;пред
agree;Verb;A1;се согласувам
agreement;Noun;B1;договор
ah;exclam.;A2;ах
ahead;Adverb;B1;пред
aid;Noun Verb;B2;помош
aim;Verb Noun;B1;цел
air;Noun;A1;воздух
aircraft;Noun;B2;авиони
airline;Noun;A2;авиокомпанија
airport;Noun;A1;аеродром
alarm;Noun Verb;B1, B2;аларм
album;Noun;B1;албум
alcohol;Noun;B1;алкохол
alcoholic;Adjective;B1;алкохолни
alive;Adjective;A2;жив
all;det. pron, Adverb;A1, A2;сите
all right;Adjective, Adverb exclam;A2;во ред
allow;Verb;A2;дозволи
almost;Adverb;A2;за малку
alone;Adjective, Adverb;A2;сам
along;prep. Adverb;A2;заедно
already;Adverb;A2;веќе
also;Adverb;A1;исто така,
alter;Verb;B2;алтер
alternative;Noun Adjective;A2, B1;алтернатива
although;conj;A2;иако
always;Adverb;A1;секогаш
amazed;Adjective;B1;зачуден
amazing;Adjective;A1;неверојатно
ambition;Noun;B1;амбиција
ambitious;Adjective;B1;амбициозни
among;prep.;A2;меѓу
amount;Noun Verb;A2, B2;износ
analyse;Verb;B1;анализира
analysis;Noun;B1;анализа
ancient;Adjective;A2;антички
and;conj;A1;и
anger;Noun;B2;гнев
angle;Noun;B2;агол
angry;Adjective;A1;лути
animal;Noun;A1;животните
ankle;Noun;A2;глуждот
anniversary;Noun;B2;годишнината
announce;Verb;B1;објави
announcement;Noun;B1;најава
annoy;Verb;B1;одело на нерви
annoyed;Adjective;B1;караше
annoying;Adjective;B1;досаден
annual;Adjective;B2;годишен
another;det. proNoun;A1;друг
answer;Noun Verb;A1;одговорот
anxious;Adjective;B2;вознемирени
any;det. proNoun, Adverb;A1, A2;било
anybody;pron;A2;некој
any more;Adverb;A2;повеќе
anyone;pron;A1;некој
anything;pron;A1;било што
anyway;Adverb;A2;во секој случај
anywhere;AdVerb proNoun;A2;насекаде
apart;Adverb;B1;освен
apartment;Noun;A1;стан
apologize;Verb;B1;се извинувам
app;Noun;A2;стан
apparent;Adjective;B2;очигледен
apparently;Adverb;B2;очигледно
appeal;Noun Verb;B2;жалба
appear;Verb;A2;се појави
appearance;Noun;A2;изглед
apple;Noun;A1;јаболко
application;Noun;B1;апликација
apply;Verb;A2;се применуваат
appointment;Noun;B1;именување
appreciate;Verb;B1;цени
approach;Noun Verb;B2;приод
appropriate;Adjective;B2;присвои
approval;Noun;B2;одобрување
approve;Verb;B2;одобри
approximately;Adverb;B1;околу
April;Noun;A1;април
architect;Noun;A2;архитект
architecture;Noun;A2;архитектура
area;Noun;A1;област
argue;Verb;A2;тврдат
argument;Noun;A2;аргумент
arise;Verb;B2;произлезат
arm;Noun;A1;рака
armed;Adjective;B2;вооружени
arms;Noun;B2;оружје
army;Noun;A2;војска
around;prep. Adverb;A1;околу
arrange;Verb;A2;организира
arrangement;Noun;A2;уредување
arrest;Verb Noun;B1;уапсат
arrival;Noun;B1;пристигнување
arrive;Verb;A1;пристигнуваат
art;Noun;A1;уметност
article;Noun;A1;Член
artificial;Adjective;B2;вештачки
artist;Noun;A1;уметник
artistic;Adjective;B2;уметничка
as;prep., Adverb conj.;A1, A2;како
ashamed;Adjective;B2;срами
asleep;Adjective;A2;спие
ask;Verb;A1;побара
aspect;Noun;B2;аспект
assess;Verb;B2;оцени
assessment;Noun;B2;проценка
assignment;Noun;B1;доделување
assist;Verb;B1;помогне
assistant;Noun Adjective;A2;асистент
associate;Verb;B2;соработник
associated;Adjective;B2;поврзаните
association;Noun;B2;асоцијација
assume;Verb;B2;се претпостави
at;prep.;A1;на
athlete;Noun;A2;атлетичар
atmosphere;Noun;B1;атмосфера
attach;Verb;B1;закачите
attack;Noun Verb;A2;напад
attempt;Noun Verb;B2;пробаат
attend;Verb;A2;посетуваат
attention;Noun exclam.;A2;внимание
attitude;Noun;B1;став
attract;Verb;B1;привлекување на
attraction;Noun;B1;привлечност
attractive;Adjective;A2;атрактивна
audience;Noun;A2;публика
August;Noun;A1;август
aunt;Noun;A1;тетка
author;Noun;A2;автор
authority;Noun;B1;орган
autumn;Noun;A1;есен
available;Adjective;A2;достапен
average;Adjective, Noun Verb;A2, B1;просечната
avoid;Verb;A2;избегне
award;Noun Verb;A2, B1;доделување
aware;Adjective;B1;свесни
away;Adverb;A1;далеку
awful;Adjective;A2;Ужасно
baby;Noun;A1;бебе
back;Noun AdVerb Adjective, Verb;A1, A2, B2;назад
background;Noun;A2;позадина
backwards;Adverb;B1;наназад
bacteria;Noun;B2;бактерија
bad;Adjective;A1;лошо
badly;Adverb;A2;лошо
bag;Noun;A1;торба
bake;Verb;B1;се пече
balance;Noun Verb;B1;рамнотежа
ball;Noun;A1;топка
ban;Verb Noun;B1;забраната
banana;Noun;A1;банана
band;Noun;A1;бендот
bank (money);Noun;A1;банка (пари)
bank (river);Noun;B1;банка (река)
bar;Noun Verb;A2, B2;бар
barrier;Noun;B2;бариера
base;Noun Verb;B1;база
baseball;Noun;A2;безбол
based;Adjective;A2;врз основа
basketball;Noun;A2;кошарка
basic;Adjective;B1;основните
basically;Adverb;B2;во основа
basis;Noun;B1;основа
bath;Noun;A1;бања
bathroom;Noun;A1;бања
battery;Noun;B1;батерија
battle;Noun Verb;B1, B2;битка
be;Verb auxiliary Verb;A1;биде
beach;Noun;A1;плажа
bean;Noun;A2;грав
bear (deal with);Verb;B2;мечка (договор со)
bear (animal);Noun;A2;мечка (животно)
beat;Verb Noun;A2, B2;победи
beautiful;Adjective;A1;прекрасна
beauty;Noun;B1;убавина
because;conj.;A1;затоа што
become;Verb;A1;стане
bed;Noun;A1;кревет
bedroom;Noun;A1;спална соба
bee;Noun;B1;пчела
beef;Noun;A2;говедско месо
beer;Noun;A1;пиво
before;prep., conj. Adverb;A1, A2;пред
beg;Verb;B2;бег
begin;Verb;A1;започне
beginning;Noun;A1;почеток
behave;Verb;A2;се однесуваат
behaviour;Noun;A2;однесување
behind;prep. Adverb;A1;зад
being;Noun;B2;суштество
belief;Noun;B1;верување
believe;Verb;A1;верувам
bell;Noun;B1;Бел
belong;Verb;A2;припаѓаат
below;Adverb prep.;A1;подолу
belt;Noun;A2;појас
bend;Verb Noun;B1;наведнуваат
benefit;Verb NouNoun;A2, B1;корист
bent;Adjective;B2;свиткана
best;Adjective, AdVerb Noun;A1, A2;најдобар
bet;Verb Noun;B2;залог
better;Adjective , Adverb , Noun;A1, A2, B1;подобро
between;prep., Adverb;A1, A2;меѓу
beyond;prep. Adverb;B2;надвор
bicycle;Noun;A1;Велосипед
big;Adjective;A1;големо
bike;Noun;A1;велосипед
bill;Noun Verb;A1, B2;сметка
billion number; ;A2;милијарди број
bin;Noun;A2;Канта
biology;Noun;A2;биологија
bird;Noun;A1;птица
birth;Noun;A2;раѓање
birthday;Noun;A1;роденден
biscuit;Noun;A2;бисквит
bit;Noun;A2;малку
bite;Verb Noun;B1;залак
bitter;Adjective;B2;горчлив
black;Adjective, Noun;A1;црна
blame;Verb Noun;B2;Вина
blank;Adjective, Noun;A2;празно
blind;Adjective;B2;слепи
block;Noun Verb;B1;блок
blog;Noun;A1;блог
blonde;Adjective;A1;плавуша
blood;Noun;A2;крв
blow;Verb;A2;удар
blue;Adjective, Noun;A1;сина
board;Noun Verb;A2, B1;одбор
boat;Noun;A1;брод
body;Noun;A1;тело
boil;Verb;A2;вриење
bomb;Noun Verb;B1;бомба
bond;Noun;B2;врска
bone;Noun;A2;коска
book;Noun Verb;A1, A2;книга
boot;Noun;A1;подигање
border;Noun Verb;B1, B2;граница
bored;Adjective;A1;досадно
boring;Adjective;A1;досаден
born;Verb;A1;роден
borrow;Verb;A2;позајмуваат
boss;Noun;A2;шеф
both;det./proNoun;A1;и
bother;Verb;B1;мачат
bottle;Noun;A1;шише
bottom;NouNoun Adjective;A2;дното
bowl;Noun;A2;чинија
box;Noun;A1;кутија
boy;Noun;A1;момче
boyfriend;Noun;A1;момче
brain;Noun;A2;мозокот
branch;Noun;B1;гранка
brand;Noun Verb;B1;бренд
brave;Adjective;B1;храбар
bread;Noun;A1;леб
break;Verb Noun;A1;пауза
breakfast;Noun;A1;појадок
breast;Noun;B2;гради
breath;Noun;B1;здив
breathe;Verb;B1;дишат
breathing;Noun;B1;дишење
bride;Noun;B1;невестата
bridge;Noun;A2;мост
brief;Adjective;B2;Накратко
bright;Adjective;A2;светла
brilliant;Adjective;A2;брилијантен
bring;Verb;A1;донесе
broad;Adjective;B2;широк
broadcast;Verb Noun;B2;емитување
broken;Adjective;A2;скршени
brother;Noun;A1;брат
brown;Adjective, Noun;A1;Браун
brush;Verb Noun;A2;четка
bubble;Noun;B1;меур
budget;Noun;B2;буџет
build;Verb;A1;изгради
building;Noun;A1;зграда
bullet;Noun;B2;bullet
bunch;Noun;B2;Куп
burn;Verb Noun;A2, B2;горат
bury;Verb;B1;закопа
bus;Noun;A1;автобус
bush;Noun;B2;Буш
business;Noun;A1;бизнис
businessman;Noun;A2;бизнисмен
busy;Adjective;A1;зафатен
but;conj. prep;A1, B2;но
butter;Noun;A1;путер
button;Noun;A2;копче
buy;Verb;A1;купување
by;prep. Adverb;A1, B1;од
bye;exclam;A1;Чао
cable;Noun;B2;кабел
cafe;Noun;A1;кафе
cake;Noun;A1;торта
calculate;Verb;B2;Пресметај
call;Verb Noun;A1;повик
calm;Adjective Verb Noun;B1;смиреност
camera;Noun;A1;камера
camp;Noun Verb;A2;камп
campaign;Noun Verb;B1;кампања
camping;Noun;A2;кампување
campus;Noun;B1;кампусот
can1;modal Verb;A1;can1
can2;Noun;A2;can2
cancel;Verb;B2;откажете
cancer;Noun;B2;рак
candidate;Noun;B1;кандидат
cannot;Verb;A1;не може
cap;Noun;B1;капа
capable;Adjective;B2;способни
capacity;Noun;B2;капацитет
capital;Noun Adjective;A1;капитал
captain;Noun;B1;капетан
capture;Verb Noun;B2;фаќање
car;Noun;A1;автомобил
card;Noun;A1;картичка
care;Noun Verb;A2;нега
career;Noun;A1;кариера
careful;Adjective;A2;внимателни
carefully;Adverb;A2;внимателно
careless;Adjective;B1;безгрижни
carpet;Noun;A2;тепих
carrot;Noun;A1;морков
carry;Verb;A1;носење
cartoon;Noun;A2;цртан филм
case;Noun;A2;случај
cash;Noun;A2;пари
cast;Noun Verb;B2;леано
castle;Noun;A2;замокот
cat;Noun;A1;мачка
catch;Verb Noun;A2, B2;фати
category;Noun;B1;категорија
cause;Noun Verb;A2;причина
CD;Noun;A1;CD
ceiling;Noun;B1;таванот
celebrate;Verb;A2;прослават
celebration;Noun;B1;прославата
celebrity;Noun;A2;славна личност
cell;Noun;B2;мобилен
cent;Noun;A1;проценти
central;Adjective;B1;централните
centre;Noun Verb;A1, B1;центар
century;Noun;A1;век
ceremony;Noun;B1;церемонијата
certain;Adjective;A2;одредени
certainly;Adverb;A2;секако,
chain;Noun Verb;B1, B2;синџирот на
chair;Noun Verb;A1, B2;стол
chairman;Noun;B2;претседател
challenge;Noun Verb;B1, B2;предизвик
champion;Noun;B1;шампион
chance;Noun;A2;можност
change;Verb Noun;A1;промена
channel;Noun;B1;задржани
chapter;Noun;B1;поглавје
character;Noun;A2;карактер
characteristic;Noun Adjective;B2;карактеристика
charge;Noun Verb;B1;полнење
charity;Noun;A2;добротворни цели
chart;Noun Verb;A1, B2;шема
chat;Verb Noun;A2;разговор
cheap;Adjective , Adverb;A1, B1;евтини
cheat;Verb Noun;B1;измамник
check;Verb Noun;A1, A2;проверете
chef;Noun;A2;готвач
cheerful;Adjective;B1;весели
cheese;Noun;A1;сирење
chemical;Adjective, Noun;B1;хемиски
chemistry;Noun;A2;хемија
chest;Noun;B1;градите
chicken;Noun;A1;пилешко
chief;Adjective, Noun;B2;главен
child;Noun;A1;дете
childhood;Noun;B1;детството
chip;Noun;A2;чип
chocolate;Noun;A1;чоколадо
choice;Noun;A2;избор
choose;Verb;A1;изберете
church;Noun;A2;црквата
cigarette;Noun;A2;цигари
cinema;Noun;A1;кино
circle;Noun Verb;A2;круг
circumstance;Noun;B2;околност
cite;Verb;B2;цитираат
citizen;Noun;B2;граѓанин
city;Noun;A1;градот
civil;Adjective;B2;граѓанското
claim;Verb Noun;B1;патентното барање
class;Noun;A1;класа
classic;Adjective, Noun;B2;класичен
classical;Adjective;A2;класична
classroom;Noun;A1;училница
clause;Noun;B1;клаузула
clean;Adjective, Verb;A1;чиста
clear;Adjective, Verb;A2, B1;јасно
clearly;Adverb;A2;јасно
clever;Adjective;A2;умен
click;Verb Noun;B1;клик
client;Noun;B1;клиентот
climate;Noun;A2;климата
climb;Verb Noun;A1, B1;се искачи
clock;Noun;A1;часовник
close1;Verb Noun;A1, B2;close1
close2;Adjective , Adverb;A2, B1;close2
closed;Adjective;A2;затворен
closely;Adverb;B2;тесно
cloth;Noun;B1;крпа
clothes;Noun;A1;алишта
clothing;Noun;A2;облека
cloud;Noun;A2;облак
club;Noun;A1;клуб
clue;Noun;B1;поим
coach;Noun Verb;A2, B1;тренерот
coal;Noun;B1;јаглен
coast;Noun;A2;брег
coat;Noun;A1;Палто
code;Noun;A2;код
coffee;Noun;A1;кафе
coin;Noun;B1;монета
cold;Adjective Noun;A1;ладно
collapse;Verb Noun;B2;колапс
colleague;Noun;A2;колега
collect;Verb;A2;Собери
collection;Noun;B1;собирање
college;Noun;A1;колеџ
colour;Noun;A1;боја
coloured;Adjective;B1;боја
column;Noun;A2;колона
combination;Noun;B2;комбинација
combine;Verb;B1;комбинираат
come;Verb;A1;се
comedy;Noun;A2;комедија
comfort;Noun Verb;B2;удобност
comfortable;Adjective;A2;удобно
command;Noun Verb;B2;команда
comment;Noun Verb;A2, B1;коментар
commercial;Adjective Noun;B1;комерцијални
commission;Noun Verb;B2;Комисијата
commit;Verb;B1;заложат
commitment;Noun;B2;посветеност
committee;Noun;B2;Комитетот
common;Adjective Noun;A1;заеднички
commonly;Adverb;B2;најчесто
communicate;Verb;A2;комуницираат
communication;Noun;B1;комуникација
community;Noun;A2;заедница
company;Noun;A1;компанијата
compare;Verb;A1;споредба на
comparison;Noun;B1;споредба
compete;Verb;A2;натпреваруваат
competition;Noun;A2;конкуренцијата
competitor;Noun;B1;конкурент
competitive;Adjective;B1;конкурентна
complain;Verb;A2;се жалат
complaint;Noun;B1;жалба
complete;Adjective Verb;A1;заврши
completely;Adverb;A2;целосно
complex;Adjective, Noun;B1, B2;комплекс
complicated;Adjective;B2;комплицирана
component;Noun;B2;компонента
computer;Noun;A1;компјутер
concentrate;Verb;B1;концентрат
concentration;Noun;B2;концентрација
concept;Noun;B2;концептот
concern;Noun Verb;B2;загриженост
concerned;Adjective;B2;засегнатата
concert;Noun;A1;концерт
conclude;Verb;B1;заклучиме
conclusion;Noun;B1;заклучок
condition;Noun;A2;состојба
conduct;Verb Noun;B2;однесување
conference;Noun;A2;конференција
confidence;Noun;B2;доверба
confident;Adjective;B1;уверени
confirm;Verb;B1;потврди
conflict;Noun Verb;B2;конфликт
confuse;Verb;B1;збуни
confused;Adjective;B1;збунети
confusing;Adjective;B2;збунувачки
connect;Verb;A2;Поврзете се
connected;Adjective;A2;поврзани
connection;Noun;B1;врска
conscious;Adjective;B2;свесно
consequence;Noun;B1;последица
conservative;Adjective, Noun;B2;конзервативната
consider;Verb;A2;да се разгледа
consideration;Noun;B2;разгледување
consist;Verb;B1;состојат
consistent;Adjective;B2;согласност
constant;Adjective;B2;постојан
constantly;Adverb;B2;постојано
construct;Verb;B2;конструкт
construction;Noun;B2;градба
consume;Verb;B1;консумираат
consumer;Noun;B1;потрошувачите
contact;Noun Verb;B1;контакт
contain;Verb;A2;содржи
container;Noun;B1;контејнер
contemporary;Adjective;B2;современ
content;Noun;B1;содржина
contest;Noun Verb;B2;натпревар
context;Noun;A2;контекст
continent;Noun;A2;континент
continue;Verb;A2;продолжи
continuous;Adjective;B1;континуирано
contract;Noun Verb;B2;договор
contrast;Noun Verb;B1;Спротивно
contribute;Verb;B2;придонесе
contribution;Noun;B2;придонес
control;Noun Verb;A2;контрола
convenient;Adjective;B1;Погодно
conversation;Noun;A1;разговор
convert;Verb;B2;Претвори
convince;Verb;B1;убеди
convinced;Adjective;B2;убедени
cook;Verb Noun;A1, A2;готви
cooker;Noun;A2;шпорет
cooking;Noun;A1;готвење
cool;Adjective, Verb;A1, B1;кул
copy;Noun Verb;A2;копија
core;Noun Adjective;B2;основни
corner;Noun;A2;агол
corporate;Adjective;B2;корпоративни
correct;Adjective Verb;A1;точни
correctly;Adverb;A2;правилно
cost;Noun Verb;A1;цена
costume;Noun;B1;костимот
cottage;Noun;B1;куќа
cotton;Noun;B1;памук
could;Verb;A1;би можел
council;Noun;B2;совет
count;Verb Noun;A2, B1;брои
country;Noun;A1;земја
countryside;Noun;B1;село
county;Noun;B2;округот
couple;Noun;A2;неколку
courage;Noun;B2;храброст
course;Noun;A1;курс
court;Noun;B1;судот
cousin;Noun;A1;братучед
cover;Verb Noun;A2, B1;капак
covered;Adjective;B1;опфатени
cow;Noun;A1;крава
crash;Noun Verb;B2;несреќа
crazy;Adjective;A2;луди
cream;Noun Adjective;A1, B1;крем
create;Verb;A1;создаде
creation;Noun;B2;создавање
creative;Adjective;A2;креативни
creature;Noun;B2;суштество
credit;Noun Verb;A2, B2;кредит
crew;Noun;B2;екипажот
crime;Noun;A2;криминал
criminal;Noun Adjective;A2, B1;кривичната
crisis;Noun;B2;криза
criterion;Noun;B2;критериуми
critic;Noun;B2;критичар
critical;Adjective;B2;критична
criticism;Noun;B2;критика
criticize;Verb;B2;критикуваат
crop;Noun;B2;култура
cross;Verb Noun;A2;крос
crowd;Noun;A2;толпата
crowded;Adjective;A2;преполн
crucial;Adjective;B2;клучно
cruel;Adjective;B1;сурово
cry;Verb Noun;A2, B2;крик
cultural;Adjective;B1;културни
culture;Noun;A1;култура
cup;Noun;A1;чаша
cupboard;Noun;A2;шкаф
cure;Verb Noun;B2;лек
curly;Adjective;A2;кадрава
currency;Noun;B1;валута
current;Adjective, Noun;B1, B2;сегашната
currently;Adverb;B1;моментално
curtain;Noun;B1;завеса
curve;Noun Verb;B2;кривина
curved;Adjective;B2;криви
custom;Noun;B1;обичај
customer;Noun;A1;клиентите
cut;Verb , Noun;A1, B1;намалување
cycle;Noun Verb;A2, B1;циклус
dad;Noun;A1;татко
daily;Adjective, Adverb;A2, B1;дневно
damage;Noun Verb;B1;штета
dance;Noun Verb;A1;танц
dancer;Noun;A1;танцувач
dancing;Noun;A1;танцување
danger;Noun;A2;опасност
dangerous;Adjective;A1;опасни
dark;Adjective, Noun;A1, A2;темно
data;Noun;A2;податоци
date;Noun Verb;A1, B2;датум
daughter;Noun;A1;ќерка
day;Noun;A1;ден
dead;Adjective;A2;мртви
deal;Verb Noun;A2, B1;договор
dear;Adjective, exclam;A1, A2;мил
death;Noun;A2;смрт
debate;Noun Verb;B2;дебата
debt;Noun;B2;долг
decade;Noun;B1;декада
December;Noun;A1;декември
decent;Adjective;B2;пристоен
decide;Verb;A1;одлучи
decision;Noun;A2;одлука
declare;Verb;B2;Означениот
decline;Verb Noun;B2;пад
decorate;Verb;B1;Украсете
decoration;Noun;B2;декорација
decrease;Verb Noun;B2;намалување
deep;Adjective, Adverb;A2, B1;длабоко
deeply;Adverb;B2;длабоко
defeat;Verb Noun;B2;поразот
defence;Noun;B2;одбрана
defend;Verb;B2;брани
define;Verb;B1;Дефинирај
definite;Adjective;B1;дефинитивен
definitely;Adverb;A2;дефинитивно
definition;Noun;B1;дефиниција
degree;Noun;A2;степен
delay;Verb Noun;B2;задоцнување
deliberate;Adjective;B2;разгледување
deliberately;Adverb;B2;намерно
delicious;Adjective;A1;вкусни
delight;Verb Noun;B2;задоволство
delighted;Adjective;B2;воодушевен
deliver;Verb;B1;избави
delivery;Noun;B2;испорака
demand;Noun Verb;B2;побарувачката
demonstrate;Verb;B2;демонстрираат
dentist;Noun;A2;стоматолог
deny;Verb;B2;одрече
department;Noun;A2;оддел
departure;Noun;B1;заминување
depend;Verb;A2;зависи
depressed;Adjective;B2;депресија
depressing;Adjective;B2;депресивно
depth;Noun;B2;длабочина
describe;Verb;A1;опише
description;Noun;A1;опис
desert;Noun Verb;A2, B2;пустината
deserve;Verb;B2;заслужуваат
design;Noun Verb;A1;дизајн
designer;Noun;A2;дизајнер
desire;Noun Verb;B2;желба
desk;Noun;A1;маса
desperate;Adjective;B2;очајни
despite;prep;B1;и покрај
destination;Noun;B1;дестинација
destroy;Verb;A2;уништи
detail;Noun Verb;A1, B2;детали
detailed;Adjective;B2;детални
detect;Verb;B2;откривање
detective;Noun;A2;детектив
determine;Verb;B1;се утврди
determined;Adjective;B1;одлучен
develop;Verb;A2;развој на
development;Noun;B1;развој
device;Noun;A2;уред
diagram;Noun;B1;Дијаграм
dialogue;Noun;A1;дијалог
diamond;Noun;B1;дијамант
diary;Noun;A2;дневник
dictionary;Noun;A1;речникот
die;Verb;A1;умре
diet;Noun;A1;исхрана
difference;Noun;A1;разликата
different;Adjective;A1;различни
differently;Adverb;A2;поинаку
difficult;Adjective;A1;тешко
difficulty;Noun;B1;тежина
dig;Verb;B2;копа
digital;Adjective;A2;дигитални
dinner;Noun;A1;вечера
direct;Adjective, Verb Adverb;A2, B1;директна
direction;Noun;A2;насока
directly;Adverb;B1;директно
director;Noun;A2;директор
dirt;Noun;B1;нечистотија
dirty;Adjective;A1;валкани
Dis Adverbantage;Noun;B1;дис Adverbantage
disagree;Verb;A2;не се согласуваат
disappear;Verb;A2;исчезне
disappointed;Adjective;B1;разочарани
disappointing;Adjective;B1;разочарувачки
disaster;Noun;A2;катастрофа
disc;Noun;B2;диск
discipline;Noun;B2;дисциплина
discount;Noun Verb;B1, B2;попуст
discover;Verb;A2;Откријте
discovery;Noun;A2;откритието
discuss;Verb;A1;разговараат
discussion;Noun;A2;дискусија
disease;Noun;A2;болест
dish;Noun;A1;антена
dishonest;Adjective;B2;нечесни
dislike;Verb Noun;B1;не им се допаѓаат
dismiss;Verb;B2;разрешува
display;Verb Noun;B2;дисплеј
distance;Noun;A2;далечина
distribute;Verb;B2;дистрибуција
distribution;Noun;B2;дистрибуција
district;Noun;B2;област
divide;Verb Noun;B1, B2;подели
division;Noun;B2;поделба
divorced;Adjective;A2;разведен
do;Verb auxiliary verb;A1;направи
doctor;Noun;A1;доктор
document;Noun Verb;A2, B2;документ
documentary;Noun;B1;документарен филм
dog;Noun;A1;куче
dollar;Noun;A1;долар
domestic;Adjective;B2;домашните
dominate;Verb;B2;доминираат
donate;Verb;B1;донираат
door;Noun;A1;врата
double;Adjective det. proNoun Verb , Adverb;A2, B1;двојно
doubt;Noun Verb;B1;сомнеж
down;Adverb Prep;A1;надолу
download;Verb Noun;A2;Превземи
downstairs;Adverb , Adjective;A1, A2;долу
downwards;Adverb;B2;надолу
dozen;Noun det;B2;десетина
draft;Noun Verb;B2;предлог
drag;Verb;B2;drag
drama;Noun;A2;драма
dramatic;Adjective;B2;драматична
draw;Verb;A1;подготви
drawing;Noun;A2;цртање
dream;Noun Verb;A2;сон
dress;Noun Verb;A1;фустан
dressed;Adjective;B1;облечена
drink;Noun Verb;A1;пијалок
drive;Verb Noun;A1, A2;возење
driver;Noun;A1;возачот
driving;Noun;A2;возење
drop;Verb Noun;A2, B1;капка
drug;Noun;A2;дрога
drum;Noun;B1;барабан
drunk;Adjective;B1;пијан
dry;Adjective, Verb;A2;сува
due;Adjective;B1;поради
during;prep;A1;време
dust;Noun;B1;прашина
duty;Noun;B1;должност
DVD;Noun;A1;DVD
each;det./proNoun/Adverb;A1;секој
ear;Noun;A1;уво
early;Adjective Adverb;A1;почетокот
earn;Verb;A2;заработи
earth;Noun;A2;земјата
earthquake;Noun;B1;земјотрес
easily;Adverb;A2;лесно
east;Noun Adjective Adverb;A1;исток
eastern;Adjective;B1;источна
easy;Adjective;A1;лесно
eat;Verb;A1;јадат
economic;Adjective;B1;економски
economy;Noun;B1;економија
edge;Noun;B1;работ
edit;Verb;B2;Уредување
edition;Noun;B2;издание
editor;Noun;B1;уредник
educate;Verb;B1;едуцираат
educated;Adjective;B1;образовани
education;Noun;A2;образование
educational;Adjective;B1;образовни
effect;Noun;A2;ефект
effective;Adjective;B1;ефикасен
effectively;Adverb;B1;ефикасно
efficient;Adjective;B2;ефикасен
effort;Noun;B1;напор
egg;Noun;A1;јајце
eight;number;A1;осум
eighteen;number;A1;осумнаесет
eighty;number;A1;осумдесет
either;det./proNoun Adverb;A2;или
elderly;Adjective;B2;стари лица
elect;Verb;B2;новоизбраниот
election;Noun;B1;избори
electric;Adjective;A2;електрични
electrical;Adjective;A2;електрични
electricity;Noun;A2;електрична енергија
electronic;Adjective;A2;електронски
element;Noun;B1;елемент
elephant;Noun;A1;слон
eleven;number;A1;единаесет
else;Adverb;A1;на друго место
elsewhere;Adverb;B2;на друго место
email;Noun Verb;A1;Е-
embarrassed;Adjective;B1;засрамени
embarrassing;Adjective;B1;засрамувачки
emerge;Verb;B2;се појави
emergency;Noun;B1;за итни случаи
emotion;Noun;B1;емоции
emotional;Adjective;B2;емоционална
emphasis;Noun;B2;акцентот
emphasize;Verb;B2;нагласи
employ;Verb;A2;вработуваат
employee;Noun;A2;вработен
employer;Noun;A2;работодавачот
employment;Noun;B1;вработување
empty;Adjective, Verb;A2, B1;испразните
enable;Verb;B2;овозможи
encounter;Verb Noun;B2;средба
encourage;Verb;B1;охрабри
end;Noun Verb;A1;крајот
ending;Noun;A2;завршувајќи
enemy;Noun;B1;непријател
energy;Noun;A2;енергија
engage;Verb;B2;се вклучат
engaged;Adjective;B1;верен
engine;Noun;A2;моторот
engineer;Noun;A2;инженер
engineering;Noun;B1;инженеринг
enhance;Verb;B2;подобрување на
enjoy;Verb;A1;уживаат
enormous;Adjective;A2;огромен
enough;det. proNoun Adverb;A1;доволно
enquiry;Noun;B2;пребарување
ensure;Verb;B2;обезбеди
enter;Verb;A2;внесете
entertain;Verb;B1;забавува
entertainment;Noun;B1;забава
enthusiasm;Noun;B2;ентузијазам
enthusiastic;Adjective;B2;ентузијастички
entire;Adjective;B2;целиот
entirely;Adverb;B2;целосно
entrance;Noun;B1;влезот
entry;Noun;B1;влез
environment;Noun;A2;животната средина
environmental;Adjective;B1;животната средина
episode;Noun;B1;епизода
equal;Adjective, Verb Noun;B1, B2;еднакви
equally;Adverb;B1;подеднакво
equipment;Noun;A2;опрема
error;Noun;A2;грешка
escape;Verb Noun;B1;избега
especially;Adverb;A2;особено
essay;Noun;A2;есеј
essential;Adjective;B1;од суштинско значење
establish;Verb;B2;воспостави
estate;Noun;B2;имот
estimate;Verb Noun;B2;проценка
ethical;Adjective;B2;етичките
euro;Noun;A1;евра
evaluate;Verb;B2;оцени
even;AdVerb Adjective;A1, B2;дури и
evening;Noun;A1;вечер
event;Noun;A1;настанот
eventually;Adverb;B1;на крајот
ever;Adverb;A1;некогаш
every;det;A1;секој
everybody;proNoun;A1;сите
everyday;Adjective;A2;секој ден
everyone;proNoun;A1;сите
everything;proNoun;A1;сè што
everywhere;Adverb;A2;насекаде
evidence;Noun;A2;доказ
evil;Adjective, Noun;B2;зло
exact;Adjective;A2;точниот
exactly;Adverb;A2;точно
exam;Noun;A1;испит
examination;Noun;B2;испитување
examine;Verb;B1;испитува
example;Noun;A1;пример
excellent;Adjective;A2;одлично
except;prep, conj;A2, B1;освен
exchange;Noun Verb;B1;размена
excited;Adjective;A1;возбуден
excitement;Noun;B1;возбуда
exciting;Adjective;A1;возбудливи
excuse;Noun Verb;B2;оправдување
executive;Noun Adjective;B2;извршниот
exercise;Noun Verb;A1;вежба
exhibition;Noun;B1;изложбата
exist;Verb;A2;егзистираат
existence;Noun;B2;постоење
expand;Verb;B1;проширување
expect;Verb;A2;очекуваме
expectation;Noun;B2;очекување
expected;Adjective;B1;се очекува
expedition;Noun;B1;експедицијата
expense;Noun;B2;сметка
expensive;Adjective;A1;скапи
experience;Noun Verb;A2, B1;Искуство
experienced;Adjective;B1;искусен
experiment;Noun Verb;A2, B1;експеримент
expert;Noun Adjective;A2;експерт
explain;Verb;A1;објасни
explanation;Noun;A2;објаснување
explode;Verb;B1;експлодираат
exploration;Noun;B2;истражување
explore;Verb;B1;Истражува
explosion;Noun;B1;експлозија
export;Noun Verb;B1;извоз
expose;Verb;B2;изложувајте
express;Verb;A2;Експрес
expression;Noun;A2;изразување
extend;Verb;B2;се прошири
extent;Noun;B2;степен
external;Adjective;B2;надворешен
extra;Adjective, Noun Adverb;A1, B1;дополнителен
extraordinary;Adjective;B2;вонредна
extreme;Adjective, Noun;A2, B2;екстремни
extremely;Adverb;A2;многу
eye;Noun;A1;око
face;Noun Verb;A1, B1;лице
facility;Noun;B2;објект
fact;Noun;A1;факт
factor;Noun;A2;фактор
factory;Noun;A2;фабрика
fail;Verb;A2;не успеаја
failure;Noun;B2;неуспех
fair;Adjective;A2;фер
fairly;Adverb;B1;доста
faith;Noun;B2;вера
fall;Verb Noun;A1, A2;падне
FALSE;Adjective;A1;НЕТОЧНО
familiar;Adjective;B1;запознаени
family;Noun Adjective;A1;семејство
famous;Adjective;A1;познат
fan;Noun;A2;вентилатор
fancy;Verb Adjective;B1;фенси
fantastic;Adjective;A1;фантастична
far;Adverb , Adjective;A1, B1;досега
farm;Noun Verb;A1, A2;фарма
farmer;Noun;A1;земјоделец
farming;Noun;A2;земјоделство
fascinating;Adjective;B1;фасцинантна
fashion;Noun;A2;мода
fashionable;Adjective;B1;мода
fast;Adjective, Adverb;A1;брзо
fasten;Verb;B1;Прицврстете
fat;Adjective, Noun;A1, A2;масти
father;Noun;A1;татко
fault;Noun;B2;вина
favour;Noun Verb;B1, B2;корист
favourite;Adjective, Noun;A1;омилен
fear;Noun Verb;A2, B1;страв
feather;Noun;B2;пердув
feature;Noun Verb;A2, B1;функција
February;Noun;A1;февруари
fee;Noun;B2;надомест
feed;Verb Noun;A2, B2;feed
feedback;Noun;B2;повратни информации
feel;Verb Noun;A1, B2;се чувствуваат
feeling;Noun;A1;чувство
fellow;Adjective;B2;колеги
female;Adjective, Noun;A2;женски
fence;Noun;B1;ограда
festival;Noun;A1;фестивал
few;det./Adjective, proNoun;A1;неколку
fiction;Noun;A2;фикција
field;Noun;A2;Поле
fifteen;number;A1;петнаесет
fifth;number;A1;петти
fifty;number;A1;педесет
fight;Verb Noun;A2;борбата
fighting;Noun;B1;борби
figure;Noun Verb;A2, B2;слика
file;Noun Verb;B1, B2;датотека
fill;Verb;A1;пополни
film;Noun Verb;A1, A2;филм
final;Adjective, Noun;A1, A2;завршно
finally;Adverb;A2;конечно
finance;Noun Verb;B2;финансии
financial;Adjective;B1;финансиски
find;Verb;A1;најдете
finding;Noun;B2;наод
fine;Adjective;A1;парична казна
finger;Noun;A2;прст
finish;Verb Noun;A1, A2;финиш
fire;Noun Verb;A1, B1;оган
firm;Noun;B2;фирма
first;det./number.AdVerb Noun;A1, A2;првиот
firstly;Adverb;A2;прво
fish;Noun Verb;A1, A2;Риба
fishing;Noun;A2;риболов
fit;Verb Adjective;A2;се вклопуваат
fitness;Noun;B1;фитнес
five;number;A1;пет
fix;Verb Noun;A2, B2;фикс
fixed;Adjective;B1;фиксна
flag;Noun;B1;знаме
flame;Noun;B2;пламен
flash;Noun Verb;B2;флеш
flat;Noun Adjective;A1, A2;рамен
flexible;Adjective;B2;флексибилен
flight;Noun;A1;летот
float;Verb;B2;плови
flood;Noun Verb;B1;поплави
floor;Noun;A1;кат
flour;Noun;B1;брашно
flow;Verb Noun;B1;проток
flower;Noun;A1;цвеќе
flu;Noun;A2;грип
fly;Verb Noun;A1, A2;летаат
flying;Noun Adjective;A2;летање
focus;Verb Noun;A2;фокус
fold;Verb Noun;B1, B2;пати
folding;Adjective;B2;преклопен
folk;Noun Adjective;B1;народната
follow;Verb;A1;следат
following;Adjective, Noun prep;A2, B1, B2;следниве
food;Noun;A1;храна
foot;Noun;A1;нога
football;Noun;A1;фудбал
for;prep.;A1;за
force;NounVerb;B1;сила
foreign;Adjective;A2;странски
forest;Noun;A2;шума
forever;Adverb;B1;засекогаш
forget;Verb;A1;заборави
forgive;Verb;B2;прости
fork;Noun;A2;вилушка
form;NounVerb;A1;форма
formal;Adjective;A2;формални
former;Adjective;B2;поранешниот
fortunately;Adverb;A2;среќа
fortune;Noun;B2;богатство
forty;number;A1;Екипата
forward;AdVerb Adjective;A2, B2;напред
found;Verb;B2;пронајден
four;number;A1;четири
fourteen;number;A1;Четиринаесет
fourth;number;A1;четвртиот
frame;NounVerb;B1;рамка
free;Adjective, AdVerb Verb;A1,A2,B2;слободен
freedom;Noun;B2;слобода
freeze;Verb;B1;замрзнување
frequency;Noun;B2;фреквенција
frequently;Adverb;B1;често
fresh;Adjective;A2;свежа
Friday;Noun;A1;петок
fridge;Noun;A2;фрижидер
friend;Noun;A1;пријател
friendly;Adjective;A1;пријателски
friendship;Noun;B1;пријателство
frighten;Verb;B1;Исплашат
frightened;Adjective;B1;уплашени
frightening;Adjective;B1;застрашувачки
frog;Noun;A2;жаба
from;prep;A1;од
front;Noun Adjective;A1;напред
frozen;Adjective;B1;замрзнати
fruit;Noun;A1;овошје
fry;Verb;B1;СРЈ
fuel;Noun Verb;B1, B2;гориво
full;Adjective;A1;целосно
fully;Adverb;B2;полно
fun;Noun Adjective;A1, A2;забава
function;Noun Verb;B1, B2;функција
fund;Noun Verb;B2;фонд
fundamental;Adjective;B2;основните
funding;Noun;B2;финансирање
funny;Adjective;A1;смешно
fur;Noun;B1;крзно
furniture;Noun;A2;Мебел
further;Adjective, Adverb;A2, B1;понатаму
furthermore;Adverb;B2;Исто така
future;Noun Adjective;A1, A2;иднина
gain;Verb Noun;B2;добивка
gallery;Noun;A2;Галерија
game;Noun;A1;игра
gang;Noun;B2;банда
gap;Noun;A2;јаз
garage;Noun;B1;Гаража
garden;Noun;A1;градина
gas;Noun;A2;гас
gate;Noun;A2;порта
gather;Verb;B1;соберат
general;Adjective;A2;општо
generally;Adverb;B1;генерално
generate;Verb;B2;генерира
generation;Noun;B1;генерација
generous;Adjective;B1;дарежлив
genre;Noun;B2;жанр
gentle;Adjective;B1;нежен
gentleman;Noun;B1;господин
geography;Noun;A1;географија
get;Verb;A1;стапите
ghost;Noun;B1;духот
giant;Adjective, Noun;B1;гигант
gift;Noun;A2;подарок
girl;Noun;A1;девојче
girlfriend;Noun;A1;девојка
give;Verb;A1;даде
glad;Adjective;B1;мило
glass;Noun;A1;стакло
global;Adjective;B1;глобална
glove;Noun;B1;ракавица
go;Verb Noun;A1, B1;движење
goal;Noun;A2;цел
God;Noun;A2;Бог
gold;Noun Adjective;A2;злато
golf;Noun;A2;голф
good;Adjective, Noun;A1, A2;добра
goodbye;exclam. Noun;A1;збогум
goods;Noun;B1;стоки
govern;Verb;B2;регулираат
government;Noun;A2;владата
grab;Verb;B2;зграби
grade;Noun Verb;B1, B2;одделение
gradually;Adverb;B2;постепено
graduate;Noun Verb;B1;дипломира
grain;Noun;B1;жито
grand;Adjective;B2;големата
grandfather;Noun;A1;Дедо
grandmother;Noun;A1;баба
grandparent;Noun;A1;дедо
grant;Verb Noun;B2;грант
grass;Noun;A2;трева
grateful;Adjective;B1;благодарен
great;Adjective;A1;голем
green;Adjective, Noun;A1;зелена
greet;Verb;A2;Поздравете
grey;Adjective, Noun;A1;сиво
ground;Noun;A2;земјата
group;Noun;A1;група
grow;Verb;A1;расте
growth;Noun;B1;раст
guarantee;Verb Noun;B2;гаранција
guard;Noun Verb;B1;чувар
guess;Verb Noun;A1;Претпоставувам
guest;Noun;A2;гости
guide;Noun Verb;A2;водич
guilty;Adjective;B1;виновен
guitar;Noun;A1;гитара
gun;Noun;A2;пиштол
guy;Noun;A2;човек
gym;Noun;A1;Теретана
habit;Noun;A2;навика
hair;Noun;A1;коса
half;Noundet.proNoun, Adverb;A1, A2;половина
hall;Noun;A2;сала
hand;Noun Verb;A1, B1;рака
handle;Verb Noun;B2;рачка
hang;Verb;B1;висат
happen;Verb;A1;се случи
happily;Adverb;A2;среќно
happiness;Noun;B1;среќа
happy;Adjective;A1;среќен
hard;Adjective, Adverb;A1;тешко
hardly;Adverb;B1;тешко
harm;Noun Verb;B2;штета
harmful;Adjective;B2;штетни
hat;Noun;A1;шапка
hate;Verb Noun;A1, B1;омраза
have;Verb auxiliary Verb;A1, A2;имаат
have to modal;Verb;A1;Имаат за модални
he;proNoun;A1;тој
head;Noun Verb;A1, B1;главата
headache;Noun;A2;главоболка
headline;Noun;B1;наслов
health;Noun;A1;здравје
healthy;Adjective;A1;здрав
hear;Verb;A1;слушаат
hearing;Noun;B2;слух
heart;Noun;A2;срцето
heat;Noun Verb;A2;топлина
heating;Noun;B1;греење
heaven;Noun;B2;небото
heavily;Adverb;B1;во голема мера
heavy;Adjective;A2;тешки
heel;Noun;B2;пета
height;Noun;A2;височина
helicopter;Noun;B1;хеликоптер
hell;Noun;B2;пеколот
hello;exclam./Noun;A1;Здраво
help;Verb Noun;A1;помош
helpful;Adjective;A2;Во ред
her;proNoundet;A1;ја
here;Adverb;A1;овде
hero;Noun;A2;херој
hers;proNoun;A2;нејзин
herself;proNoun;A2;себеси
hesitate;Verb;B2;двоумете
hey;exclam;A1;еј
hi;exclam;A1;hi
hide;Verb;A2;крие
high;Adjective, AdVerb Noun;A1, A2, B2;висок
highlight;Verb Noun;B1;врв
highly;Adverb;B1;високо
hill;Noun;A2;Рид
him;proNoun;A1;го
himself;proNoun;A2;самиот
hire;Verb Noun;B1, B2;изнајмување
his;det. proNoun;A1, A2;неговата
historic;Adjective;B1;историски
historical;Adjective;B1;историски
history;Noun;A1;историја
hit;Verb Noun;A2;удри
hobby;Noun;A1;хоби
hockey;Noun;A2;хокеј
hold;Verb Noun;A2, B2;чекање
hole;Noun;A2;дупка
holiday;Noun;A1;одмор
hollow;Adjective;B2;шупливи
holy;Adjective;B2;светиот
home;Noun AdVerb Adjective;A1, A2;дома
homework;Noun;A1;домашна работа
honest;Adjective;B1;искрен
honour;Noun Verb;B2;чест
hope;Verb Noun;A1, A2;надеж
horrible;Adjective;B1;ужасна
horror;Noun;B1;хорор
horse;Noun;A1;коњ
hospital;Noun;A1;болница
host;Noun Verb;B1, B2;домаќин
hot;Adjective;A1;топла
hotel;Noun;A1;хотел
hour;Noun;A1;час
house;Noun Verb;A1, B2;куќа
household;Noun;B2;апарати за домаќинство
housing;Noun;B2;домување
how;Adverb;A1;како
however;Adverb;A1;сепак
huge;Adjective;A2;голем
human;Adjective, Noun;A2;човековите
humorous;Adjective;B2;хумористични
humour;Noun;B2;хумор
hundred;number;A1;сто
hungry;Adjective;A1;гладен
hunt;Verb Noun;B1, B2;лов
hunting;Noun;B2;лов
hurricane;Noun;B1;ураган
hurry;Noun Verb;B1;побрзај
hurt;Verb Adjective Noun;A2, B2;боли
husband;Noun;A1;сопруг
I;proNoun;A1;јас
ice;Noun;A1;мраз
ice cream;Noun;A1;сладолед
idea;Noun;A1;идејата
ideal;Adjective , Noun;A2, B2;идеален
identify;Verb;A2;идентификуваат
identity;Noun;B1;идентитет
if;conj.;A1;ако
ignore;Verb;B1;игнорираат
ill;Adjective;A2;лошо
illegal;Adjective;B1;незаконски
illness;Noun;A2;заболување
illustrate;Verb;B2;илустрираат
illustration;Noun;B2;илустрација
image;Noun;A2;слика
imaginary;Adjective;B1;имагинарен
imagination;Noun;B2;имагинација
imagine;Verb;A1;замисли
immediate;Adjective;B1;веднаш
immediately;Adverb;A2;веднаш
immigrant;Noun;B1;имигрант
impact;Noun Verb;B1;влијание
impatient;Adjective;B2;нетрпелив
imply;Verb;B2;подразбираат
import;Noun Verb;B1;увоз
importance;Noun;B1;важност
important;Adjective;A1;важно
impose;Verb;B2;наметне
impossible;Adjective;A2;невозможно
impress;Verb;B2;Impress
impressed;Adjective;B2;импресиониран
impression;Noun;B1;впечаток
impressive;Adjective;B1;импресивна
improve;Verb;A1;подобрување на
improvement;Noun;B1;подобрување
in;prep., Adverb;A1;во
inch;Noun;B2;инчен
incident;Noun;B2;инцидентот
include;Verb;A1;вклучуваат
included;Adjective;A2;вклучени
including;prep.;A2;вклучувајќи
income;Noun;B2;приходи
increase;Verb Noun;A2;зголемување
increasingly;Adverb;B2;повеќе
incredible;Adjective;A2;неверојатна
incredibly;Adverb;B1;неверојатно
indeed;Adverb;B1;навистина
independent;Adjective;A2;независни
indicate;Verb;B1;укажуваат
indirect;Adjective;B1;индиректни
individual;Noun, adj;A2;индивидуални
indoor;Adjective;B1;затворен
indoors;Adverb;B1;во затворен простор
industrial;Adjective;B2;индустриски
industry;Noun;A2;индустрија
infection;Noun;B2;инфекција
influence;NounVerb;B1;влијание
inform;Verb;B2;информира
informal;Adjective;A2;неформални
information;Noun;A1;информации
ingredient;Noun;B1;на состојка
initial;Adjective;B2;почетна
initially;Adverb;B2;на почетокот
initiative;Noun;B2;иницијатива
injure;Verb;B1;повредите
injured;Adjective;B1;повреден
injury;Noun;A2;повреда
inner;Adjective;B2;внатрешен
innocent;Adjective;B1;невини
insect;Noun;A2;инсекти
inside;prep.Adverb Noun Adjective;A2;во
insight;Noun;B2;увид
insist;Verb;B2;инсистираат
inspire;Verb;B2;INSPIRE
install;Verb;B2;инсталација
instance;Noun;B2;пример
instead;Adverb;A2;наместо
institute;Noun;B2;институт
institution;Noun;B2;институција
instruction;Noun;A2;настава
instructor;Noun;A2;инструктор
instrument;Noun;A2;инструмент
insurance;Noun;B2;осигурување
intelligence;Noun;B1;интелигенција
intelligent;Adjective;A2;интелигентни
intend;Verb;B1;намера
intended;Adjective;B2;наменети
intense;Adjective;B2;интензивна
intention;Noun;B1;намерата
interest;Noun Verb;A1;интерес
interested;Adjective;A1;заинтересирани
interesting;Adjective;A1;интересно
internal;Adjective;B2;внатрешен
international;Adjective;A2;меѓународни
internet;Noun;A1;интернет
interpret;Verb;B2;толкуваат
interrupt;Verb;B2;прекинувај
interview;Noun Verb;A1;интервју
into;prep.;A1;во
introduce;Verb;A1;воведе
introduction;Noun;A2;воведувањето
invent;Verb;A2;измислуваат
invention;Noun;A2;пронајдокот
invest;Verb;B1;Инвест
investigate;Verb;B1;испита
investigation;Noun;B2;истрагата
investment;Noun;B2;инвестиции
invitation;Noun;A2;покана
invite;Verb;A2;покани
involve;Verb;A2;вклучуваат
involved;Adjective;B1;вклучени
iron;Noun Verb;B1;железо
island;Noun;A1;островот
issue;Noun, Verb;B1, B2;проблем
IT;Noun;B1;ИТ
it;proNoun;A1;тоа
item;Noun;A2;точка
its;det.;A1;нејзините
itself;proNoun;A2;самиот
jacket;Noun;A1;јакна
jam;Noun;A2;џем
January;Noun;A1;јануари
jazz;Noun;A2;џез
jeans;Noun;A1;фармерки
jewellery;Noun;A2;Накит
job;Noun;A1;работа
join;Verb;A1;се приклучат
joke;Noun Verb;A2;шега
journal;Noun;B1;весник
journalist;Noun;A2;новинар
journey;Noun;A1;патување
joy;Noun;B2;радост
judge;Noun Verb;B1;судија
judgement;Noun;B2;судење
juice;Noun;A1;сок
July;Noun;A1;јули
jump;Verb Noun;A2;скок
June;Noun;A1;јуни
junior;Adjective;B2;помлади
just;Adverb;A1;само
justice;Noun;B2;правдата
justify;Verb;B2;оправда
keen;Adjective;B1;обожавателите
keep;Verb;A1;задржи
key;Noun, Adjective Verb;A1, B1;клуч
keyboard;Noun;B1;тастатура
kick;Verb Noun;B1;удар
kid;Noun;A2;дете
kill;Verb;A2;убие
killing;Noun;B1;убиството
kilometre;Noun;A1;километар
kind(type);Noun;A1;вид (тип)
kind(caring);Adjective;B1;вид (грижа)
king;Noun;A2;кралот
kiss;Verb Noun;B1;бакнеж
kitchen;Noun;A1;кујна
knee;Noun;A2;колено
knife;Noun;A2;нож
knock;Verb , Noun;A2, B1;чукнам
know;Verb;A1;знаете
knowledge;Noun;A2;знаење
lab;Noun;A2;лабораторија
label;Noun Verb;B1;етикета
laboratory;Noun;B1;лабораторија
labour;Noun;B2;пороѓај
lack;Noun Verb;B1;недостаток
lady;Noun;A2;дама
lake;Noun;A2;езеро
lamp;Noun;A2;светилка
land;Noun, Verb;A1, A2;земјиште
landscape;Noun;B2;пејзаж
language;Noun;A1;јазик
laptop;Noun;A2;лаптоп
large;Adjective;A1;голем
largely;Adverb;B2;во голема мера
last1 (final);det., Adverb n;A1, A2;last1 (финална)
last1 (taking time);Verb;A2;last1 (земајќи време)
late;Adjective Adverb;A1;крајот
later;Adverb , Adjective;A1, A2;подоцна
latest;Adjective , Noun;B1, B2;најновите
laugh;Verb Noun;A1;насмеат
laughter;Noun;A2;смеа
launch;Verb Noun;B2;лансира
law;Noun;A2;закон
lawyer;Noun;A2;адвокат
lay;Verb;B1;лежеше
layer;Noun;B1;Слој
lazy;Adjective;A2;мрзливи
lead;Verb , Noun;A2, B1;олово
leader;Noun;A2;лидер
leadership;Noun;B2;лидерство
leading;Adjective;B1;води
leaf;Noun;B1;лист
league;Noun;B2;лига
lean;Verb;B2;посно
learn;Verb;A1;научат
learning;Noun;A2;учење
least;det./proNoun Adverb;A2;најмалку
leather;Noun;B1;кожа
leave;Verb , Noun;A1, B2;отсуство
lecture;Noun Verb;A2;предавање
left;Adjective Adverb Verb;A1;лево
leg;Noun;A1;нога
legal;Adjective;B1;законски
leisure;Noun;B1;слободно време
lemon;Noun;A2;лимон
lend;Verb;A2;позајмуваат
length;Noun;B1;должина
less;det./pro Noun Adverb;A2;помалку
lesson;Noun;A1;лекција
let;Verb;A1;ајде
letter;Noun;A1;писмо
level;Noun, Adjective , Verb;A2, B1, B2;ниво
library;Noun;A1;библиотека
licence;Noun;B2;лиценца
lie;Verb;A1;лага
lie;Verb Noun;B2;лага
life;Noun;A1;живот
lifestyle;Noun;A2;начин на живот
lift;Verb;Noun;лифт
light (from the sun/a lamp);Noun Adverb , Verb;A1, A2;светлина (од сонцето / светилка)
light (not heavy);Adjective;A2;светлина (не тешки)
like (similar);prep.;A1;како (слични)
like (find sb/sth pleasant);Verb , n;A1, B1;како (се најде sb / sth пријатно)
Noun;B1; ;Noun
likely;Adjective;A2;најверојатно,
limit;Noun Verb;B1;граница
limited;Adjective;B2;ограничена
line;Noun, Verb;A1, B2;линија
link;Noun Verb;A2;линк
lion;Noun;A1;Лав
lip;Noun;B1;усна
liquid;Noun Adjective;B1;течност
list;Noun Verb;A1;листа
listen;Verb;A1;слушаат
listener;Noun;A2;слушателот
literature;Noun;B1;литература
little;Adjective det./proNoun, Adverb;A1, A2;малку
live1;Verb;A1;live1
live2;Adjective Adverb;B1;live2
lively;Adjective;B2;жив
living;Adjective Noun;B1;живеење
load;Noun Verb;B2;оптоварување
loan;Noun;B2;заем
local;Adjective , Noun;A1, B1;локалните
locate;Verb;B1;лоцира
located;Adjective;B1;се наоѓа
location;Noun;B1;локација
lock;Verb Noun;A2;заклучување
logical;Adjective;B2;логички
lonely;Adjective;B1;осамени
long;Adjective Adverb;A1;долг
long-term;Adjective Adverb;B2;долгорочни
look;Verb , Noun;A1, A2;изглед
loose;Adjective;B2;губат
lord;Noun;B2;господар
lorry;Noun;A2;камион
lose;Verb;A1;изгуби
loss;Noun;B1;загуба
lost;Adjective;A2;изгубени
lot;proNoun det. Adverb;A1;многу
loud;Adjective Adverb;A2;гласно
loudly;Adverb;A2;гласно
love;Noun Verb;A1;љубов
lovely;Adjective;A2;прекрасна
low;Adjective Adverb , n;A2, B2;ниско
lower;Verb;B2;пониско
luck;Noun;A2;среќа
lucky;Adjective;A2;среќа
lunch;Noun;A1;ручек
lung;Noun;B2;белите дробови
luxury;Noun;B1;луксузни
machine;Noun;A1;машина
mad;Adjective;B1;луд
magazine;Noun;A1;списание
magic;Noun Adjective;B1;магијата
mail;Noun Verb;A2;пошта
main;Adjective;A1;главните
mainly;Adverb;B1;главно
maintain;Verb;B2;одржување
major;Adjective;A2;големи
majority;Noun;B2;мнозинството
make;Verb , Noun;A1, B2;шминка
male;Adjective Noun;A2;машки
mall;Noun;B1;центар
man;Noun;A1;човек
manage;Verb;A2;управување со
management;Noun;B1;за управување со
manager;Noun;A2;менаџер
manner;Noun;A2;начин
many;det./proNoun;A1;многу
map;Noun, Verb;A1, B2;карта
March;Noun;A1;март
mark;Verb Noun;A2;марка
market;Noun, Verb;A1, B1;пазарот
marketing;Noun;B1;маркетинг
marriage;Noun;B1;брак
married;Adjective;A1;брак
marry;Verb;A2;омажи
mass;Noun Adjective;B2;маса
massive;Adjective;B2;масивни
master;Noun Verb;B2;господар
match (contest/correspond);Noun Verb;A1;натпревар (натпревар / одговараат)
matching;Adjective;B2;усогласеност
material;Noun, Adjective;A2, B2;материјал
mathematics;Noun;A2;математика
maths;Noun;A2;математика
matter;Noun Verb;A2;прашање
maximum;Adjective Noun;B2;максималната
May;Noun;A1;мај
may modal;Verb;A2;може модалното
maybe;Adverb;A1;можеби
me;proNoun;A1;ме
meal;Noun;A1;оброк
mean;Verb;A1;средната
meaning;Noun;A1;значење
means;Noun;B2;средства
meanwhile;Adverb;B1;во меѓу време
measure;Verb Noun;B1;мерка
measurement;Noun;B2;мерење
meat;Noun;A1;месо
media;Noun;A2;медиумите
medical;Adjective;A2;медицински
medicine;Noun;A2;лек
medium;Adjective , Noun;B1, B2;среден
meet;Verb;A1;Среќавајте
meeting;Noun;A1;состанок
melt;Verb;B2;се топи
member;Noun;A1;член
memory;Noun;A2;меморија
mental;Adjective;B1;ментална
mention;Verb , Noun;A2, B1;споменување
menu;Noun;A1;мени
mess;Noun Verb;B1;хаос
message;Noun;A1;порака
metal;Noun;A2;метал
method;Noun;A2;метод
metre;Noun;A1;метар
middle;Noun Adjective;A2;средината
midnight;Noun;A1;полноќ
might modal;Verb;A2;може да модалното
mild;Adjective;B1;благи
mile;Noun;A1;милја
military;Adjective Noun;B2;воена
milk;Noun;A1;млеко
million number; ;A1;милиони број
mind;Noun Verb;A2;умот
mine (belongs to me);proNoun;A2;рудникот (припаѓа на мене)
mine (hole in the ground);Noun;B1;рудникот (дупка во земјата)
mineral;Noun;B2;минерална
minimum;Adjective Noun;B2;минимум
minister;Noun;B2;министерот
minor;Adjective;B2;мали
minority;Noun;B2;малцинство
minute;Noun;A1;минути
mirror;Noun;A2;огледало
miss;Verb;A1;Госпоѓица
missing;Adjective;A2;недостасува
mission;Noun;B2;мисија
mistake;Noun, Verb;A1, B2;грешка
mix;Verb Noun;B1;микс
mixed;Adjective;B2;мешани
mixture;Noun;B1;мешавина
mobile;Adjective Noun;A2;мобилни
model;Noun, Verb;A1, B2;модел
modern;Adjective;A1;модерен
modify;Verb;B2;Измени
moment;Noun;A1;момент
Monday;Noun;A1;понеделник
money;Noun;A1;пари
monitor;Noun Verb;B2;монитор
monkey;Noun;A2;мајмун
month;Noun;A1;месец
mood;Noun;B1;расположение
moon;Noun;A2;месечината
moral;Adjective Noun;B2;моралните
more;det./proNoun Adverb;A1;повеќе
morning;Noun;A1;утро
most;det./proNoun Adverb;A1;повеќе
mostly;Adverb;A2;во најголем дел
mother;Noun;A1;мајка
motor;Noun Adjective;B2;мотор
motorcycle;Noun;A2;мотор
mount;Verb;B2;приклучок
mountain;Noun;A1;планински
mouse;Noun;A1;глувчето
mouth;Noun;A1;устата
move;Verb , Noun;A1, B1;потег
movement;Noun;A2;движење
movie;Noun;A1;филм
much;det./proNoun Adverb;A1;многу
mud;Noun;B1;кал
multiple;Adjective;B2;повеќе
multiply;Verb;B2;мултиплицираат
mum;Noun;A1;мама
murder;NounVerb;B1;убиство
muscle;Noun;B1;мускулите
museum;Noun;A1;музеј
music;Noun;A1;музика
musical;Adjective , Noun;A2, B1;музички
musician;Noun;A2;музичар
must modal;Verb;A1;мора модалното
my;det.;A1;ми
myself;proNoun;A2;мене
mysterious;Adjective;B2;мистериозни
mystery;Noun;B1;мистерија
nail;Noun;B1;ноктите
name;Noun Verb;A1;име
narrative;Noun Adjective;B1;раскажувачко
narrow;Adjective , Verb;A2, B2;насочите
nation;Noun;B1;нација
national;Adjective , Noun;A2, B2;национално
native;Adjective Noun;B1;мајчин јазик
natural;Adjective;A1;природно
naturally;Adverb;B1;природно
nature;Noun;A2;природата
near;prep. Adjective Adverb;A1;во близина
nearly;Adverb;A2;близу
neat;Adjective;B2;уредни
necessarily;Adverb;B1;нужно
necessary;Adjective;A2;потребно
neck;Noun;A2;вратот
need;Verb , Noun, modal Verb;A1, A2, B1;потребата
needle;Noun;B1;игла
negative;Adjective , Noun;A1, B2;негативни
neighbour;Noun;A1;сосед
neighbourhood;Noun;B1;соседството
neither;det./proNoun, Adverb;A2, B1;ниту едно
nerve;Noun;B2;нерв
nervous;Adjective;A2;нервен
net;Noun;B1;нето
network;Noun;A2;мрежа
never;Adverb;A1;никогаш
nevertheless;Adverb;B2;сепак,
new;Adjective;A1;нови
news;Noun;A1;Вести
newspaper;Noun;A1;весник
next;Adjective Adverb , Noun;A1, B1;следниот
next to;prep.;A1;до
nice;Adjective;A1;убаво
night;Noun;A1;ноќ
nightmare;Noun;B2;кошмар
nine;number;A1;девет
nineteen;number;A1;деветнаесет
ninety;number;A1;деведесет
no;exclam. det.;A1;нема
no one;proNoun;A1;никој
nobody;proNoun;A1;никој
noise;Noun;A2;бучава
noisy;Adjective;A2;бучни
none;pro Noun;A2;никој
nor;conj./Adverb;B1;ниту пак
normal;Adjective , Noun;A2, B1;нормално
normally;Adverb;A2;нормално
north;Noun Adjective Adverb;A1;север
northern;Adjective;B1;северно
nose;Noun;A1;носот
not;Adverb;A1;не
note;Noun Verb;A1, B1;Забелешка
nothing;proNoun;A1;ништо
notice;Verb Noun;A2;најава
notion;Noun;B2;поимот
novel;Noun;A2;роман
November;Noun;A1;ноември
now;Adverb , conj.;A1, B1;сега
nowhere;Adverb;A2;никаде
nuclear;Adjective;B1;нуклеарни
number;Noun, Verb;A1, A2;број
numerous;Adjective;B2;многу
nurse;Noun;A1;Медицинска сестра
nut;Noun;A2;орев
obey;Verb;B2;Почитувајте
object;Noun Verb;A1, B2;објект
objective;Noun Adjective;B2;цел
obligation;Noun;B2;обврска
observation;Noun;B2;набљудување
observe;Verb;B2;набљудуваат
obtain;Verb;B2;добие
obvious;Adjective;B1;очигледно
obviously;Adverb;B1;очигледно
occasion;Noun;B1;прилика
occasionally;Adverb;B2;повремено
occur;Verb;B1;се случи
ocean;Noun;A2;океанот
o’clock;Adverb;A1;часот
October;Noun;A1;октомври
odd;Adjective;B1;чудно
of;prep.;A1;на
off;Adverb prep.;A1;исклучување
offence;Noun;B2;дело
offend;Verb;B2;навреди
offensive;Adjective;B2;офанзива
offer;Verb Noun;A2;понуда
office;Noun;A1;канцеларија
officer;Noun;A2;службеник
official;Adjective , Noun;B1, B2;официјален
often;Adverb;A1;често
oh;exclam.;A1;ох
oil;Noun;A2;нафта
OK;exclam. Adjective /Adverb;A1;добро
old;Adjective;A1;стар
old-fashioned;Adjective;B1;старомоден
on;prep. Adverb;A1;на
once;Adverb , conj.;A1, B1;еднаш
one;number-det. proNoun;A1;еден
onion;Noun;A1;кромид
online;Adjective Adverb;A1;онлајн
only;Adjective Adverb;A1;само
onto;prep.;A2;излез
open;Adjective Verb;A1;отворен
opening;Noun;B2;отворање
operate;Verb;B2;работат
operation;Noun;B1;работа
opinion;Noun;A1;мислење
opponent;Noun;B2;противник
opportunity;Noun;A2;можност
oppose;Verb;B2;противат
opposed;Adjective;B2;спротивставени
opposite;Adjective Adverb prep. Noun;A1;спротивната
opposition;Noun;B2;опозицијата
option;Noun;A2;опција
or;conj.;A1;или
orange;Noun Adjective;A1;портокал
order;Noun Verb;A1;со цел
ordinary;Adjective;A2;обичните
organ;Noun;B2;орган
organization;Noun;A2;организација
organize;Verb;A2;организира
organized;Adjective;B1;организирано
organizer;Noun;B1;организаторот
origin;Noun;B2;потекло
original;Adjective , Noun;A2, B1;оригиналниот
originally;Adverb;B1;првично
other;Adjective /proNoun;A1;други
otherwise;Adverb;B2;на друг начин
ought;modal Verb;B1;треба
our;det.;A1;нашите
ours;proNoun;B1;наш
ourselves;proNoun;A2;се
out;Adverb /prep.;A1;од
outcome;Noun;B2;исходот
outdoor;Adjective;B1;отворено
outdoors;Adverb;B1;надвор
outer;Adjective;B2;надворешниот
outline;Noun Verb;B2;преглед
outside;Adverb , prep. nouNoun Adjective;A1, A2;надвор
oven;Noun;A2;печка
over;prep. Adverb;A1;повеќе
overall;Adjective Adverb;B2;целокупната
owe;Verb;B2;должам
own;Adjective /proNoun, Verb;A1, A2;сопствена
owner;Noun;A2;сопственикот
pace;Noun, Verb;B2;темпо
pack;Verb , Noun;A2, B1;спакуваат
package;Noun, Verb;B1, B2;пакет
page;Noun;A1;страница
pain;Noun;A2;болка
painful;Adjective;B1;болни
paint;Verb Noun;A1;боја
painter;Noun;A2;сликар
painting;Noun;A1;слика
pair;Noun;A1;пар
palace;Noun;A2;палата
pale;Adjective;B1;Блед
pan;Noun;B1;тава
panel;Noun;B2;панел
pants;Noun;A2;панталони
paper;Noun;A1;хартија
paragraph;Noun;A1;став
parent;Noun;A1;родител
park;Noun Verb;A1;парк
parking;Noun;A2;паркинг
parliament;Noun;B2;парламентот
part;Noun;A1;дел
participant;Noun;B2;учесник
participate;Verb;B1;учествуваат
particular;Adjective;A2;особено
particularly;Adverb;B1;особено
partly;Adverb;B2;делумно
partner;Noun;A1;партнер
party;Noun;A1;Забава
pass;Verb , Noun;A2, B1;помине
passage;Noun;B2;премин
passenger;Noun;A2;патник
passion;Noun;B1;страст
passport;Noun;A1;пасош
past;Adjective Noun prep., Adverb;A1, A2;минатото
path;Noun;B1;патека
patient;Noun, Adjective;A2, B2;трпелив
pattern;Noun;A2;модел
pay;Verb , Noun;A1, A2;плати
payment;Noun;B1;плаќање
peace;Noun;A2;мир
peaceful;Adjective;B1;мирен
pen;Noun;A1;пенкало
pencil;Noun;A1;молив
penny;Noun;A2;денар
pension;Noun;B2;пензија
people;Noun;A1;луѓе
pepper;Noun;A1;бибер
per;prep.;A2;на
per cent;Noun Adjective /Adverb;A2;проценти
percentage;Noun;B1;процент
perfect;Adjective;A1;совршено
perfectly;Adverb;B1;совршено
perform;Verb;A2;изврши
performance;Noun;B1;перформанси
perhaps;Adverb;A2;можеби
period;Noun;A1;период
permanent;Adjective;B2;постојан
permission;Noun;A2;дозвола
permit;Verb Noun;B2;дозвола
person;Noun;A1;лице
personal;Adjective;A1;лично
personality;Noun;A2;личност
personally;Adverb;B1;лично
perspective;Noun;B2;перспектива
persuade;Verb;B1;убеди
pet;Noun;A2;миленик
petrol;Noun;A2;бензин
phase;Noun;B2;фаза
phenomenon;Noun;B2;феномен
philosophy;Noun;B2;филозофија
phone;Noun Verb;A1;телефон
photo;Noun;A1;слика
photograph;Noun, Verb;A1, A2;фотографија
photographer;Noun;B1;фотограф
photography;Noun;B1;фотографија
phrase;Noun;A1;фраза
physical;Adjective;A2;физички
physics;Noun;A2;физика
piano;Noun;A1;пијано
pick;Verb , Noun;A2, B2;ги
picture;Noun, Verb;A1, B2;слика
piece;Noun;A1;парче
pig;Noun;A1;свиња
pile;Noun Verb;B2;купот
pilot;Noun;A2;пилот
pin;Noun Verb;B1;игла
pink;Adjective Noun;A1;розова
pipe;Noun;B1;цевка
pitch;Noun;B2;теренот
place;Noun Verb;A1, B1;место
plain;Adjective;B2;обичен
plan;Noun Verb;A1;план
plane;Noun;A1;рамнина
planet;Noun;A2;планетата
planning;Noun;B1;планирање
plant;Noun Verb;A1, A2;растенијата
plastic;Noun Adjective;A2;пластика
plate;Noun;A2;чинија
platform;Noun;A2;платформа
play;Verb Noun;A1;игра
player;Noun;A1;плеер
pleasant;Adjective;B1;пријатен
please;exclam., Verb;A1, A2;ве молиме
pleased;Adjective;A2;задоволство
pleasure;Noun;B1;задоволство
plenty;proNoun;B1;многу
plot;Noun, Verb;B1, B2;заплет
plus;prep., Adjective conj., Noun;B1, B2;Плус
pocket;Noun;A2;џеб
poem;Noun;B1;песна
poet;Noun;B1;поет
poetry;Noun;B1;поезија
point;Noun, Verb;A1, B1;точка
pointed;Adjective;B2;зашилен
poison;Noun Verb;B1;отров
poisonous;Adjective;B1;отровни
police;Noun;A1;полицијата
policeman;Noun;A1;полицаец
policy;Noun;B1;политика
polite;Adjective;A2;љубезен
political;Adjective;B1;политички
politician;Noun;B1;политичар
politics;Noun;B1;политика
pollution;Noun;A2;загадувањето
pool;Noun;A1;базен
poor;Adjective;A1;сиромашните
pop;Noun Adjective;A2;поп
popular;Adjective;A1;популарни
popularity;Noun;B2;популарноста
population;Noun;A2;популација
port;Noun;B1;порта
portrait;Noun;B1;портрет
pose;Verb;B2;поза
position;Noun, Verb;A2, B2;позиција
positive;Adjective , Noun;A1, B2;позитивен
possess;Verb;B2;поседуваат
possession;Noun;A2;поседување
possibility;Noun;A2;можност
possible;Adjective;A1;можно
possibly;Adverb;B1;можеби
post;Noun Verb;A1;пост
poster;Noun;A2;постер
pot;Noun;B1;тенџере
potato;Noun;A1;компир
potential;Adjective Noun;B2;потенцијал
pound;Noun;A1;фунти
pour;Verb;B1;прелива
poverty;Noun;B1;сиромаштијата
powder;Noun;B1;прав
power;Noun, Verb;A2, B2;моќ
powerful;Adjective;B1;моќен
practical;Adjective;B1;практични
practice;Noun;A1;пракса
practise;Verb;A1;пракса
praise;Noun Verb;B2;пофалби
pray;Verb;B1;молете
prayer;Noun;B1;молитва
predict;Verb;A2;предвиди
prediction;Noun;B1;предвидување
prefer;Verb;A1;претпочитаат
pregnant;Adjective;B2;бремена
preparation;Noun;B2;подготовка
prepare;Verb;A1;подготви
prepared;Adjective;B1;подготвени
presence;Noun;B2;присуство
present;Adjective Noun, Verb;A1, A2;присутни
presentation;Noun;B1;презентација
preserve;Verb;B2;зачувување
president;Noun;A2;претседател
press;Verb Noun;B1;притиснете го копчето
pressure;Noun;B1;притисок
pretend;Verb;B1;преправаат
pretty;Adjective Adverb;A1;доста
prevent;Verb;A2;Спречување
previous;Adjective;B1;претходниот
previously;Adverb;B1;претходно
price;Noun, Verb;A1, B2;цена
priest;Noun;B1;свештеникот
primary;Adjective;B1;примарната
prime;Adjective;B2;премиер
prince;Noun;B1;принц
princess;Noun;B1;принцеза
principle;Noun;B2;принципот
print;Verb , Noun;A2, B2;печатење
printer;Noun;A2;печатач
printing;Noun;B1;печатење
priority;Noun;B2;приоритет
prison;Noun;A2;затвор
prisoner;Noun;B1;затвореник
privacy;Noun;B2;приватност
private;Adjective;B1;приватна
prize;Noun;A2;награда
probably;Adverb;A1;веројатно
problem;Noun;A1;проблем
procedure;Noun;B2;постапка
process;Noun, Verb;A2, B2;процес
produce;Verb , Verb;A2, B2;производи
producer;Noun;B1;производителот
product;Noun;A1;производ
production;Noun;B1;производство
profession;Noun;B1;професија
professional;Adjective , Noun;A2, B2;професионални
professor;Noun;A2;професор
profile;Noun;A2;профил
profit;Noun;B1;профит
program;Noun, Verb;A2, B1;програма
programme;Noun;A1;програма
progress;Noun, Verb;A2, B2;напредок
project;Noun, Verb;A1, B2;проект
promise;Verb Noun;A2;ветување
promote;Verb;B1;промовирање на
pronounce;Verb;A2;Изговори
proof;Noun;B2;доказ
proper;Adjective;B1;соодветен
properly;Adverb;B1;правилно
property;Noun;B1;сопственост
proposal;Noun;B2;предлог
propose;Verb;B2;предложи
prospect;Noun;B2;изгледите
protect;Verb;A2;заштита
protection;Noun;B2;заштита
protest;Noun Verb;B1;протест
proud;Adjective;B1;горди
prove;Verb;B1;доказ
provide;Verb;A2;обезбеди
psychologist;Noun;B2;психолог
psychology;Noun;B2;психологија
pub;Noun;A2;паб
public;Adjective Noun;A2;јавниот
publication;Noun;B2;објавување
publish;Verb;A2;објават
pull;Verb , Noun;A2, B1;повлече
punish;Verb;B1;казни
punishment;Noun;B1;казна
pupil;Noun;B2;ученик
purchase;Noun Verb;B2;купување
pure;Adjective;B2;чиста
purple;Adjective Noun;A1;виолетова
purpose;Noun;A2;цел
pursue;Verb;B2;извршуваат
push;Verb , Noun;A2, B1;притисни
put;Verb;A1;стави
qualification;Noun;B1;Квалификација
qualified;Adjective;B1;квалификувано
qualify;Verb;B1;се квалификува
quality;Noun;A2;квалитет
quantity;Noun;A2;квантитет
quarter;Noun;A1;квартал
queen;Noun;A2;кралица
question;Noun, Verb;A1, A2;прашање
queue;Noun Verb;B1;редот
quick;Adjective;A1;брзо
quickly;Adverb;A1;брзо
quiet;Adjective;A1;тивко
quietly;Adverb;A2;тивко
quit;Verb;B1;се откажат од
quite;Adverb;A1;доста
quotation;Noun;B1;цитат
quote;Verb Noun;B1;цитат
race (competition);NounVerb;A2;трка (конкуренција)
race (people);Noun;B1;трка (луѓе)
racing;Noun;B1;трки
radio;Noun;A1;радио
railway;Noun;A2;железничкиот
rain;Noun Verb;A1;дожд
raise;Verb;A2;покачување
range;Noun, Verb;B1, B2;опсег
rank;Noun Verb;B2;Рангиран
rapid;Adjective;B2;брзиот
rapidly;Adverb;B2;брзо
rare;Adjective;B1;ретки
rarely;Adverb;B1;ретко
rate;Noun, Verb;A2, B2;стапка
rather;Adverb;A2;повеќе
raw;Adjective;B2;суровини
reach;Verb , Noun;A2, B2;дофат
react;Verb;A2;реагираат
reaction;Noun;B1;реакција
read;Verb;A1;чита
reader;Noun;A1;читач
reading;Noun;A1;читање
ready;Adjective;A1;подготвени
real;Adjective;A1;вистински
realistic;Adjective;B2;реален
reality;Noun;B1;реалноста
realize;Verb;A2;реализира
really;Adverb;A1;навистина
reason;Noun;A1;Причината
reasonable;Adjective;B2;разумни
recall;Verb;B2;Потсетиме
receipt;Noun;B1;приемот
receive;Verb;A2;добиваат
recent;Adjective;A2;последните
recently;Adverb;A2;неодамна
reception;Noun;A2;прием
recipe;Noun;A2;рецепт
recognize;Verb;A2;признаваат
recommend;Verb;A2;препорачуваме
recommendation;Noun;B1;препораката
record;Noun Verb;A2;рекорд
recording;Noun;A2;снимање
recover;Verb;B2;опорави
recycle;Verb;A2;рециклирање
red;Adjective Noun;A1;црвена
reduce;Verb;A2;намалување на
reduction;Noun;B2;намалување
refer;Verb;A2;погледнете
reference;Noun;B1;референца
reflect;Verb;B1;рефлектираат
refuse;Verb;A2;смет
regard;Verb Noun;B2;Во однос
region;Noun;A2;регионот
regional;Adjective;B2;регионалните
register;Verb Noun;B2;регистрирани
regret;Verb Noun;B2;жалење
regular;Adjective;A2;редовно
regularly;Adverb;B1;редовно
regulation;Noun;B2;регулатива
reject;Verb;B1;одбие
relate;Verb;B1;се однесуваат
related;Adjective;B1;поврзани
relation;Noun;B1;врска
relationship;Noun;A2;врска
relative;Adjective Noun;B1;во однос
relatively;Adverb;B2;релативно
relax;Verb;A1;се релаксираат
relaxed;Adjective;B1;релаксиран
relaxing;Adjective;B1;релаксирачки
release;Verb Noun;B1;ослободување
relevant;Adjective;B2;релевантни
reliable;Adjective;B1;сигурен
relief;Noun;B2;олеснување
religion;Noun;B1;религијата
religious;Adjective;B1;верски
rely;Verb;B2;се потпираат
remain;Verb;B1;остануваат
remark;Noun Verb;B2;забелешка
remember;Verb;A1;се сеќавам
remind;Verb;B1;потсетам
remote;Adjective;B1;Далечински управувач
remove;Verb;A2;Извадете
rent;Noun Verb;B1;изнајмување
repair;Verb , Noun;A2, B1;поправка
repeat;Verb , Noun;A1, B1;повторување
repeated;Adjective;B1;повтори
replace;Verb;A2;замени
reply;Verb Noun;A2;одговорите
report;Noun, Verb;A1, A2;извештај
reporter;Noun;A2;репортер
represent;Verb;B1;претставуваат
representative;Noun Adjective;B2;претставник
reputation;Noun;B2;репутација
request;Noun, Verb;A2, B1;барање
require;Verb;B1;бара
requirement;Noun;B2;барање
rescue;Verb Noun;B2;спаси
research;Noun Verb;A2;истражување
researcher;Noun;A2;истражувач
reservation;Noun;B1;резервација
reserve;Noun Verb;B2;резерва
resident;NounAdjective;B2;жител
resist;Verb;B2;се спротивстави на
resolve;Verb;B2;решеност
resort;Noun;B2;прибегне
resource;Noun;B1;ресурси
respect;Noun Verb;B1;почитуваме
respond;Verb;A2;одговори
response;Noun;A2;одговор
responsibility;Noun;B1;одговорност
responsible;Adjective;B1;одговорен
rest (remaining part);Noun;A2;остатокот (преостанатиот дел)
rest (sleep/relax);Noun Verb;A2;одмор (спиење / релаксираат)
restaurant;Noun;A1;ресторан
result;Noun, Verb;A1, B1;резултира
retain;Verb;B2;задржат
retire;Verb;B1;пензионира
retired;Adjective;B1;во пензија
return;Verb Noun;A1;враќање
reveal;Verb;B2;открива
review;Noun Verb;A2;преглед
revise;Verb;B1;ревидира
revolution;Noun;B2;револуција
reward;Noun Verb;B2;награда
rhythm;Noun;B2;ритам
rice;Noun;A1;ориз
rich;Adjective;A1;богат
rid;Verb;B2;ослободиме
ride;Verb , Noun;A1, A2;возење
right;Adjective Adverb Noun;A1;право
ring;Noun;A2;прстен
ring;Verb , Noun;A2, B1;прстен
rise;Verb , Noun;A2, B1;зголеми
risk;Noun Verb;B1;ризик
river;Noun;A1;река
road;Noun;A1;патот
robot;Noun;B1;робот
rock (stone);Noun;A2;камен (камен)
rock (music);Noun;A2;рок (музика)
role;Noun;A2;улога
roll;Verb Noun;B1;ролна
romantic;Adjective;B1;романтична
roof;Noun;A2;покривот
room;Noun;A1;соба
root;Noun;B2;корен
rope;Noun;B1;јаже
rough;Adjective;B1;грубо
round;Adjective Adverb prep., Noun;A2, B2;круг
route;Noun;A2;пат
routine;Noun, Adjective;A1, B2;рутина
row;Noun;B1;ред
royal;Adjective;B1;кралски
rub;Verb;B2;Бришење
rubber;Noun Adjective;B2;гума
rubbish;Noun;A2;ѓубре
rude;Adjective;A2;груб
rugby;Noun;B1;рагби
rule;Noun, Verb;A1, B1;правило
run;Verb , Noun;A1, A2;рок
runner;Noun;A2;тркач
running;Noun;A2;работи
rural;Adjective;B2;руралните
rush;Verb Noun;B2;брзање
sad;Adjective;A1;тажен
sadly;Adverb;A2;за жал,
safe;Adjective;A2;безбедно
safety;Noun;B1;безбедност
sail;Verb , Noun;A2, B1;едро
sailing;Noun;A2;едрење
sailor;Noun;B1;морнар
salad;Noun;A1;салата
salary;Noun;A2;плата
sale;Noun;A2;продажба
salt;Noun;A1;сол
same;Adjective proNoun Adverb;A1;истите
sample;Noun, Verb;B1, B2;пример
sand;Noun;B1;песок
sandwich;Noun;A1;сендвич
satellite;Noun;B2;сателит
satisfied;Adjective;B2;задоволни
satisfy;Verb;B2;Задоволување
Saturday;Noun;A1;сабота
sauce;Noun;A2;сос
save;Verb;A2;Зачувај
saving;Noun;B2;зачувува
say;Verb;A1;рече
scale;Noun;B2;скала
scan;Verb;B1;скенирање
scared;Adjective;A2;исплашени
scary;Adjective;A2;страшно
scene;Noun;A2;сцена
schedule;Noun, Verb;A2, B2;распоред
scheme;Noun;B2;шема
school;Noun;A1;училиште
science;Noun;A1;науката
scientific;Adjective;B1;научни
scientist;Noun;A1;научник
score;Verb Noun;A2;резултат
scream;Verb Noun;B2;крик
screen;NounVerb;A2, B2;екран
script;Noun;B1;скрипта
sculpture;Noun;B1;скулптура
sea;Noun;A1;морето
search;Noun Verb;A2;пребарување
season;Noun;A2;сезона
seat;Noun Verb;A2, B2;седиште
second1 (next after the first);et./ number, Adverb;A1, A2;second1 (веднаш по првиот)
second1 (unit of time);Noun;A1;second1 (единица на време)
secondary;Adjective;B1;средно
secondly;Adverb;A2;второ
secret;Adjective, Noun;A2;тајна
secretary;Noun;A2;секретар
section;Noun;A1;дел
sector;Noun;B2;сектор
secure;Verb Adjective;B2;обезбеди
security;Noun;B1;безбедност
see;Verb;A1;види
seed;Noun;B1;семка
seek;Verb;B2;бараат
seem;Verb;A2;изгледа
select;Verb;B2;изберете
selection;Noun;B2;избор
self;Noun;B2;авто
sell;Verb;A1;продажба
send;Verb;A1;испрати
senior;Adjective;B2;Сениор
sense;Noun Verb;A2, B2;чувство
sensible;Adjective;B1;разумен
sensitive;Adjective;B2;чувствителни
sentence;Noun Verb;A1, B2;казна
separate;Adjective, Verb;A2, B1;одделни
September;Noun;A1;септември
sequence;Noun;B2;секвенца
series;Noun;A2;серија
serious;Adjective;A2;сериозен
seriously;Adverb;B1;сериозно
servant;Noun;B1;слугата
serve;Verb;A2;служат
service;Noun;A2;Сервис
session;Noun;B2;сесија
set (put);Verb;B1;сет (стави)
set (group);Noun;B1;сет (група)
setting;Noun;B1;поставување
settle;Verb;B2;населат
seven;number;A1;седум
seventeen;number;A1;седумнаесет
seventy;number;A1;седумдесет
several;det./proNoun;A2;повеќе
severe;Adjective;B2;тешка
sex;Noun;B1;секс
sexual;Adjective;B1;сексуална
shade;Noun;B2;сенка
shadow;Noun;B2;сенка
shake;Verb Noun;A2, B1;шејк
shall;modal Verb;A2;треба
shallow;Adjective;B2;плитка
shame;Noun;B2;срам
shape;Noun Verb;A2, B2;форма
share;Verb Noun;A1, B1;удел
sharp;Adjective;B1;остар
she;proNoun;A1;таа
sheep;Noun;A1;овци
sheet;Noun;A2;лист
shelf;Noun;B1;полица
shell;Noun;B1;школка
shelter;Noun Verb;B2;засолниште
shift;Noun Verb;B1, B2;промена
shine;Verb;B1;Свети
shiny;Adjective;B1;сјајна
ship;Noun Verb;A2, B2;брод
shirt;Noun;A1;кошула
shock;Noun Verb;B2;шок
shocked;Adjective;B2;шокирани
shoe;Noun;A1;чевли
shoot;Verb;B1;пука
shooting;Noun;B2;снимање
shop;Noun Verb;A1;продавница
shopping;Noun;A1;шопинг
short;Adjective;A1;кратко
shot;Noun;B2;shot
should;modal Verb;A1;Треба
shoulder;Noun;A2;рамо
shout;Verb Noun;A2;викне
show;Verb Noun;A1;шоу
shower;Noun;A1;туш
shut;Verb Adjective;A2;затвори
shy;Adjective;B1;срамат
sick;Adjective;A1;болни
side;Noun;A2;страна
sight;Noun;B1;пред
sign;Noun Verb;A2;знак
signal;Noun Verb;B1;сигнал
significant;Adjective;B2;значајни
significantly;Adverb;B2;значително
silence;Noun;B2;тишината
silent;Adjective;B1;молчи
silk;Noun;B2;свила
silly;Adjective;B1;глупо
silver;Noun Adjective;A2;сребро
similar;Adjective;A1;слични
similarity;Noun;B1;сличност
similarly;Adverb;B1;слично
simple;Adjective;A2;едноставен
simply;Adverb;B1;едноставно
since;prep. conj., Adverb;A2, B1;од
sincere;Adjective;B2;искрена
sing;Verb;A1;Пеј
singer;Noun;A1;пејачката
singing;Noun;A2;пеење
single;Adjective Noun;A2;еден
sink;Verb;B1;мијалник
sir;Noun;A2;господине
sister;Noun;A1;сестра
sit;Verb;A1;седат
site;Noun;A2;сајт
situation;Noun;A1;состојба
six;number;A1;шест
sixteen;number;A1;шеснаесет
sixty;number;A1;шеесет
size;Noun;A2;големина
ski;Verb Noun;A2;ски
skiing;Noun;A2;скијање
skill;Noun;A1;вештина
skin;Noun;A2;кожата
skirt;Noun;A1;здолниште
sky;Noun;A2;небото
slave;Noun;B2;роб
sleep;Verb , Noun;A1, A2;сон
slice;Noun Verb;B1;парче
slide;Verb Noun;B2;слајд
slight;Adjective;B2;мало
slightly;Adverb;B1;малку
slip;Verb;B2;се лизга
slope;Noun Verb;B2;падина
slow;Adjective , Verb;A1, B1;бавен
slowly;Adverb;A2;полека
small;Adjective;A1;мали
smart;Adjective;B1;паметни
smartphone;Noun;A2;паметен телефон
smell;Verb Noun;A2;мирис
smile;Verb Noun;A2;насмевка
smoke;Noun Verb;A2;чад
smoking;Noun;A2;пушењето
smooth;Adjective;B1;се изедначи
snake;Noun;A1;змија
snow;Noun Verb;A1;снег
so;Adverb conj.;A1;така
soap;Noun;A2;сапун
soccer;Noun;A2;фудбал
social;Adjective;A2;социјална
society;Noun;A2;општество
sock;Noun;A2;чорап
soft;Adjective;A2;мека
software;Noun;B1;софтвер
soil;Noun;B1;почвата
solar;Adjective;B2;соларни
soldier;Noun;A2;војник
solid;Adjective Noun;B1;солидна
solution;Noun;A2;решение
solve;Verb;A2;реши
some;det. proNoun;A1;некои
somebody;proNoun;A1;некој
someone;proNoun;A1;некој
something;proNoun;A1;нешто
sometimes;Adverb;A1;понекогаш
somewhat;Adverb;B2;малку
somewhere;Adverb proNoun;A2;некаде
son;Noun;A1;син
song;Noun;A1;песна
soon;Adverb;A1;наскоро
sorry;Adjective exclam.;A1;жал
sort;Noun, Verb;A2, B1;вид
soul;Noun;B2;душата
sound;Noun Verb;A1;звук
soup;Noun;A1;супа
source;Noun;A2;извор
south;Noun Adjective Adverb;A1;јужно
southern;Adjective;B1;јужна
space;Noun;A1;простор
speak;Verb;A1;зборува
speaker;Noun;A2;звучник
special;Adjective;A1;специјални
specialist;Noun Adjective;B2;специјалист
species;Noun;B2;видови
specific;Adjective;A2;специфични
specifically;Adverb;B1;посебно
speech;Noun;A2;говор
speed;Noun, Verb;A2, B2;брзина
spell;Verb;A1;правопис
spelling;Noun;A1;правопис
spend;Verb;A1;трошат
spending;Noun;B1;трошење
spicy;Adjective;B1;зачинета
spider;Noun;A2;пајак
spirit;Noun;B1;дух
spiritual;Adjective;B2;духовна
split;Verb Noun;B2;подели
spoken;Adjective;B1;зборува
sponsor;Verb Noun;B2;спонзор
spoon;Noun;A2;лажица
sport;Noun;A1;Спорт
spot;Noun, Verb;B1, B2;место
spread;Verb , Noun;B1, B2;ширење
spring;Noun, Verb;A1, B1;пролет
square;Adjective Noun;A2;плоштад
stable;Adjective;B2;стабилно
stadium;Noun;B1;стадион
staff;Noun;B1;вработените
stage;Noun, Verb;A2, B2;фаза
stair;Noun;A2;скала
stamp;Noun;A2;печат
stand;Verb , Noun;A1, B2;стојат
standard;Noun Adjective;B1;стандард
star;Noun, Verb;A1, A2;ѕвезда
stare;Verb;B2;зјапа
start;Verb , Noun;A1, A2;почеток
state;Noun, Adjective , v;A2, B1;состојба
statement;Noun;A1;изјава
station;Noun;A1;станица
statistic;Noun;B1;статистика
statue;Noun;B1;статуата
status;Noun;B2;статус
stay;Verb , Noun;A1, A2;престој
steady;Adjective;B2;постојан
steal;Verb;A2;украде
steel;Noun;B2;челик
steep;Adjective;B2;стрмни
step;Noun, Verb;A2, B2;чекор
stick (push into/attach);Verb;B1;стап (притисни во / прикачите)
stick (piece of wood);Noun;B1;стап (парче дрво)
sticky;Adjective;B2;лепливи
stiff;Adjective;B2;тврд
still;Adverb , Adjective;A1, B1;уште
stock;Noun;B2;акции
stomach;Noun;A2;стомакот
stone;Noun;A2;камен
stop;Verb Noun;A1;станица
store;Noun, Verb;A2, B1;продавница
storm;Noun;A2;бура
story;Noun;A1;приказна
straight;Adverb Adjective;A2;директно
strange;Adjective;A2;чудно
stranger;Noun;B1;странец
strategy;Noun;A2;стратегија
stream;Noun;B2;поток
street;Noun;A1;улица
strength;Noun;B1;сила
stress;Noun Verb;A2;стрес
stretch;Verb Noun;B2;се водат
strict;Adjective;B2;строга
strike;Verb Noun;B2;штрајк
string;Noun;B1;низа
strong;Adjective;A1;силна
strongly;Adverb;B1;силно
structure;Noun, Verb;A2, B2;структура
struggle;Verb Noun;B2;борбата
student;Noun;A1;студент
studio;Noun;B1;студиото
study;Noun Verb;A1;студија
stuff;Noun, Verb;B1, B2;ствари
stupid;Adjective;A2;глупави
style;Noun;A1;стил
subject;Noun, Adjective;A1, B2;предмет
submit;Verb;B2;достават
substance;Noun;B1;супстанција
succeed;Verb;A2;успее
success;Noun;A1;успех
successful;Adjective;A2;успешна
successfully;Adverb;B1;успешно
such;det./proNoun;A2;како
sudden;Adjective;B1;ненадеен
suddenly;Adverb;A2;одеднаш
suffer;Verb;B1;страдаат
sugar;Noun;A1;шеќер
suggest;Verb;A2;укажуваат
suggestion;Noun;A2;предлог
suit;Noun, Verb;A2, B1;костум
suitable;Adjective;B1;соодветен
sum;Noun Verb;B2;збирот
summarize;Verb;B1;резимираме
summary;Noun;B1;резиме
summer;Noun;A1;лето
sun;Noun;A1;сонцето
Sunday;Noun;A1;недела
supermarket;Noun;A1;супермаркет
supply;Noun Verb;B1;снабдување
support;Verb Noun;A2;поддршка
supporter;Noun;B1;поддржувач
suppose;Verb;A2;претпоставувам
sure;Adjective , Adverb;A1, A2;дека
surely;Adverb;B1;сигурно
surface;Noun;B1;површина
surgery;Noun;B2;хирургија
surprise;Noun Verb;A2;изненадување
surprised;Adjective;A2;изненади
surprising;Adjective;A2;изненадувачки
surround;Verb;B2;опкружувачки звук
surrounding;Adjective;B2;околните
survey;Noun, Verb;A2, B2;истражување
survive;Verb;B1;преживее
suspect;Verb Noun;B2;осомничениот
swear;Verb;B2;заколнам
sweater;Noun;A1;џемпер
sweep;Verb;B2;замав
sweet;Adjective Noun;A2;слатки
swim;Verb , Noun;A1, B1;пливање
swimming;Noun;A1;пливање
switch;Verb , Noun;B1, B2;прекинувач
symbol;Noun;A2;симбол
sympathy;Noun;B2;сочувство
symptom;Noun;B1;симптом
system;Noun;A2;систем
table;Noun;A1;маса
tablet;Noun;A2;таблет
tail;Noun;B1;опашка
take;Verb;A1;се
tale;Noun;B2;приказна
talent;Noun;B1;талент
talented;Adjective;B1;талентирани
talk;Verb , Noun;A1, A2;разговор
tall;Adjective;A1;висок
tank;Noun;B2;резервоарот
tape;Noun;B1;лента
target;Noun, Verb;A2, B2;цел
task;Noun;A2;задача
taste;Noun Verb;A2;вкус
tax;Noun Verb;B1;данок
taxi;Noun;A1;Со среќа!
tea;Noun;A1;чај
teach;Verb;A1;Да научат
teacher;Noun;A1;наставник
teaching;Noun;A2;настава
team;Noun;A1;тим
tear1;Verb Noun;B2;tear1
tear2;Noun;B2;tear2
technical;Adjective;B1;технички
technique;Noun;B1;техника
technology;Noun;A2;технологија
teenage;Adjective;A2;тинејџерка
teenager;Noun;A1;тинејџер
telephone;Noun Verb;A1;телефон
television;Noun;A1;телевизија
tell;Verb;A1;кажам
temperature;Noun;A2;температура
temporary;Adjective;B2;привремен
ten;number;A1;десет
tend;Verb;B1;имаат тенденција да
tennis;Noun;A1;Тенис
tent;Noun;B1;шатор
term;Noun, Verb;A2, B2;термин
terrible;Adjective;A1;страшно
test;Noun Verb;A1;тест
text;Noun, Verb;A1, A2;текст
than;conj.;A1;од
thank;Verb;A1;благодарам
thanks;exclam. Noun;A1;благодарение
that;det. proNoun conj., Adverb;A1, B1;дека
the;definite article;A1;на
theatre;Noun;A1;театар
their;det.;A1;нивните
theirs;proNoun;B1;нивни
them;proNoun;A1;нив
theme;Noun;B1;тема
themselves;proNoun;A2;се
then;Adverb;A1;тогаш
theory;Noun;B1;теорија
therapy;Noun;B2;терапија
there;Adverb;A1;таму
therefore;Adverb;B1;затоа,
they;proNoun;A1;тие
thick;Adjective;A2;дебела
thief;Noun;A2;крадец
thin;Adjective;A2;тенок
thing;Noun;A1;работа
think;Verb;A1;мислам
thinking;Noun;A2;размислување
third;number, Noun;A1, A2;трети
thirsty;Adjective;A1;жеден
thirteen;number;A1;тринаесет
thirty;number;A1;триесет
this;det./proNoun, Adverb;A1, B1;ова
though;conj. Adverb;B1;иако
thought;Noun;A2;мисла
thousand;number;A1;илјади
threat;Noun;B2;закана
threaten;Verb;B2;закануваат
three;number;A1;три
throat;Noun;B1;грло
through;prep. Adverb;A1;преку
throughout;prep./Adverb;B1;во текот на
throw;Verb;A2;фрли
Thursday;Noun;A1;четврток
thus;Adverb;B2;на тој начин
ticket;Noun;A1;билет
tidy;Adjective v;A2;уредно
tie;Verb Noun;A2;вратоврска
tight;Adjective;B1;тесни
till;conj./prep.;B1;до
time;Noun, Verb;A1, B2;време
tin;Noun;B1;калај
tiny;Adjective;B1;мал
tip;Noun, Verb;A2, B1;Совет
tired;Adjective;A1;уморен
title;Noun;A1, B2;Наслов
to;prep., infinitive marker;A1;до
today;Adverb Noun;A1;денес
toe;Noun;B1;пети
together;Adverb;A1;заедно
toilet;Noun;A1;тоалет
tomato;Noun;A1;домати
tomorrow;Adverb Noun;A1;утре
tone;Noun;B2;тон
tongue;Noun;B1;јазик
tonight;Adverb n;A1;вечерва
too;Adverb;A1;премногу
tool;Noun;A2;алатка
tooth;Noun;A1;заб
top;Noun, Adjective;A2;врв
topic;Noun;A1;тема
total;Adjective Noun;B1;Вкупниот
totally;Adverb;B1;целосно
touch;Verb , Noun;A2, B1;допир
tough;Adjective;B2;тешки
tour;Noun, Verb;A2, B1;турнеја
tourism;Noun;A2;туризмот
tourist;Noun;A1;турист
towards;prep.;A2;кон
towel;Noun;A2;пешкир
tower;Noun;A2;кула
town;Noun;A1;град
toy;Noun, Adjective;A2;играчка
track;Noun, Verb;A2, B2;следење на
trade;Noun, Verb;B1;трговија
tradition;Noun;A2;традиција
traditional;Adjective;A2;традиционалните
traffic;Noun;A1;сообраќај
train;Noun, Verb;A1, A2;воз
trainer;Noun;A2;тренер
training;Noun;A2;обука
transfer;Verb Noun;B2;трансфер
transform;Verb;B2;се трансформира
transition;Noun;B2;транзиција
translate;Verb;B1;преведе
translation;Noun;B1;превод
transport;Noun, Verb;A2, B1;транспорт
travel;Verb Noun;A1;патува
traveller;Noun;A2;патник
treat;Verb;B1;лекување
treatment;Noun;B1;третман
tree;Noun;A1;дрво
trend;Noun;B1;тренд
trial;Noun;B2;судењето
trick;Noun Verb;B1;трик
trip;Noun, Verb;A1, B2;патување
tropical;Adjective;B2;тропски
trouble;Noun, Verb;A2, B2;проблеми
trousers;Noun;A1;панталони
truck;Noun;A2;камион
TRUE;Adjective;A1;ТОЧНО
truly;Adverb;B2;навистина
trust;Noun Verb;B2;доверба
truth;Noun;B1;вистина
try;Verb , Noun;A1, B2;обидете
T-shirt;Noun;A1;маица
tube;Noun;B1;цевка
Tuesday;Noun;A1;вторник
tune;Noun;B2;мелодија
tunnel;Noun;B2;тунел
turn;Verb Noun;A1;се претвори
TV;Noun;A1;телевизија
twelve;number;A1;дванаесет
twenty;number;A1;дваесет
twice;Adverb;A1;два пати
twin;Noun Adjective;A2;близнак
two;number;A1;две
type;Noun, Verb;A1, B1;тип
typical;Adjective;A2;типичен
typically;Adverb;B1;обично
tyre;Noun;B1;гуми
ugly;Adjective;B1;грди
ultimately;Adverb;B2;во крајна линија
umbrella;Noun;A1;чадор
unable;Adjective;B1;состојба
uncle;Noun;A1;чичко
uncomfortable;Adjective;B1;непријатно
unconscious;Adjective;B2;несвесен
under;prep. Adj;A1;под
underground;Adjective Adverb;A2;подземни
understand;Verb;A1;разбере
understanding;Noun;A2;разбирање
underwear;Noun;B1;долна облека
unemployed;Adjective;B1;невработен
unemployment;Noun;B1;невработеноста
unexpected;Adjective;B2;неочекуван
unfair;Adjective;B1;нефер
unfortunately;Adverb;A2;за жал,
unhappy;Adjective;A2;несреќен
uniform;Noun;A2;униформа
union;Noun;B1;унија
unique;Adjective;B2;уникатна
unit;Noun;A2;единица
united;Adjective;A2;обединета
universe;Noun;B2;универзумот
university;Noun;A1;универзитет
unknown;Adjective;B2;непознат
unless;conj.;B1;освен ако
unlike;prep.;B1;за разлика од
unlikely;Adjective;B1;веројатно
unnecessary;Adjective;B1;непотребни
unpleasant;Adjective;B1;непријатен
until;conj./prep.;A1;додека
unusual;Adjective;A2;необичен
up;Adverb proNoun;A1;до
update;Verb Noun;B1;ажурирање
upon;prep.;B1;на
upper;Adjective;B2;горниот
upset;Adjective v;B1;вознемирен
upstairs;Adverb , Adjective;A1, A2;горе
upwards;Adverb;B2;нагоре
urban;Adjective;B2;урбанистички
urge;Verb;B2;нагон
us;proNoun;A1;ни
use;Verb , Noun;A1, A2;употреба
used;Adjective;B1;се користи
used to;modal Verb;A2;се користи за да
useful;Adjective;A1;корисни
user;Noun;A2;корисникот
usual;Adjective;A2;вообичаените
usually;Adverb;A1;обично
vacation;Noun;A1;одмор
valley;Noun;A2;долина
valuable;Adjective;B1;вредни
value;Noun, Verb;B1, B2;вредност
van;Noun;A2;комбе
variety;Noun;A2;различни
various;Adjective;B1;разни
vary;Verb;B2;се разликуваат
vast;Adjective;B2;огромното
vegetable;Noun;A1;зеленчук
vehicle;Noun;A2;возило
venue;Noun;B2;место
version;Noun;B1;верзија
very;Adverb , Adjective;A1, B1;многу
via;prep.;B2;преку
victim;Noun;B1;жртва
victory;Noun;B2;победа
video;Noun;A1;Видео
view;Noun, Verb;A2,;поглед
viewer;Noun;B1;гледачот
village;Noun;A1;село
violence;Noun;B2;насилство
violent;Adjective;B1;насилство
virtual;Adjective;B2;виртуелна
virus;Noun;A2;вирус
vision;Noun;B2;визија
visit;Verb Noun;A1;посетата
visitor;Noun;A1;посетител
visual;Adjective;B2;визуелен
vital;Adjective;B2;витално
vitamin;Noun;B2;витамин
voice;Noun;A2;глас
volume;Noun;B2;волумен
volunteer;Noun Verb;B1;волонтер
vote;Noun Verb;B1;гласање
wage;Noun;B2;плата
wait;Verb , Noun;A1, A2;чекање
waiter;Noun;A1;келнер
wake;Verb;A1;будење
walk;Verb Noun;A1;одиме
wall;Noun;A1;ѕид
want;Verb;A1;сака
war;Noun;A2;војна
warm;Adjective , v;A1, B1;топло
warn;Verb;B1;предупредуваат
warning;Noun;B1;предупредување
wash;Verb , Noun;A1, A2;миење
washing;Noun;A2;миење
waste;Noun v, Adjective;B1;отпад
watch;Verb Noun;A1;види
water;Noun, Verb;A1, B1;вода
wave;Noun;A2, B1;бран
way;Noun;A1, B2;начин
we;proNoun;A1;ние
weak;Adjective;A2;слаб
weakness;Noun;B2;слабост
wealth;Noun;B2;богатство
wealthy;Adjective;B2;богатите
weapon;Noun;B1;Оружје
wear;Verb;A1;носат
weather;Noun;A1;времето
web;Noun;A2;веб
website;Noun;A1;веб-страница
wedding;Noun;A2;Свадба
Wednesday;Noun;A1;среда
week;Noun;A1;недела
weekend;Noun;A1;викенд
weigh;Verb;B1;тежат
weight;Noun;A2;Тежина
welcome;exclam. Verb Adjective , n;A1, A2;добредојден
well;Adverb , Adjective , exclam.;A1;и
west;Noun Adjective Adverb;A1;запад
western;Adjective;B1;западна
wet;Adjective;A2;влажни
what;proNoun/det.;A1;што
whatever;det./proNoun;B1;како и да е
wheel;Noun;A2;тркало
when;Adverb proNounconj.;A1;кога
whenever;conj.;B1;кога
where;Adverb conj.;A1;каде
whereas;conj.;B2;со оглед на тоа
wherever;conj.;B2;каде
whether;conj.;B1;дали
which;proNoun/det.;A1;кои
while;conj., Noun;A2, B1;а
whisper;Verb Noun;B2;шепот
white;Adjective Noun;A1;бела
who;proNoun;A1;СЗО
whole;Adjective , n;A2, B1;целиот
whom;proNoun;B2;кого
whose;det./proNoun;A2;чиј
why;Adverb;A1;зошто
wide;Adjective;A2;широк
widely;Adverb;B2;широко
wife;Noun;A1;жена
wild;Adjective;A2;диви
wildlife;Noun;B2;флора и фауна,
will;modal, Noun Verb;A1,;ќе
willing;Adjective;B2;подготвени
win;Verb , Noun;A1, B1;победа
wind1;Noun;A2;wind1
wind2;Verb;B2;wind2
window;Noun;A1;прозорец
wine;Noun;A1;вино
wing;Noun;B1;крило
winner;Noun;A2;победникот
winter;Noun;A1;зима
wire;Noun;B2;жица
wise;Adjective;B2;мудар
wish;Verb Noun;A2;на желби
with;prep.;A1;со
within;prep.;B1;во рамките
without;prep.;A1;без
witness;Noun Verb;B2;сведок
woman;Noun;A1;жена
wonder;Verb Noun;B1;чудо
wonderful;Adjective;A1;прекрасна
wood;Noun;A2;дрво
wooden;Adjective;A2;дрвено
wool;Noun;B1;волна
word;Noun;A1;збор
work;Verb Noun;A1;работа
worker;Noun;A1;работник
working;Adjective;A2;работа
world;Noun;A1;светот
worldwide;Adjective Adverb;B1;во светот
worried;Adjective;A2;загрижени
worry;Verb Noun;A2, B1;се грижи
worse;Adjective, AdVerb Noun;A2,B1, B2;полошо
worst;Adjective, AdVerb;A2,B1, B2;најлошото
worth;Adjective, Noun;B1, B2;вредност
would;modal, Verb;A1;Дали
wound;Noun Verb;B2;рана
wow;exclam.;A2;Леле
wrap;Verv;B2;навиват
write;Verb;A1;запишување
writer;Noun;A1;писател
writing;Noun;A1;пишување
written;Adjective;B1;напишано
wrong;Adjective, AdVerb Noun;A1, B1, B2;ред
yard;Noun;B1;двор
yeah;exclam.;A1;Да
year;Noun;A1;година
yellow;Adjective, Noun;A1;жолта
yes;exclam.;A1;Да
yesterday;AdVerb Noun;A1;вчера
yet;AdVerb conj.;A2, B2;уште
you;proNoun;A1;ќе
young;Adjective, Noun;A1, B1;млад
your;det.;A1;вашиот
yours;proNoun;A2;твое
yourself;proNoun;A1;себе
youth;Noun;B1;младина
zero;number;A2;нула
zone;Noun;B2;зона
