a, an;indefinite, article;A1;ഒരു, ഒരു
abandon;Verb;B2;കയ്യൊഴിയുക
ability;Noun;A2;കഴിവ്
able;Adjective;A2;കഴിവുള്ള
about;prep. Adverb;A1;കുറിച്ച്
above;prep. Adverb;A1;മുകളിൽ
abroad;Adverb;A2;വിദേശത്ത്
absolute;Adjective;B2;കേവല
absolutely;Adverb;B1;നിരുപാധികമായി
academic;adj, Noun;B1, B2;പണ്ഡിതോചിതമായ
accept;Verb;A2;അംഗീകരിക്കുക
acceptable;Adjective;B2;സ്വീകാര്യമായ
access;Noun Verb;B1;പ്രവേശനം
accident;Noun;A2;അപകടം
accommodation;Noun;B1;താമസ
accompany;Verb;B2;കൂടെപ്പോവുക
according to;prep.;A2;അതുപ്രകാരം
account;Noun Verb;B1, B2;കണക്ക്
accurate;Adjective;B2;സൂക്ഷ്മമായ
accuse;Verb;B2;ബോധിപ്പിക്കുന്ന
achieve;Verb;A2;നേടിയെടുക്കാൻ
achievement;Noun;B1;നേട്ടം
acknowledge;Verb;B2;അംഗീകരിച്ച
acquire;Verb;B2;നേടിയില്ലെങ്കിൽ
across;prep. Adverb;A1;കുറുകേ
act;Verb Noun;A2,B1;നിയമം
action;Noun;A1;നടപടി
active;Adjective;A2;സജീവമായ
activity;Noun;A1;പ്രവർത്തനം
actor;Noun;A1;നടൻ
actress;Noun;A1;നടി
actual;Adjective;B2;യഥാർത്ഥ
actually;Adverb;A2;യഥാർത്ഥത്തിൽ
ad;Noun;B1;പരസ്യം
adapt;Verb;B2;യുക്തമാക്കുക
add;Verb;A1;ആഡ്
addition;Noun;B1;കൂടാതെ
additional;Adjective;B2;അധികമായ
address;Noun Verb;A1,B2;വിലാസം
administration;Noun;B2;ഭരണകൂടം
admire;Verb;B1;ആരാധിക്കുക
admit;Verb;B1;സമ്മതിക്കുക
adopt;Verb;B2;ദത്തെടുക്കുക
adult;Noun adj;A1,A2;ആളൊന്നിൻറെ
Advance;Noun Verb adj;B2;മുൻകൂർ
Advanced;Adjective;B1;വിപുലമായ
Advantage;Noun;A2;നേട്ടം
Adventure;Noun;A2;സാഹസികത
Advertise;Verb;A2;വിജ്ഞാപനം ചെയ്യുക
Advertisement;Noun;A2;വിജ്ഞാപനം
Advertising;Noun;A2;പരസ്യം ചെയ്യൽ
Advice;Noun Verb;A1, B1;ഉപദേശം
affair;Noun;B2;കാര്യം
affect;Verb;A2;ബാധിക്കുക
afford;Verb;B1;ഉളവാക്കുക
afraid;Adjective;A1;ഭയപ്പെട്ടു
after;prep. conj. Adverb;A1,A2;ശേഷം
afternoon;Noun;A1;ഉച്ചകഴിഞ്ഞ്
afterwards;Adverb;B2;അനന്തരം
again;Adverb;A1;വീണ്ടും
against;prep;A2;എതിരായി
age;Noun Verb;A1, B1;പ്രായം
aged;Adjective;B1;പ്രായമുള്ള
agency;Noun;B2;ഏജൻസി
agenda;Noun;B2;അജണ്ട
agent;Noun;B1;ഏജന്റ്
aggressive;Adjective;B2;ആകമിക്കുന്ന
ago;Adverb;A1;മുന്പ്
agree;Verb;A1;സമ്മതിക്കുന്നു
agreement;Noun;B1;കരാര്
ah;exclam.;A2;അയ്യോ
ahead;Adverb;B1;മുന്നോട്ട്
aid;Noun Verb;B2;സഹായം
aim;Verb Noun;B1;ലക്ഷ്യം
air;Noun;A1;എയർ
aircraft;Noun;B2;വോമയാനോപായങ്ങള്
airline;Noun;A2;എയർലൈൻ
airport;Noun;A1;വിമാനത്താവളം
alarm;Noun Verb;B1, B2;ആപല്സൂചന
album;Noun;B1;ആൽബം
alcohol;Noun;B1;മദ്യം
alcoholic;Adjective;B1;അമിതമദപാനി
alive;Adjective;A2;ജീവനോടെ
all;det. pron, Adverb;A1, A2;എല്ലാം
all right;Adjective, Adverb exclam;A2;അങ്ങനെയാകട്ടെ
allow;Verb;A2;അനുവദിക്കുക
almost;Adverb;A2;മിക്കവാറും
alone;Adjective, Adverb;A2;ഒറ്റയ്ക്ക്
along;prep. Adverb;A2;സഹിതം
already;Adverb;A2;ഇതിനകം
also;Adverb;A1;കൂടാതെ
alter;Verb;B2;Alter
alternative;Noun Adjective;A2, B1;ബദൽ
although;conj;A2;എന്നാലും
always;Adverb;A1;എല്ലായിപ്പോഴും
amazed;Adjective;B1;വിസ്മയിച്ചു
amazing;Adjective;A1;അത്ഭുതകരമായ
ambition;Noun;B1;അധികാരതൃഷ്ണ
ambitious;Adjective;B1;ഉന്നതപദവാഞ്ഛയുള്ള
among;prep.;A2;കൂട്ടത്തില്
amount;Noun Verb;A2, B2;തുക
analyse;Verb;B1;വിശകലനം ചെയ്യുക
analysis;Noun;B1;വിശകലനം
ancient;Adjective;A2;പുരാതനമായ
and;conj;A1;ഒപ്പം
anger;Noun;B2;കോപം
angle;Noun;B2;കോൺ
angry;Adjective;A1;കുപിതനായ
animal;Noun;A1;ജന്തു
ankle;Noun;A2;കണങ്കാല്
anniversary;Noun;B2;വാർഷികം
announce;Verb;B1;അറിയിക്കുക
announcement;Noun;B1;അറിയിപ്പ്
annoy;Verb;B1;ശലപ്പെടുത്തുക
annoyed;Adjective;B1;അസ്വസ്ഥനാക്കുന്നു എന്ന്
annoying;Adjective;B1;ശലപ്പെടുത്തല്
annual;Adjective;B2;വാർഷിക
another;det. proNoun;A1;മറ്റൊരു
answer;Noun Verb;A1;ഉത്തരം
anxious;Adjective;B2;ഉത്കണ്ഠാജനകമായ
any;det. proNoun, Adverb;A1, A2;എന്തെങ്കിലും
anybody;pron;A2;ആരെങ്കിലും
any more;Adverb;A2;ഇനി
anyone;pron;A1;ആർക്കും
anything;pron;A1;എന്തും
anyway;Adverb;A2;ഏതുവിധത്തിലും
anywhere;AdVerb proNoun;A2;എവിടെയെങ്കിലും
apart;Adverb;B1;കൂടാതെ
apartment;Noun;A1;അപ്പാർട്ട്മെന്റ്
apologize;Verb;B1;ക്ഷമയാചിക്കുക
app;Noun;A2;അപ്ലിക്കേഷൻ
apparent;Adjective;B2;കാണാവുന്ന
apparently;Adverb;B2;പ്രത്യക്ഷമായും
appeal;Noun Verb;B2;അപ്പീൽ
appear;Verb;A2;ദൃശ്യമാകും
appearance;Noun;A2;കാഴ്ച
apple;Noun;A1;ആപ്പിൾ
application;Noun;B1;അപേക്ഷ
apply;Verb;A2;അപേക്ഷിക്കുക
appointment;Noun;B1;നിയമനം
appreciate;Verb;B1;അഭിനന്ദിക്കുന്നു
approach;Noun Verb;B2;സമീപനം
appropriate;Adjective;B2;ഉചിതമായ
approval;Noun;B2;അംഗീകാരം
approve;Verb;B2;അംഗീകരിക്കുക
approximately;Adverb;B1;ഏകദേശം
April;Noun;A1;ഏപ്രിൽ
architect;Noun;A2;വാസ്തുശില്പി
architecture;Noun;A2;വാസ്തുവിദ്യ
area;Noun;A1;ഏരിയ
argue;Verb;A2;വാദിക്കുക
argument;Noun;A2;വാദം
arise;Verb;B2;എഴുന്നേറ്റു
arm;Noun;A1;കൈക്ക്
armed;Adjective;B2;സായുധ
arms;Noun;B2;ആയുധങ്ങൾ
army;Noun;A2;സൈന്യം
around;prep. Adverb;A1;ചുറ്റും
arrange;Verb;A2;കമീകരിക്കുക
arrangement;Noun;A2;കമീകരണം
arrest;Verb Noun;B1;അറസ്റ്റ്
arrival;Noun;B1;വരവ്
arrive;Verb;A1;എത്തും
art;Noun;A1;കല
article;Noun;A1;ലേഖനം
artificial;Adjective;B2;കൃതിമമായ
artist;Noun;A1;കലാകാരന്
artistic;Adjective;B2;കലാപരമായ
as;prep., Adverb conj.;A1, A2;പോലെ
ashamed;Adjective;B2;ലജ്ജിച്ചു
asleep;Adjective;A2;ഉറങ്ങുന്ന
ask;Verb;A1;ചോദിക്കുക
aspect;Noun;B2;വീക്ഷണ
assess;Verb;B2;തിട്ടപ്പെടുത്തുക
assessment;Noun;B2;നികുതിചുമത്തല്
assignment;Noun;B1;ചുമതല
assist;Verb;B1;സഹായിക്കുക
assistant;Noun Adjective;A2;സഹായി
associate;Verb;B2;തോഴി
associated;Adjective;B2;ബന്ധപ്പെട്ട
association;Noun;B2;അസോസിയേഷൻ
assume;Verb;B2;ഏല്ക്കുക
at;prep.;A1;ചെയ്തത്
athlete;Noun;A2;കായികാഭാസി
atmosphere;Noun;B1;അന്തരീക്ഷം
attach;Verb;B1;ഘടിപ്പിക്കുക
attack;Noun Verb;A2;ആക്രമണം
attempt;Noun Verb;B2;ശ്രമം
attend;Verb;A2;പങ്കെടുക്കാൻ
attention;Noun exclam.;A2;ശ്രദ്ധ
attitude;Noun;B1;ഭാവം
attract;Verb;B1;ആകര്ഷിക്കുക
attraction;Noun;B1;ആകര്ഷണം
attractive;Adjective;A2;ആകർഷകമായ
audience;Noun;A2;പ്രേക്ഷകരെ
August;Noun;A1;ആഗസ്റ്റ്
aunt;Noun;A1;അമ്മായി
author;Noun;A2;രചയിതാവ്
authority;Noun;B1;അധികാരം
autumn;Noun;A1;ശരത്കാലം
available;Adjective;A2;ലഭ്യമായ
average;Adjective, Noun Verb;A2, B1;ശരാശരി
avoid;Verb;A2;ഒഴിവാക്കുക
award;Noun Verb;A2, B1;അവാർഡ്
aware;Adjective;B1;അറിഞ്ഞിരിക്കുക
away;Adverb;A1;ദൂരെ
awful;Adjective;A2;ഭയങ്കരമായ
baby;Noun;A1;ശിശു
back;Noun AdVerb Adjective, Verb;A1, A2, B2;വീണ്ടും
background;Noun;A2;പശ്ചാത്തലം
backwards;Adverb;B1;പിന്നാക്കമായി
bacteria;Noun;B2;ബാക്ടീരിയ
bad;Adjective;A1;ചീത്ത
badly;Adverb;A2;മോശമായി
bag;Noun;A1;സഞ്ചി
bake;Verb;B1;ചുടുക
balance;Noun Verb;B1;ബാക്കി
ball;Noun;A1;പന്ത്
ban;Verb Noun;B1;നിരോധനം
banana;Noun;A1;വാഴപ്പഴം
band;Noun;A1;കൂട്ടം
bank (money);Noun;A1;ബാങ്ക് (പണം)
bank (river);Noun;B1;ബാങ്ക് (നദി)
bar;Noun Verb;A2, B2;ബാർ
barrier;Noun;B2;തടസ്സം
base;Noun Verb;B1;അടിത്തറ
baseball;Noun;A2;ബേസ്ബോൾ
based;Adjective;A2;അടിസ്ഥാനമാക്കിയുള്ള
basketball;Noun;A2;ബാസ്ക്കറ്റ്ബോൾ
basic;Adjective;B1;അടിസ്ഥാനപരമായ
basically;Adverb;B2;അടിസ്ഥാനപരമായി
basis;Noun;B1;അടിസ്ഥാനം
bath;Noun;A1;കുളി
bathroom;Noun;A1;കുളിമുറി
battery;Noun;B1;ബാറ്ററി
battle;Noun Verb;B1, B2;യുദ്ധം
be;Verb auxiliary Verb;A1;Be
beach;Noun;A1;ബീച്ച്
bean;Noun;A2;അമര
bear (deal with);Verb;B2;കരടി (കൈകാര്യം)
bear (animal);Noun;A2;കരടി (മൃഗം)
beat;Verb Noun;A2, B2;അടിക്കുക
beautiful;Adjective;A1;മനോഹരമായ
beauty;Noun;B1;സൗന്ദര്യം
because;conj.;A1;കാരണം
become;Verb;A1;തീരും
bed;Noun;A1;കിടക്ക
bedroom;Noun;A1;കിടപ്പറ
bee;Noun;B1;തേനീച്ച
beef;Noun;A2;ഗോമാംസം
beer;Noun;A1;ബിയർ
before;prep., conj. Adverb;A1, A2;മുമ്പ്
beg;Verb;B2;യാചിക്കുക
begin;Verb;A1;ആരംഭിക്കുന്നു
beginning;Noun;A1;തുടക്കം
behave;Verb;A2;പെരുമാറുക
behaviour;Noun;A2;പെരുമാറ്റം
behind;prep. Adverb;A1;പിന്നാലെ
being;Noun;B2;ഒറ്റപ്പെട്ട
belief;Noun;B1;വിശ്വാസം
believe;Verb;A1;വിശ്വസിക്കുകയും
bell;Noun;B1;മണി
belong;Verb;A2;അധീനത്തിലാകുന്നു
below;Adverb prep.;A1;താഴെ
belt;Noun;A2;അരപ്പട്ട
bend;Verb Noun;B1;വളയ്ക്കുക
benefit;Verb NouNoun;A2, B1;ആനുകൂല്യം
bent;Adjective;B2;ചായ്വ്
best;Adjective, AdVerb Noun;A1, A2;മികച്ച
bet;Verb Noun;B2;പന്തയം
better;Adjective , Adverb , Noun;A1, A2, B1;മെച്ചപ്പെട്ട
between;prep., Adverb;A1, A2;ഇടയില്
beyond;prep. Adverb;B2;അപ്പുറം
bicycle;Noun;A1;സൈക്കിൾ
big;Adjective;A1;വലിയ
bike;Noun;A1;ബൈക്ക്
bill;Noun Verb;A1, B2;ബില്
billion number; ;A2;ബില്യൺ നമ്പർ
bin;Noun;A2;ബിൻ
biology;Noun;A2;ജീവശാസ്തം
bird;Noun;A1;പക്ഷി
birth;Noun;A2;ജനനം
birthday;Noun;A1;ജന്മദിനം
biscuit;Noun;A2;ബിസ്ക്കറ്റ്
bit;Noun;A2;ബിറ്റ്
bite;Verb Noun;B1;കടിക്കുക
bitter;Adjective;B2;കയ്പേറിയ
black;Adjective, Noun;A1;കറുത്ത
blame;Verb Noun;B2;കുറ്റപ്പെടുത്തുക
blank;Adjective, Noun;A2;ശൂനമായ
blind;Adjective;B2;അന്ധനായ
block;Noun Verb;B1;ബ്ലോക്ക്
blog;Noun;A1;ബ്ലോഗ്
blonde;Adjective;A1;സുന്ദരിയായ
blood;Noun;A2;രക്തം
blow;Verb;A2;അടിക്കുക
blue;Adjective, Noun;A1;നീല
board;Noun Verb;A2, B1;പലക
boat;Noun;A1;വള്ളം
body;Noun;A1;ശരീരം
boil;Verb;A2;തിളപ്പിക്കുക
bomb;Noun Verb;B1;ബോംബ്
bond;Noun;B2;ബോണ്ട്
bone;Noun;A2;അസ്ഥി
book;Noun Verb;A1, A2;പുസ്തകം
boot;Noun;A1;ബൂട്ട്
border;Noun Verb;B1, B2;അതിർത്തി
bored;Adjective;A1;ബോറടിക്കുന്നു
boring;Adjective;A1;മുഷിപ്പനായ
born;Verb;A1;ജനിച്ച
borrow;Verb;A2;വായ്പ
boss;Noun;A2;യജമാനന്
both;det./proNoun;A1;രണ്ടും
bother;Verb;B1;അലട്ടുക
bottle;Noun;A1;കുപ്പി
bottom;NouNoun Adjective;A2;അടിത്തട്ട്
bowl;Noun;A2;കോപ്പ
box;Noun;A1;പെട്ടി
boy;Noun;A1;കുട്ടി
boyfriend;Noun;A1;ആണ്സുഹൃത്ത്
brain;Noun;A2;തലച്ചോറ്
branch;Noun;B1;ശാഖ
brand;Noun Verb;B1;ബ്രാൻഡ്
brave;Adjective;B1;ധീരതയുള്ള
bread;Noun;A1;റൊട്ടി
break;Verb Noun;A1;ബ്രേക്ക്
breakfast;Noun;A1;പ്രഭാത
breast;Noun;B2;മുല
breath;Noun;B1;ശ്വാസം
breathe;Verb;B1;ശസിക്കുക
breathing;Noun;B1;ശ്വസനം
bride;Noun;B1;വധു
bridge;Noun;A2;പാലം
brief;Adjective;B2;ചുരുക്കത്തിലുള്ള
bright;Adjective;A2;തിളങ്ങുന്ന
brilliant;Adjective;A2;അസാമാനബുദ്ധിയുള്ള
bring;Verb;A1;കൊണ്ടുവരിക
broad;Adjective;B2;വിശാലമായ
broadcast;Verb Noun;B2;പക്ഷേപണം
broken;Adjective;A2;തകർത്തു
brother;Noun;A1;സഹോദരൻ
brown;Adjective, Noun;A1;തവിട്ട്
brush;Verb Noun;A2;കുറ്റിക്കാട്
bubble;Noun;B1;കുമിള
budget;Noun;B2;ബജറ്റ്
build;Verb;A1;ബിൽഡ്
building;Noun;A1;കെട്ടിടം
bullet;Noun;B2;വെടിയുണ്ട
bunch;Noun;B2;കൂട്ടം
burn;Verb Noun;A2, B2;കത്തിക്കുക
bury;Verb;B1;കുഴിച്ചിടുക
bus;Noun;A1;ബസ്
bush;Noun;B2;കുറ്റിക്കാട്
business;Noun;A1;ബിസിനസ്സ്
businessman;Noun;A2;കച്ചവടക്കാരന്
busy;Adjective;A1;തിരക്ക്
but;conj. prep;A1, B2;പക്ഷേ
butter;Noun;A1;വെണ്ണ
button;Noun;A2;ബട്ടൺ
buy;Verb;A1;വാങ്ങാൻ
by;prep. Adverb;A1, B1;കൊണ്ട്
bye;exclam;A1;ബൈ
cable;Noun;B2;കേബിൾ
cafe;Noun;A1;കഫേ
cake;Noun;A1;കേയ്ക്ക്
calculate;Verb;B2;കണക്കാക്കുക
call;Verb Noun;A1;വിളി
calm;Adjective Verb Noun;B1;ശാന്തമായ
camera;Noun;A1;കാമറ
camp;Noun Verb;A2;പാളയം
campaign;Noun Verb;B1;പ്രചാരണം
camping;Noun;A2;ക്യാമ്പിംഗ്
campus;Noun;B1;കോളേജ് വളപ്പ്
can1;modal Verb;A1;ചന്൧
can2;Noun;A2;ചന്൨
cancel;Verb;B2;റദ്ദാക്കുക
cancer;Noun;B2;കാൻസർ
candidate;Noun;B1;സ്ഥാനാര്ഥി
cannot;Verb;A1;ഒന്നും കഴിയില്ല
cap;Noun;B1;തൊപ്പി
capable;Adjective;B2;ശേഷിയുള്ള
capacity;Noun;B2;ശേഷി
capital;Noun Adjective;A1;തലസ്ഥാനം
captain;Noun;B1;ക്യാപ്റ്റൻ
capture;Verb Noun;B2;ഗ്രഹണ
car;Noun;A1;കാര്
card;Noun;A1;കാർഡ്
care;Noun Verb;A2;കെയർ
career;Noun;A1;ജീവിതം
careful;Adjective;A2;ശ്രദ്ധിക്കുക
carefully;Adverb;A2;ശ്രദ്ധാപൂർവം
careless;Adjective;B1;ശദ്ധയില്ലാത്ത
carpet;Noun;A2;പരവതാനി
carrot;Noun;A1;കാരറ്റ്
carry;Verb;A1;കാരി
cartoon;Noun;A2;ഹാസചിതം
case;Noun;A2;കേസ്
cash;Noun;A2;പണം
cast;Noun Verb;B2;ഉരുക്കിവാര്ക്കുക
castle;Noun;A2;കോട്ട
cat;Noun;A1;പൂച്ച
catch;Verb Noun;A2, B2;പിടിക്കുക
category;Noun;B1;വിഭാഗം
cause;Noun Verb;A2;കാരണം
CD;Noun;A1;സിഡി
ceiling;Noun;B1;മച്ച്
celebrate;Verb;A2;ആഘോഷിക്കാൻ
celebration;Noun;B1;ആഘോഷം
celebrity;Noun;A2;സെലിബ്രിറ്റി
cell;Noun;B2;കോശം
cent;Noun;A1;ശതമാനം
central;Adjective;B1;കേന്ദ്ര
centre;Noun Verb;A1, B1;കേന്ദ്രം
century;Noun;A1;നൂറ്റാണ്ട്
ceremony;Noun;B1;ചടങ്ങ്
certain;Adjective;A2;ചില
certainly;Adverb;A2;തീർച്ചയായും
chain;Noun Verb;B1, B2;ചങ്ങല
chair;Noun Verb;A1, B2;കസേര
chairman;Noun;B2;ചെയർമാൻ
challenge;Noun Verb;B1, B2;വെല്ലുവിളി
champion;Noun;B1;ചാമ്പ്യൻ
chance;Noun;A2;അവസരം
change;Verb Noun;A1;മാറ്റം
channel;Noun;B1;ചാനൽ
chapter;Noun;B1;അധ്യായം
character;Noun;A2;പ്രതീകം
characteristic;Noun Adjective;B2;സവിശേഷമായ
charge;Noun Verb;B1;ചാർജ്
charity;Noun;A2;ചാരിറ്റി
chart;Noun Verb;A1, B2;ചാർട്ട്
chat;Verb Noun;A2;സല്ലാപം
cheap;Adjective , Adverb;A1, B1;വിലകുറഞ്ഞ
cheat;Verb Noun;B1;ചതിക്കുക
check;Verb Noun;A1, A2;ചെക്ക്
chef;Noun;A2;പധാനപാചകക്കാരന്
cheerful;Adjective;B1;ഉത്സാഹമുള്ള
cheese;Noun;A1;ചീസ്
chemical;Adjective, Noun;B1;രാസവസ്തു
chemistry;Noun;A2;രസതന്ത്രം
chest;Noun;B1;നെഞ്ച്
chicken;Noun;A1;കോഴി
chief;Adjective, Noun;B2;നേതാവ്
child;Noun;A1;കുട്ടി
childhood;Noun;B1;കുട്ടിക്കാലം
chip;Noun;A2;ചിപ്പ്
chocolate;Noun;A1;ചോക്കലേറ്റ്
choice;Noun;A2;ചോയ്സ്
choose;Verb;A1;തിരഞ്ഞെടുക്കുക
church;Noun;A2;ക്രിസ്ത്യൻ പള്ളി
cigarette;Noun;A2;സിഗരട്ട്
cinema;Noun;A1;സിനിമ
circle;Noun Verb;A2;വലയം
circumstance;Noun;B2;സാഹചര്യത്തിലും
cite;Verb;B2;തെളിവ്കാട്ടുക
citizen;Noun;B2;പൗരന്
city;Noun;A1;നഗരം
civil;Adjective;B2;സിവിൽ
claim;Verb Noun;B1;അവകാശം
class;Noun;A1;ക്ലാസ്
classic;Adjective, Noun;B2;ക്ലാസിക്
classical;Adjective;A2;ക്ലാസിക്കൽ
classroom;Noun;A1;ക്ലാസ്
clause;Noun;B1;ഉടന്വടി
clean;Adjective, Verb;A1;വെടിപ്പുള്ള
clear;Adjective, Verb;A2, B1;വ്യക്തമായ
clearly;Adverb;A2;വ്യക്തമായി
clever;Adjective;A2;വിരുതുള്ള
click;Verb Noun;B1;ക്ലിക്കിൽ
client;Noun;B1;കക്ഷി
climate;Noun;A2;കാലാവസ്ഥ
climb;Verb Noun;A1, B1;കയറുക
clock;Noun;A1;ഘടികാരം
close1;Verb Noun;A1, B2;ച്ലൊസെ൧
close2;Adjective , Adverb;A2, B1;ച്ലൊസെ൨
closed;Adjective;A2;അടച്ച
closely;Adverb;B2;അടുത്ത്
cloth;Noun;B1;തുണി
clothes;Noun;A1;വസ്ത്രം
clothing;Noun;A2;ഉടുപ്പു
cloud;Noun;A2;മേഘം
club;Noun;A1;ദണ്ഡ്
clue;Noun;B1;സൂചന
coach;Noun Verb;A2, B1;കോച്ച്
coal;Noun;B1;കൽക്കരി
coast;Noun;A2;തീരം
coat;Noun;A1;അങ്കി
code;Noun;A2;കോഡ്
coffee;Noun;A1;കോഫി
coin;Noun;B1;നാണയം
cold;Adjective Noun;A1;തണുത്ത
collapse;Verb Noun;B2;തകര്ന്നടിയുക
colleague;Noun;A2;സഹപവര്ത്തകന്
collect;Verb;A2;ശേഖരണം
collection;Noun;B1;സമാഹാരം
college;Noun;A1;കോളേജ്
colour;Noun;A1;നിറം
coloured;Adjective;B1;കളേർഡ്
column;Noun;A2;കോളം
combination;Noun;B2;കോമ്പിനേഷൻ
combine;Verb;B1;കൂടിച്ചേരുക
come;Verb;A1;വരിക
comedy;Noun;A2;ശുഭാന്തനാടശം
comfort;Noun Verb;B2;സൗകര്യങ്ങൾ
comfortable;Adjective;A2;സുഖപ്രദമായ
command;Noun Verb;B2;കമാൻഡ്
comment;Noun Verb;A2, B1;അഭിപ്രായം
commercial;Adjective Noun;B1;വാണിജ്യ
commission;Noun Verb;B2;കമ്മീഷൻ
commit;Verb;B1;നിയോഗിക്കുക
commitment;Noun;B2;പതിജ്ഞാബദ്ധത
committee;Noun;B2;സമിതി
common;Adjective Noun;A1;പൊതുവായ
commonly;Adverb;B2;സാധാരണയായി
communicate;Verb;A2;ആശയവിനിമയം
communication;Noun;B1;വാര്ത്താവിനിമയം
community;Noun;A2;സമൂഹം
company;Noun;A1;സംഘം
compare;Verb;A1;താരതമ്യം
comparison;Noun;B1;താരതമ്യം
compete;Verb;A2;മത്സരിക്കുക
competition;Noun;A2;മത്സരം
competitor;Noun;B1;എതിരാളി
competitive;Adjective;B1;മാത്സരികമായ
complain;Verb;A2;പരാതിപ്പെടുക
complaint;Noun;B1;പരാതി
complete;Adjective Verb;A1;പൂർണ്ണമായ
completely;Adverb;A2;പൂർണ്ണമായും
complex;Adjective, Noun;B1, B2;സങ്കീർണ്ണമായ
complicated;Adjective;B2;സങ്കീർണ്ണമാണ്
component;Noun;B2;ഘടകം
computer;Noun;A1;കമ്പ്യൂട്ടർ
concentrate;Verb;B1;ഏകോപിപ്പിക്കുക
concentration;Noun;B2;ഏകാഗത
concept;Noun;B2;ആശയം
concern;Noun Verb;B2;ഉത്കണ്ഠ
concerned;Adjective;B2;ബന്ധപ്പെട്ട
concert;Noun;A1;ചേര്ച്ച
conclude;Verb;B1;നിഗമനം
conclusion;Noun;B1;തീരുമാനം
condition;Noun;A2;അവസ്ഥ
conduct;Verb Noun;B2;പെരുമാറ്റച്ചട്ടം
conference;Noun;A2;സമ്മേളനം
confidence;Noun;B2;ആത്മവിശ്വാസം
confident;Adjective;B1;ആത്മവിശ്വാസം
confirm;Verb;B1;സ്ഥിരീകരിക്കുക
conflict;Noun Verb;B2;സംഘർഷം
confuse;Verb;B1;കുഴയ്ക്കുക
confused;Adjective;B1;ആശയക്കുഴപ്പത്തിൽ
confusing;Adjective;B2;ചിന്താക്കുഴപ്പമുള്ള
connect;Verb;A2;കണക്റ്റുചെയ്ത്
connected;Adjective;A2;ബന്ധിപ്പിച്ച
connection;Noun;B1;കണക്ഷൻ
conscious;Adjective;B2;ബോധമുള്ള
consequence;Noun;B1;പരിണതഫലം
conservative;Adjective, Noun;B2;യാഥാസ്ഥിതിക
consider;Verb;A2;പരിഗണിക്കുക
consideration;Noun;B2;പരിഗണന
consist;Verb;B1;ഉള്ക്കൊള്ളുക
consistent;Adjective;B2;പരസ്പരം യോജിക്കുന്ന
constant;Adjective;B2;സ്ഥിരമായ
constantly;Adverb;B2;സ്ഥിരമായി
construct;Verb;B2;നിര്മ്മിക്കുക
construction;Noun;B2;നിര്മ്മാണം
consume;Verb;B1;ഉപഭോഗം
consumer;Noun;B1;ഉപഭോക്തൃ
contact;Noun Verb;B1;കോൺടാക്റ്റ്
contain;Verb;A2;അടങ്ങിയിട്ടുണ്ട്
container;Noun;B1;പാതം
contemporary;Adjective;B2;സമകാലിക
content;Noun;B1;ഉള്ളടക്കം
contest;Noun Verb;B2;മത്സരം
context;Noun;A2;സന്ദർഭ
continent;Noun;A2;ഭൂഖണ്ഡം
continue;Verb;A2;തുടരുക
continuous;Adjective;B1;ഇടതടവില്ലാതെ
contract;Noun Verb;B2;കരാർ
contrast;Noun Verb;B1;അന്തരം
contribute;Verb;B2;സംഭാവന
contribution;Noun;B2;സംഭാവന
control;Noun Verb;A2;നിയന്ത്രണം
convenient;Adjective;B1;സൗകര്യപ്രദമായ
conversation;Noun;A1;സംഭാഷണം
convert;Verb;B2;മാറ്റുക
convince;Verb;B1;ബോധപ്പെടുത്തുക
convinced;Adjective;B2;ബോധ്യപ്പെടുത്തി
cook;Verb Noun;A1, A2;പാചകക്കാരി
cooker;Noun;A2;കുക്കർ
cooking;Noun;A1;പാചകം
cool;Adjective, Verb;A1, B1;തണുത്ത
copy;Noun Verb;A2;പകര്പ്പ്
core;Noun Adjective;B2;കോർ
corner;Noun;A2;മൂല
corporate;Adjective;B2;കോർപ്പറേറ്റ്
correct;Adjective Verb;A1;ശരിയായ
correctly;Adverb;A2;ശരിയായി
cost;Noun Verb;A1;ചെലവ്
costume;Noun;B1;വേഷവിധാനം
cottage;Noun;B1;കുടില്
cotton;Noun;B1;പരുത്തി
could;Verb;A1;കഴിഞ്ഞില്ല
council;Noun;B2;കൗൺസിൽ
count;Verb Noun;A2, B1;എണ്ണുക
country;Noun;A1;രാജ്യം
countryside;Noun;B1;നാട്ടിൻപുറങ്ങൾ
county;Noun;B2;കൗണ്ടി
couple;Noun;A2;ജോഡി
courage;Noun;B2;ധൈര്യം
course;Noun;A1;ഗതി
court;Noun;B1;കോടതി
cousin;Noun;A1;ആങ്ങള
cover;Verb Noun;A2, B1;മൂടി
covered;Adjective;B1;മൂടി
cow;Noun;A1;പശു
crash;Noun Verb;B2;തകര്ച്ച
crazy;Adjective;A2;ദുര്ബലമായ
cream;Noun Adjective;A1, B1;ക്രീം
create;Verb;A1;സൃഷ്ടിക്കാൻ
creation;Noun;B2;സൃഷ്ടി
creative;Adjective;A2;സൃഷ്ടിപരമായ
creature;Noun;B2;ജന്തു
credit;Noun Verb;A2, B2;ക്രെഡിറ്റ്
crew;Noun;B2;സംഘം
crime;Noun;A2;കുറ്റം
criminal;Noun Adjective;A2, B1;കുറ്റവാളി
crisis;Noun;B2;പ്രതിസന്ധി
criterion;Noun;B2;മാനദണ്ഡം
critic;Noun;B2;വിമർശകൻ
critical;Adjective;B2;ഗുരുതര
criticism;Noun;B2;വിമർശനം
criticize;Verb;B2;വിമര്ശിക്കുക
crop;Noun;B2;വിള
cross;Verb Noun;A2;കുരിശ്
crowd;Noun;A2;കൂട്ടം
crowded;Adjective;A2;തിരക്കാണ്
crucial;Adjective;B2;നിർണായകമായ
cruel;Adjective;B1;ക്രൂരമായ
cry;Verb Noun;A2, B2;നിലവിളി
cultural;Adjective;B1;സാംസ്കാരികമായ
culture;Noun;A1;സംസ്കാരം
cup;Noun;A1;കോപ്പ
cupboard;Noun;A2;അലമാരി
cure;Verb Noun;B2;രോഗശമനം
curly;Adjective;A2;ചുരുണ്ടത്
currency;Noun;B1;കറൻസി
current;Adjective, Noun;B1, B2;നിലവിലെ
currently;Adverb;B1;നിലവില്
curtain;Noun;B1;മറ
curve;Noun Verb;B2;വളവ്
curved;Adjective;B2;വളഞ്ഞ
custom;Noun;B1;കസ്റ്റം
customer;Noun;A1;ഉപഭോക്താവ്
cut;Verb , Noun;A1, B1;മുറിക്കുക
cycle;Noun Verb;A2, B1;സൈക്കിൾ
dad;Noun;A1;അച്ഛന്
daily;Adjective, Adverb;A2, B1;ദിവസേന
damage;Noun Verb;B1;നഷ്ടം
dance;Noun Verb;A1;നൃത്തം
dancer;Noun;A1;നര്ത്തകി
dancing;Noun;A1;നൃത്തം
danger;Noun;A2;അപായം
dangerous;Adjective;A1;അപകടകരമായ
dark;Adjective, Noun;A1, A2;ഇരുണ്ട
data;Noun;A2;ഡാറ്റ
date;Noun Verb;A1, B2;തീയതി
daughter;Noun;A1;മകള്
day;Noun;A1;ദിവസം
dead;Adjective;A2;മരിച്ച
deal;Verb Noun;A2, B1;കരാര്
dear;Adjective, exclam;A1, A2;പ്രിയ
death;Noun;A2;മരണം
debate;Noun Verb;B2;വിവാദം
debt;Noun;B2;കടം
decade;Noun;B1;ദശാബ്ദം
December;Noun;A1;ഡിസംബർ
decent;Adjective;B2;അന്തസ്സുള്ള
decide;Verb;A1;തീരുമാനിക്കുക
decision;Noun;A2;തീരുമാനം
declare;Verb;B2;പ്രസ്താവിച്ചു
decline;Verb Noun;B2;നിരസിക്കുക
decorate;Verb;B1;അലങ്കരിക്കുക
decoration;Noun;B2;അലങ്കാരം
decrease;Verb Noun;B2;കുറയുക
deep;Adjective, Adverb;A2, B1;ആഴമുള്ള
deeply;Adverb;B2;ആഴത്തിൽ
defeat;Verb Noun;B2;പരാജയം
defence;Noun;B2;പ്രതിരോധ
defend;Verb;B2;പാലിച്ചു
define;Verb;B1;നിര്വചിക്കുക
definite;Adjective;B1;നിയതം
definitely;Adverb;A2;നിശ്ചയമായി
definition;Noun;B1;നിര്വചനം
degree;Noun;A2;ഡിഗ്രി
delay;Verb Noun;B2;കാലതാമസം
deliberate;Adjective;B2;ബോധപൂർവം
deliberately;Adverb;B2;കരുതിക്കൂട്ടി
delicious;Adjective;A1;സാദേറിയ
delight;Verb Noun;B2;പ്രസാദം
delighted;Adjective;B2;സന്തോഷവതി
deliver;Verb;B1;ഏല്പിക്കും
delivery;Noun;B2;ഡെലിവറി
demand;Noun Verb;B2;ആവശ്യം
demonstrate;Verb;B2;വിശദീകരിക്കുക
dentist;Noun;A2;ദന്തവൈദന്
deny;Verb;B2;നിഷേധിച്ചു
department;Noun;A2;വകുപ്പ്
departure;Noun;B1;വേര്പാട്
depend;Verb;A2;ആശയിക്കുക
depressed;Adjective;B2;വിഷാദരോഗത്തിന്
depressing;Adjective;B2;ദുർബലരാക്കിയിട്ട്
depth;Noun;B2;ആഴം
describe;Verb;A1;വിവരിക്കുക
description;Noun;A1;വിവരണം
desert;Noun Verb;A2, B2;ഏകാന്ത
deserve;Verb;B2;അര്ഹിക്കുക
design;Noun Verb;A1;ഡിസൈൻ
designer;Noun;A2;ആലേഖകന്
desire;Noun Verb;B2;ആഗ്രഹം
desk;Noun;A1;ഡെസ്ക്ക്
desperate;Adjective;B2;നിരാശമായ
despite;prep;B1;എങ്കിലും
destination;Noun;B1;ലക്ഷ്യസ്ഥാനം
destroy;Verb;A2;നശിപ്പിക്കുക
detail;Noun Verb;A1, B2;വിശദമായി
detailed;Adjective;B2;വിശദമായ
detect;Verb;B2;കണ്ടുപിടിക്കുക
detective;Noun;A2;രഹസപ്പോലീസ്
determine;Verb;B1;നിർണ്ണയിക്കാൻ
determined;Adjective;B1;നിശ്ചയദാർഢ്യത്തോടെ
develop;Verb;A2;വികസിപ്പിക്കുക
development;Noun;B1;വികസനം
device;Noun;A2;ഉപകരണം
diagram;Noun;B1;രേഖാലേഖം
dialogue;Noun;A1;സംഭാഷണം
diamond;Noun;B1;വജം
diary;Noun;A2;ഡയറി
dictionary;Noun;A1;നിഘണ്ടു
die;Verb;A1;മരിക്കും
diet;Noun;A1;ഭക്ഷണത്തിൽ
difference;Noun;A1;വ്യത്യാസം
different;Adjective;A1;വ്യത്യസ്ത
differently;Adverb;A2;വ്യത്യസ്തമായി
difficult;Adjective;A1;ബുദ്ധിമുട്ടുള്ള
difficulty;Noun;B1;ബുദ്ധിമുട്ട്
dig;Verb;B2;കുഴിക്കുക
digital;Adjective;A2;ഡിജിറ്റൽ
dinner;Noun;A1;വിരുന്ന്
direct;Adjective, Verb Adverb;A2, B1;നേരിട്ട്
direction;Noun;A2;സംവിധാനം
directly;Adverb;B1;നേരിട്ട്
director;Noun;A2;സംവിധായിക
dirt;Noun;B1;അഴുക്ക്
dirty;Adjective;A1;അഴുക്കായ
Dis Adverbantage;Noun;B1;ഡിസം അദ്വെര്ബംതഗെ
disagree;Verb;A2;വിസമ്മതിക്കുക
disappear;Verb;A2;അപതക്ഷമാവുക
disappointed;Adjective;B1;നിരാശപ്പെടുത്തി
disappointing;Adjective;B1;തിരുനബിയാണ്
disaster;Noun;A2;ദുരന്തം
disc;Noun;B2;ഡിസ്ക്
discipline;Noun;B2;അച്ചടക്കം
discount;Noun Verb;B1, B2;കുറഞ്ഞ
discover;Verb;A2;കണ്ടെത്തുക
discovery;Noun;A2;കണ്ടുപിടിത്തം
discuss;Verb;A1;ചർച്ച
discussion;Noun;A2;സംവാദം
disease;Noun;A2;രോഗം
dish;Noun;A1;വിഭവം
dishonest;Adjective;B2;ആത്മാര്ഥതയില്ലാത്ത
dislike;Verb Noun;B1;അനിഷ്ടം
dismiss;Verb;B2;പുറംതള്ളുക
display;Verb Noun;B2;ഡിസ്പ്ലേ
distance;Noun;A2;അകലം
distribute;Verb;B2;വിതരണം ചെയ്യുക
distribution;Noun;B2;വിതരണ
district;Noun;B2;ജില്ല
divide;Verb Noun;B1, B2;വീതിക്കുക
division;Noun;B2;ഡിവിഷൻ
divorced;Adjective;A2;വിവാഹമോചിതരായ
do;Verb auxiliary verb;A1;ചെയ്യുക
doctor;Noun;A1;ഡോക്ടര്
document;Noun Verb;A2, B2;രേഖ
documentary;Noun;B1;ഡോക്യുമെന്ററി
dog;Noun;A1;നായ്
dollar;Noun;A1;ഡോളർ
domestic;Adjective;B2;ആഭ്യന്തര
dominate;Verb;B2;പബലമായിരിക്കുക
donate;Verb;B1;സംഭാവനചെയ്യുക
door;Noun;A1;വാതില്
double;Adjective det. proNoun Verb , Adverb;A2, B1;ഇരട്ട
doubt;Noun Verb;B1;സംശയം
down;Adverb Prep;A1;താഴേക്ക്
download;Verb Noun;A2;ഡൗൺലോഡ്
downstairs;Adverb , Adjective;A1, A2;വയ്യാതെ
downwards;Adverb;B2;താഴേക്ക്
dozen;Noun det;B2;പന്തണ്ട്
draft;Noun Verb;B2;ഡ്രാഫ്റ്റ്
drag;Verb;B2;ഡ്രാഗ്
drama;Noun;A2;നാടകം
dramatic;Adjective;B2;നാടകീയമായ
draw;Verb;A1;വര്ണിക്കുക
drawing;Noun;A2;ഡ്രോയിംഗ്
dream;Noun Verb;A2;സ്വപ്നം
dress;Noun Verb;A1;ഉടുക്കുക
dressed;Adjective;B1;ധരിച്ചു
drink;Noun Verb;A1;പാനീയം
drive;Verb Noun;A1, A2;ഡ്രൈവ്
driver;Noun;A1;ഡ്രൈവർ
driving;Noun;A2;ഡ്രൈവിംഗ്
drop;Verb Noun;A2, B1;ഡ്രോപ്പ്
drug;Noun;A2;മരുന്ന്
drum;Noun;B1;ചെണ്ട
drunk;Adjective;B1;മദ്യപിച്ച്
dry;Adjective, Verb;A2;ഉണങ്ങിയ
due;Adjective;B1;കാരണം
during;prep;A1;സമയത്ത്
dust;Noun;B1;പൊടി
duty;Noun;B1;കടമ
DVD;Noun;A1;ഡിവിഡി
each;det./proNoun/Adverb;A1;ഓരോ
ear;Noun;A1;ചെവി
early;Adjective Adverb;A1;നേരത്തെയുള്ള
earn;Verb;A2;നേടാൻ
earth;Noun;A2;ഭൂമി
earthquake;Noun;B1;ഭൂമികുലുക്കം
easily;Adverb;A2;എളുപ്പത്തിൽ
east;Noun Adjective Adverb;A1;കിഴക്ക്
eastern;Adjective;B1;കിഴക്കൻ
easy;Adjective;A1;എളുപ്പമായ
eat;Verb;A1;കഴിക്കുക
economic;Adjective;B1;സാമ്പത്തിക
economy;Noun;B1;സമ്പദ്
edge;Noun;B1;അറ്റം
edit;Verb;B2;തിരുത്തുക
edition;Noun;B2;പതിപ്പ്
editor;Noun;B1;എഡിറ്റർ
educate;Verb;B1;അഭ്യസിപ്പിക്കുന്നത്
educated;Adjective;B1;വിദ്യാഭ്യാസം
education;Noun;A2;പഠനം
educational;Adjective;B1;വിദ്യാഭ്യാസ
effect;Noun;A2;ഫലം
effective;Adjective;B1;ഫലപ്രദമായ
effectively;Adverb;B1;ഫലപ്രദമായി
efficient;Adjective;B2;കഴിവുള്ള
effort;Noun;B1;ശ്രമം
egg;Noun;A1;മുട്ട
eight;number;A1;എട്ട്
eighteen;number;A1;പതിനെട്ടു
eighty;number;A1;എണ്പത്
either;det./proNoun Adverb;A2;ഒന്നുകിൽ
elderly;Adjective;B2;പ്രായമായ
elect;Verb;B2;തിരഞ്ഞെടുക്കുക
election;Noun;B1;തിരഞ്ഞെടുപ്പ്
electric;Adjective;A2;വൈദ്യുത
electrical;Adjective;A2;ഇലക്ട്രിക്കൽ
electricity;Noun;A2;വൈദ്യുതി
electronic;Adjective;A2;ഇലക്ട്രോണിക്
element;Noun;B1;മൂലകം
elephant;Noun;A1;ആന
eleven;number;A1;പതിനൊന്ന്
else;Adverb;A1;മറ്റാരെങ്കിലും
elsewhere;Adverb;B2;മറ്റെവിടെയെങ്കിലും
email;Noun Verb;A1;ഇമെയിൽ
embarrassed;Adjective;B1;ലജ്ജ
embarrassing;Adjective;B1;ബുദ്ധിമുട്ടിക്കാതെ
emerge;Verb;B2;ഉദിക്കുക
emergency;Noun;B1;അടിയന്തരാവസ്ഥ
emotion;Noun;B1;വികാരം
emotional;Adjective;B2;വികാരപരമായ
emphasis;Noun;B2;ഊന്നിപ്പറയല്
emphasize;Verb;B2;പ്രാധാന്യം നൽകി
employ;Verb;A2;ഉദ്യോഗാർത്ഥിയാണ്
employee;Noun;A2;തൊഴിലാളി
employer;Noun;A2;തൊഴിലുടമ
employment;Noun;B1;തൊഴില്
empty;Adjective, Verb;A2, B1;ഒഴിഞ്ഞ
enable;Verb;B2;പ്രവർത്തനക്ഷമമാക്കുക
encounter;Verb Noun;B2;ഏറ്റുമുട്ടൽ
encourage;Verb;B1;പ്രോത്സാഹിപ്പിക്കുന്നു
end;Noun Verb;A1;അവസാനിക്കുന്നു
ending;Noun;A2;അവസാനിക്കുന്ന
enemy;Noun;B1;ശത്രു
energy;Noun;A2;ഊര്ജം
engage;Verb;B2;ഇടപഴകാൻ
engaged;Adjective;B1;ഏർപ്പെട്ടിരിക്കുന്ന
engine;Noun;A2;എഞ്ചിൻ
engineer;Noun;A2;എഞ്ചിനിയര്
engineering;Noun;B1;എഞ്ചിനീയറിംഗ്
enhance;Verb;B2;വർദ്ധിപ്പിക്കാനും
enjoy;Verb;A1;ആസ്വദിക്കാൻ
enormous;Adjective;A2;വളരെ വലിയ
enough;det. proNoun Adverb;A1;മതി
enquiry;Noun;B2;അന്വേഷണം
ensure;Verb;B2;ഉറപ്പാക്കുക
enter;Verb;A2;നൽകുക
entertain;Verb;B1;വിനോദിപ്പിക്കുക
entertainment;Noun;B1;വിനോദം
enthusiasm;Noun;B2;ആവേശം
enthusiastic;Adjective;B2;ആവേശമുള്ള
entire;Adjective;B2;മുഴുവൻ
entirely;Adverb;B2;മുഴുവനും
entrance;Noun;B1;പ്രവേശനം
entry;Noun;B1;എൻട്രി
environment;Noun;A2;പരിസ്ഥിതി
environmental;Adjective;B1;പരിസ്ഥിതി
episode;Noun;B1;എപ്പിസോഡ്
equal;Adjective, Verb Noun;B1, B2;തുല്യ
equally;Adverb;B1;തുല്യ
equipment;Noun;A2;ഉപകരണങ്ങൾ
error;Noun;A2;പിശക്
escape;Verb Noun;B1;എസ്കേപ്പ്
especially;Adverb;A2;വിശേഷാല്
essay;Noun;A2;ലേഖനം അദ്ദേഹം
essential;Adjective;B1;അത്യാവശ്യ
establish;Verb;B2;സ്ഥാപിക്കുക
estate;Noun;B2;എസ്റ്റേറ്റ്
estimate;Verb Noun;B2;വിലമതിക്കുക
ethical;Adjective;B2;നൈതിക
euro;Noun;A1;യൂറോ
evaluate;Verb;B2;വിലയിരുത്തുക
even;AdVerb Adjective;A1, B2;പോലും
evening;Noun;A1;വൈകുന്നേരം
event;Noun;A1;സംഭവം
eventually;Adverb;B1;ഒടുവിൽ
ever;Adverb;A1;എന്നേക്കും
every;det;A1;ഓരോ
everybody;proNoun;A1;എല്ലാവരും
everyday;Adjective;A2;എല്ലാ ദിവസവും
everyone;proNoun;A1;എല്ലാവർക്കും
everything;proNoun;A1;സകലതും
everywhere;Adverb;A2;എല്ലായിടത്തും
evidence;Noun;A2;തെളിവ്
evil;Adjective, Noun;B2;ദുഷിച്ച
exact;Adjective;A2;സൂക്ഷ്മമായ
exactly;Adverb;A2;കൃത്യമായി
exam;Noun;A1;പരീക്ഷ
examination;Noun;B2;പരീക്ഷ
examine;Verb;B1;പരിശോധിക്കും
example;Noun;A1;ഉദാഹരണം
excellent;Adjective;A2;നല്ല
except;prep, conj;A2, B1;ഒഴികെ
exchange;Noun Verb;B1;കൈമാറ്റം
excited;Adjective;A1;ഉണര്ത്തപ്പെട്ട
excitement;Noun;B1;പചോദനം
exciting;Adjective;A1;ആവേശകരമായ
excuse;Noun Verb;B2;ക്ഷമിയ്ക്കുക
executive;Noun Adjective;B2;എക്സിക്യൂട്ടീവ്
exercise;Noun Verb;A1;വ്യായാമം
exhibition;Noun;B1;പദര്ശനം
exist;Verb;A2;നിലവിലുണ്ടാകില്ല
existence;Noun;B2;അസ്തിത്വം
expand;Verb;B1;വിപുലീകരിക്കാൻ
expect;Verb;A2;പ്രതീക്ഷിക്കുക
expectation;Noun;B2;പതീക്ഷ
expected;Adjective;B1;പ്രതീക്ഷിച്ച
expedition;Noun;B1;പരവേഷണം
expense;Noun;B2;ചെലവ്
expensive;Adjective;A1;ചെലവേറിയ
experience;Noun Verb;A2, B1;പരിചയം
experienced;Adjective;B1;പരിചയ
experiment;Noun Verb;A2, B1;പരീക്ഷണം
expert;Noun Adjective;A2;വിദഗ്ധ
explain;Verb;A1;വിശദീകരിക്കാൻ
explanation;Noun;A2;വിശദീകരണം
explode;Verb;B1;പൊട്ടിക്കുക
exploration;Noun;B2;സൂക്ഷ്മപരിശോധന
explore;Verb;B1;പര്യവേക്ഷണം
explosion;Noun;B1;സ്ഫോടനം
export;Noun Verb;B1;കയറ്റുമതി
expose;Verb;B2;വെളിപ്പെടുത്തുക
express;Verb;A2;എക്സ്പ്രസ്
expression;Noun;A2;പദപ്രയോഗം
extend;Verb;B2;നീട്ടുക
extent;Noun;B2;പരിധിവരെ
external;Adjective;B2;പുറമേയുള്ള
extra;Adjective, Noun Adverb;A1, B1;അധികമായ
extraordinary;Adjective;B2;അസാധാരണമായ
extreme;Adjective, Noun;A2, B2;അങ്ങേയറ്റത്തുള്ള
extremely;Adverb;A2;വളരെ
eye;Noun;A1;കണ്ണ്
face;Noun Verb;A1, B1;മുഖം
facility;Noun;B2;സൗകര്യം
fact;Noun;A1;വസ്തുത
factor;Noun;A2;ഘടകം
factory;Noun;A2;ഫാക്ടറി
fail;Verb;A2;കുറവു
failure;Noun;B2;പരാജയം
fair;Adjective;A2;മേള
fairly;Adverb;B1;ഒരേ
faith;Noun;B2;വിശ്വാസം
fall;Verb Noun;A1, A2;വീഴ്ച
FALSE;Adjective;A1;തെറ്റായ
familiar;Adjective;B1;പരിചിതമായ
family;Noun Adjective;A1;കുടുംബം
famous;Adjective;A1;പേരുകേട്ട
fan;Noun;A2;പങ്ക
fancy;Verb Adjective;B1;ഫാൻസി
fantastic;Adjective;A1;വിശിഷ്ടമായ
far;Adverb , Adjective;A1, B1;ബഹുദൂരം
farm;Noun Verb;A1, A2;ഫാം
farmer;Noun;A1;കൃഷിക്കാരന്
farming;Noun;A2;കൃഷി
fascinating;Adjective;B1;മോഹിപ്പിക്കുന്ന
fashion;Noun;A2;ഫാഷൻ
fashionable;Adjective;B1;കഥാകാരി
fast;Adjective, Adverb;A1;ഉപവാസം
fasten;Verb;B1;കെട്ടുക
fat;Adjective, Noun;A1, A2;കൊഴുപ്പ്
father;Noun;A1;പിതാവ്
fault;Noun;B2;തെറ്റ്
favour;Noun Verb;B1, B2;പ്രീതി
favourite;Adjective, Noun;A1;പ്രിയപ്പെട്ട
fear;Noun Verb;A2, B1;പേടി
feather;Noun;B2;തൂവല്
feature;Noun Verb;A2, B1;സവിശേഷത
February;Noun;A1;ഫെബ്രുവരി
fee;Noun;B2;ഫീസ്
feed;Verb Noun;A2, B2;തീറ്റ
feedback;Noun;B2;ഫീഡ്ബാക്ക്
feel;Verb Noun;A1, B2;സ്പര്ശിക്കുക
feeling;Noun;A1;വികാരം
fellow;Adjective;B2;സഹ
female;Adjective, Noun;A2;പെണ്
fence;Noun;B1;വേലി
festival;Noun;A1;ഉത്സവം
few;det./Adjective, proNoun;A1;കുറെ
fiction;Noun;A2;ഫിക്ഷൻ
field;Noun;A2;ഫീൽഡ്
fifteen;number;A1;പതിനഞ്ച്
fifth;number;A1;അഞ്ചാമത്തെ
fifty;number;A1;അമ്പതു
fight;Verb Noun;A2;യുദ്ധം
fighting;Noun;B1;യുദ്ധം
figure;Noun Verb;A2, B2;ചിത്രം
file;Noun Verb;B1, B2;ഫയല്
fill;Verb;A1;ഫിൽ
film;Noun Verb;A1, A2;സിനിമ
final;Adjective, Noun;A1, A2;ഫൈനലിൽ
finally;Adverb;A2;അവസാനമായി
finance;Noun Verb;B2;ഫിനാൻസ്
financial;Adjective;B1;സാമ്പത്തിക
find;Verb;A1;കണ്ടെത്തൽ
finding;Noun;B2;കണ്ടെത്തിയിരിക്കുന്നത്
fine;Adjective;A1;പിഴ
finger;Noun;A2;വിരല്
finish;Verb Noun;A1, A2;തീര്ക്കുക
fire;Noun Verb;A1, B1;തീ
firm;Noun;B2;ഉറച്ച
first;det./number.AdVerb Noun;A1, A2;ആദ്യം
firstly;Adverb;A2;ഒന്നാമതായി
fish;Noun Verb;A1, A2;മത്സ്യം
fishing;Noun;A2;മീൻ
fit;Verb Adjective;A2;ചേരുക
fitness;Noun;B1;ക്ഷമത
five;number;A1;അഞ്ച്
fix;Verb Noun;A2, B2;ഉറപ്പിക്കുക
fixed;Adjective;B1;നിശ്ചിത
flag;Noun;B1;കൊടി
flame;Noun;B2;ജ്വാല
flash;Noun Verb;B2;ഫ്ലാഷ്
flat;Noun Adjective;A1, A2;പരന്ന
flexible;Adjective;B2;വളയുന്ന
flight;Noun;A1;ഫ്ലൈറ്റ്
float;Verb;B2;ഒഴുകുക
flood;Noun Verb;B1;വെള്ളപ്പൊക്കം
floor;Noun;A1;തറ
flour;Noun;B1;മാവു
flow;Verb Noun;B1;ഒഴുകുക
flower;Noun;A1;പൂവ്
flu;Noun;A2;പനി
fly;Verb Noun;A1, A2;ഈച്ച
flying;Noun Adjective;A2;പറക്കുന്ന
focus;Verb Noun;A2;ഫോക്കസ്
fold;Verb Noun;B1, B2;മടങ്ങ്
folding;Adjective;B2;നിദ്ര
folk;Noun Adjective;B1;ജനം
follow;Verb;A1;ഫോളോ
following;Adjective, Noun prep;A2, B1, B2;പിന്തുടരുന്ന
food;Noun;A1;ഭക്ഷണം
foot;Noun;A1;പാദം
football;Noun;A1;ഫുട്ബോൾ
for;prep.;A1;വേണ്ടി
force;NounVerb;B1;ശക്തിയാണ്
foreign;Adjective;A2;വിദേശ
forest;Noun;A2;കാട്
forever;Adverb;B1;എന്നേക്കും
forget;Verb;A1;മറക്കരുത്
forgive;Verb;B2;ക്ഷമിക്കേണമേ
fork;Noun;A2;മുള്ക്കരണ്ടി
form;NounVerb;A1;രൂപം
formal;Adjective;A2;ഔപചാരികമായ
former;Adjective;B2;മുൻ
fortunately;Adverb;A2;ഭാഗവശാല്
fortune;Noun;B2;സന്വത്ത്
forty;number;A1;നാല്പത്
forward;AdVerb Adjective;A2, B2;മുന്നോട്ട്
found;Verb;B2;കണ്ടെത്തിയില്ല
four;number;A1;നാല്
fourteen;number;A1;പതിന്നാല്
fourth;number;A1;നാലാമത്തെ
frame;NounVerb;B1;ചട്ടക്കൂട്
free;Adjective, AdVerb Verb;A1,A2,B2;സൗ ജന്യം
freedom;Noun;B2;സ്വാതന്ത്ര്യം
freeze;Verb;B1;മരവിക്കുക
frequency;Noun;B2;ആവൃത്തി
frequently;Adverb;B1;കൂടെക്കൂടെ
fresh;Adjective;A2;പുതിയ
Friday;Noun;A1;വെള്ളിയാഴ്ച
fridge;Noun;A2;ഫ്രിഡ്ജിൽ
friend;Noun;A1;സ്നേഹിതന്
friendly;Adjective;A1;സൗഹൃദ
friendship;Noun;B1;സൗഹൃദം
frighten;Verb;B1;പേടിപ്പിക്കുക
frightened;Adjective;B1;പരിഭ്രാന്തനായി
frightening;Adjective;B1;ഭയാനകമായ
frog;Noun;A2;തവള
from;prep;A1;നിന്ന്
front;Noun Adjective;A1;ഫ്രണ്ട്
frozen;Adjective;B1;മരവിച്ച
fruit;Noun;A1;പഴം
fry;Verb;B1;വരയ്ക്കുക
fuel;Noun Verb;B1, B2;ഇന്ധനം
full;Adjective;A1;നിറഞ്ഞ
fully;Adverb;B2;പൂർണ്ണമായി
fun;Noun Adjective;A1, A2;തമാശ
function;Noun Verb;B1, B2;ഫംഗ്ഷൻ
fund;Noun Verb;B2;ധനം
fundamental;Adjective;B2;മൗലികമായ
funding;Noun;B2;ഫണ്ടിംഗ്
funny;Adjective;A1;തമാശയുള്ള
fur;Noun;B1;ചെറുമൃദുരോമം
furniture;Noun;A2;മരസാമഗികള്
further;Adjective, Adverb;A2, B1;കൂടുതൽ
furthermore;Adverb;B2;ഇതുകൂടാതെ
future;Noun Adjective;A1, A2;ഭാവി
gain;Verb Noun;B2;നേട്ടം
gallery;Noun;A2;ഗാലറി
game;Noun;A1;കളി
gang;Noun;B2;സംഘം
gap;Noun;A2;വിടവ്
garage;Noun;B1;ഗാരേജ്
garden;Noun;A1;തോട്ടം
gas;Noun;A2;വാതകം
gate;Noun;A2;ഗേറ്റ്
gather;Verb;B1;കൂട്ടിച്ചേർക്കും
general;Adjective;A2;പൊതുവായ
generally;Adverb;B1;സാധാരണയായി
generate;Verb;B2;സൃഷ്ടിക്കാൻ
generation;Noun;B1;തലമുറ
generous;Adjective;B1;ഔദാരമുള്ള
genre;Noun;B2;കെട്ടുകഥകൾ കൂടുതൽ
gentle;Adjective;B1;അവിശാസമുള്ള
gentleman;Noun;B1;മാനന്
geography;Noun;A1;ഭൂമിശാസ്തം
get;Verb;A1;നേടുക
ghost;Noun;B1;പേതം
giant;Adjective, Noun;B1;ഭീമൻ
gift;Noun;A2;സമ്മാനം
girl;Noun;A1;പെണ്കുട്ടി
girlfriend;Noun;A1;കൂട്ടുകാരി
give;Verb;A1;നന്ദികാണിക്കുന്നുള്ളൂ
glad;Adjective;B1;സന്തോഷിപ്പിക്കുന്നു
glass;Noun;A1;ഗ്ലാസ്
global;Adjective;B1;ആഗോള
glove;Noun;B1;കയ്യുറ
go;Verb Noun;A1, B1;എവിടെയായിരുന്നാലും
goal;Noun;A2;ഗോള്
God;Noun;A2;ദൈവം
gold;Noun Adjective;A2;സ്വർണം
golf;Noun;A2;ഗോള്ഫ്
good;Adjective, Noun;A1, A2;നല്ല
goodbye;exclam. Noun;A1;വിട
goods;Noun;B1;ചരക്ക്
govern;Verb;B2;ഭരിക്കുക
government;Noun;A2;സര്ക്കാര്
grab;Verb;B2;പിടിച്ചുപറിക്കുക
grade;Noun Verb;B1, B2;പദവി
gradually;Adverb;B2;ക്രമേണ
graduate;Noun Verb;B1;ബിരുദധാരി
grain;Noun;B1;ധാന്യം
grand;Adjective;B2;ഗ്രാൻഡ്
grandfather;Noun;A1;പിതാമഹന്
grandmother;Noun;A1;മുത്തശ്ശി
grandparent;Noun;A1;മുത്തച്ഛൻ
grant;Verb Noun;B2;സഹായധനം
grass;Noun;A2;പുല്ല്
grateful;Adjective;B1;നന്ദിയുള്ള
great;Adjective;A1;മഹത്തായ
green;Adjective, Noun;A1;പച്ചയായ
greet;Verb;A2;വന്ദനം
grey;Adjective, Noun;A1;ചാര
ground;Noun;A2;നിലത്തു
group;Noun;A1;ഗ്രൂപ്പ്
grow;Verb;A1;വളർച്ചയെത്തിക്കാനുള്ള
growth;Noun;B1;വളര്ച്ച
guarantee;Verb Noun;B2;ഗ്യാരണ്ടി
guard;Noun Verb;B1;ഗാർഡ്
guess;Verb Noun;A1;ഊഹിക്കുക
guest;Noun;A2;അതിഥി
guide;Noun Verb;A2;വഴികാട്ടി
guilty;Adjective;B1;കുറ്റവാളികൾ
guitar;Noun;A1;ഗിത്താര്
gun;Noun;A2;തോക്ക്
guy;Noun;A2;guy
gym;Noun;A1;ജിം
habit;Noun;A2;ശീലം
hair;Noun;A1;തലമുടി
half;Noundet.proNoun, Adverb;A1, A2;പകുതി
hall;Noun;A2;ഹാൾ
hand;Noun Verb;A1, B1;കൈ
handle;Verb Noun;B2;ഹാൻഡിൽ
hang;Verb;B1;തൂക്കിയിടുക
happen;Verb;A1;സംഭവിക്കുക
happily;Adverb;A2;സന്തോഷത്തോടെ
happiness;Noun;B1;സന്തോഷം
happy;Adjective;A1;സന്തുഷ്ടമായ
hard;Adjective, Adverb;A1;ഹാർഡ്
hardly;Adverb;B1;പയാസപ്പെട്ട്
harm;Noun Verb;B2;ദോഷം
harmful;Adjective;B2;ഹാനികരമായ
hat;Noun;A1;തൊപ്പി
hate;Verb Noun;A1, B1;വെറുപ്പ്
have;Verb auxiliary Verb;A1, A2;തന്നെ
have to modal;Verb;A1;മോഡൽ ഉണ്ട്
he;proNoun;A1;അവന്
head;Noun Verb;A1, B1;തല
headache;Noun;A2;തലവേദന
headline;Noun;B1;തലവാചകം
health;Noun;A1;ആരോഗ്യം
healthy;Adjective;A1;ആരോഗ്യകരമായ
hear;Verb;A1;കേള്ക്കുക
hearing;Noun;B2;കേൾവി
heart;Noun;A2;ഹൃദയം
heat;Noun Verb;A2;ചൂട്
heating;Noun;B1;ചൂടാക്കല്
heaven;Noun;B2;സ്വർഗ്ഗത്തിൽ
heavily;Adverb;B1;ഭൗതികമായി
heavy;Adjective;A2;ഭാരമുള്ള
heel;Noun;B2;മടന്വ്
height;Noun;A2;പൊക്കം
helicopter;Noun;B1;ഹെലിക്കോപ്റ്റര്
hell;Noun;B2;നരകം
hello;exclam./Noun;A1;ഹലോ
help;Verb Noun;A1;സഹായിക്കൂ
helpful;Adjective;A2;സഹായകമായ
her;proNoundet;A1;അവളുടെ
here;Adverb;A1;ഇവിടെ
hero;Noun;A2;കഥാനായകന്
hers;proNoun;A2;ദോ
herself;proNoun;A2;സ്വയം
hesitate;Verb;B2;മടിക്കേണ്ട
hey;exclam;A1;ഹേയ്
hi;exclam;A1;ഹായ്
hide;Verb;A2;മറയ്ക്കുക
high;Adjective, AdVerb Noun;A1, A2, B2;ഉയർന്ന
highlight;Verb Noun;B1;ഹൈലൈറ്റ്
highly;Adverb;B1;വളരെ
hill;Noun;A2;മലയോര
him;proNoun;A1;അവനെ
himself;proNoun;A2;സ്വയം
hire;Verb Noun;B1, B2;കൂലി
his;det. proNoun;A1, A2;അദ്ദേഹത്തിന്റെ
historic;Adjective;B1;ചരിത്ര
historical;Adjective;B1;ചരിത്രപരമായ
history;Noun;A1;ചരിത്രം
hit;Verb Noun;A2;തല്ലുക
hobby;Noun;A1;ഹോബി
hockey;Noun;A2;ഹോക്കി
hold;Verb Noun;A2, B2;പിടിച്ചു
hole;Noun;A2;തുള
holiday;Noun;A1;അവധി
hollow;Adjective;B2;പൊള്ളയായ
holy;Adjective;B2;വിശുദ്ധമായ
home;Noun AdVerb Adjective;A1, A2;വീട്
homework;Noun;A1;ഹോംവർക്ക്
honest;Adjective;B1;സത്യസന്ധത
honour;Noun Verb;B2;ബഹുമതി
hope;Verb Noun;A1, A2;പ്രത്യാശ
horrible;Adjective;B1;ഭീകരമായ
horror;Noun;B1;ഭയങ്കരതം
horse;Noun;A1;കുതിര
hospital;Noun;A1;ആശുപത്രി
host;Noun Verb;B1, B2;ഹോസ്റ്റ്
hot;Adjective;A1;ചൂടുള്ള
hotel;Noun;A1;ഹോട്ടല്
hour;Noun;A1;മണിക്കൂര്
house;Noun Verb;A1, B2;വീട്
household;Noun;B2;കുടുംബം
housing;Noun;B2;പാർപ്പിട
how;Adverb;A1;എങ്ങനെ
however;Adverb;A1;എങ്കിലും
huge;Adjective;A2;വൻ
human;Adjective, Noun;A2;മാനുഷികമായ
humorous;Adjective;B2;നര്മ്മമുള്ള
humour;Noun;B2;നര്മ്മം
hundred;number;A1;നൂറ്
hungry;Adjective;A1;വിശക്കുന്നു
hunt;Verb Noun;B1, B2;നായാട്ട്
hunting;Noun;B2;വേട്ടയാടൽ
hurricane;Noun;B1;കൊടുങ്കാറ്റ്
hurry;Noun Verb;B1;ധൃതികൂട്ടുക
hurt;Verb Adjective Noun;A2, B2;മുറിവിന്നു
husband;Noun;A1;ഭര്ത്താവ്
I;proNoun;A1;ഞാന്
ice;Noun;A1;ഐസ്
ice cream;Noun;A1;ഐസ്ക്രീം
idea;Noun;A1;ആശയം
ideal;Adjective , Noun;A2, B2;അനുയോജ്യമായ
identify;Verb;A2;തിരിച്ചറിയുക
identity;Noun;B1;ഐഡന്റിറ്റി
if;conj.;A1;എങ്കില്
ignore;Verb;B1;അവഗണിക്കുക
ill;Adjective;A2;രോഗം
illegal;Adjective;B1;നിയമവിരുദ്ധമായ
illness;Noun;A2;അസുഖം
illustrate;Verb;B2;ദൃഷ്ടാന്തത്തിന്
illustration;Noun;B2;ദൃഷ്ടാന്തം
image;Noun;A2;ചിത്രം
imaginary;Adjective;B1;സാങ്കല്പികമായ
imagination;Noun;B2;ഭാവന
imagine;Verb;A1;സങ്കൽപ്പിക്കാൻ
immediate;Adjective;B1;അടിയന്തര
immediately;Adverb;A2;ഉടനെ
immigrant;Noun;B1;കുടിയേറ്റക്കാരി
impact;Noun Verb;B1;ആഘാതം
impatient;Adjective;B2;അക്ഷമനായ
imply;Verb;B2;ധനിക്കുക
import;Noun Verb;B1;ഇറക്കുമതി
importance;Noun;B1;പ്രാധാന്യം
important;Adjective;A1;പ്രധാനപ്പെട്ട
impose;Verb;B2;ചുമത്തുന്നതു
impossible;Adjective;A2;അസാധ്യമാണ്
impress;Verb;B2;ഇംപ്രസ്
impressed;Adjective;B2;മതിപ്പുളവാക്കി
impression;Noun;B1;തോന്നല്
impressive;Adjective;B1;ഹൃദയഹാരിയായ
improve;Verb;A1;മെച്ചപ്പെടുത്തുക
improvement;Noun;B1;അഭിവൃദ്ധി
in;prep., Adverb;A1;ൽ
inch;Noun;B2;ഇഞ്ച്
incident;Noun;B2;സംഭവം
include;Verb;A1;ഉൾപ്പെടുന്നു
included;Adjective;A2;ഉൾപ്പെടുത്തിയിട്ടുണ്ട്
including;prep.;A2;ഉൾപ്പെടെ
income;Noun;B2;വരുമാനം
increase;Verb Noun;A2;വർധിപ്പിക്കുക
increasingly;Adverb;B2;കൂടുതലായി
incredible;Adjective;A2;അവിശസനീയമായ
incredibly;Adverb;B1;അവിശ്വസനീയമായ
indeed;Adverb;B1;തീർച്ചയായും
independent;Adjective;A2;സ്വതന്ത്ര
indicate;Verb;B1;സൂചിപ്പിക്കുക
indirect;Adjective;B1;പരോക്ഷ
individual;Noun, adj;A2;വ്യക്തി
indoor;Adjective;B1;ഇൻഡോർ
indoors;Adverb;B1;ദേശീയപതാക
industrial;Adjective;B2;വ്യവസായ
industry;Noun;A2;വ്യവസായം
infection;Noun;B2;അണുബാധ
influence;NounVerb;B1;സ്വാധീനം
inform;Verb;B2;അറിയിക്കുക
informal;Adjective;A2;അനൗപചാരികമായ
information;Noun;A1;വിവരം
ingredient;Noun;B1;ഘടകം
initial;Adjective;B2;പ്രാരംഭ
initially;Adverb;B2;ആദ്യം
initiative;Noun;B2;തുടക്കം
injure;Verb;B1;കേടുവരുത്തുക
injured;Adjective;B1;പരിക്കേറ്റ
injury;Noun;A2;ഹാനി
inner;Adjective;B2;ഉള്ളിലുള്ള
innocent;Adjective;B1;നിരപരാധികളായ
insect;Noun;A2;പുഴു
inside;prep.Adverb Noun Adjective;A2;അകം
insight;Noun;B2;ഉള്ക്കാഴ്ച
insist;Verb;B2;നിര്ബന്ധിപ്പിക്കുക
inspire;Verb;B2;പ്രചോദകരായ
install;Verb;B2;ഇൻസ്റ്റാൾ
instance;Noun;B2;ഉദാഹരണത്തിന്
instead;Adverb;A2;പകരം
institute;Noun;B2;സ്ഥാപനം
institution;Noun;B2;സ്ഥാപനം
instruction;Noun;A2;നിര്ദ്ദേശം
instructor;Noun;A2;അധാപിക
instrument;Noun;A2;ഉപകരണം
insurance;Noun;B2;ഇൻഷുറൻസ്
intelligence;Noun;B1;ബുദ്ധി
intelligent;Adjective;A2;ബുദ്ധിയുള്ള
intend;Verb;B1;ഉദ്ദേശിക്കുക
intended;Adjective;B2;ഉദ്ദേശിച്ചിട്ടുള്ള
intense;Adjective;B2;കടുത്ത
intention;Noun;B1;ഉദ്ദേശം
interest;Noun Verb;A1;പലിശ
interested;Adjective;A1;താൽപര്യം
interesting;Adjective;A1;രസകരമായ
internal;Adjective;B2;ആന്തരിക
international;Adjective;A2;അന്താരാഷ്ട്ര
internet;Noun;A1;ഇന്റർനെറ്റ്
interpret;Verb;B2;വാഖാനിക്കുക
interrupt;Verb;B2;തടസ്സപ്പെടുത്തുക
interview;Noun Verb;A1;അഭിമുഖം
into;prep.;A1;കടന്നു
introduce;Verb;A1;അവതരിപ്പിക്കുക
introduction;Noun;A2;അവതാരിക
invent;Verb;A2;കെട്ടിച്ചമയ്ക്കുന്നത്
invention;Noun;A2;കണ്ടുപിടിത്തം
invest;Verb;B1;നിക്ഷേപിക്കുക
investigate;Verb;B1;അന്വേഷണം
investigation;Noun;B2;അന്വേഷണം
investment;Noun;B2;നിക്ഷേപം
invitation;Noun;A2;ക്ഷണം
invite;Verb;A2;ക്ഷണിക്കുക
involve;Verb;A2;ഉള്പ്പെടുത്തുക
involved;Adjective;B1;ഉൾപ്പെട്ടിരുന്നു
iron;Noun Verb;B1;ഇരുമ്പ്
island;Noun;A1;ദ്വീപ്
issue;Noun, Verb;B1, B2;ഇഷ്യൂ
IT;Noun;B1;ഐടി
it;proNoun;A1;അത്
item;Noun;A2;ഇനം
its;det.;A1;അതിന്റെ
itself;proNoun;A2;തന്നെ
jacket;Noun;A1;റൗക്ക
jam;Noun;A2;ജാം
January;Noun;A1;ജനുവരി
jazz;Noun;A2;ജാസ്
jeans;Noun;A1;ജീൻസ്
jewellery;Noun;A2;ആഭരണം
job;Noun;A1;ജോലി
join;Verb;A1;ചേരാൻ
joke;Noun Verb;A2;കളിവാക്ക്
journal;Noun;B1;വാര്ത്താപതിക
journalist;Noun;A2;പത്രപ്രവർത്തകൻ
journey;Noun;A1;യാത്രയെ
joy;Noun;B2;സന്തോഷം
judge;Noun Verb;B1;ജഡ്ജി
judgement;Noun;B2;വിധി
juice;Noun;A1;രസം
July;Noun;A1;ജൂലൈ
jump;Verb Noun;A2;കുതിക്കുക
June;Noun;A1;ജൂണ്
junior;Adjective;B2;ഇളമുറയായ
just;Adverb;A1;വെറും
justice;Noun;B2;നീതി
justify;Verb;B2;ന്യായീകരിക്കാൻ
keen;Adjective;B1;ഔത്സുക്യമുള്ള
keep;Verb;A1;Keep
key;Noun, Adjective Verb;A1, B1;കീ
keyboard;Noun;B1;കീബോര്ഡ്
kick;Verb Noun;B1;തൊഴി
kid;Noun;A2;കൊച്ചു
kill;Verb;A2;കിൽ
killing;Noun;B1;കൊലപാതകം
kilometre;Noun;A1;കിലോമീറ്റര്
kind(type);Noun;A1;തരത്തിലുള്ള (തരം)
kind(caring);Adjective;B1;തരത്തിലുള്ള (കരുതലും)
king;Noun;A2;രാജാവ്
kiss;Verb Noun;B1;ചുംബനം
kitchen;Noun;A1;അടുക്കള
knee;Noun;A2;കാല്മുട്ട്
knife;Noun;A2;കത്തി
knock;Verb , Noun;A2, B1;മുട്ടുന്നു
know;Verb;A1;പരിചയക്കാരിൽ
knowledge;Noun;A2;അറിവ്
lab;Noun;A2;ലാബ്
label;Noun Verb;B1;ലേബൽ
laboratory;Noun;B1;പരീക്ഷണശാല
labour;Noun;B2;തൊഴിലാളി
lack;Noun Verb;B1;ഇല്ലായ്മ
lady;Noun;A2;കുടുംബിനി
lake;Noun;A2;തടാകം
lamp;Noun;A2;വിളക്ക്
land;Noun, Verb;A1, A2;നിലം
landscape;Noun;B2;ഭൂദൃശം
language;Noun;A1;ഭാഷ
laptop;Noun;A2;ലാപ്ടോപ്പ്
large;Adjective;A1;വലിയ
largely;Adverb;B2;വലിയതോതിൽ
last1 (final);det., Adverb n;A1, A2;ലസ്ത്൧ (ഫൈനൽ)
last1 (taking time);Verb;A2;ലസ്ത്൧ (സമയമെടുക്കുന്നു)
late;Adjective Adverb;A1;വൈകി
later;Adverb , Adjective;A1, A2;പിന്നീട്
latest;Adjective , Noun;B1, B2;ഏറ്റവും പുതിയ
laugh;Verb Noun;A1;ചിരിക്കുക
laughter;Noun;A2;ചിരിക്കുന്നരീതി
launch;Verb Noun;B2;ലോഞ്ച്
law;Noun;A2;നിയമം
lawyer;Noun;A2;അഭിഭാഷകൻ
lay;Verb;B1;കിടന്നെങ്കിലും
layer;Noun;B1;പാളി
lazy;Adjective;A2;മടിയനായ
lead;Verb , Noun;A2, B1;ഈയം
leader;Noun;A2;നേതാവ്
leadership;Noun;B2;നേതൃത്വം
leading;Adjective;B1;പ്രമുഖ
leaf;Noun;B1;ഇല
league;Noun;B2;ലീഗ്
lean;Verb;B2;മെലിഞ്ഞ
learn;Verb;A1;പഠിക്കാൻ
learning;Noun;A2;പഠന
least;det./proNoun Adverb;A2;കുറഞ്ഞത്
leather;Noun;B1;തുകല്
leave;Verb , Noun;A1, B2;വിട്ടേക്കുക
lecture;Noun Verb;A2;അദ്ധാപനം
left;Adjective Adverb Verb;A1;ഇടത്തെ
leg;Noun;A1;കാല്
legal;Adjective;B1;നിയമപരമായ
leisure;Noun;B1;ഒഴിവുവേള
lemon;Noun;A2;ചെറുനാരങ്ങ
lend;Verb;A2;കടം
length;Noun;B1;നീളം
less;det./pro Noun Adverb;A2;കുറവ്
lesson;Noun;A1;പാഠം
let;Verb;A1;വിട്ടയച്ചശേഷം
letter;Noun;A1;അക്ഷരം
level;Noun, Adjective , Verb;A2, B1, B2;നില
library;Noun;A1;പുസ്തകശാല
licence;Noun;B2;ലൈസൻസ്
lie;Verb;A1;നുണ
lie;Verb Noun;B2;നുണ
life;Noun;A1;ജീവന്
lifestyle;Noun;A2;ജീവിതശൈലി
lift;Verb;Noun;ലിഫ്റ്റ്
light (from the sun/a lamp);Noun Adverb , Verb;A1, A2;വെളിച്ചം (സൂര്യൻ / ഒരു ദീപം നിന്ന്)
light (not heavy);Adjective;A2;വെളിച്ചം (കനത്ത അല്ല)
like (similar);prep.;A1;പോലെ (സമാനമായ)
like (find sb/sth pleasant);Verb , n;A1, B1;പോലെ (സുഖകരമായ കണ്ടെത്താൻ SB / ഇവരെന്തും)
Noun;B1; ;നാമം
likely;Adjective;A2;സാധ്യത
limit;Noun Verb;B1;പരിധി
limited;Adjective;B2;പരിമിതപ്പെടുത്തിയിരിക്കുന്നു
line;Noun, Verb;A1, B2;വര
link;Noun Verb;A2;ലിങ്ക്
lion;Noun;A1;സിംഹം
lip;Noun;B1;അധരം
liquid;Noun Adjective;B1;ദ്രാവക
list;Noun Verb;A1;പട്ടിക
listen;Verb;A1;കേൾക്കാൻ
listener;Noun;A2;കേള്വിക്കാരന്
literature;Noun;B1;സാഹിത്യം
little;Adjective det./proNoun, Adverb;A1, A2;അല്പം
live1;Verb;A1;ലിവെ൧
live2;Adjective Adverb;B1;ലിവെ൨
lively;Adjective;B2;ജീവസ്സുറ്റ
living;Adjective Noun;B1;ജീവനുള്ള
load;Noun Verb;B2;ഭാരം
loan;Noun;B2;വായ്പ
local;Adjective , Noun;A1, B1;പ്രാദേശിക
locate;Verb;B1;കണ്ടുപിടിക്കുക
located;Adjective;B1;സ്ഥിതി
location;Noun;B1;ലൊക്കേഷൻ
lock;Verb Noun;A2;ലോക്ക്
logical;Adjective;B2;ലോജിക്കൽ
lonely;Adjective;B1;ഏകാന്തമായ
long;Adjective Adverb;A1;നീളമുള്ള
long-term;Adjective Adverb;B2;ദീർഘകാല
look;Verb , Noun;A1, A2;രൂപം
loose;Adjective;B2;അയഞ്ഞ
lord;Noun;B2;യജമാനൻ
lorry;Noun;A2;ലോറി
lose;Verb;A1;നഷ്ടപ്പെട്ട്
loss;Noun;B1;നഷ്ടം
lost;Adjective;A2;നഷ്ടപ്പെട്ട
lot;proNoun det. Adverb;A1;ഭൂരിഭാഗം
loud;Adjective Adverb;A2;ഉച്ചത്തിലുള്ള
loudly;Adverb;A2;ഉച്ചത്തിൽ
love;Noun Verb;A1;സ്നേഹം
lovely;Adjective;A2;അതാകര്ഷകമായ
low;Adjective Adverb , n;A2, B2;കുറഞ്ഞ
lower;Verb;B2;താഴത്തെ
luck;Noun;A2;ഭാഗം
lucky;Adjective;A2;ഭാഗമുള്ള
lunch;Noun;A1;ഉച്ചഭക്ഷണം
lung;Noun;B2;ശാസകോശം
luxury;Noun;B1;ആഡംബര
machine;Noun;A1;മെഷീൻ
mad;Adjective;B1;ഭ്രാന്തൻ
magazine;Noun;A1;മാസിക
magic;Noun Adjective;B1;ജാലവിദ്യ
mail;Noun Verb;A2;മെയിൽ
main;Adjective;A1;പ്രധാന
mainly;Adverb;B1;പ്രധാനമായും
maintain;Verb;B2;നിലനിറുത്തുക
major;Adjective;A2;പ്രമുഖ
majority;Noun;B2;ഭൂരിപക്ഷം
make;Verb , Noun;A1, B2;മെയ്ക്ക്
male;Adjective Noun;A2;ആൺ
mall;Noun;B1;മാൾ
man;Noun;A1;മനുഷ്യൻ
manage;Verb;A2;നിയന്ത്രിക്കുക
management;Noun;B1;മാനേജ്മെന്റ്
manager;Noun;A2;മാനേജർ
manner;Noun;A2;വിധത്തിൽ
many;det./proNoun;A1;വളരെ
map;Noun, Verb;A1, B2;ഭൂപടം
March;Noun;A1;മാര്ച്ച്
mark;Verb Noun;A2;അടയാളം
market;Noun, Verb;A1, B1;ചന്ത
marketing;Noun;B1;മാർക്കറ്റിംഗ്
marriage;Noun;B1;വിവാഹം
married;Adjective;A1;വിവാഹിതനായ
marry;Verb;A2;വിവാഹം
mass;Noun Adjective;B2;പിണ്ഡം
massive;Adjective;B2;വിപുലമായ
master;Noun Verb;B2;യജമാനന്
match (contest/correspond);Noun Verb;A1;മത്സരം (മത്സരം / എഴുത്തുകുത്തുനടത്തുക)
matching;Adjective;B2;അനുയോജമായ
material;Noun, Adjective;A2, B2;മെറ്റീരിയൽ
mathematics;Noun;A2;ഗണിതശാസ്തം
maths;Noun;A2;കണക്ക്
matter;Noun Verb;A2;കാര്യം
maximum;Adjective Noun;B2;പരമാവധി
May;Noun;A1;മെയ്
may modal;Verb;A2;മോഡൽ വേണ്ടി
maybe;Adverb;A1;ഒരുപക്ഷേ
me;proNoun;A1;എന്നോട്
meal;Noun;A1;ഭക്ഷണം
mean;Verb;A1;ശരാശരി
meaning;Noun;A1;അർത്ഥം
means;Noun;B2;മാർഗങ്ങൾ
meanwhile;Adverb;B1;ഇതിനിടയിൽ
measure;Verb Noun;B1;അളവ്
measurement;Noun;B2;അളവ്
meat;Noun;A1;മാംസം
media;Noun;A2;മീഡിയ
medical;Adjective;A2;മെഡിക്കൽ
medicine;Noun;A2;മരുന്ന്
medium;Adjective , Noun;B1, B2;ഇടത്തരം
meet;Verb;A1;കണ്ടുമുട്ടുക
meeting;Noun;A1;യോഗം
melt;Verb;B2;ഉരുകുക
member;Noun;A1;അംഗം
memory;Noun;A2;മെമ്മറി
mental;Adjective;B1;മാനസികമായ
mention;Verb , Noun;A2, B1;പരാമർശം
menu;Noun;A1;മെനു
mess;Noun Verb;B1;മെസ്
message;Noun;A1;സന്ദേശം
metal;Noun;A2;ലോഹം
method;Noun;A2;രീതി
metre;Noun;A1;മീറ്റർ
middle;Noun Adjective;A2;മധ്യത്തിൽ
midnight;Noun;A1;അർദ്ധരാത്രി
might modal;Verb;A2;ബലവും മോഡൽ
mild;Adjective;B1;സൗമമായ
mile;Noun;A1;നാഴിക
military;Adjective Noun;B2;സൈനികമായ
milk;Noun;A1;പാൽ
million number; ;A1;ദശലക്ഷം നമ്പർ
mind;Noun Verb;A2;മനസ്സ്
mine (belongs to me);proNoun;A2;എന്റെ (എന്റെ വകയാണ്)
mine (hole in the ground);Noun;B1;എന്റെ (നിലത്തു ദ്വാരം)
mineral;Noun;B2;അയിര്
minimum;Adjective Noun;B2;ഏറ്റവും കുറഞ്ഞ
minister;Noun;B2;മന്ത്രി
minor;Adjective;B2;പ്രായപൂർത്തിയാകാത്ത
minority;Noun;B2;ന്യൂനപക്ഷം
minute;Noun;A1;മിനിറ്റ്
mirror;Noun;A2;കണ്ണാടി
miss;Verb;A1;ഉന്നംതെറ്റുക
missing;Adjective;A2;കാണാതായ
mission;Noun;B2;ദൗത്യം
mistake;Noun, Verb;A1, B2;തെറ്റ്
mix;Verb Noun;B1;കൂട്ടിക്കലര്ത്തുക
mixed;Adjective;B2;മിക്സഡ്
mixture;Noun;B1;മിശ്രിതം
mobile;Adjective Noun;A2;മൊബൈൽ
model;Noun, Verb;A1, B2;മാതൃക
modern;Adjective;A1;ആധുനികമായ
modify;Verb;B2;പരിഷ്ക്കരിക്കുക
moment;Noun;A1;നിമിഷം
Monday;Noun;A1;തിങ്കളാഴ്ച
money;Noun;A1;പണം
monitor;Noun Verb;B2;നിരന്തരം നിരീക്ഷിക്കുക
monkey;Noun;A2;കുരങ്ങ്
month;Noun;A1;മാസം
mood;Noun;B1;മനോഭാവം
moon;Noun;A2;ചന്ദ്രൻ
moral;Adjective Noun;B2;സദാചാര
more;det./proNoun Adverb;A1;കൂടുതൽ
morning;Noun;A1;രാവിലെ
most;det./proNoun Adverb;A1;ഏറ്റവും
mostly;Adverb;A2;കൂടുതലും
mother;Noun;A1;അമ്മ
motor;Noun Adjective;B2;യന്തവാഹനം
motorcycle;Noun;A2;മോട്ടോര് സൈക്കിള്
mount;Verb;B2;മൌണ്ട്
mountain;Noun;A1;പർവ്വതം
mouse;Noun;A1;ചുണ്ടെലി
mouth;Noun;A1;വായ
move;Verb , Noun;A1, B1;നീങ്ങുക
movement;Noun;A2;ചലനം
movie;Noun;A1;സിനിമ
much;det./proNoun Adverb;A1;വളരെ
mud;Noun;B1;ചെളി
multiple;Adjective;B2;ഒന്നിലധികം
multiply;Verb;B2;പെരുക്കുക
mum;Noun;A1;മൗനം
murder;NounVerb;B1;കൊലപാതകം
muscle;Noun;B1;മാംസപേശി
museum;Noun;A1;കാഴ്ചബംഗ്ലാവ്
music;Noun;A1;സംഗീതം
musical;Adjective , Noun;A2, B1;സംഗീതസംബന്ധം
musician;Noun;A2;സംഗീതജ്ഞൻ
must modal;Verb;A1;നിർബന്ധമാണ് മോഡൽ
my;det.;A1;ente
myself;proNoun;A2;എന്നെത്തന്നെ
mysterious;Adjective;B2;നിഗൂഡമായ
mystery;Noun;B1;രഹസ്യം
nail;Noun;B1;ആണി
name;Noun Verb;A1;പേര്
narrative;Noun Adjective;B1;ആഖ്യാനം
narrow;Adjective , Verb;A2, B2;വീതികുറഞ്ഞ
nation;Noun;B1;ജാതി
national;Adjective , Noun;A2, B2;ദേശീയ
native;Adjective Noun;B1;നേറ്റീവ്
natural;Adjective;A1;പ്രകൃതി
naturally;Adverb;B1;സാഭാവികമായി
nature;Noun;A2;പ്രകൃതി
near;prep. Adjective Adverb;A1;അടുത്തു
nearly;Adverb;A2;മിക്കവാറും
neat;Adjective;B2;വൃത്തിയായ
necessarily;Adverb;B1;അനിവാര്യമായും
necessary;Adjective;A2;ആവശ്യമായ
neck;Noun;A2;കഴുത്ത്
need;Verb , Noun, modal Verb;A1, A2, B1;ആവശ്യം
needle;Noun;B1;സൂചി
negative;Adjective , Noun;A1, B2;നെഗറ്റീവ്
neighbour;Noun;A1;കൂട്ടുകാരനെ
neighbourhood;Noun;B1;അയല്പക്കം
neither;det./proNoun, Adverb;A2, B1;ഇല്ല
nerve;Noun;B2;നാഡി
nervous;Adjective;A2;നാഡീബലമുള്ള
net;Noun;B1;വല
network;Noun;A2;നെറ്റ്വർക്ക്
never;Adverb;A1;ഒരിക്കലും
nevertheless;Adverb;B2;എങ്കിലും
new;Adjective;A1;പുതിയ
news;Noun;A1;വാര്ത്ത
newspaper;Noun;A1;പത്രം
next;Adjective Adverb , Noun;A1, B1;അടുത്തത്
next to;prep.;A1;അടുത്തതായി
nice;Adjective;A1;നല്ല
night;Noun;A1;രാത്രി
nightmare;Noun;B2;പേടിസപ്നം
nine;number;A1;ഒന്പത്
nineteen;number;A1;പത്തൊന്പത്
ninety;number;A1;തൊണ്ണൂറ്
no;exclam. det.;A1;ഇല്ല
no one;proNoun;A1;ആരുമില്ല
nobody;proNoun;A1;ആരുംതന്നെയില്ല
noise;Noun;A2;ശബ്ദം
noisy;Adjective;A2;ശബ്ദായമാനമായ
none;pro Noun;A2;ആരും
nor;conj./Adverb;B1;വേണ്ടാ
normal;Adjective , Noun;A2, B1;സാധാരണ
normally;Adverb;A2;സാധാരണമായി
north;Noun Adjective Adverb;A1;വടക്ക്
northern;Adjective;B1;വടക്കുള്ള
nose;Noun;A1;മൂക്ക്
not;Adverb;A1;അല്ല
note;Noun Verb;A1, B1;കുറിപ്പ്
nothing;proNoun;A1;ഒന്നും
notice;Verb Noun;A2;നോട്ടീസ്
notion;Noun;B2;തോന്നല്
novel;Noun;A2;നോവൽ
November;Noun;A1;നവംബര്
now;Adverb , conj.;A1, B1;ഇപ്പോള്
nowhere;Adverb;A2;ഒരിടത്തുമില്ല
nuclear;Adjective;B1;ആണവ
number;Noun, Verb;A1, A2;അക്കം
numerous;Adjective;B2;നിരവധി
nurse;Noun;A1;ആയ
nut;Noun;A2;കുരു
obey;Verb;B2;അനുസരിച്ചു
object;Noun Verb;A1, B2;വസ്തു
objective;Noun Adjective;B2;വസ്തുനിഷ്ഠമായ
obligation;Noun;B2;കടപ്പാട്
observation;Noun;B2;നിരീക്ഷണം
observe;Verb;B2;നിരീക്ഷിക്കുക
obtain;Verb;B2;ലഭ്യമാകാൻ
obvious;Adjective;B1;സ്പഷ്ടമായ
obviously;Adverb;B1;സ്പഷ്ടമായി
occasion;Noun;B1;അവസരത്തിൽ
occasionally;Adverb;B2;ഇടയ്ക്കിടെ
occur;Verb;B1;സംഭവിക്കുക
ocean;Noun;A2;സമുദ്രം
o’clock;Adverb;A1;മണി
October;Noun;A1;ഒക്ടോബർ
odd;Adjective;B1;അസാധാരണമായ
of;prep.;A1;എന്ന
off;Adverb prep.;A1;ഓഫ്
offence;Noun;B2;കുറ്റമായാണ്
offend;Verb;B2;നിലതെറ്റുക
offensive;Adjective;B2;കുറ്റകരമായ
offer;Verb Noun;A2;വാഗ്ദാനം
office;Noun;A1;ഓഫീസ്
officer;Noun;A2;ഓഫീസർ
official;Adjective , Noun;B1, B2;ഔദ്യോഗിക
often;Adverb;A1;അടിക്കടി
oh;exclam.;A1;ഓ
oil;Noun;A2;എണ്ണ
OK;exclam. Adjective /Adverb;A1;ശരി
old;Adjective;A1;പഴയ
old-fashioned;Adjective;B1;പഴഞ്ചൻ
on;prep. Adverb;A1;ന്
once;Adverb , conj.;A1, B1;ഒരിക്കല്
one;number-det. proNoun;A1;ഒന്ന്
onion;Noun;A1;ഉള്ളി
online;Adjective Adverb;A1;ഓൺലൈൻ
only;Adjective Adverb;A1;മാത്രം
onto;prep.;A2;തിരിയുക
open;Adjective Verb;A1;തുറക്കുക
opening;Noun;B2;ഉദ്ഘാടനം
operate;Verb;B2;ഓപ്പറേറ്റ്
operation;Noun;B1;ഓപ്പറേഷൻ
opinion;Noun;A1;അഭിപ്രായം
opponent;Noun;B2;പതിയോഗി
opportunity;Noun;A2;അവസരം
oppose;Verb;B2;എതിർക്കാൻ
opposed;Adjective;B2;എതിർത്ത
opposite;Adjective Adverb prep. Noun;A1;എതിരായ
opposition;Noun;B2;എതിർപ്പ്
option;Noun;A2;ഓപ്ഷൻ
or;conj.;A1;അഥവാ
orange;Noun Adjective;A1;ഓറഞ്ച്
order;Noun Verb;A1;ഓർഡർ
ordinary;Adjective;A2;സാധാരണമായ
organ;Noun;B2;ശരീരാവയവം
organization;Noun;A2;സംഘടന
organize;Verb;A2;സംഘടിപ്പിക്കുക
organized;Adjective;B1;സംഘടിത
organizer;Noun;B1;സംഘാടകൻ
origin;Noun;B2;ഉത്ഭവം
original;Adjective , Noun;A2, B1;യഥാർത്ഥ
originally;Adverb;B1;യഥാർത്ഥത്തിൽ
other;Adjective /proNoun;A1;മറ്റ്
otherwise;Adverb;B2;അല്ലെങ്കില്
ought;modal Verb;B1;അരുതാത്തതു
our;det.;A1;നമ്മുടെ
ours;proNoun;B1;നമ്മുടേത്
ourselves;proNoun;A2;സ്വയം
out;Adverb /prep.;A1;പുറത്ത്
outcome;Noun;B2;അനന്തരഫലം
outdoor;Adjective;B1;സ്മോക്കിംഗ്
outdoors;Adverb;B1;വാതില്പ്പുറകാഴ്ചകള്
outer;Adjective;B2;പുറത്തുള്ള
outline;Noun Verb;B2;രൂപരേഖ
outside;Adverb , prep. nouNoun Adjective;A1, A2;പുറത്ത്
oven;Noun;A2;അടുപ്പിൽ
over;prep. Adverb;A1;മേൽ
overall;Adjective Adverb;B2;മൊത്തം
owe;Verb;B2;കടപ്പെട്ടിരിക്കുക
own;Adjective /proNoun, Verb;A1, A2;സ്വന്തം
owner;Noun;A2;ഉടമ
pace;Noun, Verb;B2;പേസ്
pack;Verb , Noun;A2, B1;കെട്ടാക്കുക
package;Noun, Verb;B1, B2;പാക്കേജ്
page;Noun;A1;പേജ്
pain;Noun;A2;വേദന
painful;Adjective;B1;വേദനാജനകമായ
paint;Verb Noun;A1;ചായം
painter;Noun;A2;ചിതകാരന്
painting;Noun;A1;ചിതരചന
pair;Noun;A1;ഇണ
palace;Noun;A2;കൊട്ടാരം
pale;Adjective;B1;വിളറിയമുഖം
pan;Noun;B1;പാൻ
panel;Noun;B2;പാനൽ
pants;Noun;A2;ടൗസര്
paper;Noun;A1;കടലാസ്
paragraph;Noun;A1;ഖണ്ഡിക
parent;Noun;A1;പാരന്റ്
park;Noun Verb;A1;പാർക്ക്
parking;Noun;A2;പാർക്കിംഗ്
parliament;Noun;B2;പാർലമെന്റ്
part;Noun;A1;ഭാഗം
participant;Noun;B2;പങ്കാളി
participate;Verb;B1;പങ്കെടുക്കുക
particular;Adjective;A2;പ്രത്യേക
particularly;Adverb;B1;പ്രത്യേകിച്ച്
partly;Adverb;B2;ഭാഗികമായി
partner;Noun;A1;പങ്കാളി
party;Noun;A1;കക്ഷി
pass;Verb , Noun;A2, B1;ചുരം
passage;Noun;B2;പവേശനമാര്ഗ്ഗം
passenger;Noun;A2;യാത്രക്കാരൻ
passion;Noun;B1;വികാരം
passport;Noun;A1;പാസ്പോര്ട്ട്
past;Adjective Noun prep., Adverb;A1, A2;കഴിഞ്ഞ
path;Noun;B1;പാത
patient;Noun, Adjective;A2, B2;രോഗി
pattern;Noun;A2;മാതൃക
pay;Verb , Noun;A1, A2;കൂലി
payment;Noun;B1;പേയ്മെന്റ്
peace;Noun;A2;സമാധാനം
peaceful;Adjective;B1;സമാധാനപരമായ
pen;Noun;A1;തൂലിക
pencil;Noun;A1;പെന്സില്
penny;Noun;A2;ചില്ലിക്കാശും
pension;Noun;B2;പെൻഷൻ
people;Noun;A1;ജനം
pepper;Noun;A1;കുരുമുളക്
per;prep.;A2;ശതമാനം
per cent;Noun Adjective /Adverb;A2;ശതമാനം
percentage;Noun;B1;ശതമാനം
perfect;Adjective;A1;തികഞ്ഞ
perfectly;Adverb;B1;തികച്ചും
perform;Verb;A2;പ്രകടനം
performance;Noun;B1;പ്രകടനം
perhaps;Adverb;A2;ഒരുപക്ഷേ
period;Noun;A1;കാലഘട്ടം
permanent;Adjective;B2;സ്ഥിരമായ
permission;Noun;A2;അനുമതി
permit;Verb Noun;B2;അനുമതിപതം
person;Noun;A1;വ്യക്തി
personal;Adjective;A1;സ്വകാര്യ
personality;Noun;A2;വ്യക്തിത്വം
personally;Adverb;B1;വ്യക്തിപരമായി
perspective;Noun;B2;കാഴ്ചപ്പാട്
persuade;Verb;B1;പേരിപ്പിക്കുക
pet;Noun;A2;വളര്ത്തുമൃഗം
petrol;Noun;A2;പെട്രോൾ
phase;Noun;B2;ഘട്ടം
phenomenon;Noun;B2;പ്രതിഭാസം
philosophy;Noun;B2;തത്ത്വശാസ്ത്രം
phone;Noun Verb;A1;ഫോൺ
photo;Noun;A1;ഫോട്ടോ
photograph;Noun, Verb;A1, A2;ഫോട്ടോഗാഫ്
photographer;Noun;B1;ഫോട്ടോഗ്രാഫർ
photography;Noun;B1;ഫോട്ടോഗ്രാഫി
phrase;Noun;A1;പദപ്രയോഗം
physical;Adjective;A2;ഭൗതികമായ
physics;Noun;A2;ഫിസിക്സ്
piano;Noun;A1;പിയാനോ
pick;Verb , Noun;A2, B2;തിരഞ്ഞെടുക്കൽ
picture;Noun, Verb;A1, B2;ചിതം
piece;Noun;A1;കഷണം
pig;Noun;A1;പന്നി
pile;Noun Verb;B2;മരത്തൂണ്
pilot;Noun;A2;പൈലറ്റ്
pin;Noun Verb;B1;മൊട്ടുസൂചി
pink;Adjective Noun;A1;പാടലവര്ണ്ണമായ
pipe;Noun;B1;കുഴല്
pitch;Noun;B2;പിച്ച്
place;Noun Verb;A1, B1;സ്ഥലം
plain;Adjective;B2;സമതലം
plan;Noun Verb;A1;പദ്ധതി
plane;Noun;A1;വിമാനം
planet;Noun;A2;ഗ്രഹം
planning;Noun;B1;ആസൂത്രണം
plant;Noun Verb;A1, A2;ചെടി
plastic;Noun Adjective;A2;പ്ലാസ്റ്റിക്
plate;Noun;A2;പാത്രം
platform;Noun;A2;വേദി
play;Verb Noun;A1;കളി
player;Noun;A1;കളിക്കാരന്
pleasant;Adjective;B1;സുഖകരമായ
please;exclam., Verb;A1, A2;ദയവായി
pleased;Adjective;A2;തൃപ്തിപ്പെട്ടിരിക്കുന്നു
pleasure;Noun;B1;സന്തോഷം
plenty;proNoun;B1;ധാരാളം
plot;Noun, Verb;B1, B2;തന്ത്രം
plus;prep., Adjective conj., Noun;B1, B2;കൂടി
pocket;Noun;A2;കീശ
poem;Noun;B1;കാവം
poet;Noun;B1;കവി
poetry;Noun;B1;കവിത
point;Noun, Verb;A1, B1;ബിന്ദു
pointed;Adjective;B2;കൂർത്തതും
poison;Noun Verb;B1;വിഷം
poisonous;Adjective;B1;വിഷമുള്ള
police;Noun;A1;പോലീസ്
policeman;Noun;A1;പോലീസുകാരന്
policy;Noun;B1;നയം
polite;Adjective;A2;മരാദയുള്ള
political;Adjective;B1;രാഷ്ട്രീയ
politician;Noun;B1;രാഷ്ട്രീയക്കാരൻ
politics;Noun;B1;രാഷ്ട്രീയം
pollution;Noun;A2;അശുദ്ധമാക്കല്
pool;Noun;A1;കുളം
poor;Adjective;A1;പാവപ്പെട്ട
pop;Noun Adjective;A2;പോപ്പ്
popular;Adjective;A1;ജനപ്രിയ
popularity;Noun;B2;പ്രശസ്തി
population;Noun;A2;ജനസംഖ്യ
port;Noun;B1;തുറമുഖം
portrait;Noun;B1;ഛായാചിത്രം
pose;Verb;B2;പോസ്
position;Noun, Verb;A2, B2;സ്ഥാനം
positive;Adjective , Noun;A1, B2;നല്ല
possess;Verb;B2;കൈവശമാക്കും
possession;Noun;A2;കൈവശം
possibility;Noun;A2;സാധ്യത
possible;Adjective;A1;സാധ്യത
possibly;Adverb;B1;ഒരുപക്ഷേ
post;Noun Verb;A1;സ്ഥാനം
poster;Noun;A2;പോസ്റ്റർ
pot;Noun;B1;കലം
potato;Noun;A1;ഉരുളക്കിഴങ്ങ്
potential;Adjective Noun;B2;സാധ്യതയുള്ള
pound;Noun;A1;കന്നാലിപ്പൗണ്ട്
pour;Verb;B1;ഒഴിക്കുക
poverty;Noun;B1;ദാരിദ്ര്യം
powder;Noun;B1;പൊടി
power;Noun, Verb;A2, B2;ശക്തി
powerful;Adjective;B1;ശക്തമായ
practical;Adjective;B1;പ്രായോഗിക
practice;Noun;A1;പരിശീലനം
practise;Verb;A1;പരിശീലനം
praise;Noun Verb;B2;സ്തുതി
pray;Verb;B1;പാര്ത്ഥിക്കുക
prayer;Noun;B1;പ്രാർത്ഥന
predict;Verb;A2;പവചിക്കുക
prediction;Noun;B1;പ്രവചനം
prefer;Verb;A1;ഇഷ്ടപ്പെടുന്നത്
pregnant;Adjective;B2;ഗര്ഭിണിയായ
preparation;Noun;B2;ഒരുക്കം
prepare;Verb;A1;തയ്യാറാകുക
prepared;Adjective;B1;തയ്യാറാക്കിയ
presence;Noun;B2;സാന്നിദ്ധ്യം
present;Adjective Noun, Verb;A1, A2;വർത്തമാന
presentation;Noun;B1;അവതരണം
preserve;Verb;B2;സംരക്ഷിക്കുക
president;Noun;A2;പ്രസിഡന്റ്
press;Verb Noun;B1;അമർത്തുക
pressure;Noun;B1;മർദ്ദം
pretend;Verb;B1;മറയ്ക്കുക
pretty;Adjective Adverb;A1;പ്രെറ്റി
prevent;Verb;A2;തടയാൻ
previous;Adjective;B1;മുമ്പത്തെ
previously;Adverb;B1;മുമ്പ്
price;Noun, Verb;A1, B2;വില
priest;Noun;B1;പുരോഹിതന്
primary;Adjective;B1;പ്രാഥമിക
prime;Adjective;B2;പ്രധാന
prince;Noun;B1;പ്രഭു
princess;Noun;B1;രാജകുമാരി
principle;Noun;B2;തത്വത്തിൽ
print;Verb , Noun;A2, B2;അച്ചടിക്കുക
printer;Noun;A2;പ്രിന്റർ
printing;Noun;B1;അച്ചടി
priority;Noun;B2;മുൻഗണന
prison;Noun;A2;കാരാഗൃഹം
prisoner;Noun;B1;തടവുകാരന്
privacy;Noun;B2;സ്വകാര്യത
private;Adjective;B1;സ്വകാര്യ
prize;Noun;A2;സമ്മാനം
probably;Adverb;A1;ഒരുപക്ഷേ
problem;Noun;A1;പ്രശ്നം
procedure;Noun;B2;നടപടിക്രമം
process;Noun, Verb;A2, B2;പ്രക്രിയ
produce;Verb , Verb;A2, B2;ഉൽപ്പാദിപ്പിക്കുക
producer;Noun;B1;നിര്മാതാവ്
product;Noun;A1;ഉത്പന്നം
production;Noun;B1;ഉത്പാദനം
profession;Noun;B1;തൊഴില്
professional;Adjective , Noun;A2, B2;തൊഴില്പരമായ
professor;Noun;A2;പ്രൊഫസർ
profile;Noun;A2;പ്രൊഫൈൽ
profit;Noun;B1;ലാഭം
program;Noun, Verb;A2, B1;പ്രോഗ്രാം
programme;Noun;A1;പ്രോഗ്രാം
progress;Noun, Verb;A2, B2;പുരോഗതി
project;Noun, Verb;A1, B2;പദ്ധതി
promise;Verb Noun;A2;വാഗ്ദാനം
promote;Verb;B1;പ്രമോട്ട്
pronounce;Verb;A2;വിധിക്കേണം
proof;Noun;B2;തെളിവ്
proper;Adjective;B1;ശരിയായ
properly;Adverb;B1;ശരിയായി
property;Noun;B1;പ്രോപ്പർട്ടി
proposal;Noun;B2;നിര്ദ്ദേശം
propose;Verb;B2;നിര്ദ്ദേശിക്കുക
prospect;Noun;B2;പതാശ
protect;Verb;A2;പരിരക്ഷിക്കാൻ
protection;Noun;B2;സംരക്ഷണം
protest;Noun Verb;B1;പ്രതിഷേധം
proud;Adjective;B1;അഭിമാനം
prove;Verb;B1;തെളിയിക്കുക
provide;Verb;A2;നൽകാൻ
psychologist;Noun;B2;സൈക്കോളജിസ്റ്റായ
psychology;Noun;B2;മനഃശാസ്ത്രം
pub;Noun;A2;പൊതുമദശാല
public;Adjective Noun;A2;പൊതു
publication;Noun;B2;പ്രസിദ്ധീകരണം
publish;Verb;A2;പ്രസിദ്ധീകരിക്കുക
pull;Verb , Noun;A2, B1;വലിക്കുക
punish;Verb;B1;ശിക്ഷിക്കുക
punishment;Noun;B1;ശിക്ഷ
pupil;Noun;B2;കൃഷ്ണമണി
purchase;Noun Verb;B2;വാങ്ങൽ
pure;Adjective;B2;ശുദ്ധമായ
purple;Adjective Noun;A1;പർപ്പിൾ
purpose;Noun;A2;ഉദ്ദേശ്യം
pursue;Verb;B2;പിന്തുടരുക
push;Verb , Noun;A2, B1;തള്ളുക
put;Verb;A1;ഇടുക
qualification;Noun;B1;യോഗത
qualified;Adjective;B1;യോഗമായ
qualify;Verb;B1;യോഗമാക്കുക
quality;Noun;A2;ഗുണമേന്മയുള്ള
quantity;Noun;A2;അളവ്
quarter;Noun;A1;ക്വാർട്ടർ
queen;Noun;A2;രാജ്ഞി
question;Noun, Verb;A1, A2;ചോദ്യം
queue;Noun Verb;B1;വരി
quick;Adjective;A1;പെട്ടെന്നുള്ള
quickly;Adverb;A1;വേഗത്തിൽ
quiet;Adjective;A1;സ്വസ്ഥമായിരുന്നു
quietly;Adverb;A2;ശാന്തമായി
quit;Verb;B1;ഉപേക്ഷിക്കാൻ
quite;Adverb;A1;തികച്ചും
quotation;Noun;B1;ഉദ്ധരണി
quote;Verb Noun;B1;ഉദ്ധരിക്കുക
race (competition);NounVerb;A2;വംശം (മത്സരം)
race (people);Noun;B1;വംശം (ആളുകളെ)
racing;Noun;B1;റേസിംഗ്
radio;Noun;A1;റേഡിയോ
railway;Noun;A2;റെയിൽവേ
rain;Noun Verb;A1;മഴ
raise;Verb;A2;ഉയര്ത്തുക
range;Noun, Verb;B1, B2;ശ്രേണി
rank;Noun Verb;B2;പദവി
rapid;Adjective;B2;ദുതമായ
rapidly;Adverb;B2;അതിവേഗം
rare;Adjective;B1;അപൂർവ
rarely;Adverb;B1;അപൂർവ്വമായി
rate;Noun, Verb;A2, B2;നിരക്ക്
rather;Adverb;A2;അധികമായി
raw;Adjective;B2;അസംസ്കൃതമായ
reach;Verb , Noun;A2, B2;റീച്ച്
react;Verb;A2;തിരിച്ചടി നടത്തുക
reaction;Noun;B1;പ്രതികരണം
read;Verb;A1;റീഡ്
reader;Noun;A1;വായനക്കാരൻ
reading;Noun;A1;വായന
ready;Adjective;A1;തയ്യാറാണ്
real;Adjective;A1;യഥാർത്ഥ
realistic;Adjective;B2;റിയലിസ്റ്റിക്
reality;Noun;B1;റിയാലിറ്റി
realize;Verb;A2;പതക്ഷീകരിക്കുക
really;Adverb;A1;ശരിക്കും
reason;Noun;A1;കാരണം
reasonable;Adjective;B2;ഉചിതമായ
recall;Verb;B2;തിരിച്ചുവിളിക്കുക
receipt;Noun;B1;രസീത്
receive;Verb;A2;ലഭിക്കും
recent;Adjective;A2;സമീപകാല
recently;Adverb;A2;അടുത്തിടെ
reception;Noun;A2;സീകരണം
recipe;Noun;A2;പാചകവിധി
recognize;Verb;A2;തിരിച്ചറിയുക
recommend;Verb;A2;ശുപാർശ
recommendation;Noun;B1;ശുപാര്ശ
record;Noun Verb;A2;രേഖ
recording;Noun;A2;റെക്കോർഡിംഗ്
recover;Verb;B2;വീണ്ടെടുക്കുക
recycle;Verb;A2;പുനര്നിര്മ്മാണം
red;Adjective Noun;A1;ചുവന്ന
reduce;Verb;A2;കുറയ്ക്കുക
reduction;Noun;B2;റിഡക്ഷൻ
refer;Verb;A2;കാണുക
reference;Noun;B1;സൂചന
reflect;Verb;B1;ചിന്തിക്കുന്ന
refuse;Verb;A2;നിരസിക്കുക
regard;Verb Noun;B2;ഇക്കാര്യത്തിൽ
region;Noun;A2;പ്രദേശം
regional;Adjective;B2;പ്രാദേശിക
register;Verb Noun;B2;പട്ടിക
regret;Verb Noun;B2;ഖേദം
regular;Adjective;A2;സ്ഥിരമായ
regularly;Adverb;B1;സ്ഥിരമായി
regulation;Noun;B2;നിയന്തിക്കല്
reject;Verb;B1;നിഷേധിച്ചു
relate;Verb;B1;വിവരിക്കുക
related;Adjective;B1;അനുബന്ധ
relation;Noun;B1;ബന്ധു
relationship;Noun;A2;ബന്ധം
relative;Adjective Noun;B1;ബന്ധു
relatively;Adverb;B2;ആപേക്ഷികത
relax;Verb;A1;ശാന്തമാകൂ
relaxed;Adjective;B1;വിശ്രമിക്കുന്ന
relaxing;Adjective;B1;അയഞ്ഞതായ
release;Verb Noun;B1;പ്രകാശനം
relevant;Adjective;B2;ഉചിതമായ
reliable;Adjective;B1;വിശ്വസനീയമായ
relief;Noun;B2;ദുരിതാശ്വാസ
religion;Noun;B1;മതം
religious;Adjective;B1;മതപരമായ
rely;Verb;B2;ആശ്രയിക്കുന്നു
remain;Verb;B1;തുടരും
remark;Noun Verb;B2;അഭിപായപ്പെടുക
remember;Verb;A1;സ്മരിക്കുക
remind;Verb;B1;ഓർമിപ്പിക്കാൻ
remote;Adjective;B1;വിദൂര
remove;Verb;A2;നീക്കം
rent;Noun Verb;B1;വാടക
repair;Verb , Noun;A2, B1;കേടുപാടുതീര്ക്കുക
repeat;Verb , Noun;A1, B1;ആവർത്തിച്ച്
repeated;Adjective;B1;ആവർത്തിച്ചു
replace;Verb;A2;പകരം
reply;Verb Noun;A2;മറുപടി
report;Noun, Verb;A1, A2;റിപ്പോർട്ട്
reporter;Noun;A2;ലേഖകന്
represent;Verb;B1;പ്രതിനിധാനം
representative;Noun Adjective;B2;പ്രതിനിധി
reputation;Noun;B2;മതിപ്പ്
request;Noun, Verb;A2, B1;അപേക്ഷ
require;Verb;B1;ആവശ്യമായ
requirement;Noun;B2;ആവശം
rescue;Verb Noun;B2;റെസ്ക്യൂ
research;Noun Verb;A2;ഗവേഷണം
researcher;Noun;A2;ഗവേഷകൻ
reservation;Noun;B1;റിസർവേഷൻ
reserve;Noun Verb;B2;കരുതിവയ്ക്കുക
resident;NounAdjective;B2;സ്ഥലവാസി
resist;Verb;B2;ചെറുക്കുക
resolve;Verb;B2;തീരുമാനമെടുക്കുക
resort;Noun;B2;റിസോർട്ട്
resource;Noun;B1;വിഭവം
respect;Noun Verb;B1;ബഹുമാനം
respond;Verb;A2;പ്രതികരിക്കുക
response;Noun;A2;പ്രതികരണം
responsibility;Noun;B1;ഉത്തരവാദിത്വം
responsible;Adjective;B1;ഉത്തരവാദിയായ
rest (remaining part);Noun;A2;ബാക്കി (ശേഷിക്കുന്ന ഭാഗം)
rest (sleep/relax);Noun Verb;A2;ബാക്കി (ഉറക്കം / വിശ്രമിക്കാൻ)
restaurant;Noun;A1;ഭോജനശാല
result;Noun, Verb;A1, B1;ഫലമായി
retain;Verb;B2;നിലനിർത്താൻ
retire;Verb;B1;വിരമിക്കുക
retired;Adjective;B1;വിരമിച്ച
return;Verb Noun;A1;മടക്കം
reveal;Verb;B2;വെളിപ്പെടുത്തുക
review;Noun Verb;A2;അവലോകനം
revise;Verb;B1;നവീകരിക്കുക
revolution;Noun;B2;വിപ്ളവം
reward;Noun Verb;B2;പ്രതിഫലം
rhythm;Noun;B2;താളം
rice;Noun;A1;അരി
rich;Adjective;A1;സമ്പന്നമായ
rid;Verb;B2;തുടച്ചുനീക്കുക
ride;Verb , Noun;A1, A2;കുതിരസവാരി
right;Adjective Adverb Noun;A1;വലത്
ring;Noun;A2;വളയം
ring;Verb , Noun;A2, B1;വളയം
rise;Verb , Noun;A2, B1;വർധന
risk;Noun Verb;B1;റിസ്ക്
river;Noun;A1;നദി
road;Noun;A1;റോഡ്
robot;Noun;B1;യന്തമനുഷന്
rock (stone);Noun;A2;പാറ (കല്ല്)
rock (music);Noun;A2;റോക്ക് സംഗീതം)
role;Noun;A2;പങ്ക്
roll;Verb Noun;B1;ഉരുളുക
romantic;Adjective;B1;കാല്പനികമായ
roof;Noun;A2;മേല്ക്കൂര
room;Noun;A1;ഇടം
root;Noun;B2;വേര്
rope;Noun;B1;കയര്
rough;Adjective;B1;പരുക്കനായ
round;Adjective Adverb prep., Noun;A2, B2;ചുറ്റും
route;Noun;A2;റൂട്ട്
routine;Noun, Adjective;A1, B2;ദിനചര്യ
row;Noun;B1;നിര
royal;Adjective;B1;റോയൽ
rub;Verb;B2;തടവുക
rubber;Noun Adjective;B2;റബര്
rubbish;Noun;A2;ചവറ്
rude;Adjective;A2;അപമര്യാദയായ
rugby;Noun;B1;റഗ്ബി
rule;Noun, Verb;A1, B1;ചട്ടം
run;Verb , Noun;A1, A2;ഓട്ടം
runner;Noun;A2;ഓട്ടക്കാരൻ
running;Noun;A2;പ്രവർത്തിക്കുന്ന
rural;Adjective;B2;ഗ്രാമീണ
rush;Verb Noun;B2;പാച്ചില്
sad;Adjective;A1;ദുഃഖകരമായ
sadly;Adverb;A2;ദുഃഖകരമാണ്
safe;Adjective;A2;സുരക്ഷിതമായ
safety;Noun;B1;സുരക്ഷ
sail;Verb , Noun;A2, B1;കപ്പല്യാതചെയ്യുക
sailing;Noun;A2;കപ്പലോട്ടം
sailor;Noun;B1;നാവികന്
salad;Noun;A1;സാലഡ്
salary;Noun;A2;ശമ്പളം
sale;Noun;A2;വില്പനയ്ക്ക്
salt;Noun;A1;ഉപ്പ്
same;Adjective proNoun Adverb;A1;അതേ
sample;Noun, Verb;B1, B2;മാതൃക
sand;Noun;B1;മണല്
sandwich;Noun;A1;സാന്ഡ്വിച്ച്
satellite;Noun;B2;സാറ്റലൈറ്റ്
satisfied;Adjective;B2;തൃപ്തി
satisfy;Verb;B2;തൃപ്തിപ്പെടുത്തുക
Saturday;Noun;A1;ശനിയാഴ്ച
sauce;Noun;A2;സോസ്
save;Verb;A2;രക്ഷിക്കും
saving;Noun;B2;സംരക്ഷിക്കുന്നത്
say;Verb;A1;പറയുക
scale;Noun;B2;സ്കെയിൽ
scan;Verb;B1;സ്കാൻ
scared;Adjective;A2;പേടിച്ചരണ്ട
scary;Adjective;A2;ഭീതിദമാണ്
scene;Noun;A2;രംഗം
schedule;Noun, Verb;A2, B2;പട്ടിക
scheme;Noun;B2;പദ്ധതി
school;Noun;A1;സ്കൂൾ
science;Noun;A1;ശാസ്ത്രം
scientific;Adjective;B1;ശാസ്ത്രീയമായ
scientist;Noun;A1;ശാസ്ത്രജ്ഞൻ
score;Verb Noun;A2;സ്കോർ
scream;Verb Noun;B2;മുറവിളി
screen;NounVerb;A2, B2;സ്ക്രീൻ
script;Noun;B1;സ്ക്രിപ്റ്റ്
sculpture;Noun;B1;ശില്പവേല
sea;Noun;A1;കടൽ
search;Noun Verb;A2;തിരയൽ
season;Noun;A2;കാലം
seat;Noun Verb;A2, B2;ഇരിപ്പിടം
second1 (next after the first);et./ number, Adverb;A1, A2;സെചൊംദ്൧ (കഴിഞ്ഞ് അടുത്ത)
second1 (unit of time);Noun;A1;സെചൊംദ്൧ (സമയം യൂണിറ്റ്)
secondary;Adjective;B1;സെക്കൻഡറി
secondly;Adverb;A2;രണ്ടാമത്
secret;Adjective, Noun;A2;രഹസ്യം
secretary;Noun;A2;സെക്രട്ടറി
section;Noun;A1;വിഭാഗം
sector;Noun;B2;മേഖല
secure;Verb Adjective;B2;സുരക്ഷിത
security;Noun;B1;സുരക്ഷ
see;Verb;A1;കാണുക
seed;Noun;B1;വിത്ത്
seek;Verb;B2;തേടുക
seem;Verb;A2;തോന്നുക
select;Verb;B2;തെരഞ്ഞെടുക്കുക
selection;Noun;B2;സെലക്ഷൻ
self;Noun;B2;സ്വയം
sell;Verb;A1;വിൽക്കുന്നു
send;Verb;A1;അയയ്ക്കുക
senior;Adjective;B2;മുതിർന്ന
sense;Noun Verb;A2, B2;അർത്ഥത്തിൽ
sensible;Adjective;B1;പതക്ഷമായ
sensitive;Adjective;B2;സെൻസിറ്റീവ്
sentence;Noun Verb;A1, B2;വാചകം
separate;Adjective, Verb;A2, B1;പ്രത്യേക
September;Noun;A1;സെപ്റ്റംബർ
sequence;Noun;B2;അനുകമം
series;Noun;A2;പരമ്പര
serious;Adjective;A2;ഗൗരവമായ
seriously;Adverb;B1;ഗുരുതരമായി
servant;Noun;B1;ദാസൻ
serve;Verb;A2;സേവിക്കുക
service;Noun;A2;സേവനം
session;Noun;B2;സമ്മേളനം
set (put);Verb;B1;സെറ്റ് (പുട്ട്)
set (group);Noun;B1;സെറ്റ് (ഗ്രൂപ്പ്)
setting;Noun;B1;ക്രമീകരണം
settle;Verb;B2;തട്ടുവരെ
seven;number;A1;ഏഴ്
seventeen;number;A1;പതിനേഴ്
seventy;number;A1;എഴുപത്
several;det./proNoun;A2;നിരവധി
severe;Adjective;B2;കടുത്ത
sex;Noun;B1;ലിംഗം
sexual;Adjective;B1;ലൈംഗികമായ
shade;Noun;B2;തണല്
shadow;Noun;B2;നിഴല്
shake;Verb Noun;A2, B1;ഇളക്കുക
shall;modal Verb;A2;വരികയുമില്ല
shallow;Adjective;B2;ആഴംകുറഞ്ഞ
shame;Noun;B2;ലജ്ജ
shape;Noun Verb;A2, B2;ആകൃതി
share;Verb Noun;A1, B1;പങ്കിടുക
sharp;Adjective;B1;മൂർച്ചയുള്ള
she;proNoun;A1;അവള്
sheep;Noun;A1;ആടുകൾ
sheet;Noun;A2;ഷീറ്റ്
shelf;Noun;B1;ചുവരലമാര
shell;Noun;B1;ഷെൽ
shelter;Noun Verb;B2;അഭയം
shift;Noun Verb;B1, B2;മാറ്റം
shine;Verb;B1;തിളങ്ങുക
shiny;Adjective;B1;തിളങ്ങുന്ന
ship;Noun Verb;A2, B2;കപ്പൽ
shirt;Noun;A1;ഷർട്ട്
shock;Noun Verb;B2;നടുക്കം
shocked;Adjective;B2;ഞെട്ടിച്ചു
shoe;Noun;A1;ഷൂ
shoot;Verb;B1;വെടിവയ്ക്കുക
shooting;Noun;B2;ഷൂട്ടിംഗ്
shop;Noun Verb;A1;കട
shopping;Noun;A1;ഷോപ്പിംഗ്
short;Adjective;A1;കുറിയ
shot;Noun;B2;വെടിവയ്പ്
should;modal Verb;A1;വേണം
shoulder;Noun;A2;തോൾ
shout;Verb Noun;A2;അലറുക
show;Verb Noun;A1;കാണിക്കുക
shower;Noun;A1;ഷവർ
shut;Verb Adjective;A2;അടയ്ക്കുക
shy;Adjective;B1;ലജ്ജാശീലമായ
sick;Adjective;A1;രോഗം
side;Noun;A2;വശം
sight;Noun;B1;കാഴ്ച
sign;Noun Verb;A2;അടയാളം
signal;Noun Verb;B1;അടയാളം
significant;Adjective;B2;കാര്യമായ
significantly;Adverb;B2;ഗണ്യമായി
silence;Noun;B2;നിശ്ശബ്ദം
silent;Adjective;B1;നിശ്ശബ്ദമായ
silk;Noun;B2;പട്ട്
silly;Adjective;B1;നിസാരമായ
silver;Noun Adjective;A2;വെള്ളി
similar;Adjective;A1;സമാനമായ
similarity;Noun;B1;സാമം
similarly;Adverb;B1;സമാനമായി
simple;Adjective;A2;ലഘുവായ
simply;Adverb;B1;ലളിതമായി
since;prep. conj., Adverb;A2, B1;മുതലുള്ള
sincere;Adjective;B2;ആത്മാര്ത്ഥമായ
sing;Verb;A1;പാടുക
singer;Noun;A1;ഗായിക
singing;Noun;A2;പാടുന്ന
single;Adjective Noun;A2;സിംഗിൾ
sink;Verb;B1;മുങ്ങുക
sir;Noun;A2;സാർ
sister;Noun;A1;സഹോദരി
sit;Verb;A1;സിറ്റ്
site;Noun;A2;സൈറ്റ്
situation;Noun;A1;അവസ്ഥ
six;number;A1;ആറ്
sixteen;number;A1;പതിനാറ്
sixty;number;A1;അറുപത്
size;Noun;A2;വലുപ്പം
ski;Verb Noun;A2;ഹിമപാദുകം
skiing;Noun;A2;സ്കീയിംഗ്
skill;Noun;A1;വൈദഗ്ധം
skin;Noun;A2;തൊലി
skirt;Noun;A1;പാവാട
sky;Noun;A2;ആകാശം
slave;Noun;B2;അടിമ
sleep;Verb , Noun;A1, A2;ഉറക്കം
slice;Noun Verb;B1;പൂള്
slide;Verb Noun;B2;സ്ലൈഡ്
slight;Adjective;B2;നേരിയ തോതിൽ
slightly;Adverb;B1;ചെറുതായി
slip;Verb;B2;തെന്നുക
slope;Noun Verb;B2;ചെളിവെള്ളം
slow;Adjective , Verb;A1, B1;വേഗത
slowly;Adverb;A2;പതുക്കെ
small;Adjective;A1;ചെറിയ
smart;Adjective;B1;സ്മാർട്ട്
smartphone;Noun;A2;സ്മാർട്ട്ഫോൺ
smell;Verb Noun;A2;മണം
smile;Verb Noun;A2;പുഞ്ചിരി
smoke;Noun Verb;A2;പുക
smoking;Noun;A2;പുകവലി
smooth;Adjective;B1;സ്മൂത്
snake;Noun;A1;പാമ്പ്
snow;Noun Verb;A1;മഞ്ഞ്
so;Adverb conj.;A1;അതുപോലെ
soap;Noun;A2;സോപ്പ്
soccer;Noun;A2;ഫുട്ട്ബാള്
social;Adjective;A2;സാമൂഹിക
society;Noun;A2;സൊസൈറ്റി
sock;Noun;A2;സോക്ക്
soft;Adjective;A2;മൃദുവായ
software;Noun;B1;സോഫ്റ്റ്വെയർ
soil;Noun;B1;മണ്ണ്
solar;Adjective;B2;സോളാർ
soldier;Noun;A2;ഭടന്
solid;Adjective Noun;B1;ഖരമായ
solution;Noun;A2;പരിഹാരം
solve;Verb;A2;പരിഹരിക്കാൻ
some;det. proNoun;A1;കുറെ
somebody;proNoun;A1;ഏതോഒരാള്
someone;proNoun;A1;ആരെങ്കിലും
something;proNoun;A1;എന്തെങ്കിലും
sometimes;Adverb;A1;ചിലപ്പോൾ
somewhat;Adverb;B2;ഒരു തോതില്
somewhere;Adverb proNoun;A2;ഏതെങ്കിലും സ്ഥലത്ത്
son;Noun;A1;മകൻ
song;Noun;A1;പാട്ട്
soon;Adverb;A1;ഉടൻ
sorry;Adjective exclam.;A1;ക്ഷമിക്കണം
sort;Noun, Verb;A2, B1;അടുക്കുക
soul;Noun;B2;ആത്മാവ്
sound;Noun Verb;A1;ശബ്ദം
soup;Noun;A1;സൂപ്പ്
source;Noun;A2;ഉറവിടം
south;Noun Adjective Adverb;A1;തെക്ക്
southern;Adjective;B1;തെക്കൻ
space;Noun;A1;ഇടം
speak;Verb;A1;സ്പീക്ക്
speaker;Noun;A2;സ്പീക്കർ
special;Adjective;A1;പ്രത്യേക
specialist;Noun Adjective;B2;വിശേഷജ്ഞന്
species;Noun;B2;സ്പീഷീസ്
specific;Adjective;A2;പ്രത്യേക
specifically;Adverb;B1;പ്രത്യേകമായി
speech;Noun;A2;മൊഴി
speed;Noun, Verb;A2, B2;വേഗത
spell;Verb;A1;മയക്കുവിദ
spelling;Noun;A1;അക്ഷരംവായിക്കല്
spend;Verb;A1;ചെലവഴിക്കുക
spending;Noun;B1;തുകയിൽ
spicy;Adjective;B1;മണംനിറഞ്ഞ
spider;Noun;A2;ചിലന്തി
spirit;Noun;B1;ആത്മാവ്
spiritual;Adjective;B2;ആത്മീയം
split;Verb Noun;B2;രണ്ടായി പിരിയുക
spoken;Adjective;B1;സംഭാഷണ
sponsor;Verb Noun;B2;പയോജകം
spoon;Noun;A2;കരണ്ടി
sport;Noun;A1;കളി
spot;Noun, Verb;B1, B2;പുള്ളി
spread;Verb , Noun;B1, B2;വ്യാപനം
spring;Noun, Verb;A1, B1;സ്പ്രിംഗ്
square;Adjective Noun;A2;സമചതുരം Samachathuram
stable;Adjective;B2;സ്ഥിരമായ
stadium;Noun;B1;സ്റ്റേഡിയം
staff;Noun;B1;സ്റ്റാഫ്
stage;Noun, Verb;A2, B2;അരങ്ങ്
stair;Noun;A2;സ്റ്റെയർ
stamp;Noun;A2;മുദ
stand;Verb , Noun;A1, B2;സ്റ്റാൻഡ്
standard;Noun Adjective;B1;സ്റ്റാൻഡേർഡ്
star;Noun, Verb;A1, A2;നക്ഷത്രം
stare;Verb;B2;തുറിച്ചു നോക്കുക
start;Verb , Noun;A1, A2;തുടക്കം
state;Noun, Adjective , v;A2, B1;സംസ്ഥാനം
statement;Noun;A1;പ്രസ്താവന
station;Noun;A1;സ്റ്റേഷൻ
statistic;Noun;B1;സ്ഥിതിവിവരക്കണക്ക്
statue;Noun;B1;പ്രതിമ
status;Noun;B2;പദവി
stay;Verb , Noun;A1, A2;താമസം
steady;Adjective;B2;സ്ഥിരതയുള്ള
steal;Verb;A2;മോഷ്ടിക്കാൻ
steel;Noun;B2;ഉരുക്ക്
steep;Adjective;B2;കിഴക്കാംതൂക്കായ
step;Noun, Verb;A2, B2;ഘട്ടം
stick (push into/attach);Verb;B1;സ്റ്റിക്ക് (കടന്നു / അറ്റാച്ചുചെയ്യാൻ പുഷ്)
stick (piece of wood);Noun;B1;സ്റ്റിക്ക് (വിറകു കഷണം)
sticky;Adjective;B2;പശിമയുള്ള
stiff;Adjective;B2;വഴങ്ങാത്ത
still;Adverb , Adjective;A1, B1;നിശ്ചലമായ
stock;Noun;B2;സംഭരിക്കുക
stomach;Noun;A2;വയറ്
stone;Noun;A2;കല്ല്
stop;Verb Noun;A1;നിർത്തുക
store;Noun, Verb;A2, B1;സ്റ്റോർ
storm;Noun;A2;കൊടുങ്കാറ്റ്
story;Noun;A1;കഥ
straight;Adverb Adjective;A2;ഋജുവായത്
strange;Adjective;A2;അസാധാരണമായ
stranger;Noun;B1;പരദേശി
strategy;Noun;A2;കൗശലം
stream;Noun;B2;ധാര
street;Noun;A1;തെരുവ്
strength;Noun;B1;ബലം
stress;Noun Verb;A2;സമ്മര്ദ്ദം
stretch;Verb Noun;B2;പരത്തുക
strict;Adjective;B2;കണിശമായ
strike;Verb Noun;B2;പണിമുടക്ക്
string;Noun;B1;സ്ട്രിംഗ്
strong;Adjective;A1;ശക്തമായ
strongly;Adverb;B1;ശക്തമായി
structure;Noun, Verb;A2, B2;ഘടന
struggle;Verb Noun;B2;സമരം
student;Noun;A1;വിദ്യാർത്ഥി
studio;Noun;B1;സ്റ്റുഡിയോ
study;Noun Verb;A1;പഠിക്കുക
stuff;Noun, Verb;B1, B2;വസ്തു
stupid;Adjective;A2;വിവേകശൂനമായ
style;Noun;A1;ശൈലി
subject;Noun, Adjective;A1, B2;വിഷയം
submit;Verb;B2;സമർപ്പിക്കുക
substance;Noun;B1;സമ്പത്തു
succeed;Verb;A2;വിജയം
success;Noun;A1;വിജയം
successful;Adjective;A2;വിജയകരമായ
successfully;Adverb;B1;വിജയകരമായി
such;det./proNoun;A2;ഇത്തരം
sudden;Adjective;B1;പെട്ടെന്നുള്ള
suddenly;Adverb;A2;പെട്ടെന്ന്
suffer;Verb;B1;കഷ്ടം
sugar;Noun;A1;പഞ്ചസാര
suggest;Verb;A2;നിർദ്ദേശിക്കുക
suggestion;Noun;A2;നിര്ദ്ദേശം
suit;Noun, Verb;A2, B1;വസ്തം
suitable;Adjective;B1;അനുയോജ്യമായ
sum;Noun Verb;B2;മൊത്തം
summarize;Verb;B1;സംഗഹിക്കുക
summary;Noun;B1;സംഗ്രഹം
summer;Noun;A1;വേനൽക്കാലത്ത്
sun;Noun;A1;സൂര്യൻ
Sunday;Noun;A1;ഞായറാഴ്ച
supermarket;Noun;A1;സൂപ്പർമാർക്കറ്റ്
supply;Noun Verb;B1;വിതരണം
support;Verb Noun;A2;പിന്തുണ
supporter;Noun;B1;സഹായിയായി
suppose;Verb;A2;കരുതുക
sure;Adjective , Adverb;A1, A2;ഉറപ്പാക്കുക
surely;Adverb;B1;തീർച്ചയായും
surface;Noun;B1;ഉപരിതലം
surgery;Noun;B2;ശസ്ത്രക്രിയ
surprise;Noun Verb;A2;ആശ്ചരം
surprised;Adjective;A2;ആശ്ചര്യചകിതനായ
surprising;Adjective;A2;അത്ഭുതപ്പെടുത്തി
surround;Verb;B2;വലയം ചെയ്യുക
surrounding;Adjective;B2;ചുറ്റുമുള്ള
survey;Noun, Verb;A2, B2;സർവേ
survive;Verb;B1;അതിജീവിക്കുക
suspect;Verb Noun;B2;സംശയിക്കുക
swear;Verb;B2;സത്യം
sweater;Noun;A1;സെറ്റര്
sweep;Verb;B2;അടിച്ചുവാരുക
sweet;Adjective Noun;A2;മധുരം
swim;Verb , Noun;A1, B1;നീന്തുക
swimming;Noun;A1;നീന്തൽ
switch;Verb , Noun;B1, B2;മാറുക
symbol;Noun;A2;ചിഹ്നം
sympathy;Noun;B2;സഹതാപം
symptom;Noun;B1;ലക്ഷണം
system;Noun;A2;സിസ്റ്റം
table;Noun;A1;മേശ
tablet;Noun;A2;ടാബ്ലെറ്റ്
tail;Noun;B1;വാല്
take;Verb;A1;എടുത്തു
tale;Noun;B2;കഥ
talent;Noun;B1;കഴിവുകൾ
talented;Adjective;B1;പ്രഗത്ഭരായ
talk;Verb , Noun;A1, A2;സംവാദം
tall;Adjective;A1;പൊക്കമുള്ള
tank;Noun;B2;ടാങ്ക്
tape;Noun;B1;ടേപ്പ്
target;Noun, Verb;A2, B2;ലക്ഷ്യം
task;Noun;A2;ടാസ്ക്
taste;Noun Verb;A2;രുചി
tax;Noun Verb;B1;നികുതി
taxi;Noun;A1;ടാക്സി
tea;Noun;A1;ചായ
teach;Verb;A1;ഉപദേശിച്ചിട്ട്
teacher;Noun;A1;അധ്യാപകൻ
teaching;Noun;A2;അദ്ധ്യാപന
team;Noun;A1;ടീം
tear1;Verb Noun;B2;തെഅര്൧
tear2;Noun;B2;തെഅര്൨
technical;Adjective;B1;സാങ്കേതികമായ
technique;Noun;B1;സന്വദായം
technology;Noun;A2;സാങ്കേതികവിദ്യ
teenage;Adjective;A2;കൗമാര
teenager;Noun;A1;കുമാരന്
telephone;Noun Verb;A1;ടെലിഫോണ്
television;Noun;A1;ടെലിവിഷൻ
tell;Verb;A1;പറയൂ
temperature;Noun;A2;താപനില
temporary;Adjective;B2;താൽക്കാലിക
ten;number;A1;പത്ത്
tend;Verb;B1;പ്രവണത
tennis;Noun;A1;ടെന്നീസ്
tent;Noun;B1;കൂടാരം
term;Noun, Verb;A2, B2;കാലാവധി
terrible;Adjective;A1;കഠിനമായ
test;Noun Verb;A1;പരിശോധന
text;Noun, Verb;A1, A2;ടെക്സ്റ്റ്
than;conj.;A1;അധികം
thank;Verb;A1;നന്ദിപറയുക
thanks;exclam. Noun;A1;നന്ദി
that;det. proNoun conj., Adverb;A1, B1;ആ
the;definite article;A1;The
theatre;Noun;A1;തിയേറ്റർ
their;det.;A1;അവരുടെ
theirs;proNoun;B1;അവർക്ക്
them;proNoun;A1;അവരെ
theme;Noun;B1;തീം
themselves;proNoun;A2;അവരുടെ
then;Adverb;A1;അപ്പോള്
theory;Noun;B1;സിദ്ധാന്തം
therapy;Noun;B2;രോഗചികില്സ
there;Adverb;A1;അവിടെ
therefore;Adverb;B1;അതുകൊണ്ടു
they;proNoun;A1;അവ
thick;Adjective;A2;കട്ടിയുള്ള
thief;Noun;A2;കള്ളന്
thin;Adjective;A2;കനംകുറഞ്ഞ
thing;Noun;A1;വസ്തു
think;Verb;A1;ചിന്തിക്കുക
thinking;Noun;A2;ചിന്തിക്കുന്നതെന്ന്
third;number, Noun;A1, A2;മൂന്നാമത്തെ
thirsty;Adjective;A1;ദാഹിക്കുന്നു
thirteen;number;A1;പതിമൂന്ന്
thirty;number;A1;മുപ്പത്
this;det./proNoun, Adverb;A1, B1;ഈ
though;conj. Adverb;B1;ആയാലും
thought;Noun;A2;ചിന്ത
thousand;number;A1;ആയിരം
threat;Noun;B2;ഭീഷണി
threaten;Verb;B2;ഭീഷണിപ്പെടുത്തുക
three;number;A1;മൂന്ന്
throat;Noun;B1;കണ്ഠം
through;prep. Adverb;A1;മുഖാന്തിരം
throughout;prep./Adverb;B1;മുഴുവൻ
throw;Verb;A2;എറിയുക
Thursday;Noun;A1;വ്യാഴാഴ്ച
thus;Adverb;B2;ഇങ്ങനെ
ticket;Noun;A1;ടിക്കറ്റ്
tidy;Adjective v;A2;വൃത്തിയാക്കുക
tie;Verb Noun;A2;ടൈ
tight;Adjective;B1;ഇറുകിയ
till;conj./prep.;B1;വരെ
time;Noun, Verb;A1, B2;കാലം
tin;Noun;B1;വെള്ളീയം
tiny;Adjective;B1;തീരെച്ചെറിയ
tip;Noun, Verb;A2, B1;ടിപ്പ്
tired;Adjective;A1;ക്ഷീണിച്ച
title;Noun;A1, B2;തലക്കെട്ട്
to;prep., infinitive marker;A1;ഇതിനായി
today;Adverb Noun;A1;ഇന്ന്
toe;Noun;B1;കാല്വിരല്
together;Adverb;A1;ഒന്നിച്ച്
toilet;Noun;A1;കുളിമുറി
tomato;Noun;A1;തക്കാളി
tomorrow;Adverb Noun;A1;നാളെ
tone;Noun;B2;ഛായ
tongue;Noun;B1;മാതൃഭാഷ
tonight;Adverb n;A1;ഇന്നുരാത്രി
too;Adverb;A1;കൂടി
tool;Noun;A2;ഉപകരണം
tooth;Noun;A1;പല്ല്
top;Noun, Adjective;A2;മുകളിൽ
topic;Noun;A1;വിഷയം
total;Adjective Noun;B1;മൊത്തം
totally;Adverb;B1;തികച്ചും
touch;Verb , Noun;A2, B1;ടച്ച്
tough;Adjective;B2;കടുപ്പമേറിയ
tour;Noun, Verb;A2, B1;ടൂർ
tourism;Noun;A2;വിനോദസഞ്ചാരം
tourist;Noun;A1;ടൂറിസ്റ്റ്
towards;prep.;A2;നേരെ
towel;Noun;A2;തൂവാല
tower;Noun;A2;ഗോപുരം
town;Noun;A1;പട്ടണം
toy;Noun, Adjective;A2;കളിക്കോപ്പ്
track;Noun, Verb;A2, B2;പാത
trade;Noun, Verb;B1;വ്യാപാരം
tradition;Noun;A2;പാരമ്പര്യം
traditional;Adjective;A2;പരമ്പരാഗത
traffic;Noun;A1;ട്രാഫിക്
train;Noun, Verb;A1, A2;തീവണ്ടി
trainer;Noun;A2;ശിക്ഷകന്
training;Noun;A2;പരിശീലനം
transfer;Verb Noun;B2;ട്രാൻസ്ഫർ
transform;Verb;B2;രൂപാന്തരപ്പെടുത്തിയോ
transition;Noun;B2;സംക്രമണം
translate;Verb;B1;വിവര്ത്തനം ചെയ്യുക
translation;Noun;B1;വിവർത്തനം
transport;Noun, Verb;A2, B1;ഗതാഗത
travel;Verb Noun;A1;യാത്രാ
traveller;Noun;A2;സഞ്ചാരി
treat;Verb;B1;പെരുമാറുക
treatment;Noun;B1;ചികിത്സ
tree;Noun;A1;വൃക്ഷം
trend;Noun;B1;ട്രെൻഡ്
trial;Noun;B2;വിചാരണ
trick;Noun Verb;B1;കൗശലം
trip;Noun, Verb;A1, B2;യാത്രയിൽ
tropical;Adjective;B2;ഉഷ്ണമേഖലയിലുള്ള
trouble;Noun, Verb;A2, B2;പ്രശ്നം
trousers;Noun;A1;നീണ്ടകാല്ച്ചട്ട
truck;Noun;A2;വണ്ടി
TRUE;Adjective;A1;യഥാർഥ
truly;Adverb;B2;തീർച്ചയായും
trust;Noun Verb;B2;ആശ്രയം
truth;Noun;B1;സത്യം
try;Verb , Noun;A1, B2;ശ്രമിച്ചുനോക്കൂ
T-shirt;Noun;A1;ടി-ഷർട്ട്
tube;Noun;B1;കുഴല്
Tuesday;Noun;A1;ചൊവ്വാഴ്ച
tune;Noun;B2;രാഗം
tunnel;Noun;B2;തുരങ്കം
turn;Verb Noun;A1;വളവ്
TV;Noun;A1;ടിവി
twelve;number;A1;പന്ത്രണ്ടു
twenty;number;A1;ഇരുപത്
twice;Adverb;A1;രണ്ടുതവണ
twin;Noun Adjective;A2;ഇരട്ട
two;number;A1;രണ്ട്
type;Noun, Verb;A1, B1;ടൈപ്പ് ചെയ്യുക
typical;Adjective;A2;മാതൃകയായ
typically;Adverb;B1;താരതമ്യേനെ
tyre;Noun;B1;ക്ഷീണം
ugly;Adjective;B1;അവലക്ഷണമായ
ultimately;Adverb;B2;ആത്യന്തികമായി
umbrella;Noun;A1;കുട
unable;Adjective;B1;കഴിയുന്നില്ല
uncle;Noun;A1;അമ്മാവൻ
uncomfortable;Adjective;B1;അസുഖകരമായ
unconscious;Adjective;B2;അബോധാവസ്ഥയിൽ
under;prep. Adj;A1;കീഴെ
underground;Adjective Adverb;A2;ഭൂഗര്ഭപാത
understand;Verb;A1;മനസ്സിലാക്കുക
understanding;Noun;A2;വിവേകം
underwear;Noun;B1;അടിവസ്തം
unemployed;Adjective;B1;തൊഴിലില്ലാത്ത
unemployment;Noun;B1;തൊഴിലില്ലായ്മ
unexpected;Adjective;B2;അപ്രതീക്ഷിത
unfair;Adjective;B1;നായരഹിതമായ
unfortunately;Adverb;A2;നിര്ഭാഗവശാല്
unhappy;Adjective;A2;അസന്തുഷ്ടമായ
uniform;Noun;A2;ഒരേപോലെ
union;Noun;B1;യൂണിയൻ
unique;Adjective;B2;അദ്വിതീയമായ
unit;Noun;A2;ഘടകം
united;Adjective;A2;ഒന്നായ
universe;Noun;B2;പ്രപഞ്ചം
university;Noun;A1;സര്വ്വകലാശാല
unknown;Adjective;B2;അറിയപ്പെടാത്ത
unless;conj.;B1;അല്ലാതെ
unlike;prep.;B1;വ്യത്യസ്തമായി
unlikely;Adjective;B1;ഉണ്ടാവാനിടയില്ലാത്ത
unnecessary;Adjective;B1;അനാവശമായ
unpleasant;Adjective;B1;അസുഖകരമായ
until;conj./prep.;A1;വരുവോളം
unusual;Adjective;A2;അസാധാരണമായ
up;Adverb proNoun;A1;അപ്പ്
update;Verb Noun;B1;അപ്ഡേറ്റ് ചെയ്യുക
upon;prep.;B1;മേൽ
upper;Adjective;B2;മുകളിലെ
upset;Adjective v;B1;അപ്സെറ്റ്
upstairs;Adverb , Adjective;A1, A2;മുകള്ത്തട്ടിലേക്ക്
upwards;Adverb;B2;മേലോട്ടായി
urban;Adjective;B2;നഗര
urge;Verb;B2;തര
us;proNoun;A1;ഞങ്ങളെ
use;Verb , Noun;A1, A2;ഉപയോഗം
used;Adjective;B1;ഉപയോഗിച്ച
used to;modal Verb;A2;ഞാൻ ചെയ്യാറുണ്ട്
useful;Adjective;A1;ഉപയോഗപ്രദമായ
user;Noun;A2;ഉപയോക്താവ്
usual;Adjective;A2;സാധാരണമായ
usually;Adverb;A1;സാധാരണയായി
vacation;Noun;A1;വിശമകാലം
valley;Noun;A2;താഴ്വര
valuable;Adjective;B1;വിലയേറിയ
value;Noun, Verb;B1, B2;വില
van;Noun;A2;വാന്
variety;Noun;A2;മുറികൾ
various;Adjective;B1;വിവിധ
vary;Verb;B2;വ്യത്യാസപ്പെടാം
vast;Adjective;B2;വിശാലമായ
vegetable;Noun;A1;പച്ചക്കറി
vehicle;Noun;A2;വാഹനം
venue;Noun;B2;വേദി
version;Noun;B1;പതിപ്പ്
very;Adverb , Adjective;A1, B1;വളരെ
via;prep.;B2;വഴി
victim;Noun;B1;ഇര
victory;Noun;B2;വിജയം
video;Noun;A1;വീഡിയോ
view;Noun, Verb;A2,;കാഴ്ച
viewer;Noun;B1;വ്യൂവർ
village;Noun;A1;ഗ്രാമം
violence;Noun;B2;ഹിംസ
violent;Adjective;B1;ഹിംസാത്മകമായ
virtual;Adjective;B2;വെർച്വൽ
virus;Noun;A2;വൈറസ്
vision;Noun;B2;കാഴ്ച
visit;Verb Noun;A1;സന്ദര്ശനം
visitor;Noun;A1;സന്ദര്ശക
visual;Adjective;B2;വിഷ്വൽ
vital;Adjective;B2;സുപ്രധാന
vitamin;Noun;B2;വിറ്റാമിന്
voice;Noun;A2;ശബ്ദം
volume;Noun;B2;വ്യാപ്തം
volunteer;Noun Verb;B1;സദ്ധന്നസേവിക
vote;Noun Verb;B1;വോട്ടുചെയ്യുക
wage;Noun;B2;വേതന
wait;Verb , Noun;A1, A2;കാത്തിരിപ്പ്
waiter;Noun;A1;വെയ്റ്റർ
wake;Verb;A1;ഉണരുക
walk;Verb Noun;A1;നടക്കുക
wall;Noun;A1;ചുവര്
want;Verb;A1;ദരിദ്രനായി
war;Noun;A2;യുദ്ധം
warm;Adjective , v;A1, B1;ഊഷ്മള
warn;Verb;B1;താക്കീത് ചെയ്യുക
warning;Noun;B1;മുന്നറിയിപ്പ്
wash;Verb , Noun;A1, A2;കഴുകുക
washing;Noun;A2;വാഷിംഗ്
waste;Noun v, Adjective;B1;മാലിന്യങ്ങൾ
watch;Verb Noun;A1;കാവൽ
water;Noun, Verb;A1, B1;വെള്ളം
wave;Noun;A2, B1;തിരമാല
way;Noun;A1, B2;വഴി
we;proNoun;A1;ഞങ്ങള്
weak;Adjective;A2;ദുർബലമായ
weakness;Noun;B2;ബലഹീനത
wealth;Noun;B2;ധനം
wealthy;Adjective;B2;സന്വന്ന
weapon;Noun;B1;ആയുധം
wear;Verb;A1;വസ്ത്രം
weather;Noun;A1;കാലാവസ്ഥ
web;Noun;A2;വെബ്
website;Noun;A1;വെബ്സൈറ്റ്
wedding;Noun;A2;വിവാഹം
Wednesday;Noun;A1;ബുധനാഴ്ച
week;Noun;A1;ആഴ്ച
weekend;Noun;A1;വാരാന്തം
weigh;Verb;B1;തൂക്കിനോക്കുക
weight;Noun;A2;ഭാരം
welcome;exclam. Verb Adjective , n;A1, A2;സ്വാഗതം
well;Adverb , Adjective , exclam.;A1;കിണറ്
west;Noun Adjective Adverb;A1;പടിഞ്ഞാറ്
western;Adjective;B1;പടിഞ്ഞാറുള്ള
wet;Adjective;A2;ആർദ്ര
what;proNoun/det.;A1;എന്ത്
whatever;det./proNoun;B1;എന്തുതന്നെയായാലും
wheel;Noun;A2;ചക്രം
when;Adverb proNounconj.;A1;എപ്പോൾ
whenever;conj.;B1;എപ്പോഴെല്ലാം
where;Adverb conj.;A1;എവിടെ
whereas;conj.;B2;അതേസമയം
wherever;conj.;B2;എവിടെയും
whether;conj.;B1;എന്ന്
which;proNoun/det.;A1;ഏത്
while;conj., Noun;A2, B1;സമയത്ത്
whisper;Verb Noun;B2;അടക്കംപറയുക
white;Adjective Noun;A1;വെളുത്ത
who;proNoun;A1;who
whole;Adjective , n;A2, B1;മുഴുവൻ
whom;proNoun;B2;ആരെ
whose;det./proNoun;A2;ആരുടെ
why;Adverb;A1;എന്തുകൊണ്ട്
wide;Adjective;A2;വീതിയുള്ള
widely;Adverb;B2;പരക്കെ
wife;Noun;A1;ഭാര്യ
wild;Adjective;A2;കാട്ടുപന്നി
wildlife;Noun;B2;വന്യജീവി
will;modal, Noun Verb;A1,;ഇഷ്ടം
willing;Adjective;B2;തയ്യാറാണ്
win;Verb , Noun;A1, B1;വിജയം
wind1;Noun;A2;വിംദ്൧
wind2;Verb;B2;വിംദ്൨
window;Noun;A1;ജാലകം
wine;Noun;A1;വൈൻ
wing;Noun;B1;ചിറക്
winner;Noun;A2;വിജയി
winter;Noun;A1;ശീതകാലം
wire;Noun;B2;കന്വി
wise;Adjective;B2;ജ്ഞാനികൾ
wish;Verb Noun;A2;അഭിലാഷം
with;prep.;A1;കൂടെ
within;prep.;B1;ഉള്ളിൽ
without;prep.;A1;കൂടാതെ
witness;Noun Verb;B2;സാക്ഷി
woman;Noun;A1;സ്ത്രീ
wonder;Verb Noun;B1;അത്ഭുതവും
wonderful;Adjective;A1;വിസ്മയകരമായ
wood;Noun;A2;മരം
wooden;Adjective;A2;തടികൊണ്ടുള്ള
wool;Noun;B1;കമ്പിളി
word;Noun;A1;വാക്ക്
work;Verb Noun;A1;വേല
worker;Noun;A1;തൊഴിലാളി
working;Adjective;A2;ജോലി
world;Noun;A1;ലോകം
worldwide;Adjective Adverb;B1;ലോകവ്യാപകമായി
worried;Adjective;A2;ആശങ്കയും ഭയവും
worry;Verb Noun;A2, B1;ഉപദവിക്കുന്ന
worse;Adjective, AdVerb Noun;A2,B1, B2;മോശമായ
worst;Adjective, AdVerb;A2,B1, B2;മോശപ്പെട്ട
worth;Adjective, Noun;B1, B2;രൂപയുടെ
would;modal, Verb;A1;നന്നായിരുന്നേനെ
wound;Noun Verb;B2;മുറിവ്
wow;exclam.;A2;വൗ
wrap;Verv;B2;പൊതിയുക
write;Verb;A1;എഴുതുക
writer;Noun;A1;എഴുത്തുകാരി
writing;Noun;A1;എഴുത്തു
written;Adjective;B1;എഴുതിയ
wrong;Adjective, AdVerb Noun;A1, B1, B2;തെറ്റായ
yard;Noun;B1;ഗജം
yeah;exclam.;A1;അതെ
year;Noun;A1;വര്ഷം
yellow;Adjective, Noun;A1;മഞ്ഞ
yes;exclam.;A1;സമ്മതം
yesterday;AdVerb Noun;A1;ഇന്നലെ
yet;AdVerb conj.;A2, B2;ഇതുവരെ
you;proNoun;A1;നിങ്ങളെ
young;Adjective, Noun;A1, B1;യുവ
your;det.;A1;നിങ്ങളുടെ
yours;proNoun;A2;താങ്കളുടെ
yourself;proNoun;A1;സ്വയം
youth;Noun;B1;യുവാക്കൾ
zero;number;A2;പൂജ്യം
zone;Noun;B2;മേഖല
