a, an;indefinite, article;A1;a, yang
abandon;Verb;B2;meninggalkan
ability;Noun;A2;keupayaan
able;Adjective;A2;dapat
about;prep. Adverb;A1;mengenai
above;prep. Adverb;A1;atas
abroad;Adverb;A2;di luar negara
absolute;Adjective;B2;mutlak
absolutely;Adverb;B1;sama sekali
academic;adj, Noun;B1, B2;akademik
accept;Verb;A2;menerima
acceptable;Adjective;B2;boleh diterima
access;Noun Verb;B1;akses
accident;Noun;A2;kemalangan
accommodation;Noun;B1;penginapan
accompany;Verb;B2;menemani
according to;prep.;A2;mengikut
account;Noun Verb;B1, B2;akaun
accurate;Adjective;B2;tepat
accuse;Verb;B2;menuduh
achieve;Verb;A2;mencapai
achievement;Noun;B1;pencapaian
acknowledge;Verb;B2;Mengakui
acquire;Verb;B2;memperoleh
across;prep. Adverb;A1;seluruh
act;Verb Noun;A2,B1;bertindak
action;Noun;A1;tindakan
active;Adjective;A2;aktif
activity;Noun;A1;aktiviti
actor;Noun;A1;pelakon
actress;Noun;A1;pelakon
actual;Adjective;B2;sebenar
actually;Adverb;A2;sebenarnya
ad;Noun;B1;iklan
adapt;Verb;B2;menyesuaikan
add;Verb;A1;Tambah
addition;Noun;B1;selain
additional;Adjective;B2;tambahan
address;Noun Verb;A1,B2;alamat
administration;Noun;B2;pentadbiran
admire;Verb;B1;kagumi
admit;Verb;B1;mengaku
adopt;Verb;B2;menerima pakai
adult;Noun adj;A1,A2;dewasa
Advance;Noun Verb adj;B2;Advance
Advanced;Adjective;B1;Advanced
Advantage;Noun;A2;Advantage
Adventure;Noun;A2;Adventure
Advertise;Verb;A2;Iklan
Advertisement;Noun;A2;Iklan
Advertising;Noun;A2;Mengiklankan
Advice;Noun Verb;A1, B1;nasihat
affair;Noun;B2;urusan
affect;Verb;A2;menjejaskan
afford;Verb;B1;mampu
afraid;Adjective;A1;takut
after;prep. conj. Adverb;A1,A2;selepas
afternoon;Noun;A1;petang
afterwards;Adverb;B2;selepas itu
again;Adverb;A1;lagi
against;prep;A2;terhadap
age;Noun Verb;A1, B1;umur
aged;Adjective;B1;berumur
agency;Noun;B2;agensi
agenda;Noun;B2;agenda
agent;Noun;B1;ejen
aggressive;Adjective;B2;agresif
ago;Adverb;A1;lalu
agree;Verb;A1;bersetuju
agreement;Noun;B1;perjanjian
ah;exclam.;A2;ah
ahead;Adverb;B1;hadapan
aid;Noun Verb;B2;bantuan
aim;Verb Noun;B1;matlamat
air;Noun;A1;udara
aircraft;Noun;B2;kapal terbang
airline;Noun;A2;syarikat penerbangan
airport;Noun;A1;lapangan terbang
alarm;Noun Verb;B1, B2;penggera
album;Noun;B1;album
alcohol;Noun;B1;alkohol
alcoholic;Adjective;B1;alkohol
alive;Adjective;A2;hidup
all;det. pron, Adverb;A1, A2;semua
all right;Adjective, Adverb exclam;A2;semua betul
allow;Verb;A2;membolehkan
almost;Adverb;A2;hampir
alone;Adjective, Adverb;A2;sahaja
along;prep. Adverb;A2;bersama-sama
already;Adverb;A2;sudah
also;Adverb;A1;juga
alter;Verb;B2;alter
alternative;Noun Adjective;A2, B1;alternatif
although;conj;A2;walaupun
always;Adverb;A1;sentiasa
amazed;Adjective;B1;kagum
amazing;Adjective;A1;menakjubkan
ambition;Noun;B1;cita-cita
ambitious;Adjective;B1;bercita-cita tinggi
among;prep.;A2;antara
amount;Noun Verb;A2, B2;jumlah
analyse;Verb;B1;menganalisis
analysis;Noun;B1;analisis
ancient;Adjective;A2;purba
and;conj;A1;dan
anger;Noun;B2;kemarahan
angle;Noun;B2;sudut
angry;Adjective;A1;marah
animal;Noun;A1;haiwan
ankle;Noun;A2;buku lali
anniversary;Noun;B2;ulang tahun
announce;Verb;B1;mengumumkan
announcement;Noun;B1;pengumuman
annoy;Verb;B1;menggusarkan
annoyed;Adjective;B1;marah
annoying;Adjective;B1;menjengkelkan
annual;Adjective;B2;tahunan
another;det. proNoun;A1;lain
answer;Noun Verb;A1;jawapan
anxious;Adjective;B2;cemas
any;det. proNoun, Adverb;A1, A2;mana-mana
anybody;pron;A2;sesiapa
any more;Adverb;A2;lagi
anyone;pron;A1;sesiapa
anything;pron;A1;apa-apa
anyway;Adverb;A2;anyway
anywhere;AdVerb proNoun;A2;mana-mana sahaja
apart;Adverb;B1;selain
apartment;Noun;A1;Flat
apologize;Verb;B1;memohon maaf
app;Noun;A2;aplikasi
apparent;Adjective;B2;jelas
apparently;Adverb;B2;nampaknya
appeal;Noun Verb;B2;rayuan
appear;Verb;A2;muncul
appearance;Noun;A2;penampilan
apple;Noun;A1;epal
application;Noun;B1;permohonan
apply;Verb;A2;memohon
appointment;Noun;B1;pelantikan
appreciate;Verb;B1;menghargai
approach;Noun Verb;B2;pendekatan
appropriate;Adjective;B2;memperuntukkan
approval;Noun;B2;kelulusan
approve;Verb;B2;terima
approximately;Adverb;B1;lebih kurang
April;Noun;A1;April
architect;Noun;A2;arkitek
architecture;Noun;A2;seni bina
area;Noun;A1;kawasan
argue;Verb;A2;berhujah
argument;Noun;A2;hujah
arise;Verb;B2;timbul
arm;Noun;A1;lengan
armed;Adjective;B2;bersenjata
arms;Noun;B2;senjata
army;Noun;A2;tentera
around;prep. Adverb;A1;sekitar
arrange;Verb;A2;menguruskan
arrangement;Noun;A2;perkiraan
arrest;Verb Noun;B1;menangkap
arrival;Noun;B1;ketibaan
arrive;Verb;A1;tiba
art;Noun;A1;art
article;Noun;A1;artikel
artificial;Adjective;B2;tiruan
artist;Noun;A1;artis
artistic;Adjective;B2;seni
as;prep., Adverb conj.;A1, A2;sebagai
ashamed;Adjective;B2;malu
asleep;Adjective;A2;tidur
ask;Verb;A1;minta
aspect;Noun;B2;aspek
assess;Verb;B2;menilai
assessment;Noun;B2;penilaian
assignment;Noun;B1;tugasan
assist;Verb;B1;membantu
assistant;Noun Adjective;A2;pembantu
associate;Verb;B2;bersekutu
associated;Adjective;B2;yang berkaitan
association;Noun;B2;persatuan
assume;Verb;B2;menganggap
at;prep.;A1;di
athlete;Noun;A2;atlet
atmosphere;Noun;B1;suasana
attach;Verb;B1;melampirkan
attack;Noun Verb;A2;serang
attempt;Noun Verb;B2;cuba
attend;Verb;A2;menghadiri
attention;Noun exclam.;A2;perhatian
attitude;Noun;B1;sikap
attract;Verb;B1;tertarik
attraction;Noun;B1;tarikan
attractive;Adjective;A2;menarik
audience;Noun;A2;penonton
August;Noun;A1;ogos
aunt;Noun;A1;makcik
author;Noun;A2;penulis
authority;Noun;B1;pihak berkuasa
autumn;Noun;A1;musim luruh
available;Adjective;A2;tersedia
average;Adjective, Noun Verb;A2, B1;purata
avoid;Verb;A2;mengelakkan
award;Noun Verb;A2, B1;anugerah
aware;Adjective;B1;menyedari
away;Adverb;A1;jauh
awful;Adjective;A2;mengerikan
baby;Noun;A1;bayi
back;Noun AdVerb Adjective, Verb;A1, A2, B2;belakang
background;Noun;A2;latar belakang
backwards;Adverb;B1;ke belakang
bacteria;Noun;B2;bakteria
bad;Adjective;A1;buruk
badly;Adverb;A2;teruk
bag;Noun;A1;beg
bake;Verb;B1;bakar
balance;Noun Verb;B1;seimbang
ball;Noun;A1;bola
ban;Verb Noun;B1;larangan
banana;Noun;A1;pisang
band;Noun;A1;band
bank (money);Noun;A1;bank (wang)
bank (river);Noun;B1;bank (sungai)
bar;Noun Verb;A2, B2;bar
barrier;Noun;B2;halangan
base;Noun Verb;B1;asas
baseball;Noun;A2;besbol
based;Adjective;A2;berdasarkan
basketball;Noun;A2;bola keranjang
basic;Adjective;B1;asas
basically;Adverb;B2;pada dasarnya
basis;Noun;B1;asas
bath;Noun;A1;mandi
bathroom;Noun;A1;bilik mandi
battery;Noun;B1;bateri
battle;Noun Verb;B1, B2;pertempuran
be;Verb auxiliary Verb;A1;menjadi
beach;Noun;A1;pantai
bean;Noun;A2;kacang
bear (deal with);Verb;B2;bear (memperkatakan)
bear (animal);Noun;A2;bear (haiwan)
beat;Verb Noun;A2, B2;rentak
beautiful;Adjective;A1;indah
beauty;Noun;B1;kecantikan
because;conj.;A1;kerana
become;Verb;A1;menjadi
bed;Noun;A1;katil
bedroom;Noun;A1;bilik tidur
bee;Noun;B1;lebah
beef;Noun;A2;daging lembu
beer;Noun;A1;bir
before;prep., conj. Adverb;A1, A2;sebelum
beg;Verb;B2;beg
begin;Verb;A1;mula
beginning;Noun;A1;awal
behave;Verb;A2;berkelakuan
behaviour;Noun;A2;tingkah laku
behind;prep. Adverb;A1;belakang
being;Noun;B2;menjadi
belief;Noun;B1;kepercayaan
believe;Verb;A1;percaya
bell;Noun;B1;loceng
belong;Verb;A2;kepunyaan
below;Adverb prep.;A1;di bawah
belt;Noun;A2;tali pinggang
bend;Verb Noun;B1;bend
benefit;Verb NouNoun;A2, B1;manfaat
bent;Adjective;B2;bengkok
best;Adjective, AdVerb Noun;A1, A2;terbaik
bet;Verb Noun;B2;pertaruhan
better;Adjective , Adverb , Noun;A1, A2, B1;lebih baik
between;prep., Adverb;A1, A2;antara
beyond;prep. Adverb;B2;luar
bicycle;Noun;A1;basikal
big;Adjective;A1;besar
bike;Noun;A1;basikal
bill;Noun Verb;A1, B2;rang undang-undang
billion number; ;A2;bilion jumlah
bin;Noun;A2;bin
biology;Noun;A2;biologi
bird;Noun;A1;burung
birth;Noun;A2;kelahiran
birthday;Noun;A1;hari jadi
biscuit;Noun;A2;biskut
bit;Noun;A2;bit
bite;Verb Noun;B1;menggigit
bitter;Adjective;B2;pahit
black;Adjective, Noun;A1;hitam
blame;Verb Noun;B2;menyalahkan
blank;Adjective, Noun;A2;blank
blind;Adjective;B2;buta
block;Noun Verb;B1;blok
blog;Noun;A1;blog
blonde;Adjective;A1;blonde
blood;Noun;A2;darah
blow;Verb;A2;tamparan
blue;Adjective, Noun;A1;biru
board;Noun Verb;A2, B1;papan
boat;Noun;A1;bot
body;Noun;A1;badan
boil;Verb;A2;didih
bomb;Noun Verb;B1;bom
bond;Noun;B2;bon
bone;Noun;A2;tulang
book;Noun Verb;A1, A2;buku
boot;Noun;A1;boot
border;Noun Verb;B1, B2;sempadan
bored;Adjective;A1;bosan
boring;Adjective;A1;membosankan
born;Verb;A1;dilahirkan
borrow;Verb;A2;borrow
boss;Noun;A2;bos
both;det./proNoun;A1;kedua-dua
bother;Verb;B1;mengganggu
bottle;Noun;A1;botol
bottom;NouNoun Adjective;A2;bawah
bowl;Noun;A2;mangkuk
box;Noun;A1;kotak
boy;Noun;A1;budak
boyfriend;Noun;A1;teman lelaki
brain;Noun;A2;otak
branch;Noun;B1;cawangan
brand;Noun Verb;B1;jenama
brave;Adjective;B1;berani
bread;Noun;A1;roti
break;Verb Noun;A1;percutian
breakfast;Noun;A1;sarapan
breast;Noun;B2;payudara
breath;Noun;B1;nafas
breathe;Verb;B1;bernafas
breathing;Noun;B1;pernafasan
bride;Noun;B1;pengantin perempuan
bridge;Noun;A2;jambatan
brief;Adjective;B2;ringkas
bright;Adjective;A2;terang
brilliant;Adjective;A2;cemerlang
bring;Verb;A1;membawa
broad;Adjective;B2;luas
broadcast;Verb Noun;B2;siaran
broken;Adjective;A2;rosak
brother;Noun;A1;saudara
brown;Adjective, Noun;A1;coklat
brush;Verb Noun;A2;berus
bubble;Noun;B1;gelembung
budget;Noun;B2;bajet
build;Verb;A1;membina
building;Noun;A1;bangunan
bullet;Noun;B2;peluru
bunch;Noun;B2;sekumpulan
burn;Verb Noun;A2, B2;membakar
bury;Verb;B1;mengebumikan
bus;Noun;A1;bas
bush;Noun;B2;belukar
business;Noun;A1;perniagaan
businessman;Noun;A2;ahli perniagaan
busy;Adjective;A1;sibuk
but;conj. prep;A1, B2;tetapi
butter;Noun;A1;mentega
button;Noun;A2;butang
buy;Verb;A1;beli
by;prep. Adverb;A1, B1;oleh
bye;exclam;A1;bye
cable;Noun;B2;kabel
cafe;Noun;A1;kafe
cake;Noun;A1;kek
calculate;Verb;B2;mengira
call;Verb Noun;A1;panggilan
calm;Adjective Verb Noun;B1;bertenang
camera;Noun;A1;kamera
camp;Noun Verb;A2;kem
campaign;Noun Verb;B1;kempen
camping;Noun;A2;berkhemah
campus;Noun;B1;kampus
can1;modal Verb;A1;can1
can2;Noun;A2;can2
cancel;Verb;B2;membatalkan
cancer;Noun;B2;kanser
candidate;Noun;B1;calon
cannot;Verb;A1;tidak boleh
cap;Noun;B1;cap
capable;Adjective;B2;mampu
capacity;Noun;B2;kapasiti
capital;Noun Adjective;A1;modal
captain;Noun;B1;kapten
capture;Verb Noun;B2;menangkap
car;Noun;A1;kereta
card;Noun;A1;kad
care;Noun Verb;A2;penjagaan
career;Noun;A1;kerjaya
careful;Adjective;A2;berhati-hati
carefully;Adverb;A2;berhati-hati
careless;Adjective;B1;cuai
carpet;Noun;A2;permaidani
carrot;Noun;A1;lobak merah
carry;Verb;A1;carry
cartoon;Noun;A2;kartun
case;Noun;A2;kes
cash;Noun;A2;tunai
cast;Noun Verb;B2;cast
castle;Noun;A2;istana
cat;Noun;A1;kucing
catch;Verb Noun;A2, B2;tangkapan
category;Noun;B1;kategori
cause;Noun Verb;A2;menyebabkan
CD;Noun;A1;CD
ceiling;Noun;B1;siling
celebrate;Verb;A2;meraikan
celebration;Noun;B1;sambutan
celebrity;Noun;A2;selebriti
cell;Noun;B2;sel
cent;Noun;A1;peratus
central;Adjective;B1;pusat
centre;Noun Verb;A1, B1;pusat
century;Noun;A1;abad
ceremony;Noun;B1;majlis
certain;Adjective;A2;tertentu
certainly;Adverb;A2;pasti
chain;Noun Verb;B1, B2;rantaian
chair;Noun Verb;A1, B2;kerusi
chairman;Noun;B2;pengerusi
challenge;Noun Verb;B1, B2;cabaran
champion;Noun;B1;juara
chance;Noun;A2;peluang
change;Verb Noun;A1;ubah
channel;Noun;B1;saluran
chapter;Noun;B1;bab
character;Noun;A2;watak
characteristic;Noun Adjective;B2;ciri
charge;Noun Verb;B1;caj
charity;Noun;A2;amal
chart;Noun Verb;A1, B2;carta
chat;Verb Noun;A2;berbual
cheap;Adjective , Adverb;A1, B1;murah
cheat;Verb Noun;B1;menipu
check;Verb Noun;A1, A2;daftar
chef;Noun;A2;tukang masak
cheerful;Adjective;B1;ceria
cheese;Noun;A1;keju
chemical;Adjective, Noun;B1;kimia
chemistry;Noun;A2;kimia
chest;Noun;B1;dada
chicken;Noun;A1;ayam
chief;Adjective, Noun;B2;Ketua
child;Noun;A1;kanak-kanak
childhood;Noun;B1;zaman kanak-kanak
chip;Noun;A2;cip
chocolate;Noun;A1;coklat
choice;Noun;A2;pilihan
choose;Verb;A1;pilih
church;Noun;A2;gereja
cigarette;Noun;A2;rokok
cinema;Noun;A1;pawagam
circle;Noun Verb;A2;bulatan
circumstance;Noun;B2;keadaan
cite;Verb;B2;memetik
citizen;Noun;B2;warganegara
city;Noun;A1;bandar
civil;Adjective;B2;awam
claim;Verb Noun;B1;tuntutan
class;Noun;A1;kelas
classic;Adjective, Noun;B2;klasik
classical;Adjective;A2;klasik
classroom;Noun;A1;bilik darjah
clause;Noun;B1;fasal
clean;Adjective, Verb;A1;bersih
clear;Adjective, Verb;A2, B1;jelas
clearly;Adverb;A2;jelas
clever;Adjective;A2;pandai
click;Verb Noun;B1;klik
client;Noun;B1;pelanggan
climate;Noun;A2;iklim
climb;Verb Noun;A1, B1;mendaki
clock;Noun;A1;jam
close1;Verb Noun;A1, B2;close1
close2;Adjective , Adverb;A2, B1;close2
closed;Adjective;A2;tertutup
closely;Adverb;B2;rapat
cloth;Noun;B1;kain
clothes;Noun;A1;pakaian
clothing;Noun;A2;pakaian
cloud;Noun;A2;awan
club;Noun;A1;kelab
clue;Noun;B1;petunjuk
coach;Noun Verb;A2, B1;jurulatih
coal;Noun;B1;arang
coast;Noun;A2;pantai
coat;Noun;A1;kot
code;Noun;A2;kod
coffee;Noun;A1;kopi
coin;Noun;B1;duit syiling
cold;Adjective Noun;A1;sejuk
collapse;Verb Noun;B2;runtuh
colleague;Noun;A2;rakan sekerja
collect;Verb;A2;mengumpul
collection;Noun;B1;koleksi
college;Noun;A1;kolej
colour;Noun;A1;warna
coloured;Adjective;B1;berwarna
column;Noun;A2;ruangan
combination;Noun;B2;gabungan
combine;Verb;B1;Gabung
come;Verb;A1;datang
comedy;Noun;A2;komedi
comfort;Noun Verb;B2;keselesaan
comfortable;Adjective;A2;selesa
command;Noun Verb;B2;arahan
comment;Noun Verb;A2, B1;komen
commercial;Adjective Noun;B1;komersial
commission;Noun Verb;B2;suruhanjaya
commit;Verb;B1;melakukan
commitment;Noun;B2;komitmen
committee;Noun;B2;jawatankuasa
common;Adjective Noun;A1;bersama-sama
commonly;Adverb;B2;biasa
communicate;Verb;A2;berkomunikasi
communication;Noun;B1;komunikasi
community;Noun;A2;masyarakat
company;Noun;A1;syarikat
compare;Verb;A1;bandingkan
comparison;Noun;B1;perbandingan
compete;Verb;A2;bersaing
competition;Noun;A2;persaingan
competitor;Noun;B1;pesaing
competitive;Adjective;B1;berdaya saing
complain;Verb;A2;mengadu
complaint;Noun;B1;aduan
complete;Adjective Verb;A1;lengkap
completely;Adverb;A2;sepenuhnya
complex;Adjective, Noun;B1, B2;kompleks
complicated;Adjective;B2;rumit
component;Noun;B2;komponen
computer;Noun;A1;komputer
concentrate;Verb;B1;pekat
concentration;Noun;B2;kepekatan
concept;Noun;B2;konsep
concern;Noun Verb;B2;kebimbangan
concerned;Adjective;B2;mengambil berat
concert;Noun;A1;konsert
conclude;Verb;B1;memuktamadkan
conclusion;Noun;B1;kesimpulan
condition;Noun;A2;keadaan
conduct;Verb Noun;B2;kelakuan
conference;Noun;A2;persidangan
confidence;Noun;B2;keyakinan
confident;Adjective;B1;yakin
confirm;Verb;B1;confirm
conflict;Noun Verb;B2;konflik
confuse;Verb;B1;mengelirukan
confused;Adjective;B1;keliru
confusing;Adjective;B2;mengelirukan
connect;Verb;A2;sambung
connected;Adjective;A2;disambungkan
connection;Noun;B1;sambungan
conscious;Adjective;B2;sedar
consequence;Noun;B1;akibat
conservative;Adjective, Noun;B2;konservatif
consider;Verb;A2;mempertimbangkan
consideration;Noun;B2;pertimbangan
consist;Verb;B1;terdiri
consistent;Adjective;B2;konsisten
constant;Adjective;B2;berterusan
constantly;Adverb;B2;sentiasa
construct;Verb;B2;membina
construction;Noun;B2;pembinaan
consume;Verb;B1;mengambil
consumer;Noun;B1;pengguna
contact;Noun Verb;B1;kenalan
contain;Verb;A2;mengandungi
container;Noun;B1;bekas
contemporary;Adjective;B2;kontemporari
content;Noun;B1;kandungan
contest;Noun Verb;B2;pertandingan
context;Noun;A2;konteks
continent;Noun;A2;benua
continue;Verb;A2;terus
continuous;Adjective;B1;berterusan
contract;Noun Verb;B2;kontrak
contrast;Noun Verb;B1;Sebaliknya
contribute;Verb;B2;menyumbang
contribution;Noun;B2;sumbangan
control;Noun Verb;A2;kawalan
convenient;Adjective;B1;sesuai
conversation;Noun;A1;perbualan
convert;Verb;B2;convert
convince;Verb;B1;meyakinkan
convinced;Adjective;B2;yakin
cook;Verb Noun;A1, A2;tukang masak
cooker;Noun;A2;periuk
cooking;Noun;A1;memasak
cool;Adjective, Verb;A1, B1;sejuk
copy;Noun Verb;A2;salinan
core;Noun Adjective;B2;teras
corner;Noun;A2;sudut
corporate;Adjective;B2;korporat
correct;Adjective Verb;A1;betul
correctly;Adverb;A2;betul
cost;Noun Verb;A1;kos
costume;Noun;B1;pakaian
cottage;Noun;B1;kampung
cotton;Noun;B1;kapas
could;Verb;A1;boleh
council;Noun;B2;majlis
count;Verb Noun;A2, B1;mengira
country;Noun;A1;negara
countryside;Noun;B1;desa
county;Noun;B2;Daerah
couple;Noun;A2;pasangan
courage;Noun;B2;keberanian
course;Noun;A1;padang
court;Noun;B1;mahkamah
cousin;Noun;A1;sepupu
cover;Verb Noun;A2, B1;perlindungan
covered;Adjective;B1;dilindungi
cow;Noun;A1;lembu
crash;Noun Verb;B2;kemalangan
crazy;Adjective;A2;gila
cream;Noun Adjective;A1, B1;krim
create;Verb;A1;mewujudkan
creation;Noun;B2;ciptaan
creative;Adjective;A2;kreatif
creature;Noun;B2;makhluk
credit;Noun Verb;A2, B2;kredit
crew;Noun;B2;anak kapal
crime;Noun;A2;jenayah
criminal;Noun Adjective;A2, B1;jenayah
crisis;Noun;B2;krisis
criterion;Noun;B2;kriteria
critic;Noun;B2;pengkritik
critical;Adjective;B2;kritikal
criticism;Noun;B2;kritikan
criticize;Verb;B2;mengkritik
crop;Noun;B2;potong
cross;Verb Noun;A2;menyeberang
crowd;Noun;A2;orang ramai
crowded;Adjective;A2;sesak
crucial;Adjective;B2;penting
cruel;Adjective;B1;kejam
cry;Verb Noun;A2, B2;menangis
cultural;Adjective;B1;budaya
culture;Noun;A1;budaya
cup;Noun;A1;cawan
cupboard;Noun;A2;almari
cure;Verb Noun;B2;penawar
curly;Adjective;A2;kerinting
currency;Noun;B1;mata wang
current;Adjective, Noun;B1, B2;semasa
currently;Adverb;B1;kini
curtain;Noun;B1;tirai
curve;Noun Verb;B2;keluk
curved;Adjective;B2;melengkung
custom;Noun;B1;adat
customer;Noun;A1;pelanggan
cut;Verb , Noun;A1, B1;cut
cycle;Noun Verb;A2, B1;kitaran
dad;Noun;A1;ayah
daily;Adjective, Adverb;A2, B1;setiap hari
damage;Noun Verb;B1;kerosakan
dance;Noun Verb;A1;menari
dancer;Noun;A1;penari
dancing;Noun;A1;menari
danger;Noun;A2;bahaya
dangerous;Adjective;A1;berbahaya
dark;Adjective, Noun;A1, A2;gelap
data;Noun;A2;data
date;Noun Verb;A1, B2;Tarikh
daughter;Noun;A1;anak perempuan
day;Noun;A1;hari
dead;Adjective;A2;mati
deal;Verb Noun;A2, B1;tawaran
dear;Adjective, exclam;A1, A2;sayang
death;Noun;A2;kematian
debate;Noun Verb;B2;perdebatan
debt;Noun;B2;hutang
decade;Noun;B1;dekad
December;Noun;A1;disember
decent;Adjective;B2;baik
decide;Verb;A1;membuat keputusan
decision;Noun;A2;keputusan
declare;Verb;B2;mengisytiharkan
decline;Verb Noun;B2;penurunan
decorate;Verb;B1;menghias
decoration;Noun;B2;hiasan
decrease;Verb Noun;B2;penurunan
deep;Adjective, Adverb;A2, B1;mendalam
deeply;Adverb;B2;mendalam
defeat;Verb Noun;B2;kekalahan
defence;Noun;B2;pertahanan
defend;Verb;B2;mempertahankan
define;Verb;B1;menentukan
definite;Adjective;B1;yang pasti
definitely;Adverb;A2;pasti
definition;Noun;B1;definisi
degree;Noun;A2;ijazah
delay;Verb Noun;B2;kelewatan
deliberate;Adjective;B2;membincangkan
deliberately;Adverb;B2;sengaja
delicious;Adjective;A1;lazat
delight;Verb Noun;B2;kegembiraan
delighted;Adjective;B2;gembira
deliver;Verb;B1;menyampaikan
delivery;Noun;B2;penghantaran
demand;Noun Verb;B2;permintaan
demonstrate;Verb;B2;menunjukkan
dentist;Noun;A2;doktor gigi
deny;Verb;B2;menafikan
department;Noun;A2;jabatan
departure;Noun;B1;berlepas
depend;Verb;A2;bergantung
depressed;Adjective;B2;tertekan
depressing;Adjective;B2;menekan
depth;Noun;B2;mendalam
describe;Verb;A1;menggambarkan
description;Noun;A1;Huraian
desert;Noun Verb;A2, B2;padang pasir
deserve;Verb;B2;layak
design;Noun Verb;A1;reka bentuk
designer;Noun;A2;pereka
desire;Noun Verb;B2;keinginan
desk;Noun;A1;meja
desperate;Adjective;B2;terdesak
despite;prep;B1;walaupun
destination;Noun;B1;destinasi
destroy;Verb;A2;memusnahkan
detail;Noun Verb;A1, B2;detail
detailed;Adjective;B2;terperinci
detect;Verb;B2;mengesan
detective;Noun;A2;detektif
determine;Verb;B1;menentukan
determined;Adjective;B1;berazam
develop;Verb;A2;membangunkan
development;Noun;B1;pembangunan
device;Noun;A2;peranti
diagram;Noun;B1;gambar rajah
dialogue;Noun;A1;dialog
diamond;Noun;B1;berlian
diary;Noun;A2;diari
dictionary;Noun;A1;kamus
die;Verb;A1;mati
diet;Noun;A1;diet
difference;Noun;A1;beza
different;Adjective;A1;berbeza
differently;Adverb;A2;berbeza
difficult;Adjective;A1;sukar
difficulty;Noun;B1;kesukaran
dig;Verb;B2;dig
digital;Adjective;A2;digital
dinner;Noun;A1;makan malam
direct;Adjective, Verb Adverb;A2, B1;terus
direction;Noun;A2;arah
directly;Adverb;B1;terus
director;Noun;A2;pengarah
dirt;Noun;B1;kotoran
dirty;Adjective;A1;kotor
Dis Adverbantage;Noun;B1;Dis Adverbantage
disagree;Verb;A2;tidak bersetuju
disappear;Verb;A2;hilang
disappointed;Adjective;B1;kecewa
disappointing;Adjective;B1;mengecewakan
disaster;Noun;A2;bencana
disc;Noun;B2;cakera
discipline;Noun;B2;disiplin
discount;Noun Verb;B1, B2;diskaun
discover;Verb;A2;Cari
discovery;Noun;A2;penemuan
discuss;Verb;A1;membincangkan
discussion;Noun;A2;perbincangan
disease;Noun;A2;penyakit
dish;Noun;A1;hidangan
dishonest;Adjective;B2;tidak jujur
dislike;Verb Noun;B1;suka
dismiss;Verb;B2;menolak
display;Verb Noun;B2;paparan
distance;Noun;A2;jarak
distribute;Verb;B2;mengedarkan
distribution;Noun;B2;pengedaran
district;Noun;B2;daerah
divide;Verb Noun;B1, B2;jurang
division;Noun;B2;bahagian
divorced;Adjective;A2;bercerai
do;Verb auxiliary verb;A1;melakukan
doctor;Noun;A1;doktor
document;Noun Verb;A2, B2;dokumen
documentary;Noun;B1;dokumentari
dog;Noun;A1;anjing
dollar;Noun;A1;dolar
domestic;Adjective;B2;domestik
dominate;Verb;B2;menguasai
donate;Verb;B1;menderma
door;Noun;A1;pintu
double;Adjective det. proNoun Verb , Adverb;A2, B1;double
doubt;Noun Verb;B1;keraguan
down;Adverb Prep;A1;turun
download;Verb Noun;A2;muat turun
downstairs;Adverb , Adjective;A1, A2;tingkat bawah
downwards;Adverb;B2;ke bawah
dozen;Noun det;B2;dozen
draft;Noun Verb;B2;draf
drag;Verb;B2;drag
drama;Noun;A2;drama
dramatic;Adjective;B2;dramatik
draw;Verb;A1;menarik
drawing;Noun;A2;lukisan
dream;Noun Verb;A2;bermimpi
dress;Noun Verb;A1;pakaian
dressed;Adjective;B1;berpakaian
drink;Noun Verb;A1;minuman
drive;Verb Noun;A1, A2;memandu
driver;Noun;A1;pemandu
driving;Noun;A2;memandu
drop;Verb Noun;A2, B1;drop
drug;Noun;A2;dadah
drum;Noun;B1;drum
drunk;Adjective;B1;mabuk
dry;Adjective, Verb;A2;kering
due;Adjective;B1;kerana
during;prep;A1;semasa
dust;Noun;B1;debu
duty;Noun;B1;kewajipan
DVD;Noun;A1;DVD
each;det./proNoun/Adverb;A1;setiap
ear;Noun;A1;telinga
early;Adjective Adverb;A1;awal
earn;Verb;A2;mendapat
earth;Noun;A2;bumi
earthquake;Noun;B1;gempa bumi
easily;Adverb;A2;dengan mudah
east;Noun Adjective Adverb;A1;timur
eastern;Adjective;B1;timur
easy;Adjective;A1;mudah
eat;Verb;A1;makan
economic;Adjective;B1;ekonomi
economy;Noun;B1;ekonomi
edge;Noun;B1;hujung
edit;Verb;B2;edit
edition;Noun;B2;edisi
editor;Noun;B1;editor
educate;Verb;B1;mendidik
educated;Adjective;B1;berpendidikan
education;Noun;A2;pendidikan
educational;Adjective;B1;pendidikan
effect;Noun;A2;kesan
effective;Adjective;B1;berkesan
effectively;Adverb;B1;berkesan
efficient;Adjective;B2;berkesan
effort;Noun;B1;usaha
egg;Noun;A1;telur
eight;number;A1;lapan
eighteen;number;A1;lapan belas
eighty;number;A1;lapan puluh
either;det./proNoun Adverb;A2;sama ada
elderly;Adjective;B2;warga tua
elect;Verb;B2;umat pilihan
election;Noun;B1;pilihan raya
electric;Adjective;A2;elektrik
electrical;Adjective;A2;elektrik
electricity;Noun;A2;elektrik
electronic;Adjective;A2;elektronik
element;Noun;B1;elemen
elephant;Noun;A1;gajah
eleven;number;A1;sebelas
else;Adverb;A1;lagi
elsewhere;Adverb;B2;di tempat lain
email;Noun Verb;A1;e-mel
embarrassed;Adjective;B1;malu
embarrassing;Adjective;B1;memalukan
emerge;Verb;B2;muncul
emergency;Noun;B1;kecemasan
emotion;Noun;B1;emosi
emotional;Adjective;B2;emosi
emphasis;Noun;B2;penekanan
emphasize;Verb;B2;menekankan
employ;Verb;A2;bekerja dengannya
employee;Noun;A2;pekerja
employer;Noun;A2;majikan
employment;Noun;B1;pekerjaan
empty;Adjective, Verb;A2, B1;mengosongkan
enable;Verb;B2;membolehkan
encounter;Verb Noun;B2;pertemuan
encourage;Verb;B1;menggalakkan
end;Noun Verb;A1;akhir
ending;Noun;A2;berakhir
enemy;Noun;B1;musuh
energy;Noun;A2;tenaga
engage;Verb;B2;melibatkan diri
engaged;Adjective;B1;terlibat
engine;Noun;A2;enjin
engineer;Noun;A2;jurutera
engineering;Noun;B1;kejuruteraan
enhance;Verb;B2;meningkatkan
enjoy;Verb;A1;menikmati
enormous;Adjective;A2;besar
enough;det. proNoun Adverb;A1;cukup
enquiry;Noun;B2;pertanyaan
ensure;Verb;B2;memastikan
enter;Verb;A2;masukkan
entertain;Verb;B1;melayan
entertainment;Noun;B1;hiburan
enthusiasm;Noun;B2;semangat
enthusiastic;Adjective;B2;bersemangat
entire;Adjective;B2;keseluruhan
entirely;Adverb;B2;sepenuhnya
entrance;Noun;B1;pintu masuk
entry;Noun;B1;kemasukan
environment;Noun;A2;persekitaran
environmental;Adjective;B1;alam sekitar
episode;Noun;B1;episod
equal;Adjective, Verb Noun;B1, B2;sama
equally;Adverb;B1;sama-sama
equipment;Noun;A2;peralatan
error;Noun;A2;ralat
escape;Verb Noun;B1;melarikan diri
especially;Adverb;A2;terutama
essay;Noun;A2;esei
essential;Adjective;B1;penting
establish;Verb;B2;mewujudkan
estate;Noun;B2;harta
estimate;Verb Noun;B2;anggaran
ethical;Adjective;B2;etika
euro;Noun;A1;euro
evaluate;Verb;B2;menilai
even;AdVerb Adjective;A1, B2;walaupun
evening;Noun;A1;malam
event;Noun;A1;acara
eventually;Adverb;B1;akhirnya
ever;Adverb;A1;pernah
every;det;A1;setiap
everybody;proNoun;A1;semua orang
everyday;Adjective;A2;setiap hari
everyone;proNoun;A1;semua orang
everything;proNoun;A1;semua
everywhere;Adverb;A2;dimana - mana
evidence;Noun;A2;bukti
evil;Adjective, Noun;B2;jahat
exact;Adjective;A2;tepat
exactly;Adverb;A2;tepat
exam;Noun;A1;peperiksaan
examination;Noun;B2;peperiksaan
examine;Verb;B1;memeriksa
example;Noun;A1;contoh
excellent;Adjective;A2;sangat baik
except;prep, conj;A2, B1;kecuali
exchange;Noun Verb;B1;pertukaran
excited;Adjective;A1;teruja
excitement;Noun;B1;keseronokan
exciting;Adjective;A1;mengujakan
excuse;Noun Verb;B2;alasan
executive;Noun Adjective;B2;eksekutif
exercise;Noun Verb;A1;senaman
exhibition;Noun;B1;pameran
exist;Verb;A2;wujud
existence;Noun;B2;kewujudan
expand;Verb;B1;mengembangkan
expect;Verb;A2;mengharapkan
expectation;Noun;B2;jangkaan
expected;Adjective;B1;dijangka
expedition;Noun;B1;ekspedisi
expense;Noun;B2;perbelanjaan
expensive;Adjective;A1;mahal
experience;Noun Verb;A2, B1;pengalaman
experienced;Adjective;B1;berpengalaman
experiment;Noun Verb;A2, B1;percubaan
expert;Noun Adjective;A2;pakar
explain;Verb;A1;menjelaskan
explanation;Noun;A2;penjelasan
explode;Verb;B1;meletup
exploration;Noun;B2;penerokaan
explore;Verb;B1;meneroka
explosion;Noun;B1;letupan
export;Noun Verb;B1;eksport
expose;Verb;B2;mendedahkan
express;Verb;A2;masuk
expression;Noun;A2;ungkapan
extend;Verb;B2;melanjutkan
extent;Noun;B2;sejauh
external;Adjective;B2;luar
extra;Adjective, Noun Adverb;A1, B1;tambahan
extraordinary;Adjective;B2;luar biasa
extreme;Adjective, Noun;A2, B2;melampau
extremely;Adverb;A2;amat
eye;Noun;A1;mata
face;Noun Verb;A1, B1;muka
facility;Noun;B2;kemudahan
fact;Noun;A1;Malah
factor;Noun;A2;faktor
factory;Noun;A2;kilang
fail;Verb;A2;Gagal
failure;Noun;B2;kegagalan
fair;Adjective;A2;berpatutan
fairly;Adverb;B1;agak
faith;Noun;B2;iman
fall;Verb Noun;A1, A2;jatuh
FALSE;Adjective;A1;SALAH
familiar;Adjective;B1;biasa
family;Noun Adjective;A1;keluarga
famous;Adjective;A1;terkenal
fan;Noun;A2;kipas
fancy;Verb Adjective;B1;mewah
fantastic;Adjective;A1;hebat
far;Adverb , Adjective;A1, B1;jauh
farm;Noun Verb;A1, A2;ladang
farmer;Noun;A1;petani
farming;Noun;A2;berkebun
fascinating;Adjective;B1;menarik
fashion;Noun;A2;fesyen
fashionable;Adjective;B1;bergaya
fast;Adjective, Adverb;A1;cepat
fasten;Verb;B1;berpegang kuat-kuat
fat;Adjective, Noun;A1, A2;lemak
father;Noun;A1;bapa
fault;Noun;B2;kesalahan
favour;Noun Verb;B1, B2;memihak
favourite;Adjective, Noun;A1;kegemaran
fear;Noun Verb;A2, B1;ketakutan
feather;Noun;B2;bulu
feature;Noun Verb;A2, B1;ciri
February;Noun;A1;Februari
fee;Noun;B2;Bayaran
feed;Verb Noun;A2, B2;makanan
feedback;Noun;B2;maklum balas
feel;Verb Noun;A1, B2;merasa
feeling;Noun;A1;perasaan
fellow;Adjective;B2;rakan-rakan
female;Adjective, Noun;A2;perempuan
fence;Noun;B1;pagar
festival;Noun;A1;festival
few;det./Adjective, proNoun;A1;beberapa
fiction;Noun;A2;fiksyen
field;Noun;A2;bidang
fifteen;number;A1;lima belas
fifth;number;A1;kelima
fifty;number;A1;lima puluh
fight;Verb Noun;A2;perjuangan
fighting;Noun;B1;pertempuran
figure;Noun Verb;A2, B2;angka
file;Noun Verb;B1, B2;fail
fill;Verb;A1;mengisi
film;Noun Verb;A1, A2;filem
final;Adjective, Noun;A1, A2;akhir
finally;Adverb;A2;akhirnya
finance;Noun Verb;B2;kewangan
financial;Adjective;B1;kewangan
find;Verb;A1;cari
finding;Noun;B2;dapatan
fine;Adjective;A1;denda
finger;Noun;A2;jari
finish;Verb Noun;A1, A2;penamat
fire;Noun Verb;A1, B1;api
firm;Noun;B2;tegas
first;det./number.AdVerb Noun;A1, A2;pertama
firstly;Adverb;A2;pertama
fish;Noun Verb;A1, A2;ikan
fishing;Noun;A2;memancing
fit;Verb Adjective;A2;patut
fitness;Noun;B1;kecergasan
five;number;A1;lima
fix;Verb Noun;A2, B2;menetapkan
fixed;Adjective;B1;tetap
flag;Noun;B1;bendera
flame;Noun;B2;api
flash;Noun Verb;B2;kilat
flat;Noun Adjective;A1, A2;rata
flexible;Adjective;B2;fleksibel
flight;Noun;A1;penerbangan
float;Verb;B2;apungan
flood;Noun Verb;B1;banjir
floor;Noun;A1;tingkat
flour;Noun;B1;tepung
flow;Verb Noun;B1;mengalir
flower;Noun;A1;bunga
flu;Noun;A2;flu
fly;Verb Noun;A1, A2;terbang
flying;Noun Adjective;A2;terbang
focus;Verb Noun;A2;tumpuan
fold;Verb Noun;B1, B2;kali ganda
folding;Adjective;B2;lipatan
folk;Noun Adjective;B1;rakyat
follow;Verb;A1;ikuti
following;Adjective, Noun prep;A2, B1, B2;berikut
food;Noun;A1;makanan
foot;Noun;A1;kaki
football;Noun;A1;bola sepak
for;prep.;A1;untuk
force;NounVerb;B1;berkuat kuasa
foreign;Adjective;A2;asing
forest;Noun;A2;hutan
forever;Adverb;B1;selamanya
forget;Verb;A1;lupa
forgive;Verb;B2;memaafkan
fork;Noun;A2;garpu
form;NounVerb;A1;bentuk
formal;Adjective;A2;rasmi
former;Adjective;B2;bekas
fortunately;Adverb;A2;nasib baik
fortune;Noun;B2;nasib
forty;number;A1;empat puluh
forward;AdVerb Adjective;A2, B2;ke hadapan
found;Verb;B2;mendapati
four;number;A1;empat
fourteen;number;A1;empat belas
fourth;number;A1;keempat
frame;NounVerb;B1;bingkai
free;Adjective, AdVerb Verb;A1,A2,B2;percuma
freedom;Noun;B2;kebebasan
freeze;Verb;B1;membekukan
frequency;Noun;B2;kekerapan
frequently;Adverb;B1;kerap
fresh;Adjective;A2;segar
Friday;Noun;A1;jumaat
fridge;Noun;A2;peti sejuk
friend;Noun;A1;rakan
friendly;Adjective;A1;mesra
friendship;Noun;B1;persahabatan
frighten;Verb;B1;menakutkan
frightened;Adjective;B1;takut
frightening;Adjective;B1;menakutkan
frog;Noun;A2;katak
from;prep;A1;daripada
front;Noun Adjective;A1;hadapan
frozen;Adjective;B1;beku
fruit;Noun;A1;buah-buahan
fry;Verb;B1;goreng
fuel;Noun Verb;B1, B2;bahan api
full;Adjective;A1;penuh
fully;Adverb;B2;sepenuhnya
fun;Noun Adjective;A1, A2;menyeronokkan
function;Noun Verb;B1, B2;fungsi
fund;Noun Verb;B2;dana
fundamental;Adjective;B2;asas
funding;Noun;B2;pembiayaan
funny;Adjective;A1;lucu
fur;Noun;B1;bulu
furniture;Noun;A2;perabot
further;Adjective, Adverb;A2, B1;lagi
furthermore;Adverb;B2;tambahan pula
future;Noun Adjective;A1, A2;masa depan
gain;Verb Noun;B2;keuntungan
gallery;Noun;A2;Galeri
game;Noun;A1;permainan
gang;Noun;B2;geng
gap;Noun;A2;jurang
garage;Noun;B1;garaj
garden;Noun;A1;taman
gas;Noun;A2;gas
gate;Noun;A2;pintu gerbang
gather;Verb;B1;mengumpulkan
general;Adjective;A2;umum
generally;Adverb;B1;umumnya
generate;Verb;B2;menjana
generation;Noun;B1;generasi
generous;Adjective;B1;murah hati
genre;Noun;B2;genre
gentle;Adjective;B1;lembut
gentleman;Noun;B1;lelaki
geography;Noun;A1;geografi
get;Verb;A1;get
ghost;Noun;B1;hantu
giant;Adjective, Noun;B1;gergasi
gift;Noun;A2;hadiah
girl;Noun;A1;Perempuan
girlfriend;Noun;A1;teman wanita
give;Verb;A1;memberi
glad;Adjective;B1;gembira
glass;Noun;A1;kaca
global;Adjective;B1;global
glove;Noun;B1;sarung tangan
go;Verb Noun;A1, B1;go
goal;Noun;A2;Matlamat
God;Noun;A2;tuhan
gold;Noun Adjective;A2;emas
golf;Noun;A2;golf
good;Adjective, Noun;A1, A2;baik
goodbye;exclam. Noun;A1;selamat tinggal
goods;Noun;B1;barang
govern;Verb;B2;mentadbir
government;Noun;A2;kerajaan
grab;Verb;B2;grab
grade;Noun Verb;B1, B2;gred
gradually;Adverb;B2;secara beransur-ansur
graduate;Noun Verb;B1;siswazah
grain;Noun;B1;bijirin
grand;Adjective;B2;grand
grandfather;Noun;A1;datuk
grandmother;Noun;A1;nenek
grandparent;Noun;A1;nenek
grant;Verb Noun;B2;geran
grass;Noun;A2;rumput
grateful;Adjective;B1;bersyukur
great;Adjective;A1;hebat
green;Adjective, Noun;A1;hijau
greet;Verb;A2;Salam
grey;Adjective, Noun;A1;kelabu
ground;Noun;A2;tanah
group;Noun;A1;kumpulan
grow;Verb;A1;berkembang
growth;Noun;B1;pertumbuhan
guarantee;Verb Noun;B2;Jaminan
guard;Noun Verb;B1;pengawal
guess;Verb Noun;A1;meneka
guest;Noun;A2;tetamu
guide;Noun Verb;A2;panduan
guilty;Adjective;B1;bersalah
guitar;Noun;A1;gitar
gun;Noun;A2;gun
guy;Noun;A2;lelaki
gym;Noun;A1;Gim
habit;Noun;A2;tabiat
hair;Noun;A1;rambut
half;Noundet.proNoun, Adverb;A1, A2;separuh
hall;Noun;A2;dewan
hand;Noun Verb;A1, B1;tangan
handle;Verb Noun;B2;pemegang
hang;Verb;B1;hang
happen;Verb;A1;berlaku
happily;Adverb;A2;bahagia
happiness;Noun;B1;kebahagiaan
happy;Adjective;A1;gembira
hard;Adjective, Adverb;A1;keras
hardly;Adverb;B1;tidak
harm;Noun Verb;B2;bahaya
harmful;Adjective;B2;berbahaya
hat;Noun;A1;hat
hate;Verb Noun;A1, B1;kebencian
have;Verb auxiliary Verb;A1, A2;mempunyai
have to modal;Verb;A1;perlu modal
he;proNoun;A1;dia
head;Noun Verb;A1, B1;kepala
headache;Noun;A2;sakit kepala
headline;Noun;B1;tajuk
health;Noun;A1;kesihatan
healthy;Adjective;A1;sihat
hear;Verb;A1;mendengar
hearing;Noun;B2;pendengaran
heart;Noun;A2;hati
heat;Noun Verb;A2;haba
heating;Noun;B1;pemanas
heaven;Noun;B2;Syurga
heavily;Adverb;B1;banyak
heavy;Adjective;A2;berat
heel;Noun;B2;tumit
height;Noun;A2;ketinggian
helicopter;Noun;B1;helikopter
hell;Noun;B2;neraka
hello;exclam./Noun;A1;hello
help;Verb Noun;A1;bantuan
helpful;Adjective;A2;berguna
her;proNoundet;A1;beliau
here;Adverb;A1;di sini
hero;Noun;A2;wira
hers;proNoun;A2;perempuan
herself;proNoun;A2;dirinya
hesitate;Verb;B2;teragak-agak
hey;exclam;A1;Hey
hi;exclam;A1;hi
hide;Verb;A2;hide
high;Adjective, AdVerb Noun;A1, A2, B2;tinggi
highlight;Verb Noun;B1;kemuncak
highly;Adverb;B1;sangat
hill;Noun;A2;bukit
him;proNoun;A1;dia
himself;proNoun;A2;dirinya
hire;Verb Noun;B1, B2;sewa
his;det. proNoun;A1, A2;beliau
historic;Adjective;B1;bersejarah
historical;Adjective;B1;sejarah
history;Noun;A1;sejarah
hit;Verb Noun;A2;hit
hobby;Noun;A1;hobi
hockey;Noun;A2;hoki
hold;Verb Noun;A2, B2;memegang
hole;Noun;A2;lubang
holiday;Noun;A1;percutian
hollow;Adjective;B2;berongga
holy;Adjective;B2;suci
home;Noun AdVerb Adjective;A1, A2;rumah
homework;Noun;A1;kerja rumah
honest;Adjective;B1;jujur
honour;Noun Verb;B2;penghormatan
hope;Verb Noun;A1, A2;harapan
horrible;Adjective;B1;dahsyat
horror;Noun;B1;seram
horse;Noun;A1;kuda
hospital;Noun;A1;hospital
host;Noun Verb;B1, B2;pihak
hot;Adjective;A1;panas
hotel;Noun;A1;hotel
hour;Noun;A1;jam
house;Noun Verb;A1, B2;rumah
household;Noun;B2;rumah
housing;Noun;B2;perumahan
how;Adverb;A1;bagaimana
however;Adverb;A1;bagaimanapun
huge;Adjective;A2;besar
human;Adjective, Noun;A2;manusia
humorous;Adjective;B2;lucu
humour;Noun;B2;humor
hundred;number;A1;ratus
hungry;Adjective;A1;lapar
hunt;Verb Noun;B1, B2;memburu
hunting;Noun;B2;memburu
hurricane;Noun;B1;taufan
hurry;Noun Verb;B1;tergesa-gesa
hurt;Verb Adjective Noun;A2, B2;kecederaan
husband;Noun;A1;suami
I;proNoun;A1;Saya
ice;Noun;A1;ais
ice cream;Noun;A1;ais krim
idea;Noun;A1;idea
ideal;Adjective , Noun;A2, B2;ideal
identify;Verb;A2;mengenalpasti
identity;Noun;B1;identiti
if;conj.;A1;jika
ignore;Verb;B1;abai
ill;Adjective;A2;sakit
illegal;Adjective;B1;menyalahi undang-undang
illness;Noun;A2;penyakit
illustrate;Verb;B2;menggambarkan
illustration;Noun;B2;ilustrasi
image;Noun;A2;imej
imaginary;Adjective;B1;khayalan
imagination;Noun;B2;imaginasi
imagine;Verb;A1;bayangkan
immediate;Adjective;B1;serta-merta
immediately;Adverb;A2;dengan serta-merta
immigrant;Noun;B1;pendatang
impact;Noun Verb;B1;kesan
impatient;Adjective;B2;tidak sabar
imply;Verb;B2;membayangkan
import;Noun Verb;B1;import
importance;Noun;B1;kepentingan
important;Adjective;A1;penting
impose;Verb;B2;mengenakan
impossible;Adjective;A2;mustahil
impress;Verb;B2;Impress
impressed;Adjective;B2;kagum
impression;Noun;B1;gambaran
impressive;Adjective;B1;mengesankan
improve;Verb;A1;meningkatkan
improvement;Noun;B1;peningkatan
in;prep., Adverb;A1;dalam
inch;Noun;B2;inci
incident;Noun;B2;kejadian
include;Verb;A1;termasuk
included;Adjective;A2;termasuk
including;prep.;A2;termasuk
income;Noun;B2;pendapatan
increase;Verb Noun;A2;meningkat
increasingly;Adverb;B2;semakin
incredible;Adjective;A2;yang luar biasa
incredibly;Adverb;B1;sangat
indeed;Adverb;B1;sesungguhnya
independent;Adjective;A2;bebas
indicate;Verb;B1;menunjukkan
indirect;Adjective;B1;tidak langsung
individual;Noun, adj;A2;individu
indoor;Adjective;B1;tertutup
indoors;Adverb;B1;dalam rumah
industrial;Adjective;B2;perindustrian
industry;Noun;A2;industri
infection;Noun;B2;jangkitan
influence;NounVerb;B1;pengaruh
inform;Verb;B2;memaklumkan
informal;Adjective;A2;tidak rasmi
information;Noun;A1;maklumat
ingredient;Noun;B1;bahan
initial;Adjective;B2;awal
initially;Adverb;B2;mulanya
initiative;Noun;B2;inisiatif
injure;Verb;B1;mencederakan
injured;Adjective;B1;cedera
injury;Noun;A2;kecederaan
inner;Adjective;B2;dalaman
innocent;Adjective;B1;tidak bersalah
insect;Noun;A2;serangga
inside;prep.Adverb Noun Adjective;A2;dalam
insight;Noun;B2;wawasan
insist;Verb;B2;menegaskan
inspire;Verb;B2;Inspire
install;Verb;B2;memasang
instance;Noun;B2;contoh
instead;Adverb;A2;sebaliknya
institute;Noun;B2;institut
institution;Noun;B2;institusi
instruction;Noun;A2;Arahan
instructor;Noun;A2;pengajar
instrument;Noun;A2;alat
insurance;Noun;B2;insurans
intelligence;Noun;B1;kecerdasan
intelligent;Adjective;A2;bijak
intend;Verb;B1;berhasrat
intended;Adjective;B2;bertujuan
intense;Adjective;B2;tegang
intention;Noun;B1;Hasrat
interest;Noun Verb;A1;faedah
interested;Adjective;A1;berminat
interesting;Adjective;A1;menarik
internal;Adjective;B2;dalaman
international;Adjective;A2;antarabangsa
internet;Noun;A1;internet
interpret;Verb;B2;mentafsir
interrupt;Verb;B2;sampukan
interview;Noun Verb;A1;temu bual
into;prep.;A1;ke dalam
introduce;Verb;A1;memperkenalkan
introduction;Noun;A2;pengenalan
invent;Verb;A2;mengada-adakan
invention;Noun;A2;ciptaan
invest;Verb;B1;invest
investigate;Verb;B1;menyiasat
investigation;Noun;B2;penyiasatan
investment;Noun;B2;pelaburan
invitation;Noun;A2;jemputan
invite;Verb;A2;menjemput
involve;Verb;A2;melibatkan
involved;Adjective;B1;terbabit
iron;Noun Verb;B1;besi
island;Noun;A1;pulau
issue;Noun, Verb;B1, B2;isu
IT;Noun;B1;IT
it;proNoun;A1;ia
item;Noun;A2;item
its;det.;A1;yang
itself;proNoun;A2;sendiri
jacket;Noun;A1;jaket
jam;Noun;A2;jem
January;Noun;A1;januari
jazz;Noun;A2;jazz
jeans;Noun;A1;jeans
jewellery;Noun;A2;barang kemas
job;Noun;A1;pekerjaan
join;Verb;A1;menyertai
joke;Noun Verb;A2;jenaka
journal;Noun;B1;jurnal
journalist;Noun;A2;wartawan
journey;Noun;A1;perjalanan
joy;Noun;B2;kegembiraan
judge;Noun Verb;B1;Hakim
judgement;Noun;B2;penghakiman
juice;Noun;A1;jus
July;Noun;A1;julai
jump;Verb Noun;A2;melompat
June;Noun;A1;jun
junior;Adjective;B2;junior
just;Adverb;A1;hanya
justice;Noun;B2;keadilan
justify;Verb;B2;mewajarkan
keen;Adjective;B1;pimpinan Hj
keep;Verb;A1;menjaga
key;Noun, Adjective Verb;A1, B1;kunci
keyboard;Noun;B1;papan kekunci
kick;Verb Noun;B1;kick
kid;Noun;A2;kanak-kanak
kill;Verb;A2;bunuh
killing;Noun;B1;pembunuhan
kilometre;Noun;A1;kilometer
kind(type);Noun;A1;jenis (jenis)
kind(caring);Adjective;B1;jenis (penyayang)
king;Noun;A2;raja
kiss;Verb Noun;B1;ciuman
kitchen;Noun;A1;dapur
knee;Noun;A2;lutut
knife;Noun;A2;pisau
knock;Verb , Noun;A2, B1;mengetuk
know;Verb;A1;tahu
knowledge;Noun;A2;pengetahuan
lab;Noun;A2;makmal
label;Noun Verb;B1;label
laboratory;Noun;B1;makmal
labour;Noun;B2;buruh
lack;Noun Verb;B1;kekurangan
lady;Noun;A2;wanita
lake;Noun;A2;tasik
lamp;Noun;A2;lampu
land;Noun, Verb;A1, A2;tanah
landscape;Noun;B2;landskap
language;Noun;A1;bahasa
laptop;Noun;A2;komputer riba
large;Adjective;A1;besar
largely;Adverb;B2;sebahagian besarnya
last1 (final);det., Adverb n;A1, A2;last1 (akhir)
last1 (taking time);Verb;A2;last1 (mengambil masa)
late;Adjective Adverb;A1;lewat
later;Adverb , Adjective;A1, A2;kemudian
latest;Adjective , Noun;B1, B2;terkini
laugh;Verb Noun;A1;ketawa
laughter;Noun;A2;ketawa
launch;Verb Noun;B2;pelancaran
law;Noun;A2;undang-undang
lawyer;Noun;A2;peguam
lay;Verb;B1;lay
layer;Noun;B1;lapisan
lazy;Adjective;A2;malas
lead;Verb , Noun;A2, B1;plumbum
leader;Noun;A2;Ketua
leadership;Noun;B2;kepimpinan
leading;Adjective;B1;mengetuai
leaf;Noun;B1;daun
league;Noun;B2;liga
lean;Verb;B2;tanpa lemak
learn;Verb;A1;belajar
learning;Noun;A2;pembelajaran
least;det./proNoun Adverb;A2;kurangnya
leather;Noun;B1;kulit
leave;Verb , Noun;A1, B2;cuti
lecture;Noun Verb;A2;kuliah
left;Adjective Adverb Verb;A1;ditinggalkan
leg;Noun;A1;kaki
legal;Adjective;B1;undang-undang
leisure;Noun;B1;percutian
lemon;Noun;A2;lemon
lend;Verb;A2;meminjamkan
length;Noun;B1;panjang
less;det./pro Noun Adverb;A2;kurang
lesson;Noun;A1;pelajaran
let;Verb;A1;biarkan
letter;Noun;A1;surat
level;Noun, Adjective , Verb;A2, B1, B2;tahap
library;Noun;A1;perpustakaan
licence;Noun;B2;lesen
lie;Verb;A1;dusta
lie;Verb Noun;B2;dusta
life;Noun;A1;kehidupan
lifestyle;Noun;A2;cara hidup
lift;Verb;Noun;lif
light (from the sun/a lamp);Noun Adverb , Verb;A1, A2;cahaya (dari matahari / lampu)
light (not heavy);Adjective;A2;cahaya (tidak berat)
like (similar);prep.;A1;seperti (yang sama)
like (find sb/sth pleasant);Verb , n;A1, B1;seperti (mencari sb / sth menyenangkan)
Noun;B1; ;kata
likely;Adjective;A2;mungkin
limit;Noun Verb;B1;had
limited;Adjective;B2;terhad
line;Noun, Verb;A1, B2;talian
link;Noun Verb;A2;link
lion;Noun;A1;singa
lip;Noun;B1;bibir
liquid;Noun Adjective;B1;cecair
list;Noun Verb;A1;senarai
listen;Verb;A1;mendengar
listener;Noun;A2;pendengar
literature;Noun;B1;kesusasteraan
little;Adjective det./proNoun, Adverb;A1, A2;sedikit
live1;Verb;A1;live1
live2;Adjective Adverb;B1;live2
lively;Adjective;B2;meriah
living;Adjective Noun;B1;hidup
load;Noun Verb;B2;beban
loan;Noun;B2;pinjaman
local;Adjective , Noun;A1, B1;tempatan
locate;Verb;B1;mengesan
located;Adjective;B1;bertempat
location;Noun;B1;lokasi
lock;Verb Noun;A2;kunci
logical;Adjective;B2;logik
lonely;Adjective;B1;kesepian
long;Adjective Adverb;A1;panjang
long-term;Adjective Adverb;B2;jangka panjang
look;Verb , Noun;A1, A2;rupa
loose;Adjective;B2;longgar
lord;Noun;B2;Tuan
lorry;Noun;A2;lori
lose;Verb;A1;kehilangan
loss;Noun;B1;kehilangan
lost;Adjective;A2;hilang
lot;proNoun det. Adverb;A1;banyak
loud;Adjective Adverb;A2;kuat
loudly;Adverb;A2;dengan kuat
love;Noun Verb;A1;cinta
lovely;Adjective;A2;indah
low;Adjective Adverb , n;A2, B2;rendah
lower;Verb;B2;yang lebih rendah
luck;Noun;A2;nasib
lucky;Adjective;A2;bertuah
lunch;Noun;A1;makan tengah hari
lung;Noun;B2;paru-paru
luxury;Noun;B1;mewah
machine;Noun;A1;mesin
mad;Adjective;B1;gila
magazine;Noun;A1;majalah
magic;Noun Adjective;B1;sihir
mail;Noun Verb;A2;mel
main;Adjective;A1;utama
mainly;Adverb;B1;terutamanya
maintain;Verb;B2;mengekalkan
major;Adjective;A2;utama
majority;Noun;B2;majoriti
make;Verb , Noun;A1, B2;make
male;Adjective Noun;A2;lelaki
mall;Noun;B1;pusat membeli-belah
man;Noun;A1;lelaki
manage;Verb;A2;mengurus
management;Noun;B1;pengurusan
manager;Noun;A2;pengurus
manner;Noun;A2;cara
many;det./proNoun;A1;banyak
map;Noun, Verb;A1, B2;peta
March;Noun;A1;Mac
mark;Verb Noun;A2;tanda
market;Noun, Verb;A1, B1;pasaran
marketing;Noun;B1;Pemasaran
marriage;Noun;B1;perkahwinan
married;Adjective;A1;berkahwin
marry;Verb;A2;kahwin
mass;Noun Adjective;B2;massa
massive;Adjective;B2;besar-besaran
master;Noun Verb;B2;master
match (contest/correspond);Noun Verb;A1;perlawanan (peraduan / sepadan pada)
matching;Adjective;B2;yang hampir sama
material;Noun, Adjective;A2, B2;bahan
mathematics;Noun;A2;matematik
maths;Noun;A2;matematik
matter;Noun Verb;A2;perkara
maximum;Adjective Noun;B2;maksimum
May;Noun;A1;Mungkin
may modal;Verb;A2;boleh ragaman
maybe;Adverb;A1;mungkin
me;proNoun;A1;saya
meal;Noun;A1;makan
mean;Verb;A1;min
meaning;Noun;A1;makna
means;Noun;B2;cara
meanwhile;Adverb;B1;Sementara itu
measure;Verb Noun;B1;langkah
measurement;Noun;B2;pengukuran
meat;Noun;A1;daging
media;Noun;A2;media
medical;Adjective;A2;perubatan
medicine;Noun;A2;ubat
medium;Adjective , Noun;B1, B2;sederhana
meet;Verb;A1;bertemu
meeting;Noun;A1;mesyuarat
melt;Verb;B2;mencairkan
member;Noun;A1;ahli
memory;Noun;A2;memori
mental;Adjective;B1;mental
mention;Verb , Noun;A2, B1;menyebut
menu;Noun;A1;menu
mess;Noun Verb;B1;keadaan huru-hara
message;Noun;A1;mesej
metal;Noun;A2;logam
method;Noun;A2;kaedah
metre;Noun;A1;meter
middle;Noun Adjective;A2;pertengahan
midnight;Noun;A1;tengah malam
might modal;Verb;A2;mungkin ragaman
mild;Adjective;B1;ringan
mile;Noun;A1;Batu
military;Adjective Noun;B2;tentera
milk;Noun;A1;susu
million number; ;A1;juta bilangan
mind;Noun Verb;A2;fikiran
mine (belongs to me);proNoun;A2;lombong (tergolong kepada saya)
mine (hole in the ground);Noun;B1;lombong (lubang di dalam tanah)
mineral;Noun;B2;mineral
minimum;Adjective Noun;B2;minimum
minister;Noun;B2;Menteri
minor;Adjective;B2;kecil
minority;Noun;B2;minoriti
minute;Noun;A1;minit
mirror;Noun;A2;cermin
miss;Verb;A1;miss
missing;Adjective;A2;hilang
mission;Noun;B2;misi
mistake;Noun, Verb;A1, B2;kesilapan
mix;Verb Noun;B1;campuran
mixed;Adjective;B2;bercampur-campur
mixture;Noun;B1;campuran
mobile;Adjective Noun;A2;mudah alih
model;Noun, Verb;A1, B2;model
modern;Adjective;A1;moden
modify;Verb;B2;Ubah suai
moment;Noun;A1;masa
Monday;Noun;A1;isnin
money;Noun;A1;wang
monitor;Noun Verb;B2;monitor
monkey;Noun;A2;monyet
month;Noun;A1;bulan
mood;Noun;B1;mood
moon;Noun;A2;moon
moral;Adjective Noun;B2;moral
more;det./proNoun Adverb;A1;lebih
morning;Noun;A1;pagi
most;det./proNoun Adverb;A1;paling
mostly;Adverb;A2;kebanyakannya
mother;Noun;A1;ibu
motor;Noun Adjective;B2;motor
motorcycle;Noun;A2;motosikal
mount;Verb;B2;gunung
mountain;Noun;A1;gunung
mouse;Noun;A1;tetikus
mouth;Noun;A1;mulut
move;Verb , Noun;A1, B1;langkah
movement;Noun;A2;pergerakan
movie;Noun;A1;filem
much;det./proNoun Adverb;A1;banyak
mud;Noun;B1;Lumpur
multiple;Adjective;B2;pelbagai
multiply;Verb;B2;membiak
mum;Noun;A1;ibu
murder;NounVerb;B1;pembunuhan
muscle;Noun;B1;otot
museum;Noun;A1;muzium
music;Noun;A1;muzik
musical;Adjective , Noun;A2, B1;muzik
musician;Noun;A2;ahli muzik
must modal;Verb;A1;mesti ragaman
my;det.;A1;saya
myself;proNoun;A2;diri saya
mysterious;Adjective;B2;misteri
mystery;Noun;B1;misteri
nail;Noun;B1;kuku
name;Noun Verb;A1;nama
narrative;Noun Adjective;B1;naratif
narrow;Adjective , Verb;A2, B2;merapatkan
nation;Noun;B1;negara
national;Adjective , Noun;A2, B2;Nasional
native;Adjective Noun;B1;native speakers
natural;Adjective;A1;semula jadi
naturally;Adverb;B1;secara semula jadi
nature;Noun;A2;alam semula jadi
near;prep. Adjective Adverb;A1;berhampiran
nearly;Adverb;A2;hampir
neat;Adjective;B2;kemas
necessarily;Adverb;B1;semestinya
necessary;Adjective;A2;perlu
neck;Noun;A2;leher
need;Verb , Noun, modal Verb;A1, A2, B1;keperluan
needle;Noun;B1;jarum
negative;Adjective , Noun;A1, B2;negatif
neighbour;Noun;A1;jiran
neighbourhood;Noun;B1;kejiranan
neither;det./proNoun, Adverb;A2, B1;tidak
nerve;Noun;B2;saraf
nervous;Adjective;A2;saraf
net;Noun;B1;bersih
network;Noun;A2;rangkaian
never;Adverb;A1;pernah
nevertheless;Adverb;B2;namun
new;Adjective;A1;baru
news;Noun;A1;berita
newspaper;Noun;A1;akhbar
next;Adjective Adverb , Noun;A1, B1;berikut
next to;prep.;A1;ke seterusnya
nice;Adjective;A1;nice
night;Noun;A1;malam
nightmare;Noun;B2;mimpi ngeri
nine;number;A1;sembilan
nineteen;number;A1;Sembilan belas
ninety;number;A1;sembilan puluh
no;exclam. det.;A1;tidak
no one;proNoun;A1;tiada sesiapa
nobody;proNoun;A1;tiada siapa yang
noise;Noun;A2;bunyi
noisy;Adjective;A2;bising
none;pro Noun;A2;tiada
nor;conj./Adverb;B1;tidak
normal;Adjective , Noun;A2, B1;normal
normally;Adverb;A2;biasanya
north;Noun Adjective Adverb;A1;utara
northern;Adjective;B1;utara
nose;Noun;A1;hidung
not;Adverb;A1;tidak
note;Noun Verb;A1, B1;Nota
nothing;proNoun;A1;apa-apa
notice;Verb Noun;A2;notis
notion;Noun;B2;tanggapan
novel;Noun;A2;novel
November;Noun;A1;November
now;Adverb , conj.;A1, B1;sekarang
nowhere;Adverb;A2;di mana-mana
nuclear;Adjective;B1;nuklear
number;Noun, Verb;A1, A2;nombor
numerous;Adjective;B2;banyak
nurse;Noun;A1;jururawat
nut;Noun;A2;nut
obey;Verb;B2;taat
object;Noun Verb;A1, B2;objek
objective;Noun Adjective;B2;objektif
obligation;Noun;B2;tanggungjawab
observation;Noun;B2;pemerhatian
observe;Verb;B2;perhatikan
obtain;Verb;B2;mendapatkan
obvious;Adjective;B1;jelas
obviously;Adverb;B1;jelas
occasion;Noun;B1;majlis
occasionally;Adverb;B2;kadang-kadang
occur;Verb;B1;berlaku
ocean;Noun;A2;laut
oâ€™clock;Adverb;A1;pukul
October;Noun;A1;oktober
odd;Adjective;B1;ganjil
of;prep.;A1;daripada
off;Adverb prep.;A1;off
offence;Noun;B2;kesalahan
offend;Verb;B2;menyinggung perasaan
offensive;Adjective;B2;menyakitkan
offer;Verb Noun;A2;tawaran
office;Noun;A1;pejabat
officer;Noun;A2;pegawai
official;Adjective , Noun;B1, B2;rasmi
often;Adverb;A1;sering
oh;exclam.;A1;oh
oil;Noun;A2;minyak
OK;exclam. Adjective /Adverb;A1;okey
old;Adjective;A1;tua
old-fashioned;Adjective;B1;lama
on;prep. Adverb;A1;pada
once;Adverb , conj.;A1, B1;sekali
one;number-det. proNoun;A1;satu
onion;Noun;A1;bawang
online;Adjective Adverb;A1;talian
only;Adjective Adverb;A1;sahaja
onto;prep.;A2;ke
open;Adjective Verb;A1;buka
opening;Noun;B2;pembukaan
operate;Verb;B2;beroperasi
operation;Noun;B1;operasi
opinion;Noun;A1;pendapat
opponent;Noun;B2;lawan
opportunity;Noun;A2;peluang
oppose;Verb;B2;menentang
opposed;Adjective;B2;menentang
opposite;Adjective Adverb prep. Noun;A1;bertentangan
opposition;Noun;B2;pembangkang
option;Noun;A2;pilihan
or;conj.;A1;atau
orange;Noun Adjective;A1;orange
order;Noun Verb;A1;perintah
ordinary;Adjective;A2;biasa
organ;Noun;B2;organ
organization;Noun;A2;organisasi
organize;Verb;A2;menyusun
organized;Adjective;B1;tersusun
organizer;Noun;B1;penganjur
origin;Noun;B2;asal
original;Adjective , Noun;A2, B1;asal
originally;Adverb;B1;asalnya
other;Adjective /proNoun;A1;lain
otherwise;Adverb;B2;jika tidak,
ought;modal Verb;B1;patut
our;det.;A1;kami
ours;proNoun;B1;kepunyaan kami
ourselves;proNoun;A2;diri kita sendiri
out;Adverb /prep.;A1;keluar
outcome;Noun;B2;keputusan
outdoor;Adjective;B1;luar
outdoors;Adverb;B1;di luar rumah
outer;Adjective;B2;luar
outline;Noun Verb;B2;garis
outside;Adverb , prep. nouNoun Adjective;A1, A2;luar
oven;Noun;A2;ketuhar
over;prep. Adverb;A1;lebih
overall;Adjective Adverb;B2;keseluruhan
owe;Verb;B2;berhutang
own;Adjective /proNoun, Verb;A1, A2;sendiri
owner;Noun;A2;pemilik
pace;Noun, Verb;B2;kadar
pack;Verb , Noun;A2, B1;pek
package;Noun, Verb;B1, B2;pakej
page;Noun;A1;halaman
pain;Noun;A2;kesakitan
painful;Adjective;B1;menyakitkan
paint;Verb Noun;A1;cat
painter;Noun;A2;pelukis
painting;Noun;A1;lukisan
pair;Noun;A1;pasangan
palace;Noun;A2;istana
pale;Adjective;B1;pucat
pan;Noun;B1;pan
panel;Noun;B2;panel
pants;Noun;A2;seluar
paper;Noun;A1;kertas
paragraph;Noun;A1;perenggan
parent;Noun;A1;ibubapa
park;Noun Verb;A1;tempat letak
parking;Noun;A2;tempat letak kenderaan
parliament;Noun;B2;Parlimen
part;Noun;A1;sebahagian
participant;Noun;B2;peserta
participate;Verb;B1;mengambil bahagian
particular;Adjective;A2;tertentu
particularly;Adverb;B1;terutamanya
partly;Adverb;B2;sebahagiannya
partner;Noun;A1;rakan kongsi
party;Noun;A1;pihak
pass;Verb , Noun;A2, B1;lulus
passage;Noun;B2;laluan
passenger;Noun;A2;penumpang
passion;Noun;B1;semangat
passport;Noun;A1;pasport
past;Adjective Noun prep., Adverb;A1, A2;masa lalu
path;Noun;B1;jalan
patient;Noun, Adjective;A2, B2;pesakit
pattern;Noun;A2;corak
pay;Verb , Noun;A1, A2;gaji
payment;Noun;B1;pembayaran
peace;Noun;A2;keamanan
peaceful;Adjective;B1;aman
pen;Noun;A1;pen
pencil;Noun;A1;pensil
penny;Noun;A2;penny
pension;Noun;B2;pencen
people;Noun;A1;orang
pepper;Noun;A1;lada
per;prep.;A2;setiap
per cent;Noun Adjective /Adverb;A2;peratus
percentage;Noun;B1;peratusan
perfect;Adjective;A1;sempurna
perfectly;Adverb;B1;dengan sempurna
perform;Verb;A2;melaksanakan
performance;Noun;B1;prestasi
perhaps;Adverb;A2;mungkin
period;Noun;A1;tempoh
permanent;Adjective;B2;tetap
permission;Noun;A2;kebenaran
permit;Verb Noun;B2;permit
person;Noun;A1;orang
personal;Adjective;A1;peribadi
personality;Noun;A2;personaliti
personally;Adverb;B1;secara peribadi
perspective;Noun;B2;perspektif
persuade;Verb;B1;memujuk
pet;Noun;A2;haiwan peliharaan
petrol;Noun;A2;petrol
phase;Noun;B2;fasa
phenomenon;Noun;B2;fenomena
philosophy;Noun;B2;falsafah
phone;Noun Verb;A1;telefon
photo;Noun;A1;foto
photograph;Noun, Verb;A1, A2;gambar
photographer;Noun;B1;juru gambar
photography;Noun;B1;fotografi
phrase;Noun;A1;frasa
physical;Adjective;A2;fizikal
physics;Noun;A2;fizik
piano;Noun;A1;piano
pick;Verb , Noun;A2, B2;mengambil
picture;Noun, Verb;A1, B2;picture
piece;Noun;A1;sekeping
pig;Noun;A1;babi
pile;Noun Verb;B2;longgokan
pilot;Noun;A2;juruterbang
pin;Noun Verb;B1;pin
pink;Adjective Noun;A1;merah jambu
pipe;Noun;B1;paip
pitch;Noun;B2;padang
place;Noun Verb;A1, B1;tempat
plain;Adjective;B2;kosong
plan;Noun Verb;A1;pelan
plane;Noun;A1;pesawat
planet;Noun;A2;planet
planning;Noun;B1;perancangan
plant;Noun Verb;A1, A2;tumbuhan
plastic;Noun Adjective;A2;plastik
plate;Noun;A2;plat
platform;Noun;A2;platform
play;Verb Noun;A1;bermain
player;Noun;A1;pemain
pleasant;Adjective;B1;dapat
please;exclam., Verb;A1, A2;sila
pleased;Adjective;A2;gembira
pleasure;Noun;B1;keseronokan
plenty;proNoun;B1;perkara
plot;Noun, Verb;B1, B2;plot
plus;prep., Adjective conj., Noun;B1, B2;plus
pocket;Noun;A2;poket
poem;Noun;B1;puisi
poet;Noun;B1;penyair
poetry;Noun;B1;puisi
point;Noun, Verb;A1, B1;titik
pointed;Adjective;B2;tajam
poison;Noun Verb;B1;racun
poisonous;Adjective;B1;beracun
police;Noun;A1;polis
policeman;Noun;A1;anggota polis
policy;Noun;B1;dasar
polite;Adjective;A2;sopan
political;Adjective;B1;politik
politician;Noun;B1;ahli politik
politics;Noun;B1;politik
pollution;Noun;A2;pencemaran
pool;Noun;A1;kolam renang
poor;Adjective;A1;miskin
pop;Noun Adjective;A2;pop
popular;Adjective;A1;popular
popularity;Noun;B2;populariti
population;Noun;A2;penduduk
port;Noun;B1;pelabuhan
portrait;Noun;B1;potret
pose;Verb;B2;pose
position;Noun, Verb;A2, B2;kedudukan
positive;Adjective , Noun;A1, B2;positif
possess;Verb;B2;mempunyai
possession;Noun;A2;milikan
possibility;Noun;A2;kemungkinan
possible;Adjective;A1;mungkin
possibly;Adverb;B1;kemungkinan
post;Noun Verb;A1;jawatan
poster;Noun;A2;poster
pot;Noun;B1;periuk
potato;Noun;A1;kentang
potential;Adjective Noun;B2;berpotensi
pound;Noun;A1;pound
pour;Verb;B1;tuangkan
poverty;Noun;B1;kemiskinan
powder;Noun;B1;serbuk
power;Noun, Verb;A2, B2;kuasa
powerful;Adjective;B1;kuat
practical;Adjective;B1;praktikal
practice;Noun;A1;amalan
practise;Verb;A1;amalan
praise;Noun Verb;B2;pujian
pray;Verb;B1;berdoa
prayer;Noun;B1;doa
predict;Verb;A2;meramalkan
prediction;Noun;B1;ramalan
prefer;Verb;A1;lebih suka
pregnant;Adjective;B2;mengandung
preparation;Noun;B2;penyediaan
prepare;Verb;A1;menyediakan
prepared;Adjective;B1;bersedia
presence;Noun;B2;kehadiran
present;Adjective Noun, Verb;A1, A2;hadir
presentation;Noun;B1;persembahan
preserve;Verb;B2;memelihara
president;Noun;A2;Presiden
press;Verb Noun;B1;akhbar
pressure;Noun;B1;tekanan
pretend;Verb;B1;berpura-pura
pretty;Adjective Adverb;A1;cantik
prevent;Verb;A2;mencegah
previous;Adjective;B1;sebelum
previously;Adverb;B1;sebelum ini
price;Noun, Verb;A1, B2;harga
priest;Noun;B1;imam
primary;Adjective;B1;utama
prime;Adjective;B2;Perdana
prince;Noun;B1;putera
princess;Noun;B1;puteri
principle;Noun;B2;prinsip
print;Verb , Noun;A2, B2;mencetak
printer;Noun;A2;mesin pencetak
printing;Noun;B1;percetakan
priority;Noun;B2;keutamaan
prison;Noun;A2;penjara
prisoner;Noun;B1;banduan
privacy;Noun;B2;privasi
private;Adjective;B1;swasta
prize;Noun;A2;hadiah
probably;Adverb;A1;mungkin
problem;Noun;A1;masalah
procedure;Noun;B2;prosedur
process;Noun, Verb;A2, B2;proses
produce;Verb , Verb;A2, B2;hasil
producer;Noun;B1;penerbit
product;Noun;A1;produk
production;Noun;B1;pengeluaran
profession;Noun;B1;profesion
professional;Adjective , Noun;A2, B2;profesional
professor;Noun;A2;profesor
profile;Noun;A2;profil
profit;Noun;B1;keuntungan
program;Noun, Verb;A2, B1;program
programme;Noun;A1;program
progress;Noun, Verb;A2, B2;kemajuan
project;Noun, Verb;A1, B2;projek
promise;Verb Noun;A2;janji
promote;Verb;B1;menggalakkan
pronounce;Verb;A2;Ucapkan
proof;Noun;B2;bukti
proper;Adjective;B1;betul
properly;Adverb;B1;betul
property;Noun;B1;harta
proposal;Noun;B2;cadangan
propose;Verb;B2;mencadangkan
prospect;Noun;B2;prospek
protect;Verb;A2;melindungi
protection;Noun;B2;perlindungan
protest;Noun Verb;B1;protes
proud;Adjective;B1;bangga
prove;Verb;B1;membuktikan
provide;Verb;A2;menyediakan
psychologist;Noun;B2;ahli psikologi
psychology;Noun;B2;psikologi
pub;Noun;A2;pub
public;Adjective Noun;A2;awam
publication;Noun;B2;penerbitan
publish;Verb;A2;menerbitkan
pull;Verb , Noun;A2, B1;tarik
punish;Verb;B1;menghukum
punishment;Noun;B1;hukuman
pupil;Noun;B2;murid
purchase;Noun Verb;B2;pembelian
pure;Adjective;B2;tulen
purple;Adjective Noun;A1;ungu
purpose;Noun;A2;tujuan
pursue;Verb;B2;mengejar
push;Verb , Noun;A2, B1;push
put;Verb;A1;letak
qualification;Noun;B1;kelayakan
qualified;Adjective;B1;berkelayakan
qualify;Verb;B1;layak
quality;Noun;A2;kualiti
quantity;Noun;A2;kuantiti
quarter;Noun;A1;suku
queen;Noun;A2;ratu
question;Noun, Verb;A1, A2;soalan
queue;Noun Verb;B1;barisan
quick;Adjective;A1;cepat
quickly;Adverb;A1;cepat
quiet;Adjective;A1;senyap
quietly;Adverb;A2;secara senyap-senyap
quit;Verb;B1;berhenti
quite;Adverb;A1;agak
quotation;Noun;B1;sebut harga
quote;Verb Noun;B1;quote
race (competition);NounVerb;A2;(perlumbaan)
race (people);Noun;B1;kaum (orang)
racing;Noun;B1;berlumba
radio;Noun;A1;radio
railway;Noun;A2;keretapi
rain;Noun Verb;A1;hujan
raise;Verb;A2;kenaikan
range;Noun, Verb;B1, B2;pelbagai
rank;Noun Verb;B2;pangkat
rapid;Adjective;B2;pesat
rapidly;Adverb;B2;cepat
rare;Adjective;B1;jarang berlaku
rarely;Adverb;B1;jarang
rate;Noun, Verb;A2, B2;Kadar
rather;Adverb;A2;agak
raw;Adjective;B2;mentah
reach;Verb , Noun;A2, B2;jangkauan
react;Verb;A2;bertindak
reaction;Noun;B1;tindak balas
read;Verb;A1;membaca
reader;Noun;A1;pembaca
reading;Noun;A1;bacaan
ready;Adjective;A1;bersedia
real;Adjective;A1;sebenar
realistic;Adjective;B2;realistik
reality;Noun;B1;realiti
realize;Verb;A2;sedar
really;Adverb;A1;benar-benar
reason;Noun;A1;sebab
reasonable;Adjective;B2;munasabah
recall;Verb;B2;ingat
receipt;Noun;B1;penerimaan
receive;Verb;A2;menerima
recent;Adjective;A2;baru-baru ini
recently;Adverb;A2;baru-baru ini
reception;Noun;A2;penerimaan
recipe;Noun;A2;resipi
recognize;Verb;A2;mengenali
recommend;Verb;A2;mengesyorkan
recommendation;Noun;B1;cadangan
record;Noun Verb;A2;rekod
recording;Noun;A2;rakaman
recover;Verb;B2;pulih
recycle;Verb;A2;kitar semula
red;Adjective Noun;A1;merah
reduce;Verb;A2;mengurangkan
reduction;Noun;B2;pengurangan
refer;Verb;A2;merujuk
reference;Noun;B1;rujukan
reflect;Verb;B1;menggambarkan
refuse;Verb;A2;sampah
regard;Verb Noun;B2;Sehubungan
region;Noun;A2;rantau
regional;Adjective;B2;serantau
register;Verb Noun;B2;mendaftar
regret;Verb Noun;B2;penyesalan
regular;Adjective;A2;tetap
regularly;Adverb;B1;kerap
regulation;Noun;B2;peraturan
reject;Verb;B1;menolak
relate;Verb;B1;berkaitan
related;Adjective;B1;berkaitan
relation;Noun;B1;berhubung
relationship;Noun;A2;hubungan
relative;Adjective Noun;B1;relatif
relatively;Adverb;B2;agak
relax;Verb;A1;berehat
relaxed;Adjective;B1;melonggarkan
relaxing;Adjective;B1;santai
release;Verb Noun;B1;pelepasan
relevant;Adjective;B2;berkaitan
reliable;Adjective;B1;dipercayai
relief;Noun;B2;relief
religion;Noun;B1;agama
religious;Adjective;B1;agama
rely;Verb;B2;bergantung
remain;Verb;B1;kekal
remark;Noun Verb;B2;kenyataan
remember;Verb;A1;ingat
remind;Verb;B1;mengingatkan
remote;Adjective;B1;jauh
remove;Verb;A2;remove
rent;Noun Verb;B1;menyewa
repair;Verb , Noun;A2, B1;pembaikan
repeat;Verb , Noun;A1, B1;ulangan
repeated;Adjective;B1;berulang
replace;Verb;A2;menggantikan
reply;Verb Noun;A2;membalas
report;Noun, Verb;A1, A2;laporan
reporter;Noun;A2;wartawan
represent;Verb;B1;mewakili
representative;Noun Adjective;B2;wakil
reputation;Noun;B2;reputasi
request;Noun, Verb;A2, B1;permintaan
require;Verb;B1;memerlukan
requirement;Noun;B2;keperluan
rescue;Verb Noun;B2;menyelamat
research;Noun Verb;A2;penyelidikan
researcher;Noun;A2;penyelidik
reservation;Noun;B1;tempahan
reserve;Noun Verb;B2;rizab
resident;NounAdjective;B2;pemastautin
resist;Verb;B2;menahan
resolve;Verb;B2;keazaman
resort;Noun;B2;jalan keluar
resource;Noun;B1;sumber
respect;Noun Verb;B1;menghormati
respond;Verb;A2;membalas
response;Noun;A2;sambutan
responsibility;Noun;B1;tanggungjawab
responsible;Adjective;B1;bertanggungjawab
rest (remaining part);Noun;A2;rehat (baki sebahagian)
rest (sleep/relax);Noun Verb;A2;rehat (tidur / berehat)
restaurant;Noun;A1;restoran
result;Noun, Verb;A1, B1;mengakibatkan
retain;Verb;B2;mengekalkan
retire;Verb;B1;bersara
retired;Adjective;B1;bersara
return;Verb Noun;A1;pulangan
reveal;Verb;B2;mendedahkan
review;Noun Verb;A2;ulasan
revise;Verb;B1;menyemak semula
revolution;Noun;B2;revolusi
reward;Noun Verb;B2;ganjaran
rhythm;Noun;B2;irama
rice;Noun;A1;beras
rich;Adjective;A1;kaya
rid;Verb;B2;menghilangkan
ride;Verb , Noun;A1, A2;perjalanan dengan
right;Adjective Adverb Noun;A1;betul
ring;Noun;A2;cincin
ring;Verb , Noun;A2, B1;cincin
rise;Verb , Noun;A2, B1;meningkat
risk;Noun Verb;B1;risiko
river;Noun;A1;sungai
road;Noun;A1;jalan raya
robot;Noun;B1;robot
rock (stone);Noun;A2;rock (batu)
rock (music);Noun;A2;muzik rock)
role;Noun;A2;peranan
roll;Verb Noun;B1;gulung
romantic;Adjective;B1;romantis
roof;Noun;A2;bumbung
room;Noun;A1;bilik
root;Noun;B2;akar
rope;Noun;B1;tali
rough;Adjective;B1;kasar
round;Adjective Adverb prep., Noun;A2, B2;pusingan
route;Noun;A2;laluan
routine;Noun, Adjective;A1, B2;rutin
row;Noun;B1;berturut-turut
royal;Adjective;B1;diraja
rub;Verb;B2;sapu
rubber;Noun Adjective;B2;getah
rubbish;Noun;A2;sampah
rude;Adjective;A2;kurang ajar
rugby;Noun;B1;ragbi
rule;Noun, Verb;A1, B1;peraturan
run;Verb , Noun;A1, A2;jangka
runner;Noun;A2;pelari
running;Noun;A2;berjalan
rural;Adjective;B2;luar bandar
rush;Verb Noun;B2;tergesa-gesa
sad;Adjective;A1;sedih
sadly;Adverb;A2;sedih
safe;Adjective;A2;selamat
safety;Noun;B1;keselamatan
sail;Verb , Noun;A2, B1;belayar
sailing;Noun;A2;belayar
sailor;Noun;B1;kelasi
salad;Noun;A1;salad
salary;Noun;A2;gaji
sale;Noun;A2;jualan
salt;Noun;A1;garam
same;Adjective proNoun Adverb;A1;sama
sample;Noun, Verb;B1, B2;sampel
sand;Noun;B1;pasir
sandwich;Noun;A1;sandwic
satellite;Noun;B2;satelit
satisfied;Adjective;B2;berpuas hati
satisfy;Verb;B2;Puaskan
Saturday;Noun;A1;sabtu
sauce;Noun;A2;sos
save;Verb;A2;jimat
saving;Noun;B2;penjimatan
say;Verb;A1;berkata
scale;Noun;B2;skala
scan;Verb;B1;imbas
scared;Adjective;A2;takut
scary;Adjective;A2;menakutkan
scene;Noun;A2;tempat kejadian
schedule;Noun, Verb;A2, B2;jadual
scheme;Noun;B2;skim
school;Noun;A1;sekolah
science;Noun;A1;sains
scientific;Adjective;B1;saintifik
scientist;Noun;A1;ahli sains
score;Verb Noun;A2;Rata
scream;Verb Noun;B2;jeritan
screen;NounVerb;A2, B2;skrin
script;Noun;B1;skrip
sculpture;Noun;B1;arca
sea;Noun;A1;laut
search;Noun Verb;A2;cari
season;Noun;A2;musim
seat;Noun Verb;A2, B2;kerusi
second1 (next after the first);et./ number, Adverb;A1, A2;second1 (akan datang selepas yang pertama)
second1 (unit of time);Noun;A1;second1 (unit masa)
secondary;Adjective;B1;menengah
secondly;Adverb;A2;kedua
secret;Adjective, Noun;A2;rahsia
secretary;Noun;A2;setiausaha
section;Noun;A1;seksyen
sector;Noun;B2;sektor
secure;Verb Adjective;B2;selamat
security;Noun;B1;keselamatan
see;Verb;A1;melihat
seed;Noun;B1;benih
seek;Verb;B2;dapatkan
seem;Verb;A2;kelihatan
select;Verb;B2;pilih
selection;Noun;B2;pilihan
self;Noun;B2;diri
sell;Verb;A1;jual
send;Verb;A1;send
senior;Adjective;B2;kanan
sense;Noun Verb;A2, B2;rasa
sensible;Adjective;B1;waras
sensitive;Adjective;B2;sensitif
sentence;Noun Verb;A1, B2;ayat
separate;Adjective, Verb;A2, B1;berasingan
September;Noun;A1;September
sequence;Noun;B2;urutan
series;Noun;A2;siri
serious;Adjective;A2;serius
seriously;Adverb;B1;serius
servant;Noun;B1;hamba
serve;Verb;A2;hidang
service;Noun;A2;perkhidmatan
session;Noun;B2;sesi
set (put);Verb;B1;set (put)
set (group);Noun;B1;set (kumpulan)
setting;Noun;B1;tetapan
settle;Verb;B2;settle
seven;number;A1;tujuh
seventeen;number;A1;tujuh belas
seventy;number;A1;tujuh puluh
several;det./proNoun;A2;beberapa
severe;Adjective;B2;teruk
sex;Noun;B1;seks
sexual;Adjective;B1;seksual
shade;Noun;B2;naungan
shadow;Noun;B2;bayang-bayang
shake;Verb Noun;A2, B1;shake
shall;modal Verb;A2;hendaklah
shallow;Adjective;B2;cetek
shame;Noun;B2;malu
shape;Noun Verb;A2, B2;bentuk
share;Verb Noun;A1, B1;saham
sharp;Adjective;B1;tajam
she;proNoun;A1;dia
sheep;Noun;A1;kambing biri-biri
sheet;Noun;A2;lembaran
shelf;Noun;B1;rak
shell;Noun;B1;shell
shelter;Noun Verb;B2;perlindungan
shift;Noun Verb;B1, B2;peralihan
shine;Verb;B1;bersinar
shiny;Adjective;B1;berkilat
ship;Noun Verb;A2, B2;kapal
shirt;Noun;A1;shirt
shock;Noun Verb;B2;terkejut
shocked;Adjective;B2;terkejut
shoe;Noun;A1;kasut
shoot;Verb;B1;menembak
shooting;Noun;B2;menembak
shop;Noun Verb;A1;kedai
shopping;Noun;A1;membeli-belah
short;Adjective;A1;pendek
shot;Noun;B2;pukulan
should;modal Verb;A1;Should
shoulder;Noun;A2;bahu
shout;Verb Noun;A2;menjerit
show;Verb Noun;A1;persembahan
shower;Noun;A1;pancuran
shut;Verb Adjective;A2;tutup
shy;Adjective;B1;menjauhkan
sick;Adjective;A1;sakit
side;Noun;A2;sebelah
sight;Noun;B1;penglihatan
sign;Noun Verb;A2;tanda
signal;Noun Verb;B1;isyarat
significant;Adjective;B2;ketara
significantly;Adverb;B2;dengan ketara
silence;Noun;B2;senyap
silent;Adjective;B1;senyap
silk;Noun;B2;sutera
silly;Adjective;B1;bodoh
silver;Noun Adjective;A2;perak
similar;Adjective;A1;sama
similarity;Noun;B1;persamaan
similarly;Adverb;B1;sama
simple;Adjective;A2;mudah
simply;Adverb;B1;hanya
since;prep. conj., Adverb;A2, B1;sejak
sincere;Adjective;B2;ikhlas
sing;Verb;A1;sing
singer;Noun;A1;penyanyi
singing;Noun;A2;nyanyian
single;Adjective Noun;A2;tunggal
sink;Verb;B1;sink
sir;Noun;A2;tuan
sister;Noun;A1;kakak
sit;Verb;A1;sit
site;Noun;A2;tapak
situation;Noun;A1;keadaan
six;number;A1;enam
sixteen;number;A1;enam belas
sixty;number;A1;enam puluh
size;Noun;A2;saiz
ski;Verb Noun;A2;ski
skiing;Noun;A2;ski
skill;Noun;A1;kemahiran
skin;Noun;A2;kulit
skirt;Noun;A1;skirt
sky;Noun;A2;langit
slave;Noun;B2;hamba
sleep;Verb , Noun;A1, A2;tidur
slice;Noun Verb;B1;keping
slide;Verb Noun;B2;gelongsor
slight;Adjective;B2;sedikit
slightly;Adverb;B1;sedikit
slip;Verb;B2;tergelincir
slope;Noun Verb;B2;cerun
slow;Adjective , Verb;A1, B1;perlahan
slowly;Adverb;A2;perlahan-lahan
small;Adjective;A1;kecil
smart;Adjective;B1;pintar
smartphone;Noun;A2;telefon pintar
smell;Verb Noun;A2;bau
smile;Verb Noun;A2;tersenyum
smoke;Noun Verb;A2;asap
smoking;Noun;A2;merokok
smooth;Adjective;B1;licin
snake;Noun;A1;ular
snow;Noun Verb;A1;salji
so;Adverb conj.;A1;supaya
soap;Noun;A2;sabun
soccer;Noun;A2;bola sepak
social;Adjective;A2;sosial
society;Noun;A2;masyarakat
sock;Noun;A2;sock
soft;Adjective;A2;lembut
software;Noun;B1;perisian
soil;Noun;B1;tanah
solar;Adjective;B2;solar
soldier;Noun;A2;askar
solid;Adjective Noun;B1;pepejal
solution;Noun;A2;penyelesaian
solve;Verb;A2;menyelesaikan
some;det. proNoun;A1;sesetengah
somebody;proNoun;A1;seseorang
someone;proNoun;A1;seseorang
something;proNoun;A1;sesuatu
sometimes;Adverb;A1;kadang-kadang
somewhat;Adverb;B2;agak
somewhere;Adverb proNoun;A2;di suatu tempat
son;Noun;A1;anak lelaki
song;Noun;A1;lagu
soon;Adverb;A1;tidak lama lagi
sorry;Adjective exclam.;A1;maaf
sort;Noun, Verb;A2, B1;jenis
soul;Noun;B2;jiwa
sound;Noun Verb;A1;bunyi
soup;Noun;A1;sup
source;Noun;A2;sumber
south;Noun Adjective Adverb;A1;selatan
southern;Adjective;B1;selatan
space;Noun;A1;ruang
speak;Verb;A1;bercakap
speaker;Noun;A2;speaker
special;Adjective;A1;khas
specialist;Noun Adjective;B2;pakar
species;Noun;B2;spesies
specific;Adjective;A2;tertentu
specifically;Adverb;B1;khusus
speech;Noun;A2;ucapan
speed;Noun, Verb;A2, B2;kelajuan
spell;Verb;A1;mengeja
spelling;Noun;A1;ejaan
spend;Verb;A1;menghabiskan
spending;Noun;B1;perbelanjaan
spicy;Adjective;B1;pedas
spider;Noun;A2;labah-labah
spirit;Noun;B1;semangat
spiritual;Adjective;B2;rohani
split;Verb Noun;B2;split
spoken;Adjective;B1;dituturkan
sponsor;Verb Noun;B2;penaja
spoon;Noun;A2;sudu
sport;Noun;A1;sukan
spot;Noun, Verb;B1, B2;tempat
spread;Verb , Noun;B1, B2;sebar
spring;Noun, Verb;A1, B1;spring
square;Adjective Noun;A2;persegi
stable;Adjective;B2;stabil
stadium;Noun;B1;stadium
staff;Noun;B1;kakitangan
stage;Noun, Verb;A2, B2;pentas
stair;Noun;A2;tangga
stamp;Noun;A2;setem
stand;Verb , Noun;A1, B2;berdiri
standard;Noun Adjective;B1;standard
star;Noun, Verb;A1, A2;bintang
stare;Verb;B2;stare
start;Verb , Noun;A1, A2;permulaan
state;Noun, Adjective , v;A2, B1;negeri
statement;Noun;A1;kenyataan
station;Noun;A1;stesen
statistic;Noun;B1;statistik
statue;Noun;B1;patung
status;Noun;B2;status
stay;Verb , Noun;A1, A2;penginapan
steady;Adjective;B2;mantap
steal;Verb;A2;mencuri
steel;Noun;B2;keluli
steep;Adjective;B2;curam
step;Noun, Verb;A2, B2;langkah
stick (push into/attach);Verb;B1;kayu (menolak ke dalam / lampirkan)
stick (piece of wood);Noun;B1;kayu (sekeping kayu)
sticky;Adjective;B2;melekit
stiff;Adjective;B2;sengit
still;Adverb , Adjective;A1, B1;masih
stock;Noun;B2;stok
stomach;Noun;A2;perut
stone;Noun;A2;batu
stop;Verb Noun;A1;stop
store;Noun, Verb;A2, B1;kedai
storm;Noun;A2;ribut
story;Noun;A1;cerita
straight;Adverb Adjective;A2;lurus
strange;Adjective;A2;pelik
stranger;Noun;B1;orang asing
strategy;Noun;A2;strategi
stream;Noun;B2;aliran
street;Noun;A1;jalan
strength;Noun;B1;kekuatan
stress;Noun Verb;A2;tekanan
stretch;Verb Noun;B2;regangan
strict;Adjective;B2;ketat
strike;Verb Noun;B2;mogok
string;Noun;B1;tali
strong;Adjective;A1;kuat
strongly;Adverb;B1;kuat
structure;Noun, Verb;A2, B2;struktur
struggle;Verb Noun;B2;perjuangan
student;Noun;A1;pelajar
studio;Noun;B1;studio
study;Noun Verb;A1;kajian
stuff;Noun, Verb;B1, B2;barangan
stupid;Adjective;A2;bodoh
style;Noun;A1;gaya
subject;Noun, Adjective;A1, B2;tertakluk
submit;Verb;B2;hantar
substance;Noun;B1;bahan
succeed;Verb;A2;berjaya
success;Noun;A1;kejayaan
successful;Adjective;A2;berjaya
successfully;Adverb;B1;berjaya
such;det./proNoun;A2;seperti
sudden;Adjective;B1;tiba-tiba
suddenly;Adverb;A2;tiba-tiba
suffer;Verb;B1;menderita
sugar;Noun;A1;gula
suggest;Verb;A2;mencadangkan
suggestion;Noun;A2;cadangan
suit;Noun, Verb;A2, B1;sesuai
suitable;Adjective;B1;sesuai
sum;Noun Verb;B2;jumlah
summarize;Verb;B1;meringkaskan
summary;Noun;B1;ringkasan
summer;Noun;A1;musim panas
sun;Noun;A1;matahari
Sunday;Noun;A1;Ahad
supermarket;Noun;A1;supermarket
supply;Noun Verb;B1;bekalan
support;Verb Noun;A2;sokongan
supporter;Noun;B1;penyokong
suppose;Verb;A2;andaikan
sure;Adjective , Adverb;A1, A2;pasti
surely;Adverb;B1;pasti
surface;Noun;B1;permukaan
surgery;Noun;B2;pembedahan
surprise;Noun Verb;A2;kejutan
surprised;Adjective;A2;terkejut
surprising;Adjective;A2;mengejutkan
surround;Verb;B2;surround
surrounding;Adjective;B2;sekitar
survey;Noun, Verb;A2, B2;kajian
survive;Verb;B1;terus hidup
suspect;Verb Noun;B2;suspek
swear;Verb;B2;bersumpah
sweater;Noun;A1;sweater
sweep;Verb;B2;sapu
sweet;Adjective Noun;A2;gula
swim;Verb , Noun;A1, B1;berenang
swimming;Noun;A1;renang
switch;Verb , Noun;B1, B2;suis
symbol;Noun;A2;simbol
sympathy;Noun;B2;simpati
symptom;Noun;B1;gejala
system;Noun;A2;sistem
table;Noun;A1;Rajah
tablet;Noun;A2;tablet
tail;Noun;B1;ekor
take;Verb;A1;mengambil
tale;Noun;B2;kisah
talent;Noun;B1;bakat
talented;Adjective;B1;berbakat
talk;Verb , Noun;A1, A2;bercakap
tall;Adjective;A1;tinggi
tank;Noun;B2;tangki
tape;Noun;B1;pita
target;Noun, Verb;A2, B2;sasaran
task;Noun;A2;tugas
taste;Noun Verb;A2;rasa
tax;Noun Verb;B1;cukai
taxi;Noun;A1;teksi
tea;Noun;A1;teh
teach;Verb;A1;mengajar
teacher;Noun;A1;guru
teaching;Noun;A2;mengajar
team;Noun;A1;pasukan
tear1;Verb Noun;B2;tear1
tear2;Noun;B2;tear2
technical;Adjective;B1;teknikal
technique;Noun;B1;teknik
technology;Noun;A2;teknologi
teenage;Adjective;A2;remaja
teenager;Noun;A1;remaja
telephone;Noun Verb;A1;telefon
television;Noun;A1;televisyen
tell;Verb;A1;memberitahu
temperature;Noun;A2;suhu
temporary;Adjective;B2;Sementara
ten;number;A1;sepuluh
tend;Verb;B1;cenderung
tennis;Noun;A1;tenis
tent;Noun;B1;khemah
term;Noun, Verb;A2, B2;jangka
terrible;Adjective;A1;dahsyat
test;Noun Verb;A1;ujian
text;Noun, Verb;A1, A2;teks
than;conj.;A1;daripada
thank;Verb;A1;terima kasih
thanks;exclam. Noun;A1;terima kasih
that;det. proNoun conj., Adverb;A1, B1;yang
the;definite article;A1;yang
theatre;Noun;A1;teater
their;det.;A1;mereka
theirs;proNoun;B1;mereka
them;proNoun;A1;mereka
theme;Noun;B1;tema
themselves;proNoun;A2;diri mereka
then;Adverb;A1;kemudian
theory;Noun;B1;teori
therapy;Noun;B2;terapi
there;Adverb;A1;terdapat
therefore;Adverb;B1;Oleh itu
they;proNoun;A1;mereka
thick;Adjective;A2;tebal
thief;Noun;A2;pencuri
thin;Adjective;A2;nipis
thing;Noun;A1;perkara
think;Verb;A1;berfikir
thinking;Noun;A2;pemikiran
third;number, Noun;A1, A2;ketiga
thirsty;Adjective;A1;dahaga
thirteen;number;A1;tiga belas
thirty;number;A1;tiga puluh
this;det./proNoun, Adverb;A1, B1;ini
though;conj. Adverb;B1;walaupun
thought;Noun;A2;pemikiran
thousand;number;A1;ribu
threat;Noun;B2;ancaman
threaten;Verb;B2;mengancam
three;number;A1;tiga
throat;Noun;B1;tekak
through;prep. Adverb;A1;melalui
throughout;prep./Adverb;B1;melalui
throw;Verb;A2;membuang
Thursday;Noun;A1;khamis
thus;Adverb;B2;dengan itu
ticket;Noun;A1;tiket
tidy;Adjective v;A2;kemas
tie;Verb Noun;A2;tali leher
tight;Adjective;B1;ketat
till;conj./prep.;B1;hingga
time;Noun, Verb;A1, B2;masa
tin;Noun;B1;tin
tiny;Adjective;B1;kecil
tip;Noun, Verb;A2, B1;tip
tired;Adjective;A1;letih
title;Noun;A1, B2;tajuk
to;prep., infinitive marker;A1;kepada
today;Adverb Noun;A1;hari ini
toe;Noun;B1;kaki
together;Adverb;A1;bersama-sama
toilet;Noun;A1;tandas
tomato;Noun;A1;tomato
tomorrow;Adverb Noun;A1;esok
tone;Noun;B2;nada
tongue;Noun;B1;lidah
tonight;Adverb n;A1;malam ini
too;Adverb;A1;terlalu
tool;Noun;A2;alat
tooth;Noun;A1;gigi
top;Noun, Adjective;A2;bahagian
topic;Noun;A1;topik
total;Adjective Noun;B1;jumlah
totally;Adverb;B1;sama sekali
touch;Verb , Noun;A2, B1;sentuhan
tough;Adjective;B2;sukar
tour;Noun, Verb;A2, B1;pelancongan
tourism;Noun;A2;pelancongan
tourist;Noun;A1;pelancongan
towards;prep.;A2;ke arah
towel;Noun;A2;tuala
tower;Noun;A2;menara
town;Noun;A1;bandar
toy;Noun, Adjective;A2;mainan
track;Noun, Verb;A2, B2;mengesan
trade;Noun, Verb;B1;perdagangan
tradition;Noun;A2;tradisi
traditional;Adjective;A2;tradisional
traffic;Noun;A1;trafik
train;Noun, Verb;A1, A2;kereta api
trainer;Noun;A2;jurulatih
training;Noun;A2;latihan
transfer;Verb Noun;B2;pemindahan
transform;Verb;B2;mengubah
transition;Noun;B2;peralihan
translate;Verb;B1;menterjemah
translation;Noun;B1;terjemahan
transport;Noun, Verb;A2, B1;pengangkutan
travel;Verb Noun;A1;perjalanan
traveller;Noun;A2;pengembara
treat;Verb;B1;merawat
treatment;Noun;B1;rawatan
tree;Noun;A1;pokok
trend;Noun;B1;trend
trial;Noun;B2;percubaan
trick;Noun Verb;B1;silap mata
trip;Noun, Verb;A1, B2;percutian
tropical;Adjective;B2;tropika
trouble;Noun, Verb;A2, B2;masalah
trousers;Noun;A1;Seluar panjang
truck;Noun;A2;trak
TRUE;Adjective;A1;TRUE
truly;Adverb;B2;benar-benar
trust;Noun Verb;B2;amanah
truth;Noun;B1;kebenaran
try;Verb , Noun;A1, B2;cuba
T-shirt;Noun;A1;T-shirt
tube;Noun;B1;tiub
Tuesday;Noun;A1;selasa
tune;Noun;B2;tune
tunnel;Noun;B2;terowong
turn;Verb Noun;A1;berubah
TV;Noun;A1;TV
twelve;number;A1;dua belas
twenty;number;A1;dua puluh
twice;Adverb;A1;dua kali
twin;Noun Adjective;A2;twin
two;number;A1;dua
type;Noun, Verb;A1, B1;jenis
typical;Adjective;A2;biasa
typically;Adverb;B1;biasanya
tyre;Noun;B1;tayar
ugly;Adjective;B1;hodoh
ultimately;Adverb;B2;akhirnya
umbrella;Noun;A1;payung
unable;Adjective;B1;dapat
uncle;Noun;A1;bapa saudara
uncomfortable;Adjective;B1;tidak selesa
unconscious;Adjective;B2;tidak sedarkan diri
under;prep. Adj;A1;di bawah
underground;Adjective Adverb;A2;bawah tanah
understand;Verb;A1;memahami
understanding;Noun;A2;pemahaman
underwear;Noun;B1;seluar dalam
unemployed;Adjective;B1;menganggur
unemployment;Noun;B1;pengangguran
unexpected;Adjective;B2;yang tidak dijangka
unfair;Adjective;B1;tidak adil
unfortunately;Adverb;A2;malangnya
unhappy;Adjective;A2;tidak berpuas hati
uniform;Noun;A2;seragam
union;Noun;B1;kesatuan
unique;Adjective;B2;unik
unit;Noun;A2;unit
united;Adjective;A2;bersatu
universe;Noun;B2;Alam semesta
university;Noun;A1;universiti
unknown;Adjective;B2;tidak diketahui
unless;conj.;B1;melainkan jika
unlike;prep.;B1;tidak seperti
unlikely;Adjective;B1;tidak mungkin
unnecessary;Adjective;B1;yang tidak perlu
unpleasant;Adjective;B1;tidak menyenangkan
until;conj./prep.;A1;sehingga
unusual;Adjective;A2;luar biasa
up;Adverb proNoun;A1;sehingga
update;Verb Noun;B1;maklumat
upon;prep.;B1;kepada
upper;Adjective;B2;atas
upset;Adjective v;B1;kecewa
upstairs;Adverb , Adjective;A1, A2;tingkat atas
upwards;Adverb;B2;ke atas
urban;Adjective;B2;bandar
urge;Verb;B2;keinginan
us;proNoun;A1;kami
use;Verb , Noun;A1, A2;penggunaan
used;Adjective;B1;digunakan
used to;modal Verb;A2;pernah
useful;Adjective;A1;berguna
user;Noun;A2;pengguna
usual;Adjective;A2;biasa
usually;Adverb;A1;biasanya
vacation;Noun;A1;bercuti
valley;Noun;A2;lembah
valuable;Adjective;B1;berharga
value;Noun, Verb;B1, B2;nilai
van;Noun;A2;van
variety;Noun;A2;pelbagai
various;Adjective;B1;pelbagai
vary;Verb;B2;berbeza-beza
vast;Adjective;B2;luas
vegetable;Noun;A1;sayur-sayuran
vehicle;Noun;A2;kenderaan
venue;Noun;B2;tempat
version;Noun;B1;versi
very;Adverb , Adjective;A1, B1;sangat
via;prep.;B2;via
victim;Noun;B1;mangsa
victory;Noun;B2;kemenangan
video;Noun;A1;video
view;Noun, Verb;A2,;pandangan
viewer;Noun;B1;penonton
village;Noun;A1;kampung
violence;Noun;B2;keganasan
violent;Adjective;B1;ganas
virtual;Adjective;B2;maya
virus;Noun;A2;virus
vision;Noun;B2;penglihatan
visit;Verb Noun;A1;lawatan
visitor;Noun;A1;pelawat
visual;Adjective;B2;visual
vital;Adjective;B2;penting
vitamin;Noun;B2;vitamin
voice;Noun;A2;suara
volume;Noun;B2;jumlah
volunteer;Noun Verb;B1;sukarelawan
vote;Noun Verb;B1;Undi
wage;Noun;B2;gaji
wait;Verb , Noun;A1, A2;penantian
waiter;Noun;A1;pelayan
wake;Verb;A1;panggilan
walk;Verb Noun;A1;Jalan
wall;Noun;A1;dinding
want;Verb;A1;mahu
war;Noun;A2;perang
warm;Adjective , v;A1, B1;panas
warn;Verb;B1;memberi amaran kepada
warning;Noun;B1;amaran
wash;Verb , Noun;A1, A2;mencuci
washing;Noun;A2;basuh
waste;Noun v, Adjective;B1;membazir
watch;Verb Noun;A1;jam tangan
water;Noun, Verb;A1, B1;air
wave;Noun;A2, B1;gelombang
way;Noun;A1, B2;cara
we;proNoun;A1;kita
weak;Adjective;A2;lemah
weakness;Noun;B2;kelemahan
wealth;Noun;B2;kekayaan
wealthy;Adjective;B2;kaya
weapon;Noun;B1;senjata
wear;Verb;A1;haus
weather;Noun;A1;cuaca
web;Noun;A2;web
website;Noun;A1;laman web
wedding;Noun;A2;perkahwinan
Wednesday;Noun;A1;rabu
week;Noun;A1;minggu
weekend;Noun;A1;hujung minggu
weigh;Verb;B1;berat
weight;Noun;A2;berat badan
welcome;exclam. Verb Adjective , n;A1, A2;selamat datang
well;Adverb , Adjective , exclam.;A1;baik
west;Noun Adjective Adverb;A1;barat
western;Adjective;B1;barat
wet;Adjective;A2;basah
what;proNoun/det.;A1;apa
whatever;det./proNoun;B1;apa-apa sahajalah
wheel;Noun;A2;roda
when;Adverb proNounconj.;A1;bila
whenever;conj.;B1;bila-bila masa
where;Adverb conj.;A1;di mana
whereas;conj.;B2;sedangkan
wherever;conj.;B2;di mana sahaja
whether;conj.;B1;sama ada
which;proNoun/det.;A1;yang
while;conj., Noun;A2, B1;manakala
whisper;Verb Noun;B2;bisikan
white;Adjective Noun;A1;putih
who;proNoun;A1;who
whole;Adjective , n;A2, B1;keseluruhan
whom;proNoun;B2;yang
whose;det./proNoun;A2;yang
why;Adverb;A1;mengapa
wide;Adjective;A2;luas
widely;Adverb;B2;secara meluas
wife;Noun;A1;isteri
wild;Adjective;A2;liar
wildlife;Noun;B2;hidupan liar
will;modal, Noun Verb;A1,;akan
willing;Adjective;B2;sanggup
win;Verb , Noun;A1, B1;kemenangan
wind1;Noun;A2;wind1
wind2;Verb;B2;wind2
window;Noun;A1;tetingkap
wine;Noun;A1;wain
wing;Noun;B1;sayap
winner;Noun;A2;pemenang
winter;Noun;A1;musim sejuk
wire;Noun;B2;wayar
wise;Adjective;B2;bijak
wish;Verb Noun;A2;hasrat
with;prep.;A1;dengan
within;prep.;B1;dalam
without;prep.;A1;tanpa
witness;Noun Verb;B2;saksi
woman;Noun;A1;wanita
wonder;Verb Noun;B1;hairan
wonderful;Adjective;A1;indah
wood;Noun;A2;kayu
wooden;Adjective;A2;kayu
wool;Noun;B1;bulu
word;Noun;A1;perkataan
work;Verb Noun;A1;kerja
worker;Noun;A1;pekerja
working;Adjective;A2;kerja
world;Noun;A1;dunia
worldwide;Adjective Adverb;B1;di seluruh dunia
worried;Adjective;A2;bimbang
worry;Verb Noun;A2, B1;bimbang
worse;Adjective, AdVerb Noun;A2,B1, B2;lebih teruk
worst;Adjective, AdVerb;A2,B1, B2;yang paling teruk
worth;Adjective, Noun;B1, B2;bernilai
would;modal, Verb;A1;ADAKAH
wound;Noun Verb;B2;luka
wow;exclam.;A2;wow
wrap;Verv;B2;bungkus
write;Verb;A1;write
writer;Noun;A1;penulis
writing;Noun;A1;bertulis
written;Adjective;B1;ditulis
wrong;Adjective, AdVerb Noun;A1, B1, B2;salah
yard;Noun;B1;yard
yeah;exclam.;A1;Yeah
year;Noun;A1;tahun
yellow;Adjective, Noun;A1;kuning
yes;exclam.;A1;yes
yesterday;AdVerb Noun;A1;semalam
yet;AdVerb conj.;A2, B2;lagi
you;proNoun;A1;anda
young;Adjective, Noun;A1, B1;muda
your;det.;A1;anda
yours;proNoun;A2;anda
yourself;proNoun;A1;diri
youth;Noun;B1;belia
zero;number;A2;sifar
zone;Noun;B2;Kawasan
