a, an;indefinite, article;A1;а, от
abandon;Verb;B2;изоставят
ability;Noun;A2;способност
able;Adjective;A2;способен
about;prep. Adverb;A1;относно
above;prep. Adverb;A1;по-горе
abroad;Adverb;A2;в чужбина
absolute;Adjective;B2;абсолютен
absolutely;Adverb;B1;абсолютно
academic;adj, Noun;B1, B2;академичен
accept;Verb;A2;приемам
acceptable;Adjective;B2;приемлив
access;Noun Verb;B1;достъп
accident;Noun;A2;злополука
accommodation;Noun;B1;настаняване
accompany;Verb;B2;придружавам
according to;prep.;A2;Според
account;Noun Verb;B1, B2;сметка
accurate;Adjective;B2;точен
accuse;Verb;B2;обвинявам
achieve;Verb;A2;постигане
achievement;Noun;B1;постижение
acknowledge;Verb;B2;потвърждението
acquire;Verb;B2;придобивам
across;prep. Adverb;A1;през
act;Verb Noun;A2,B1;действа
action;Noun;A1;действие
active;Adjective;A2;активен
activity;Noun;A1;дейност
actor;Noun;A1;актьор
actress;Noun;A1;актриса
actual;Adjective;B2;действителен
actually;Adverb;A2;всъщност
ad;Noun;B1;реклама
adapt;Verb;B2;адаптира
add;Verb;A1;добави
addition;Noun;B1;допълнение
additional;Adjective;B2;допълнителен
address;Noun Verb;A1,B2;адрес
administration;Noun;B2;администрация
admire;Verb;B1;възхищавам
admit;Verb;B1;признавам
adopt;Verb;B2;приеме
adult;Noun adj;A1,A2;възрастен
Advance;Noun Verb adj;B2;Advance
Advanced;Adjective;B1;напреднал
Advantage;Noun;A2;предимство
Adventure;Noun;A2;приключение
Advertise;Verb;A2;рекламирам
Advertisement;Noun;A2;реклама
Advertising;Noun;A2;реклама
Advice;Noun Verb;A1, B1;съвет
affair;Noun;B2;афера
affect;Verb;A2;засегне
afford;Verb;B1;позволим
afraid;Adjective;A1;уплашен
after;prep. conj. Adverb;A1,A2;след
afternoon;Noun;A1;следобед
afterwards;Adverb;B2;по-късно
again;Adverb;A1;отново
against;prep;A2;срещу
age;Noun Verb;A1, B1;възраст
aged;Adjective;B1;на възраст
agency;Noun;B2;агенция
agenda;Noun;B2;дневен ред
agent;Noun;B1;агент
aggressive;Adjective;B2;агресивен
ago;Adverb;A1;преди
agree;Verb;A1;Съгласен
agreement;Noun;B1;съгласие
ah;exclam.;A2;ах
ahead;Adverb;B1;напред
aid;Noun Verb;B2;помощ
aim;Verb Noun;B1;цел
air;Noun;A1;въздух
aircraft;Noun;B2;самолет
airline;Noun;A2;авиолиния
airport;Noun;A1;летище
alarm;Noun Verb;B1, B2;аларма
album;Noun;B1;албум
alcohol;Noun;B1;алкохол
alcoholic;Adjective;B1;алкохолик
alive;Adjective;A2;жив
all;det. pron, Adverb;A1, A2;всичко
all right;Adjective, Adverb exclam;A2;добре
allow;Verb;A2;позволява
almost;Adverb;A2;почти
alone;Adjective, Adverb;A2;сам
along;prep. Adverb;A2;заедно
already;Adverb;A2;вече
also;Adverb;A1;също
alter;Verb;B2;алтер
alternative;Noun Adjective;A2, B1;алтернатива
although;conj;A2;макар че
always;Adverb;A1;винаги
amazed;Adjective;B1;изумени
amazing;Adjective;A1;удивителен
ambition;Noun;B1;амбиция
ambitious;Adjective;B1;амбициозен
among;prep.;A2;между
amount;Noun Verb;A2, B2;количество
analyse;Verb;B1;анализирам
analysis;Noun;B1;анализ
ancient;Adjective;A2;древен
and;conj;A1;и
anger;Noun;B2;гняв
angle;Noun;B2;ъгъл
angry;Adjective;A1;ядосан
animal;Noun;A1;животно
ankle;Noun;A2;глезен
anniversary;Noun;B2;юбилей
announce;Verb;B1;обявим
announcement;Noun;B1;обявление
annoy;Verb;B1;дразня
annoyed;Adjective;B1;раздразнен
annoying;Adjective;B1;досаден
annual;Adjective;B2;годишен
another;det. proNoun;A1;друг
answer;Noun Verb;A1;отговор
anxious;Adjective;B2;разтревожен, неспокоен
any;det. proNoun, Adverb;A1, A2;който и да е
anybody;pron;A2;някой
any more;Adverb;A2;повече
anyone;pron;A1;някой
anything;pron;A1;нищо
anyway;Adverb;A2;така или иначе
anywhere;AdVerb proNoun;A2;навсякъде
apart;Adverb;B1;на части
apartment;Noun;A1;апартамент
apologize;Verb;B1;извинявам се
app;Noun;A2;ап
apparent;Adjective;B2;очевиден
apparently;Adverb;B2;очевидно
appeal;Noun Verb;B2;обжалване
appear;Verb;A2;се появи
appearance;Noun;A2;външен вид
apple;Noun;A1;ябълка
application;Noun;B1;приложение
apply;Verb;A2;Приложи
appointment;Noun;B1;уговорена среща
appreciate;Verb;B1;ценя
approach;Noun Verb;B2;Приближаване
appropriate;Adjective;B2;присвои
approval;Noun;B2;одобрение
approve;Verb;B2;одобрявам
approximately;Adverb;B1;приблизително
April;Noun;A1;април
architect;Noun;A2;архитект
architecture;Noun;A2;архитектура
area;Noun;A1;■ площ
argue;Verb;A2;споря
argument;Noun;A2;аргумент
arise;Verb;B2;възникне
arm;Noun;A1;въоръжете
armed;Adjective;B2;въоръжен
arms;Noun;B2;обятия
army;Noun;A2;армия
around;prep. Adverb;A1;около
arrange;Verb;A2;организираме
arrangement;Noun;A2;уговорка
arrest;Verb Noun;B1;арестувам
arrival;Noun;B1;пристигане
arrive;Verb;A1;пристигам
art;Noun;A1;изкуство
article;Noun;A1;статия
artificial;Adjective;B2;изкуствен
artist;Noun;A1;художник
artistic;Adjective;B2;артистичен
as;prep., Adverb conj.;A1, A2;като
ashamed;Adjective;B2;засрамен
asleep;Adjective;A2;заспал
ask;Verb;A1;питам
aspect;Noun;B2;аспект
assess;Verb;B2;оцени
assessment;Noun;B2;Оценяване
assignment;Noun;B1;назначение
assist;Verb;B1;подпомага
assistant;Noun Adjective;A2;асистент
associate;Verb;B2;сътрудник
associated;Adjective;B2;свързаното
association;Noun;B2;сдружаване
assume;Verb;B2;предполагам
at;prep.;A1;при
athlete;Noun;A2;спортист
atmosphere;Noun;B1;атмосфера
attach;Verb;B1;прикрепете
attack;Noun Verb;A2;атака
attempt;Noun Verb;B2;опитвайте
attend;Verb;A2;присъстват
attention;Noun exclam.;A2;внимание
attitude;Noun;B1;поведение
attract;Verb;B1;привлекат
attraction;Noun;B1;атракция
attractive;Adjective;A2;атрактивен
audience;Noun;A2;публика
August;Noun;A1;Август
aunt;Noun;A1;леля
author;Noun;A2;автор
authority;Noun;B1;власт
autumn;Noun;A1;есен
available;Adjective;A2;на разположение
average;Adjective, Noun Verb;A2, B1;средно аритметично
avoid;Verb;A2;да се избегне
award;Noun Verb;A2, B1;награда
aware;Adjective;B1;осведомен
away;Adverb;A1;далеч
awful;Adjective;A2;ужасен
baby;Noun;A1;бебе
back;Noun AdVerb Adjective, Verb;A1, A2, B2;обратно
background;Noun;A2;заден план
backwards;Adverb;B1;наопаки
bacteria;Noun;B2;бактерии
bad;Adjective;A1;лошо
badly;Adverb;A2;зле
bag;Noun;A1;чанта
bake;Verb;B1;пека
balance;Noun Verb;B1;баланс
ball;Noun;A1;топка
ban;Verb Noun;B1;забрана
banana;Noun;A1;банан
band;Noun;A1;банда
bank (money);Noun;A1;банка (пари)
bank (river);Noun;B1;банка (река)
bar;Noun Verb;A2, B2;бар
barrier;Noun;B2;бариера
base;Noun Verb;B1;база
baseball;Noun;A2;бейзбол
based;Adjective;A2;базиран
basketball;Noun;A2;баскетбол
basic;Adjective;B1;основен
basically;Adverb;B2;в основата си
basis;Noun;B1;основа
bath;Noun;A1;баня
bathroom;Noun;A1;баня
battery;Noun;B1;батерия
battle;Noun Verb;B1, B2;битка
be;Verb auxiliary Verb;A1;бъда
beach;Noun;A1;плаж
bean;Noun;A2;боб
bear (deal with);Verb;B2;мечка (сделка с)
bear (animal);Noun;A2;мечка (животински)
beat;Verb Noun;A2, B2;ритъм
beautiful;Adjective;A1;красив
beauty;Noun;B1;красота
because;conj.;A1;защото
become;Verb;A1;да стане
bed;Noun;A1;легло
bedroom;Noun;A1;спалня
bee;Noun;B1;пчела
beef;Noun;A2;говеждо месо
beer;Noun;A1;Бира
before;prep., conj. Adverb;A1, A2;преди
beg;Verb;B2;помолвам
begin;Verb;A1;започвам
beginning;Noun;A1;начало
behave;Verb;A2;държа се
behaviour;Noun;A2;поведение
behind;prep. Adverb;A1;зад
being;Noun;B2;същество
belief;Noun;B1;вярване
believe;Verb;A1;вярвам
bell;Noun;B1;звънец
belong;Verb;A2;принадлежат
below;Adverb prep.;A1;По-долу
belt;Noun;A2;колан
bend;Verb Noun;B1;извивам
benefit;Verb NouNoun;A2, B1;облага
bent;Adjective;B2;склонност
best;Adjective, AdVerb Noun;A1, A2;най-доброто
bet;Verb Noun;B2;залагане
better;Adjective , Adverb , Noun;A1, A2, B1;По-добре
between;prep., Adverb;A1, A2;между
beyond;prep. Adverb;B2;отвъд
bicycle;Noun;A1;велосипед
big;Adjective;A1;голям
bike;Noun;A1;велосипед
bill;Noun Verb;A1, B2;законопроект
billion number; ;A2;млрд номер
bin;Noun;A2;кофа за боклук
biology;Noun;A2;биология
bird;Noun;A1;птица
birth;Noun;A2;раждане
birthday;Noun;A1;рожден ден
biscuit;Noun;A2;бисквит
bit;Noun;A2;малко
bite;Verb Noun;B1;хапя
bitter;Adjective;B2;горчив
black;Adjective, Noun;A1;черно
blame;Verb Noun;B2;вина
blank;Adjective, Noun;A2;празно
blind;Adjective;B2;сляп
block;Noun Verb;B1;блок
blog;Noun;A1;блог
blonde;Adjective;A1;Рус
blood;Noun;A2;кръв
blow;Verb;A2;удар
blue;Adjective, Noun;A1;син
board;Noun Verb;A2, B1;борд
boat;Noun;A1;лодка
body;Noun;A1;тяло
boil;Verb;A2;кипене
bomb;Noun Verb;B1;бомба
bond;Noun;B2;връзка
bone;Noun;A2;костен
book;Noun Verb;A1, A2;Книга
boot;Noun;A1;ботуш
border;Noun Verb;B1, B2;граница
bored;Adjective;A1;отегчен
boring;Adjective;A1;скучно е
born;Verb;A1;роден
borrow;Verb;A2;взимам на заем
boss;Noun;A2;шеф
both;det./proNoun;A1;и двете
bother;Verb;B1;безпокоя
bottle;Noun;A1;бутилка
bottom;NouNoun Adjective;A2;дъно
bowl;Noun;A2;купа
box;Noun;A1;кутия
boy;Noun;A1;момче
boyfriend;Noun;A1;гадже
brain;Noun;A2;мозък
branch;Noun;B1;клон
brand;Noun Verb;B1;марка
brave;Adjective;B1;смел
bread;Noun;A1;хляб
break;Verb Noun;A1;почивка
breakfast;Noun;A1;закуска
breast;Noun;B2;гърди
breath;Noun;B1;дъх
breathe;Verb;B1;дишам
breathing;Noun;B1;дишане
bride;Noun;B1;булка
bridge;Noun;A2;мост
brief;Adjective;B2;кратък
bright;Adjective;A2;ярък
brilliant;Adjective;A2;блестящ
bring;Verb;A1;въвеждат
broad;Adjective;B2;широк
broadcast;Verb Noun;B2;излъчване
broken;Adjective;A2;разбито
brother;Noun;A1;брат
brown;Adjective, Noun;A1;кафяв
brush;Verb Noun;A2;четка
bubble;Noun;B1;мехур
budget;Noun;B2;бюджет
build;Verb;A1;натрупване
building;Noun;A1;сграда
bullet;Noun;B2;куршум
bunch;Noun;B2;куп
burn;Verb Noun;A2, B2;горя
bury;Verb;B1;погребе
bus;Noun;A1;автобус
bush;Noun;B2;храст
business;Noun;A1;бизнес
businessman;Noun;A2;бизнесмен
busy;Adjective;A1;зает
but;conj. prep;A1, B2;но
butter;Noun;A1;масло
button;Noun;A2;бутон
buy;Verb;A1;Купува
by;prep. Adverb;A1, B1;от
bye;exclam;A1;чао
cable;Noun;B2;кабел
cafe;Noun;A1;кафене
cake;Noun;A1;торта
calculate;Verb;B2;изчисли
call;Verb Noun;A1;повикване
calm;Adjective Verb Noun;B1;спокоен
camera;Noun;A1;камера
camp;Noun Verb;A2;лагер
campaign;Noun Verb;B1;кампания
camping;Noun;A2;къмпинг
campus;Noun;B1;кампус
can1;modal Verb;A1;CAN1
can2;Noun;A2;CAN2
cancel;Verb;B2;анулира
cancer;Noun;B2;рак
candidate;Noun;B1;кандидат
cannot;Verb;A1;не мога
cap;Noun;B1;шапка с козирка
capable;Adjective;B2;способен
capacity;Noun;B2;капацитет
capital;Noun Adjective;A1;капитал
captain;Noun;B1;капитан
capture;Verb Noun;B2;улавяне
car;Noun;A1;кола
card;Noun;A1;карта
care;Noun Verb;A2;грижа
career;Noun;A1;кариера
careful;Adjective;A2;внимателен
carefully;Adverb;A2;внимателно
careless;Adjective;B1;небрежен
carpet;Noun;A2;килим
carrot;Noun;A1;морков
carry;Verb;A1;носене
cartoon;Noun;A2;карикатура
case;Noun;A2;случай
cash;Noun;A2;пари в брой
cast;Noun Verb;B2;отливка
castle;Noun;A2;замък
cat;Noun;A1;котка
catch;Verb Noun;A2, B2;улов
category;Noun;B1;категория
cause;Noun Verb;A2;кауза
CD;Noun;A1;CD
ceiling;Noun;B1;таван
celebrate;Verb;A2;празнувам
celebration;Noun;B1;празненство
celebrity;Noun;A2;знаменитост
cell;Noun;B2;клетка
cent;Noun;A1;цент
central;Adjective;B1;централен
centre;Noun Verb;A1, B1;център
century;Noun;A1;век
ceremony;Noun;B1;церемония
certain;Adjective;A2;определен
certainly;Adverb;A2;разбира се
chain;Noun Verb;B1, B2;верига
chair;Noun Verb;A1, B2;Председател
chairman;Noun;B2;председател
challenge;Noun Verb;B1, B2;предизвикателство
champion;Noun;B1;шампион
chance;Noun;A2;шанс
change;Verb Noun;A1;промяна
channel;Noun;B1;канал
chapter;Noun;B1;глава
character;Noun;A2;характер
characteristic;Noun Adjective;B2;Характеристика
charge;Noun Verb;B1;зареждане
charity;Noun;A2;благотворителност
chart;Noun Verb;A1, B2;диаграма
chat;Verb Noun;A2;чат
cheap;Adjective , Adverb;A1, B1;евтин
cheat;Verb Noun;B1;изневерявам
check;Verb Noun;A1, A2;проверка
chef;Noun;A2;главен готвач
cheerful;Adjective;B1;радостен
cheese;Noun;A1;сирене
chemical;Adjective, Noun;B1;химически
chemistry;Noun;A2;химия
chest;Noun;B1;гръден кош
chicken;Noun;A1;пиле
chief;Adjective, Noun;B2;главен
child;Noun;A1;дете
childhood;Noun;B1;детство
chip;Noun;A2;чип
chocolate;Noun;A1;шоколад
choice;Noun;A2;избор
choose;Verb;A1;избирам
church;Noun;A2;църква
cigarette;Noun;A2;цигара
cinema;Noun;A1;кино
circle;Noun Verb;A2;кръг
circumstance;Noun;B2;обстоятелство
cite;Verb;B2;цитирам
citizen;Noun;B2;гражданин
city;Noun;A1;град
civil;Adjective;B2;граждански
claim;Verb Noun;B1;иск
class;Noun;A1;клас
classic;Adjective, Noun;B2;класически
classical;Adjective;A2;класически
classroom;Noun;A1;класна стая
clause;Noun;B1;клауза
clean;Adjective, Verb;A1;чист
clear;Adjective, Verb;A2, B1;ясно
clearly;Adverb;A2;ясно
clever;Adjective;A2;умен
click;Verb Noun;B1;кликване
client;Noun;B1;клиент
climate;Noun;A2;климат
climb;Verb Noun;A1, B1;изкачвам се
clock;Noun;A1;часовник
close1;Verb Noun;A1, B2;close1
close2;Adjective , Adverb;A2, B1;close2
closed;Adjective;A2;затворен
closely;Adverb;B2;тясно
cloth;Noun;B1;кърпа
clothes;Noun;A1;дрехи
clothing;Noun;A2;облекло
cloud;Noun;A2;облак
club;Noun;A1;клуб
clue;Noun;B1;улика
coach;Noun Verb;A2, B1;треньор
coal;Noun;B1;въглища
coast;Noun;A2;крайбрежие
coat;Noun;A1;палто
code;Noun;A2;код
coffee;Noun;A1;кафе
coin;Noun;B1;монета
cold;Adjective Noun;A1;студ
collapse;Verb Noun;B2;колапс
colleague;Noun;A2;колега
collect;Verb;A2;събиране
collection;Noun;B1;колекция
college;Noun;A1;колеж
colour;Noun;A1;цвят
coloured;Adjective;B1;оцветен
column;Noun;A2;колона
combination;Noun;B2;съчетание
combine;Verb;B1;комбайн
come;Verb;A1;идвам
comedy;Noun;A2;комедия
comfort;Noun Verb;B2;комфорт
comfortable;Adjective;A2;комфортен
command;Noun Verb;B2;команда
comment;Noun Verb;A2, B1;коментар
commercial;Adjective Noun;B1;търговски
commission;Noun Verb;B2;комисионна
commit;Verb;B1;ангажират
commitment;Noun;B2;задължение
committee;Noun;B2;комисия
common;Adjective Noun;A1;често срещани
commonly;Adverb;B2;обикновено
communicate;Verb;A2;общуват
communication;Noun;B1;общуване
community;Noun;A2;общност
company;Noun;A1;търговско дружество
compare;Verb;A1;сравнение
comparison;Noun;B1;сравнение
compete;Verb;A2;състезавам се
competition;Noun;A2;конкуренция
competitor;Noun;B1;конкурент
competitive;Adjective;B1;конкурентни
complain;Verb;A2;оплакват
complaint;Noun;B1;оплакване
complete;Adjective Verb;A1;пълен
completely;Adverb;A2;напълно
complex;Adjective, Noun;B1, B2;комплекс
complicated;Adjective;B2;усложнена
component;Noun;B2;компонент
computer;Noun;A1;компютър
concentrate;Verb;B1;концентрат
concentration;Noun;B2;концентрация
concept;Noun;B2;понятие
concern;Noun Verb;B2;загриженост
concerned;Adjective;B2;обезпокоен
concert;Noun;A1;концерт
conclude;Verb;B1;сключва
conclusion;Noun;B1;заключение
condition;Noun;A2;състояние
conduct;Verb Noun;B2;поведение, ръководене
conference;Noun;A2;конференция
confidence;Noun;B2;увереност
confident;Adjective;B1;уверен
confirm;Verb;B1;потвърждаване
conflict;Noun Verb;B2;конфликт
confuse;Verb;B1;обърка
confused;Adjective;B1;объркан
confusing;Adjective;B2;объркващо
connect;Verb;A2;Connect
connected;Adjective;A2;свързан
connection;Noun;B1;Връзка
conscious;Adjective;B2;в съзнание
consequence;Noun;B1;следствие
conservative;Adjective, Noun;B2;консервативен
consider;Verb;A2;обмисли
consideration;Noun;B2;разглеждане
consist;Verb;B1;състоя се
consistent;Adjective;B2;последователен
constant;Adjective;B2;постоянен
constantly;Adverb;B2;постоянно
construct;Verb;B2;конструкт
construction;Noun;B2;строителство
consume;Verb;B1;консумираме
consumer;Noun;B1;консуматор
contact;Noun Verb;B1;контакт
contain;Verb;A2;съдържа
container;Noun;B1;контейнер
contemporary;Adjective;B2;съвременен
content;Noun;B1;съдържание
contest;Noun Verb;B2;състезание
context;Noun;A2;контекст
continent;Noun;A2;континент
continue;Verb;A2;продължи
continuous;Adjective;B1;непрекъснат
contract;Noun Verb;B2;договор
contrast;Noun Verb;B1;За разлика
contribute;Verb;B2;допринесе
contribution;Noun;B2;принос
control;Noun Verb;A2;контрол
convenient;Adjective;B1;удобен
conversation;Noun;A1;разговор
convert;Verb;B2;конвертиране
convince;Verb;B1;убеждавам
convinced;Adjective;B2;убеден
cook;Verb Noun;A1, A2;готвач
cooker;Noun;A2;готварска печка
cooking;Noun;A1;готвене
cool;Adjective, Verb;A1, B1;готино
copy;Noun Verb;A2;копие
core;Noun Adjective;B2;сърцевина
corner;Noun;A2;ъглов
corporate;Adjective;B2;корпоративен
correct;Adjective Verb;A1;правилен
correctly;Adverb;A2;правилно
cost;Noun Verb;A1;цена
costume;Noun;B1;костюм
cottage;Noun;B1;къщичка
cotton;Noun;B1;памук
could;Verb;A1;бих могъл
council;Noun;B2;съвет
count;Verb Noun;A2, B1;броя
country;Noun;A1;страна
countryside;Noun;B1;околност
county;Noun;B2;окръг
couple;Noun;A2;двойка
courage;Noun;B2;кураж
course;Noun;A1;курс
court;Noun;B1;съдебна зала
cousin;Noun;A1;братовчед
cover;Verb Noun;A2, B1;Покрийте
covered;Adjective;B1;покрит
cow;Noun;A1;крава
crash;Noun Verb;B2;катастрофа
crazy;Adjective;A2;луд
cream;Noun Adjective;A1, B1;сметана
create;Verb;A1;създавам
creation;Noun;B2;създаване
creative;Adjective;A2;творчески
creature;Noun;B2;създание
credit;Noun Verb;A2, B2;кредит
crew;Noun;B2;екипаж
crime;Noun;A2;престъпление
criminal;Noun Adjective;A2, B1;престъпник
crisis;Noun;B2;криза
criterion;Noun;B2;критерий
critic;Noun;B2;критик
critical;Adjective;B2;критичен
criticism;Noun;B2;критика
criticize;Verb;B2;критикувам
crop;Noun;B2;реколта
cross;Verb Noun;A2;кръст
crowd;Noun;A2;тълпа
crowded;Adjective;A2;претъпкан
crucial;Adjective;B2;решаващ
cruel;Adjective;B1;жесток
cry;Verb Noun;A2, B2;вик
cultural;Adjective;B1;културен
culture;Noun;A1;култура
cup;Noun;A1;чаша
cupboard;Noun;A2;шкаф
cure;Verb Noun;B2;лек
curly;Adjective;A2;къдрав
currency;Noun;B1;валута
current;Adjective, Noun;B1, B2;текущ
currently;Adverb;B1;понастоящем
curtain;Noun;B1;завеса
curve;Noun Verb;B2;крива
curved;Adjective;B2;извит
custom;Noun;B1;персонализиран
customer;Noun;A1;клиент
cut;Verb , Noun;A1, B1;разрез
cycle;Noun Verb;A2, B1;цикъл
dad;Noun;A1;татко
daily;Adjective, Adverb;A2, B1;ежедневно
damage;Noun Verb;B1;щета
dance;Noun Verb;A1;танцувам
dancer;Noun;A1;танцьор
dancing;Noun;A1;танцуване
danger;Noun;A2;опасност
dangerous;Adjective;A1;опасно
dark;Adjective, Noun;A1, A2;тъмен
data;Noun;A2;данни
date;Noun Verb;A1, B2;дата
daughter;Noun;A1;дъщеря
day;Noun;A1;ден
dead;Adjective;A2;мъртъв
deal;Verb Noun;A2, B1;сделка
dear;Adjective, exclam;A1, A2;скъп
death;Noun;A2;смърт
debate;Noun Verb;B2;дебат
debt;Noun;B2;дълг
decade;Noun;B1;десетилетие
December;Noun;A1;декември
decent;Adjective;B2;свестен
decide;Verb;A1;реши
decision;Noun;A2;решение
declare;Verb;B2;декларират
decline;Verb Noun;B2;упадък
decorate;Verb;B1;украсяват
decoration;Noun;B2;украса
decrease;Verb Noun;B2;намаление
deep;Adjective, Adverb;A2, B1;Дълбок
deeply;Adverb;B2;дълбоко
defeat;Verb Noun;B2;поражение
defence;Noun;B2;отбрана
defend;Verb;B2;защитавам
define;Verb;B1;дефинира
definite;Adjective;B1;определен
definitely;Adverb;A2;определено
definition;Noun;B1;дефиниция
degree;Noun;A2;степен
delay;Verb Noun;B2;закъснение
deliberate;Adjective;B2;разисква
deliberately;Adverb;B2;преднамерено
delicious;Adjective;A1;много вкусен
delight;Verb Noun;B2;наслада
delighted;Adjective;B2;удоволствието
deliver;Verb;B1;доставям
delivery;Noun;B2;доставка
demand;Noun Verb;B2;търсене
demonstrate;Verb;B2;демонстрира
dentist;Noun;A2;зъболекар
deny;Verb;B2;отричам
department;Noun;A2;отдел
departure;Noun;B1;тръгване
depend;Verb;A2;зависи
depressed;Adjective;B2;депресиран
depressing;Adjective;B2;депресиращо
depth;Noun;B2;дълбочина
describe;Verb;A1;описвам
description;Noun;A1;описание
desert;Noun Verb;A2, B2;пустинен
deserve;Verb;B2;заслужавам
design;Noun Verb;A1;дизайн
designer;Noun;A2;дизайнер
desire;Noun Verb;B2;желание
desk;Noun;A1;бюро
desperate;Adjective;B2;отчаян
despite;prep;B1;въпреки
destination;Noun;B1;дестинация
destroy;Verb;A2;унищожи
detail;Noun Verb;A1, B2;детайл
detailed;Adjective;B2;подробно
detect;Verb;B2;откриване
detective;Noun;A2;детектив
determine;Verb;B1;определи
determined;Adjective;B1;решена
develop;Verb;A2;развият
development;Noun;B1;развитие
device;Noun;A2;приспособление
diagram;Noun;B1;диаграма
dialogue;Noun;A1;диалог
diamond;Noun;B1;диамант
diary;Noun;A2;дневник
dictionary;Noun;A1;речник
die;Verb;A1;умирам
diet;Noun;A1;диета
difference;Noun;A1;разлика
different;Adjective;A1;различно
differently;Adverb;A2;различно
difficult;Adjective;A1;трудно
difficulty;Noun;B1;затруднение
dig;Verb;B2;разкопки
digital;Adjective;A2;дигитален
dinner;Noun;A1;вечеря
direct;Adjective, Verb Adverb;A2, B1;директен
direction;Noun;A2;посока
directly;Adverb;B1;пряко
director;Noun;A2;директор
dirt;Noun;B1;мръсотия
dirty;Adjective;A1;мръсен
Dis Adverbantage;Noun;B1;Dis Adverbantage
disagree;Verb;A2;не съм съгласен
disappear;Verb;A2;изчезва
disappointed;Adjective;B1;разочарован
disappointing;Adjective;B1;разочароващи
disaster;Noun;A2;бедствие
disc;Noun;B2;диск
discipline;Noun;B2;дисциплина
discount;Noun Verb;B1, B2;отстъпка
discover;Verb;A2;Открийте
discovery;Noun;A2;откритие
discuss;Verb;A1;обсъждам
discussion;Noun;A2;дискусия
disease;Noun;A2;болест
dish;Noun;A1;чиния
dishonest;Adjective;B2;нечестен
dislike;Verb Noun;B1;неприязън
dismiss;Verb;B2;отхвърли
display;Verb Noun;B2;показ
distance;Noun;A2;разстояние
distribute;Verb;B2;разпространяват
distribution;Noun;B2;разпределение
district;Noun;B2;област
divide;Verb Noun;B1, B2;разделям
division;Noun;B2;делене
divorced;Adjective;A2;разведен
do;Verb auxiliary verb;A1;правя
doctor;Noun;A1;лекар
document;Noun Verb;A2, B2;документ
documentary;Noun;B1;документален филм
dog;Noun;A1;куче
dollar;Noun;A1;долар
domestic;Adjective;B2;вътрешен
dominate;Verb;B2;упражнявам контрол
donate;Verb;B1;дарят
door;Noun;A1;врата
double;Adjective det. proNoun Verb , Adverb;A2, B1;двойно
doubt;Noun Verb;B1;съмнение
down;Adverb Prep;A1;надолу
download;Verb Noun;A2;Изтегли
downstairs;Adverb , Adjective;A1, A2;на долния етаж
downwards;Adverb;B2;надолу
dozen;Noun det;B2;дузина
draft;Noun Verb;B2;проект
drag;Verb;B2;влача
drama;Noun;A2;драма
dramatic;Adjective;B2;драматичен
draw;Verb;A1;рисувам
drawing;Noun;A2;чертеж
dream;Noun Verb;A2;мечта
dress;Noun Verb;A1;рокля
dressed;Adjective;B1;облечен
drink;Noun Verb;A1;питие
drive;Verb Noun;A1, A2;път
driver;Noun;A1;шофьор
driving;Noun;A2;шофиране
drop;Verb Noun;A2, B1;изпускайте
drug;Noun;A2;лекарство
drum;Noun;B1;барабан
drunk;Adjective;B1;пиян
dry;Adjective, Verb;A2;сух
due;Adjective;B1;в следствие
during;prep;A1;по време на
dust;Noun;B1;прах
duty;Noun;B1;мито
DVD;Noun;A1;DVD
each;det./proNoun/Adverb;A1;всеки
ear;Noun;A1;ухо
early;Adjective Adverb;A1;рано
earn;Verb;A2;печеля
earth;Noun;A2;земя
earthquake;Noun;B1;земетресение
easily;Adverb;A2;лесно
east;Noun Adjective Adverb;A1;изток
eastern;Adjective;B1;източен
easy;Adjective;A1;лесно
eat;Verb;A1;Яжте
economic;Adjective;B1;икономически
economy;Noun;B1;икономика
edge;Noun;B1;ръб, край
edit;Verb;B2;редактиране
edition;Noun;B2;издание
editor;Noun;B1;редактор
educate;Verb;B1;образовам
educated;Adjective;B1;образован
education;Noun;A2;образование
educational;Adjective;B1;образователен
effect;Noun;A2;ефект
effective;Adjective;B1;ефективен
effectively;Adverb;B1;ефективно
efficient;Adjective;B2;ефикасен
effort;Noun;B1;усилие
egg;Noun;A1;яйце
eight;number;A1;осем
eighteen;number;A1;осемнадесет
eighty;number;A1;осемдесет
either;det./proNoun Adverb;A2;един
elderly;Adjective;B2;възрастен
elect;Verb;B2;новоизбран
election;Noun;B1;избори
electric;Adjective;A2;електрически
electrical;Adjective;A2;електрически
electricity;Noun;A2;електричество
electronic;Adjective;A2;електронен
element;Noun;B1;елемент
elephant;Noun;A1;слон
eleven;number;A1;единадесет
else;Adverb;A1;още
elsewhere;Adverb;B2;другаде
email;Noun Verb;A1;електронна поща
embarrassed;Adjective;B1;смутен
embarrassing;Adjective;B1;смущаващ
emerge;Verb;B2;се появяват
emergency;Noun;B1;спешен случай
emotion;Noun;B1;емоция
emotional;Adjective;B2;емоционален
emphasis;Noun;B2;ударение
emphasize;Verb;B2;подчертавам
employ;Verb;A2;наемат
employee;Noun;A2;служител
employer;Noun;A2;работодател
employment;Noun;B1;наемане на работа
empty;Adjective, Verb;A2, B1;изпразни
enable;Verb;B2;се даде възможност на
encounter;Verb Noun;B2;сблъскване
encourage;Verb;B1;насърчавам
end;Noun Verb;A1;край
ending;Noun;A2;край
enemy;Noun;B1;враг
energy;Noun;A2;енергия
engage;Verb;B2;ангажират
engaged;Adjective;B1;ангажиран
engine;Noun;A2;двигател
engineer;Noun;A2;инженер
engineering;Noun;B1;инженерство
enhance;Verb;B2;повишаване на
enjoy;Verb;A1;наслади се
enormous;Adjective;A2;огромен
enough;det. proNoun Adverb;A1;достатъчно
enquiry;Noun;B2;разследване
ensure;Verb;B2;гарантира,
enter;Verb;A2;въведете
entertain;Verb;B1;забавляват
entertainment;Noun;B1;забавление
enthusiasm;Noun;B2;ентусиазъм
enthusiastic;Adjective;B2;ентусиазиран
entire;Adjective;B2;цял
entirely;Adverb;B2;изцяло
entrance;Noun;B1;вход
entry;Noun;B1;влизане
environment;Noun;A2;околен свят
environmental;Adjective;B1;на околната среда
episode;Noun;B1;епизод
equal;Adjective, Verb Noun;B1, B2;равен
equally;Adverb;B1;по равно
equipment;Noun;A2;оборудване
error;Noun;A2;грешка
escape;Verb Noun;B1;избяга
especially;Adverb;A2;особено
essay;Noun;A2;есе
essential;Adjective;B1;съществен
establish;Verb;B2;установят
estate;Noun;B2;имот
estimate;Verb Noun;B2;приблизителна оценка
ethical;Adjective;B2;етичен
euro;Noun;A1;евро
evaluate;Verb;B2;оценка
even;AdVerb Adjective;A1, B2;дори
evening;Noun;A1;вечер
event;Noun;A1;събитие
eventually;Adverb;B1;в крайна сметка
ever;Adverb;A1;някога
every;det;A1;всеки
everybody;proNoun;A1;всички
everyday;Adjective;A2;всеки ден
everyone;proNoun;A1;всеки
everything;proNoun;A1;всичко
everywhere;Adverb;A2;навсякъде
evidence;Noun;A2;доказателства
evil;Adjective, Noun;B2;зло
exact;Adjective;A2;точен
exactly;Adverb;A2;точно
exam;Noun;A1;изпит
examination;Noun;B2;Преглед
examine;Verb;B1;проучи
example;Noun;A1;пример
excellent;Adjective;A2;отличен
except;prep, conj;A2, B1;с изключение
exchange;Noun Verb;B1;обмен
excited;Adjective;A1;развълнуван
excitement;Noun;B1;вълнение
exciting;Adjective;A1;вълнуващ
excuse;Noun Verb;B2;извинение
executive;Noun Adjective;B2;изпълнителен
exercise;Noun Verb;A1;упражнение
exhibition;Noun;B1;изложба
exist;Verb;A2;съществуват
existence;Noun;B2;съществуване
expand;Verb;B1;разширят
expect;Verb;A2;очаквам
expectation;Noun;B2;очакване
expected;Adjective;B1;очакван
expedition;Noun;B1;експедиция
expense;Noun;B2;разход
expensive;Adjective;A1;скъп
experience;Noun Verb;A2, B1;опит
experienced;Adjective;B1;опитен
experiment;Noun Verb;A2, B1;експеримент
expert;Noun Adjective;A2;експерт
explain;Verb;A1;обяснявам
explanation;Noun;A2;обяснение
explode;Verb;B1;експлодирам
exploration;Noun;B2;проучване
explore;Verb;B1;изследвам
explosion;Noun;B1;експлозия
export;Noun Verb;B1;износ
expose;Verb;B2;излагам
express;Verb;A2;експресна
expression;Noun;A2;изразяване
extend;Verb;B2;разшири
extent;Noun;B2;степен
external;Adjective;B2;външен
extra;Adjective, Noun Adverb;A1, B1;екстра
extraordinary;Adjective;B2;необикновен
extreme;Adjective, Noun;A2, B2;екстремни
extremely;Adverb;A2;извънредно
eye;Noun;A1;око
face;Noun Verb;A1, B1;лице
facility;Noun;B2;съоръжение
fact;Noun;A1;факт
factor;Noun;A2;фактор
factory;Noun;A2;фабрика
fail;Verb;A2;Fail
failure;Noun;B2;неуспех
fair;Adjective;A2;справедлив
fairly;Adverb;B1;сравнително
faith;Noun;B2;вяра
fall;Verb Noun;A1, A2;падане
FALSE;Adjective;A1;FALSE
familiar;Adjective;B1;запознат
family;Noun Adjective;A1;семейство
famous;Adjective;A1;известен
fan;Noun;A2;фен
fancy;Verb Adjective;B1;фантазия
fantastic;Adjective;A1;фантастичен
far;Adverb , Adjective;A1, B1;далече
farm;Noun Verb;A1, A2;ферма
farmer;Noun;A1;земеделски производител
farming;Noun;A2;Земеделие
fascinating;Adjective;B1;очарователен
fashion;Noun;A2;мода
fashionable;Adjective;B1;модерен
fast;Adjective, Adverb;A1;бърз
fasten;Verb;B1;втвърдявам
fat;Adjective, Noun;A1, A2;дебел
father;Noun;A1;баща
fault;Noun;B2;вина
favour;Noun Verb;B1, B2;услуга
favourite;Adjective, Noun;A1;любим
fear;Noun Verb;A2, B1;страх
feather;Noun;B2;перце
feature;Noun Verb;A2, B1;отличителен белег
February;Noun;A1;февруари
fee;Noun;B2;такса
feed;Verb Noun;A2, B2;фураж
feedback;Noun;B2;обратна връзка
feel;Verb Noun;A1, B2;Усещам
feeling;Noun;A1;чувство
fellow;Adjective;B2;Колега
female;Adjective, Noun;A2;женски пол
fence;Noun;B1;ограда
festival;Noun;A1;фестивал
few;det./Adjective, proNoun;A1;малцина
fiction;Noun;A2;измислица
field;Noun;A2;поле
fifteen;number;A1;петнадесет
fifth;number;A1;пети
fifty;number;A1;петдесет
fight;Verb Noun;A2;битка
fighting;Noun;B1;борба
figure;Noun Verb;A2, B2;фигура
file;Noun Verb;B1, B2;досие
fill;Verb;A1;запълване
film;Noun Verb;A1, A2;филм
final;Adjective, Noun;A1, A2;финал
finally;Adverb;A2;накрая
finance;Noun Verb;B2;финанси
financial;Adjective;B1;финансов
find;Verb;A1;намирам
finding;Noun;B2;намиране
fine;Adjective;A1;глоба
finger;Noun;A2;пръст на ръката
finish;Verb Noun;A1, A2;завършек
fire;Noun Verb;A1, B1;пожар
firm;Noun;B2;твърд
first;det./number.AdVerb Noun;A1, A2;първи
firstly;Adverb;A2;на първо място
fish;Noun Verb;A1, A2;риба
fishing;Noun;A2;риболов
fit;Verb Adjective;A2;годни
fitness;Noun;B1;фитнес
five;number;A1;пет
fix;Verb Noun;A2, B2;корекция
fixed;Adjective;B1;фиксиран
flag;Noun;B1;флаг
flame;Noun;B2;пламък
flash;Noun Verb;B2;флаш
flat;Noun Adjective;A1, A2;апартамент
flexible;Adjective;B2;гъвкав
flight;Noun;A1;полет
float;Verb;B2;поплавък
flood;Noun Verb;B1;наводнение
floor;Noun;A1;етаж
flour;Noun;B1;брашно
flow;Verb Noun;B1;поток
flower;Noun;A1;цвете
flu;Noun;A2;грип
fly;Verb Noun;A1, A2;летя
flying;Noun Adjective;A2;летене
focus;Verb Noun;A2;фокус
fold;Verb Noun;B1, B2;гънка
folding;Adjective;B2;сгъване
folk;Noun Adjective;B1;народен
follow;Verb;A1;последвам
following;Adjective, Noun prep;A2, B1, B2;следното
food;Noun;A1;храна
foot;Noun;A1;крак
football;Noun;A1;футбол
for;prep.;A1;за
force;NounVerb;B1;сила
foreign;Adjective;A2;чуждестранен
forest;Noun;A2;гора
forever;Adverb;B1;завинаги
forget;Verb;A1;забравям
forgive;Verb;B2;прощавам
fork;Noun;A2;вилица
form;NounVerb;A1;форма
formal;Adjective;A2;формален
former;Adjective;B2;бивш
fortunately;Adverb;A2;за щастие
fortune;Noun;B2;щастие
forty;number;A1;четиридесет
forward;AdVerb Adjective;A2, B2;напред
found;Verb;B2;намерено
four;number;A1;четири
fourteen;number;A1;четиринадесет
fourth;number;A1;четвърти
frame;NounVerb;B1;кадър
free;Adjective, AdVerb Verb;A1,A2,B2;Безплатно
freedom;Noun;B2;свобода
freeze;Verb;B1;замръзване
frequency;Noun;B2;честота
frequently;Adverb;B1;често
fresh;Adjective;A2;прясно
Friday;Noun;A1;петък
fridge;Noun;A2;хладилник
friend;Noun;A1;приятел
friendly;Adjective;A1;приятелски настроен
friendship;Noun;B1;приятелство
frighten;Verb;B1;плаша
frightened;Adjective;B1;изплашен
frightening;Adjective;B1;плашещо
frog;Noun;A2;жаба
from;prep;A1;от
front;Noun Adjective;A1;преден
frozen;Adjective;B1;замръзнал
fruit;Noun;A1;плодове
fry;Verb;B1;дребна риба
fuel;Noun Verb;B1, B2;гориво
full;Adjective;A1;пълен
fully;Adverb;B2;напълно
fun;Noun Adjective;A1, A2;шега
function;Noun Verb;B1, B2;функция
fund;Noun Verb;B2;фонд
fundamental;Adjective;B2;основен
funding;Noun;B2;финансиране
funny;Adjective;A1;забавен
fur;Noun;B1;козина
furniture;Noun;A2;мебели
further;Adjective, Adverb;A2, B1;още
furthermore;Adverb;B2;освен това
future;Noun Adjective;A1, A2;бъдеще
gain;Verb Noun;B2;печалба
gallery;Noun;A2;галерия
game;Noun;A1;игра
gang;Noun;B2;банда
gap;Noun;A2;празнина
garage;Noun;B1;гараж
garden;Noun;A1;градина
gas;Noun;A2;газ
gate;Noun;A2;порта
gather;Verb;B1;събирам
general;Adjective;A2;общ
generally;Adverb;B1;в общи линии
generate;Verb;B2;генериране
generation;Noun;B1;поколение
generous;Adjective;B1;щедър
genre;Noun;B2;жанр
gentle;Adjective;B1;лек
gentleman;Noun;B1;джентълмен
geography;Noun;A1;география
get;Verb;A1;GET
ghost;Noun;B1;призрак
giant;Adjective, Noun;B1;гигант
gift;Noun;A2;подарък
girl;Noun;A1;момиче
girlfriend;Noun;A1;приятелка
give;Verb;A1;давам
glad;Adjective;B1;доволен
glass;Noun;A1;стъкло
global;Adjective;B1;в световен мащаб
glove;Noun;B1;ръкавица
go;Verb Noun;A1, B1;отивам
goal;Noun;A2;цел
God;Noun;A2;Бог
gold;Noun Adjective;A2;злато
golf;Noun;A2;голф
good;Adjective, Noun;A1, A2;добре
goodbye;exclam. Noun;A1;Довиждане
goods;Noun;B1;стоки
govern;Verb;B2;управлява
government;Noun;A2;правителство
grab;Verb;B2;заграбване
grade;Noun Verb;B1, B2;клас
gradually;Adverb;B2;постепенно
graduate;Noun Verb;B1;завършвам
grain;Noun;B1;зърно
grand;Adjective;B2;грандиозен
grandfather;Noun;A1;дядо
grandmother;Noun;A1;баба
grandparent;Noun;A1;баба или дядо
grant;Verb Noun;B2;грант
grass;Noun;A2;трева
grateful;Adjective;B1;благодарен
great;Adjective;A1;страхотен
green;Adjective, Noun;A1;зелен
greet;Verb;A2;Поздравете
grey;Adjective, Noun;A1;сив
ground;Noun;A2;приземен
group;Noun;A1;група
grow;Verb;A1;растат
growth;Noun;B1;растеж
guarantee;Verb Noun;B2;гаранция
guard;Noun Verb;B1;охрана
guess;Verb Noun;A1;предполагам
guest;Noun;A2;гост
guide;Noun Verb;A2;ръководство
guilty;Adjective;B1;виновен
guitar;Noun;A1;китара
gun;Noun;A2;пистолет
guy;Noun;A2;човек
gym;Noun;A1;фитнес
habit;Noun;A2;навик
hair;Noun;A1;коса
half;Noundet.proNoun, Adverb;A1, A2;наполовина
hall;Noun;A2;антре
hand;Noun Verb;A1, B1;ръка
handle;Verb Noun;B2;дръжка
hang;Verb;B1;вися
happen;Verb;A1;става
happily;Adverb;A2;щастливо
happiness;Noun;B1;щастие
happy;Adjective;A1;щастлив
hard;Adjective, Adverb;A1;трудно
hardly;Adverb;B1;едва ли
harm;Noun Verb;B2;вреда
harmful;Adjective;B2;вреден
hat;Noun;A1;шапка
hate;Verb Noun;A1, B1;омразата
have;Verb auxiliary Verb;A1, A2;имам
have to modal;Verb;A1;Трябва да модален
he;proNoun;A1;той
head;Noun Verb;A1, B1;глава
headache;Noun;A2;главоболие
headline;Noun;B1;заглавие
health;Noun;A1;здраве
healthy;Adjective;A1;здрав
hear;Verb;A1;чувам
hearing;Noun;B2;слуха
heart;Noun;A2;сърце
heat;Noun Verb;A2;топлина
heating;Noun;B1;отопление
heaven;Noun;B2;рай
heavily;Adverb;B1;силно
heavy;Adjective;A2;тежък
heel;Noun;B2;пета
height;Noun;A2;височина
helicopter;Noun;B1;хеликоптер
hell;Noun;B2;ад
hello;exclam./Noun;A1;Здравейте
help;Verb Noun;A1;помогне
helpful;Adjective;A2;полезен
her;proNoundet;A1;тя
here;Adverb;A1;тук
hero;Noun;A2;герой
hers;proNoun;A2;неин
herself;proNoun;A2;себе си
hesitate;Verb;B2;колебайте
hey;exclam;A1;Хей
hi;exclam;A1;здрасти
hide;Verb;A2;Крия
high;Adjective, AdVerb Noun;A1, A2, B2;Високо
highlight;Verb Noun;B1;връхна точка
highly;Adverb;B1;силно
hill;Noun;A2;хълм
him;proNoun;A1;него
himself;proNoun;A2;себе си
hire;Verb Noun;B1, B2;под наем
his;det. proNoun;A1, A2;му
historic;Adjective;B1;исторически
historical;Adjective;B1;исторически
history;Noun;A1;история
hit;Verb Noun;A2;хит
hobby;Noun;A1;хоби
hockey;Noun;A2;хокей
hold;Verb Noun;A2, B2;изчакване
hole;Noun;A2;дупка
holiday;Noun;A1;празник
hollow;Adjective;B2;кух
holy;Adjective;B2;свят
home;Noun AdVerb Adjective;A1, A2;У дома
homework;Noun;A1;домашна работа
honest;Adjective;B1;честен
honour;Noun Verb;B2;чест
hope;Verb Noun;A1, A2;надежда
horrible;Adjective;B1;ужасен
horror;Noun;B1;ужас
horse;Noun;A1;кон
hospital;Noun;A1;болница
host;Noun Verb;B1, B2;домакин
hot;Adjective;A1;горещ
hotel;Noun;A1;хотел
hour;Noun;A1;час
house;Noun Verb;A1, B2;къща
household;Noun;B2;домакинство
housing;Noun;B2;жилище
how;Adverb;A1;как
however;Adverb;A1;въпреки това
huge;Adjective;A2;огромен
human;Adjective, Noun;A2;човек
humorous;Adjective;B2;хумористичен
humour;Noun;B2;хумор
hundred;number;A1;сто
hungry;Adjective;A1;гладен
hunt;Verb Noun;B1, B2;лов
hunting;Noun;B2;на лов
hurricane;Noun;B1;ураган
hurry;Noun Verb;B1;бързам
hurt;Verb Adjective Noun;A2, B2;боли
husband;Noun;A1;съпруг
I;proNoun;A1;аз
ice;Noun;A1;лед
ice cream;Noun;A1;сладолед
idea;Noun;A1;идея
ideal;Adjective , Noun;A2, B2;идеален
identify;Verb;A2;идентифициране
identity;Noun;B1;идентичност
if;conj.;A1;ако
ignore;Verb;B1;игнорирам
ill;Adjective;A2;аз ще
illegal;Adjective;B1;незаконен
illness;Noun;A2;болест
illustrate;Verb;B2;илюстрирам
illustration;Noun;B2;илюстрация
image;Noun;A2;изображение
imaginary;Adjective;B1;въображаем
imagination;Noun;B2;въображение
imagine;Verb;A1;Представете си
immediate;Adjective;B1;непосредствен
immediately;Adverb;A2;веднага
immigrant;Noun;B1;имигрант
impact;Noun Verb;B1;въздействие
impatient;Adjective;B2;нетърпелив
imply;Verb;B2;предполага
import;Noun Verb;B1;внос
importance;Noun;B1;важност
important;Adjective;A1;важно
impose;Verb;B2;налагат
impossible;Adjective;A2;невъзможен
impress;Verb;B2;впечатлявам
impressed;Adjective;B2;впечатлен
impression;Noun;B1;впечатление
impressive;Adjective;B1;внушителен
improve;Verb;A1;подобряване на
improvement;Noun;B1;подобрение
in;prep., Adverb;A1;в
inch;Noun;B2;инч
incident;Noun;B2;инцидент
include;Verb;A1;включва
included;Adjective;A2;включен
including;prep.;A2;включително
income;Noun;B2;доход
increase;Verb Noun;A2;нараства
increasingly;Adverb;B2;все повече
incredible;Adjective;A2;невероятен
incredibly;Adverb;B1;невероятно
indeed;Adverb;B1;наистина
independent;Adjective;A2;независим
indicate;Verb;B1;посочат
indirect;Adjective;B1;непряк
individual;Noun, adj;A2;индивидуален
indoor;Adjective;B1;вътрешен
indoors;Adverb;B1;на закрито
industrial;Adjective;B2;индустриален
industry;Noun;A2;промишленост
infection;Noun;B2;инфекция
influence;NounVerb;B1;влияние
inform;Verb;B2;информирам
informal;Adjective;A2;неформален
information;Noun;A1;информация
ingredient;Noun;B1;съставна част
initial;Adjective;B2;първоначален
initially;Adverb;B2;първоначално
initiative;Noun;B2;инициатива
injure;Verb;B1;наранят
injured;Adjective;B1;пострадалото
injury;Noun;A2;нараняване
inner;Adjective;B2;атрешна
innocent;Adjective;B1;невинен
insect;Noun;A2;насекомо
inside;prep.Adverb Noun Adjective;A2;вътре
insight;Noun;B2;прозрение
insist;Verb;B2;настоявам
inspire;Verb;B2;INSPIRE
install;Verb;B2;Инсталирай
instance;Noun;B2;инстанция
instead;Adverb;A2;вместо
institute;Noun;B2;институт
institution;Noun;B2;институция
instruction;Noun;A2;инструкция
instructor;Noun;A2;инструктор
instrument;Noun;A2;инструмент
insurance;Noun;B2;застраховка
intelligence;Noun;B1;интелигентност
intelligent;Adjective;A2;интелигентен
intend;Verb;B1;възнамерявам
intended;Adjective;B2;предназначено
intense;Adjective;B2;интензивен
intention;Noun;B1;намерение
interest;Noun Verb;A1;интерес
interested;Adjective;A1;заинтересован
interesting;Adjective;A1;интересен
internal;Adjective;B2;вътрешен
international;Adjective;A2;международен
internet;Noun;A1;интернет
interpret;Verb;B2;тълкувам
interrupt;Verb;B2;прекъсване
interview;Noun Verb;A1;интервю
into;prep.;A1;в
introduce;Verb;A1;въведат
introduction;Noun;A2;Въведение
invent;Verb;A2;измислям
invention;Noun;A2;изобретение
invest;Verb;B1;инвестирам
investigate;Verb;B1;изследвам
investigation;Noun;B2;разследване
investment;Noun;B2;инвестиция
invitation;Noun;A2;покана
invite;Verb;A2;каня
involve;Verb;A2;включва
involved;Adjective;B1;участващи
iron;Noun Verb;B1;желязо
island;Noun;A1;остров
issue;Noun, Verb;B1, B2;проблем
IT;Noun;B1;ТО
it;proNoun;A1;то
item;Noun;A2;вещ
its;det.;A1;негов
itself;proNoun;A2;себе си
jacket;Noun;A1;яке
jam;Noun;A2;конфитюр
January;Noun;A1;януари
jazz;Noun;A2;джаз
jeans;Noun;A1;дънки
jewellery;Noun;A2;бижута
job;Noun;A1;работа
join;Verb;A1;присъединяване
joke;Noun Verb;A2;шега
journal;Noun;B1;списание
journalist;Noun;A2;журналист
journey;Noun;A1;пътуване
joy;Noun;B2;радост
judge;Noun Verb;B1;съдия
judgement;Noun;B2;преценка
juice;Noun;A1;сок
July;Noun;A1;Юли
jump;Verb Noun;A2;скок
June;Noun;A1;юни
junior;Adjective;B2;младши
just;Adverb;A1;просто
justice;Noun;B2;правосъдие
justify;Verb;B2;оправдавам
keen;Adjective;B1;запален
keep;Verb;A1;пазя
key;Noun, Adjective Verb;A1, B1;ключ
keyboard;Noun;B1;клавиатура
kick;Verb Noun;B1;удар
kid;Noun;A2;хлапе
kill;Verb;A2;убийство
killing;Noun;B1;убиване
kilometre;Noun;A1;километър
kind(type);Noun;A1;вид (тип)
kind(caring);Adjective;B1;вид (грижите)
king;Noun;A2;цар
kiss;Verb Noun;B1;целувка
kitchen;Noun;A1;кухня
knee;Noun;A2;коляно
knife;Noun;A2;нож
knock;Verb , Noun;A2, B1;чукам
know;Verb;A1;зная
knowledge;Noun;A2;знание
lab;Noun;A2;лаборатория
label;Noun Verb;B1;етикет
laboratory;Noun;B1;лаборатория
labour;Noun;B2;труд
lack;Noun Verb;B1;липса
lady;Noun;A2;дама
lake;Noun;A2;езеро
lamp;Noun;A2;лампа
land;Noun, Verb;A1, A2;земя
landscape;Noun;B2;пейзаж
language;Noun;A1;език
laptop;Noun;A2;лаптоп
large;Adjective;A1;голям
largely;Adverb;B2;до голяма степен
last1 (final);det., Adverb n;A1, A2;last1 (крайна)
last1 (taking time);Verb;A2;last1 (като време)
late;Adjective Adverb;A1;късен
later;Adverb , Adjective;A1, A2;по късно
latest;Adjective , Noun;B1, B2;последен
laugh;Verb Noun;A1;смях
laughter;Noun;A2;смях
launch;Verb Noun;B2;хвърлям
law;Noun;A2;закон
lawyer;Noun;A2;адвокат
lay;Verb;B1;лежаха
layer;Noun;B1;слой
lazy;Adjective;A2;мързелив
lead;Verb , Noun;A2, B1;водя
leader;Noun;A2;водач
leadership;Noun;B2;ръководство
leading;Adjective;B1;водещ
leaf;Noun;B1;листо
league;Noun;B2;лига
lean;Verb;B2;слаб
learn;Verb;A1;уча
learning;Noun;A2;изучаване на
least;det./proNoun Adverb;A2;най-малко
leather;Noun;B1;Кожа
leave;Verb , Noun;A1, B2;отпуск
lecture;Noun Verb;A2;лекция
left;Adjective Adverb Verb;A1;наляво
leg;Noun;A1;крак
legal;Adjective;B1;правен
leisure;Noun;B1;свободно време
lemon;Noun;A2;лимон
lend;Verb;A2;заемаш
length;Noun;B1;дължина
less;det./pro Noun Adverb;A2;по-малко
lesson;Noun;A1;урок
let;Verb;A1;позволявам
letter;Noun;A1;писмо
level;Noun, Adjective , Verb;A2, B1, B2;ниво
library;Noun;A1;библиотека
licence;Noun;B2;Разрешително
lie;Verb;A1;лъжа
lie;Verb Noun;B2;лъжа
life;Noun;A1;живот
lifestyle;Noun;A2;начин на живот
lift;Verb;Noun;вдигам
light (from the sun/a lamp);Noun Adverb , Verb;A1, A2;светлина (от слънцето / лампа)
light (not heavy);Adjective;A2;светлина (не тежка)
like (similar);prep.;A1;като (подобно)
like (find sb/sth pleasant);Verb , n;A1, B1;като (намерите SB / STH приятен)
Noun;B1; ;Съществително
likely;Adjective;A2;вероятно
limit;Noun Verb;B1;лимит
limited;Adjective;B2;ограничен
line;Noun, Verb;A1, B2;линия
link;Noun Verb;A2;връзка
lion;Noun;A1;лъв
lip;Noun;B1;устна
liquid;Noun Adjective;B1;течност
list;Noun Verb;A1;списък
listen;Verb;A1;слушам
listener;Noun;A2;слушател
literature;Noun;B1;литература
little;Adjective det./proNoun, Adverb;A1, A2;малко
live1;Verb;A1;live1
live2;Adjective Adverb;B1;live2
lively;Adjective;B2;оживено
living;Adjective Noun;B1;жив
load;Noun Verb;B2;натоварване
loan;Noun;B2;заем
local;Adjective , Noun;A1, B1;местен
locate;Verb;B1;намерете
located;Adjective;B1;разположен
location;Noun;B1;местоположение
lock;Verb Noun;A2;ключалка
logical;Adjective;B2;логичен
lonely;Adjective;B1;самотен
long;Adjective Adverb;A1;дълго
long-term;Adjective Adverb;B2;дългосрочен
look;Verb , Noun;A1, A2;виж
loose;Adjective;B2;хлабав
lord;Noun;B2;господар
lorry;Noun;A2;камион
lose;Verb;A1;губя
loss;Noun;B1;загуба
lost;Adjective;A2;загубен
lot;proNoun det. Adverb;A1;много
loud;Adjective Adverb;A2;шумен
loudly;Adverb;A2;силно
love;Noun Verb;A1;любов
lovely;Adjective;A2;прекрасен
low;Adjective Adverb , n;A2, B2;ниско
lower;Verb;B2;нисък
luck;Noun;A2;късмет
lucky;Adjective;A2;късметлия
lunch;Noun;A1;обяд
lung;Noun;B2;бял дроб
luxury;Noun;B1;лукс
machine;Noun;A1;машина
mad;Adjective;B1;луд
magazine;Noun;A1;списание
magic;Noun Adjective;B1;магия
mail;Noun Verb;A2;поща
main;Adjective;A1;основен
mainly;Adverb;B1;главно
maintain;Verb;B2;поддържане
major;Adjective;A2;голям
majority;Noun;B2;мнозинство
make;Verb , Noun;A1, B2;грим
male;Adjective Noun;A2;мъжки пол
mall;Noun;B1;търговски център
man;Noun;A1;мъж
manage;Verb;A2;управлявам
management;Noun;B1;управление
manager;Noun;A2;мениджър
manner;Noun;A2;начин
many;det./proNoun;A1;много
map;Noun, Verb;A1, B2;карта
March;Noun;A1;Март
mark;Verb Noun;A2;марка
market;Noun, Verb;A1, B1;пазар
marketing;Noun;B1;маркетинг
marriage;Noun;B1;брак
married;Adjective;A1;женен
marry;Verb;A2;се ожени
mass;Noun Adjective;B2;маса
massive;Adjective;B2;масов
master;Noun Verb;B2;майстор
match (contest/correspond);Noun Verb;A1;мач (конкурс / съответстват)
matching;Adjective;B2;съчетаване
material;Noun, Adjective;A2, B2;материал
mathematics;Noun;A2;математика
maths;Noun;A2;математика
matter;Noun Verb;A2;въпрос
maximum;Adjective Noun;B2;максимален
May;Noun;A1;Може
may modal;Verb;A2;може модал
maybe;Adverb;A1;може би
me;proNoun;A1;мен
meal;Noun;A1;брашно
mean;Verb;A1;означава
meaning;Noun;A1;значение
means;Noun;B2;средства
meanwhile;Adverb;B1;междувременно
measure;Verb Noun;B1;мярка
measurement;Noun;B2;измерване
meat;Noun;A1;месо
media;Noun;A2;средства
medical;Adjective;A2;медицински
medicine;Noun;A2;лекарство
medium;Adjective , Noun;B1, B2;среда
meet;Verb;A1;Среща
meeting;Noun;A1;среща
melt;Verb;B2;стопилка
member;Noun;A1;член
memory;Noun;A2;памет
mental;Adjective;B1;умствен
mention;Verb , Noun;A2, B1;споменавам
menu;Noun;A1;меню
mess;Noun Verb;B1;бъркотия
message;Noun;A1;съобщение
metal;Noun;A2;метал
method;Noun;A2;метод
metre;Noun;A1;метър
middle;Noun Adjective;A2;среден
midnight;Noun;A1;полунощ
might modal;Verb;A2;може модал
mild;Adjective;B1;мек
mile;Noun;A1;миля
military;Adjective Noun;B2;военен
milk;Noun;A1;мляко
million number; ;A1;милиона броя
mind;Noun Verb;A2;ум
mine (belongs to me);proNoun;A2;мина (принадлежи на мен)
mine (hole in the ground);Noun;B1;мина (дупка в земята)
mineral;Noun;B2;минерал
minimum;Adjective Noun;B2;минимум
minister;Noun;B2;министър
minor;Adjective;B2;незначителен
minority;Noun;B2;малцинство
minute;Noun;A1;минута
mirror;Noun;A2;огледало
miss;Verb;A1;мис
missing;Adjective;A2;липсващ
mission;Noun;B2;мисия
mistake;Noun, Verb;A1, B2;грешка
mix;Verb Noun;B1;смесват
mixed;Adjective;B2;смесен
mixture;Noun;B1;смес
mobile;Adjective Noun;A2;Подвижен
model;Noun, Verb;A1, B2;модел
modern;Adjective;A1;модерен
modify;Verb;B2;Промени
moment;Noun;A1;момент
Monday;Noun;A1;понеделник
money;Noun;A1;пари
monitor;Noun Verb;B2;монитор
monkey;Noun;A2;маймуна
month;Noun;A1;месец
mood;Noun;B1;настроение
moon;Noun;A2;луна
moral;Adjective Noun;B2;морален
more;det./proNoun Adverb;A1;Повече ▼
morning;Noun;A1;сутрин
most;det./proNoun Adverb;A1;най-много
mostly;Adverb;A2;в повечето случаи
mother;Noun;A1;майка
motor;Noun Adjective;B2;мотор
motorcycle;Noun;A2;мотоциклет
mount;Verb;B2;планина
mountain;Noun;A1;планина
mouse;Noun;A1;мишка
mouth;Noun;A1;уста
move;Verb , Noun;A1, B1;ход
movement;Noun;A2;движение
movie;Noun;A1;филм
much;det./proNoun Adverb;A1;много
mud;Noun;B1;кал
multiple;Adjective;B2;многократни
multiply;Verb;B2;умножете
mum;Noun;A1;мама
murder;NounVerb;B1;убийство
muscle;Noun;B1;мускул
museum;Noun;A1;музей
music;Noun;A1;музика
musical;Adjective , Noun;A2, B1;музикален
musician;Noun;A2;музикант
must modal;Verb;A1;трябва модал
my;det.;A1;мой
myself;proNoun;A2;себе си
mysterious;Adjective;B2;тайнствен
mystery;Noun;B1;мистерия
nail;Noun;B1;гвоздей
name;Noun Verb;A1;име
narrative;Noun Adjective;B1;разказ
narrow;Adjective , Verb;A2, B2;стесни
nation;Noun;B1;нация
national;Adjective , Noun;A2, B2;национален
native;Adjective Noun;B1;местен
natural;Adjective;A1;естествен
naturally;Adverb;B1;естествено
nature;Noun;A2;природа
near;prep. Adjective Adverb;A1;близо до
nearly;Adverb;A2;почти
neat;Adjective;B2;чист
necessarily;Adverb;B1;непременно
necessary;Adjective;A2;необходимо
neck;Noun;A2;врат
need;Verb , Noun, modal Verb;A1, A2, B1;трябва
needle;Noun;B1;игла
negative;Adjective , Noun;A1, B2;отрицателен
neighbour;Noun;A1;съсед
neighbourhood;Noun;B1;квартал
neither;det./proNoun, Adverb;A2, B1;нито едно
nerve;Noun;B2;нерв
nervous;Adjective;A2;нервен
net;Noun;B1;нето
network;Noun;A2;мрежа
never;Adverb;A1;никога
nevertheless;Adverb;B2;въпреки това
new;Adjective;A1;нов
news;Noun;A1;Новини
newspaper;Noun;A1;вестник
next;Adjective Adverb , Noun;A1, B1;следващия
next to;prep.;A1;до
nice;Adjective;A1;приятен
night;Noun;A1;нощ
nightmare;Noun;B2;кошмар
nine;number;A1;девет
nineteen;number;A1;деветнадесет
ninety;number;A1;деветдесет
no;exclam. det.;A1;не
no one;proNoun;A1;никой
nobody;proNoun;A1;Никой
noise;Noun;A2;шум
noisy;Adjective;A2;шумен
none;pro Noun;A2;нито един
nor;conj./Adverb;B1;нито
normal;Adjective , Noun;A2, B1;нормален
normally;Adverb;A2;нормално
north;Noun Adjective Adverb;A1;север
northern;Adjective;B1;северен
nose;Noun;A1;нос
not;Adverb;A1;не
note;Noun Verb;A1, B1;Забележка
nothing;proNoun;A1;Нищо
notice;Verb Noun;A2;известие
notion;Noun;B2;понятие
novel;Noun;A2;роман
November;Noun;A1;ноември
now;Adverb , conj.;A1, B1;сега
nowhere;Adverb;A2;никъде
nuclear;Adjective;B1;ядрен
number;Noun, Verb;A1, A2;номер
numerous;Adjective;B2;многоброен
nurse;Noun;A1;медицинска сестра
nut;Noun;A2;гайка
obey;Verb;B2;подчинявам се
object;Noun Verb;A1, B2;обект
objective;Noun Adjective;B2;обективен
obligation;Noun;B2;задължение
observation;Noun;B2;наблюдение
observe;Verb;B2;наблюдавам
obtain;Verb;B2;получи
obvious;Adjective;B1;очевиден
obviously;Adverb;B1;очевидно
occasion;Noun;B1;повод
occasionally;Adverb;B2;от време на време
occur;Verb;B1;възникне
ocean;Noun;A2;океан
o’clock;Adverb;A1;часа
October;Noun;A1;октомври
odd;Adjective;B1;нечетен
of;prep.;A1;на
off;Adverb prep.;A1;от
offence;Noun;B2;нарушение
offend;Verb;B2;обиждам
offensive;Adjective;B2;офанзива
offer;Verb Noun;A2;оферта
office;Noun;A1;офис
officer;Noun;A2;офицер
official;Adjective , Noun;B1, B2;официален
often;Adverb;A1;често
oh;exclam.;A1;ох
oil;Noun;A2;масло
OK;exclam. Adjective /Adverb;A1;Добре
old;Adjective;A1;стар
old-fashioned;Adjective;B1;старомоден
on;prep. Adverb;A1;На
once;Adverb , conj.;A1, B1;веднъж
one;number-det. proNoun;A1;един
onion;Noun;A1;лук
online;Adjective Adverb;A1;онлайн
only;Adjective Adverb;A1;само
onto;prep.;A2;върху
open;Adjective Verb;A1;отворен
opening;Noun;B2;отвор
operate;Verb;B2;работи
operation;Noun;B1;операция
opinion;Noun;A1;мнение
opponent;Noun;B2;опонент
opportunity;Noun;A2;възможност
oppose;Verb;B2;противопоставят
opposed;Adjective;B2;противоположно
opposite;Adjective Adverb prep. Noun;A1;противоположен
opposition;Noun;B2;опозиция
option;Noun;A2;опция
or;conj.;A1;или
orange;Noun Adjective;A1;оранжев
order;Noun Verb;A1;поръчка
ordinary;Adjective;A2;обикновен
organ;Noun;B2;орган
organization;Noun;A2;организация
organize;Verb;A2;организирам
organized;Adjective;B1;организиран
organizer;Noun;B1;организатор
origin;Noun;B2;произход
original;Adjective , Noun;A2, B1;оригинал
originally;Adverb;B1;първоначално
other;Adjective /proNoun;A1;друг
otherwise;Adverb;B2;в противен случай
ought;modal Verb;B1;трябва
our;det.;A1;наш
ours;proNoun;B1;наш
ourselves;proNoun;A2;себе си
out;Adverb /prep.;A1;от
outcome;Noun;B2;изход
outdoor;Adjective;B1;на открито
outdoors;Adverb;B1;на открито
outer;Adjective;B2;външен
outline;Noun Verb;B2;очертание
outside;Adverb , prep. nouNoun Adjective;A1, A2;извън
oven;Noun;A2;фурна
over;prep. Adverb;A1;над
overall;Adjective Adverb;B2;цялостен
owe;Verb;B2;дължа
own;Adjective /proNoun, Verb;A1, A2;собствен
owner;Noun;A2;собственик
pace;Noun, Verb;B2;темпо
pack;Verb , Noun;A2, B1;опаковат
package;Noun, Verb;B1, B2;пакет
page;Noun;A1;страница
pain;Noun;A2;болка
painful;Adjective;B1;болезнен
paint;Verb Noun;A1;боя
painter;Noun;A2;художник
painting;Noun;A1;живопис
pair;Noun;A1;двойка
palace;Noun;A2;дворец
pale;Adjective;B1;Блед
pan;Noun;B1;тиган
panel;Noun;B2;панел
pants;Noun;A2;панталони
paper;Noun;A1;хартия
paragraph;Noun;A1;параграф
parent;Noun;A1;родител
park;Noun Verb;A1;парк
parking;Noun;A2;паркинг
parliament;Noun;B2;парламент
part;Noun;A1;част
participant;Noun;B2;участник
participate;Verb;B1;участие
particular;Adjective;A2;особен
particularly;Adverb;B1;особено
partly;Adverb;B2;частично
partner;Noun;A1;партньор
party;Noun;A1;страна
pass;Verb , Noun;A2, B1;минавам
passage;Noun;B2;пасаж
passenger;Noun;A2;пътник
passion;Noun;B1;страст
passport;Noun;A1;паспорт
past;Adjective Noun prep., Adverb;A1, A2;минало
path;Noun;B1;път
patient;Noun, Adjective;A2, B2;търпелив
pattern;Noun;A2;модел
pay;Verb , Noun;A1, A2;заплащане
payment;Noun;B1;плащане
peace;Noun;A2;мир
peaceful;Adjective;B1;спокоен
pen;Noun;A1;химилка
pencil;Noun;A1;молив
penny;Noun;A2;пени
pension;Noun;B2;пенсия
people;Noun;A1;хора
pepper;Noun;A1;пипер
per;prep.;A2;на
per cent;Noun Adjective /Adverb;A2;на сто
percentage;Noun;B1;процент
perfect;Adjective;A1;съвършен
perfectly;Adverb;B1;съвършено
perform;Verb;A2;изпълнява
performance;Noun;B1;производителност
perhaps;Adverb;A2;може би
period;Noun;A1;Период
permanent;Adjective;B2;постоянен
permission;Noun;A2;разрешение
permit;Verb Noun;B2;разрешително
person;Noun;A1;човек
personal;Adjective;A1;персонален
personality;Noun;A2;индивидуалност
personally;Adverb;B1;лично
perspective;Noun;B2;перспектива
persuade;Verb;B1;убеждавам
pet;Noun;A2;домашен любимец
petrol;Noun;A2;бензин
phase;Noun;B2;фаза
phenomenon;Noun;B2;феномен
philosophy;Noun;B2;философия
phone;Noun Verb;A1;телефон
photo;Noun;A1;снимка
photograph;Noun, Verb;A1, A2;снимка
photographer;Noun;B1;фотограф
photography;Noun;B1;фотография
phrase;Noun;A1;фраза
physical;Adjective;A2;физически
physics;Noun;A2;физика
piano;Noun;A1;пиано
pick;Verb , Noun;A2, B2;избирам
picture;Noun, Verb;A1, B2;снимка
piece;Noun;A1;парче
pig;Noun;A1;прасе
pile;Noun Verb;B2;купчина
pilot;Noun;A2;пилот
pin;Noun Verb;B1;щифт
pink;Adjective Noun;A1;розов
pipe;Noun;B1;тръба
pitch;Noun;B2;игрище
place;Noun Verb;A1, B1;място
plain;Adjective;B2;обикновен
plan;Noun Verb;A1;план
plane;Noun;A1;самолет
planet;Noun;A2;планета
planning;Noun;B1;планиране
plant;Noun Verb;A1, A2;растение
plastic;Noun Adjective;A2;пластмасов
plate;Noun;A2;плоча
platform;Noun;A2;платформа
play;Verb Noun;A1;игра
player;Noun;A1;плейър
pleasant;Adjective;B1;приятен
please;exclam., Verb;A1, A2;Моля те
pleased;Adjective;A2;доволен
pleasure;Noun;B1;удоволствие
plenty;proNoun;B1;много
plot;Noun, Verb;B1, B2;парцел
plus;prep., Adjective conj., Noun;B1, B2;плюс
pocket;Noun;A2;джоб
poem;Noun;B1;стихотворение
poet;Noun;B1;поет
poetry;Noun;B1;поезия
point;Noun, Verb;A1, B1;точка
pointed;Adjective;B2;заострен
poison;Noun Verb;B1;отрова
poisonous;Adjective;B1;отровен
police;Noun;A1;полиция
policeman;Noun;A1;полицай
policy;Noun;B1;политика
polite;Adjective;A2;учтив
political;Adjective;B1;политически
politician;Noun;B1;политик
politics;Noun;B1;политика
pollution;Noun;A2;замърсяване
pool;Noun;A1;басейн
poor;Adjective;A1;беден
pop;Noun Adjective;A2;поп
popular;Adjective;A1;популярен
popularity;Noun;B2;популярност
population;Noun;A2;население
port;Noun;B1;порт
portrait;Noun;B1;портрет
pose;Verb;B2;поза
position;Noun, Verb;A2, B2;позиция
positive;Adjective , Noun;A1, B2;положителен
possess;Verb;B2;притежавам
possession;Noun;A2;притежание
possibility;Noun;A2;възможност
possible;Adjective;A1;възможен
possibly;Adverb;B1;възможно
post;Noun Verb;A1;пост
poster;Noun;A2;постер
pot;Noun;B1;гърне
potato;Noun;A1;картоф
potential;Adjective Noun;B2;потенциал
pound;Noun;A1;паунд
pour;Verb;B1;изливам
poverty;Noun;B1;бедност
powder;Noun;B1;прах
power;Noun, Verb;A2, B2;мощност
powerful;Adjective;B1;мощен
practical;Adjective;B1;практичен
practice;Noun;A1;практика
practise;Verb;A1;практика
praise;Noun Verb;B2;възхвала
pray;Verb;B1;моля
prayer;Noun;B1;молитва
predict;Verb;A2;предскаже
prediction;Noun;B1;предвиждане
prefer;Verb;A1;предпочитам
pregnant;Adjective;B2;бременна
preparation;Noun;B2;подготовка
prepare;Verb;A1;приготви се
prepared;Adjective;B1;подготвен
presence;Noun;B2;присъствие
present;Adjective Noun, Verb;A1, A2;настояще
presentation;Noun;B1;представяне
preserve;Verb;B2;резерват
president;Noun;A2;президент
press;Verb Noun;B1;Натиснете
pressure;Noun;B1;налягане
pretend;Verb;B1;преструвам се
pretty;Adjective Adverb;A1;красива
prevent;Verb;A2;предотвратявам
previous;Adjective;B1;предишен
previously;Adverb;B1;преди това
price;Noun, Verb;A1, B2;цена
priest;Noun;B1;свещеник
primary;Adjective;B1;първичен
prime;Adjective;B2;основен
prince;Noun;B1;принц
princess;Noun;B1;принцеса
principle;Noun;B2;принцип
print;Verb , Noun;A2, B2;отпечатате
printer;Noun;A2;печатар
printing;Noun;B1;печатане
priority;Noun;B2;приоритет
prison;Noun;A2;затвор
prisoner;Noun;B1;затворник
privacy;Noun;B2;поверителност
private;Adjective;B1;частен
prize;Noun;A2;награда
probably;Adverb;A1;вероятно
problem;Noun;A1;проблем
procedure;Noun;B2;процедура
process;Noun, Verb;A2, B2;процес
produce;Verb , Verb;A2, B2;продукция
producer;Noun;B1;производител
product;Noun;A1;продукт
production;Noun;B1;производство
profession;Noun;B1;професия
professional;Adjective , Noun;A2, B2;професионален
professor;Noun;A2;професор
profile;Noun;A2;профил
profit;Noun;B1;печалба
program;Noun, Verb;A2, B1;програма
programme;Noun;A1;програма
progress;Noun, Verb;A2, B2;прогрес
project;Noun, Verb;A1, B2;проект
promise;Verb Noun;A2;обещание
promote;Verb;B1;насърчаване
pronounce;Verb;A2;Произнесете
proof;Noun;B2;доказателство
proper;Adjective;B1;правилен
properly;Adverb;B1;правилно
property;Noun;B1;Имот
proposal;Noun;B2;предложение
propose;Verb;B2;предлагам
prospect;Noun;B2;перспектива
protect;Verb;A2;защитавам
protection;Noun;B2;защита
protest;Noun Verb;B1;протест
proud;Adjective;B1;горд
prove;Verb;B1;докажи
provide;Verb;A2;предоставяне
psychologist;Noun;B2;психолог
psychology;Noun;B2;психология
pub;Noun;A2;кръчма
public;Adjective Noun;A2;обществен
publication;Noun;B2;публикация
publish;Verb;A2;публикувам
pull;Verb , Noun;A2, B1;дърпане
punish;Verb;B1;наказвам
punishment;Noun;B1;наказание
pupil;Noun;B2;ученик
purchase;Noun Verb;B2;покупка
pure;Adjective;B2;чист
purple;Adjective Noun;A1;лилаво
purpose;Noun;A2;предназначение
pursue;Verb;B2;преследвам
push;Verb , Noun;A2, B1;тласък
put;Verb;A1;слагам
qualification;Noun;B1;квалификация
qualified;Adjective;B1;компетентен
qualify;Verb;B1;квалифицира
quality;Noun;A2;качество
quantity;Noun;A2;количество
quarter;Noun;A1;тримесечие
queen;Noun;A2;кралица
question;Noun, Verb;A1, A2;въпрос
queue;Noun Verb;B1;опашка
quick;Adjective;A1;бърз
quickly;Adverb;A1;бързо
quiet;Adjective;A1;тих
quietly;Adverb;A2;тихо
quit;Verb;B1;напускам
quite;Adverb;A1;съвсем
quotation;Noun;B1;цитат
quote;Verb Noun;B1;цитат
race (competition);NounVerb;A2;раса (конкуренция)
race (people);Noun;B1;раса (хора)
racing;Noun;B1;състезание
radio;Noun;A1;радио
railway;Noun;A2;железопътна линия
rain;Noun Verb;A1;дъжд
raise;Verb;A2;рейз
range;Noun, Verb;B1, B2;диапазон
rank;Noun Verb;B2;ранг
rapid;Adjective;B2;бърз
rapidly;Adverb;B2;бързо
rare;Adjective;B1;рядък
rarely;Adverb;B1;Рядко
rate;Noun, Verb;A2, B2;скорост
rather;Adverb;A2;по-скоро
raw;Adjective;B2;суров
reach;Verb , Noun;A2, B2;достигнат
react;Verb;A2;реагирам
reaction;Noun;B1;реакция
read;Verb;A1;Прочети
reader;Noun;A1;четец
reading;Noun;A1;четене
ready;Adjective;A1;готов
real;Adjective;A1;реален
realistic;Adjective;B2;реалистичен
reality;Noun;B1;реалност
realize;Verb;A2;осъзнават
really;Adverb;A1;наистина ли
reason;Noun;A1;причина
reasonable;Adjective;B2;разумен
recall;Verb;B2;припомням си
receipt;Noun;B1;разписка
receive;Verb;A2;получавам
recent;Adjective;A2;скорошен
recently;Adverb;A2;наскоро
reception;Noun;A2;приемане
recipe;Noun;A2;рецепта
recognize;Verb;A2;разпознае
recommend;Verb;A2;Препоръчвам
recommendation;Noun;B1;препоръка
record;Noun Verb;A2;рекорд
recording;Noun;A2;запис
recover;Verb;B2;възвръщам
recycle;Verb;A2;рециклиране
red;Adjective Noun;A1;червен
reduce;Verb;A2;намаляване на
reduction;Noun;B2;намаление
refer;Verb;A2;се отнасят
reference;Noun;B1;препратка
reflect;Verb;B1;отразят
refuse;Verb;A2;отказвам
regard;Verb Noun;B2;връзка
region;Noun;A2;област
regional;Adjective;B2;областен
register;Verb Noun;B2;регистрирам
regret;Verb Noun;B2;разкайвам се
regular;Adjective;A2;редовен
regularly;Adverb;B1;редовно
regulation;Noun;B2;регулиране
reject;Verb;B1;отхвърляне
relate;Verb;B1;отнасят
related;Adjective;B1;сроден
relation;Noun;B1;връзка
relationship;Noun;A2;връзка
relative;Adjective Noun;B1;относителен
relatively;Adverb;B2;относително
relax;Verb;A1;отпуснете се
relaxed;Adjective;B1;отпусна
relaxing;Adjective;B1;релаксиращ
release;Verb Noun;B1;пускане
relevant;Adjective;B2;съответен
reliable;Adjective;B1;надежден
relief;Noun;B2;облекчение
religion;Noun;B1;религия
religious;Adjective;B1;религиозен
rely;Verb;B2;разчитам
remain;Verb;B1;остават
remark;Noun Verb;B2;Забележка
remember;Verb;A1;помня
remind;Verb;B1;напомням
remote;Adjective;B1;отдалечен
remove;Verb;A2;Премахване
rent;Noun Verb;B1;под наем
repair;Verb , Noun;A2, B1;ремонт
repeat;Verb , Noun;A1, B1;повторение
repeated;Adjective;B1;повторен
replace;Verb;A2;замени
reply;Verb Noun;A2;отговор
report;Noun, Verb;A1, A2;доклад
reporter;Noun;A2;репортер
represent;Verb;B1;представляват
representative;Noun Adjective;B2;Представител
reputation;Noun;B2;репутация
request;Noun, Verb;A2, B1;поискване
require;Verb;B1;изисква
requirement;Noun;B2;изискване
rescue;Verb Noun;B2;спасяване
research;Noun Verb;A2;изследване
researcher;Noun;A2;изследовател
reservation;Noun;B1;резервация
reserve;Noun Verb;B2;резерват
resident;NounAdjective;B2;резидент
resist;Verb;B2;противопоставям се
resolve;Verb;B2;решителност
resort;Noun;B2;курорт
resource;Noun;B1;средство
respect;Noun Verb;B1;уважават
respond;Verb;A2;отговори
response;Noun;A2;отговор
responsibility;Noun;B1;отговорност
responsible;Adjective;B1;отговорен
rest (remaining part);Noun;A2;почивка (останалата част)
rest (sleep/relax);Noun Verb;A2;покой (сън / релакс)
restaurant;Noun;A1;ресторант
result;Noun, Verb;A1, B1;доведе до
retain;Verb;B2;запази
retire;Verb;B1;пенсионирам
retired;Adjective;B1;пенсиониран
return;Verb Noun;A1;връщане
reveal;Verb;B2;разкрие
review;Noun Verb;A2;преглед
revise;Verb;B1;поправям
revolution;Noun;B2;революция
reward;Noun Verb;B2;награда
rhythm;Noun;B2;ритъм
rice;Noun;A1;ориз
rich;Adjective;A1;богат
rid;Verb;B2;отървете
ride;Verb , Noun;A1, A2;езда
right;Adjective Adverb Noun;A1;прав
ring;Noun;A2;пръстен
ring;Verb , Noun;A2, B1;пръстен
rise;Verb , Noun;A2, B1;покачване
risk;Noun Verb;B1;риск
river;Noun;A1;река
road;Noun;A1;път
robot;Noun;B1;робот
rock (stone);Noun;A2;рок (камък)
rock (music);Noun;A2;рок музика)
role;Noun;A2;роля
roll;Verb Noun;B1;ролка
romantic;Adjective;B1;романтичен
roof;Noun;A2;покрив
room;Noun;A1;стая
root;Noun;B2;корен
rope;Noun;B1;въже
rough;Adjective;B1;груб
round;Adjective Adverb prep., Noun;A2, B2;кръгъл
route;Noun;A2;маршрут
routine;Noun, Adjective;A1, B2;рутинен
row;Noun;B1;ред
royal;Adjective;B1;царски
rub;Verb;B2;трия
rubber;Noun Adjective;B2;каучук
rubbish;Noun;A2;боклук
rude;Adjective;A2;груб
rugby;Noun;B1;ръгби
rule;Noun, Verb;A1, B1;правило
run;Verb , Noun;A1, A2;тичам
runner;Noun;A2;бегач
running;Noun;A2;тичане
rural;Adjective;B2;селски
rush;Verb Noun;B2;втурвам се
sad;Adjective;A1;тъжен
sadly;Adverb;A2;печално
safe;Adjective;A2;сейф
safety;Noun;B1;безопасност
sail;Verb , Noun;A2, B1;платно
sailing;Noun;A2;ветроходство
sailor;Noun;B1;моряк
salad;Noun;A1;салата
salary;Noun;A2;заплата
sale;Noun;A2;продажба
salt;Noun;A1;сол
same;Adjective proNoun Adverb;A1;същото
sample;Noun, Verb;B1, B2;проба
sand;Noun;B1;пясък
sandwich;Noun;A1;сандвич
satellite;Noun;B2;спътник
satisfied;Adjective;B2;удовлетворен
satisfy;Verb;B2;посрещам
Saturday;Noun;A1;събота
sauce;Noun;A2;сос
save;Verb;A2;спасяване
saving;Noun;B2;пестене
say;Verb;A1;казвам
scale;Noun;B2;мащаб
scan;Verb;B1;преглеждане
scared;Adjective;A2;уплашен
scary;Adjective;A2;страшен
scene;Noun;A2;сцена
schedule;Noun, Verb;A2, B2;разписание
scheme;Noun;B2;схема
school;Noun;A1;училище
science;Noun;A1;наука
scientific;Adjective;B1;научен
scientist;Noun;A1;учен
score;Verb Noun;A2;резултат
scream;Verb Noun;B2;вик
screen;NounVerb;A2, B2;екран
script;Noun;B1;писменост
sculpture;Noun;B1;скулптура
sea;Noun;A1;море
search;Noun Verb;A2;Търсене
season;Noun;A2;сезон
seat;Noun Verb;A2, B2;седалка
second1 (next after the first);et./ number, Adverb;A1, A2;second1 (следващия след първата)
second1 (unit of time);Noun;A1;second1 (единица време)
secondary;Adjective;B1;втори
secondly;Adverb;A2;на второ място
secret;Adjective, Noun;A2;тайна
secretary;Noun;A2;секретар
section;Noun;A1;раздел
sector;Noun;B2;сектор
secure;Verb Adjective;B2;сигурен
security;Noun;B1;сигурност
see;Verb;A1;виждам
seed;Noun;B1;семена
seek;Verb;B2;търся
seem;Verb;A2;Изглежда
select;Verb;B2;изберете
selection;Noun;B2;селекция
self;Noun;B2;себе си
sell;Verb;A1;продажба
send;Verb;A1;изпрати
senior;Adjective;B2;Старши
sense;Noun Verb;A2, B2;смисъл
sensible;Adjective;B1;разумен
sensitive;Adjective;B2;чувствителен
sentence;Noun Verb;A1, B2;изречение
separate;Adjective, Verb;A2, B1;отделен
September;Noun;A1;Септември
sequence;Noun;B2;последователност
series;Noun;A2;серия
serious;Adjective;A2;сериозно
seriously;Adverb;B1;сериозно
servant;Noun;B1;слуга
serve;Verb;A2;служа
service;Noun;A2;обслужване
session;Noun;B2;сесия
set (put);Verb;B1;комплект (пут)
set (group);Noun;B1;комплект (група)
setting;Noun;B1;обстановка
settle;Verb;B2;установявам се
seven;number;A1;седем
seventeen;number;A1;седемнадесет
seventy;number;A1;седемдесет
several;det./proNoun;A2;няколко
severe;Adjective;B2;тежък
sex;Noun;B1;секс
sexual;Adjective;B1;сексуален
shade;Noun;B2;сянка
shadow;Noun;B2;сянка
shake;Verb Noun;A2, B1;клатя
shall;modal Verb;A2;ще
shallow;Adjective;B2;плитък
shame;Noun;B2;срам
shape;Noun Verb;A2, B2;форма
share;Verb Noun;A1, B1;дял
sharp;Adjective;B1;остър
she;proNoun;A1;тя
sheep;Noun;A1;овца
sheet;Noun;A2;лист
shelf;Noun;B1;рафт
shell;Noun;B1;черупка
shelter;Noun Verb;B2;приют
shift;Noun Verb;B1, B2;изместване
shine;Verb;B1;блясък
shiny;Adjective;B1;лъскав
ship;Noun Verb;A2, B2;кораб
shirt;Noun;A1;риза
shock;Noun Verb;B2;шок
shocked;Adjective;B2;шокиран
shoe;Noun;A1;обувка
shoot;Verb;B1;фотосесия
shooting;Noun;B2;стрелба
shop;Noun Verb;A1;магазин
shopping;Noun;A1;пазаруване
short;Adjective;A1;къс
shot;Noun;B2;изстрел
should;modal Verb;A1;Трябва
shoulder;Noun;A2;рамо
shout;Verb Noun;A2;вик
show;Verb Noun;A1;шоу
shower;Noun;A1;душ
shut;Verb Adjective;A2;затворена
shy;Adjective;B1;срамежлив
sick;Adjective;A1;болен
side;Noun;A2;страна
sight;Noun;B1;гледка
sign;Noun Verb;A2;знак
signal;Noun Verb;B1;сигнал
significant;Adjective;B2;значителен
significantly;Adverb;B2;значително
silence;Noun;B2;мълчание
silent;Adjective;B1;мълчалив
silk;Noun;B2;коприна
silly;Adjective;B1;глупав
silver;Noun Adjective;A2;сребърен
similar;Adjective;A1;подобен
similarity;Noun;B1;сходство
similarly;Adverb;B1;по същия начин
simple;Adjective;A2;прост
simply;Adverb;B1;просто
since;prep. conj., Adverb;A2, B1;от
sincere;Adjective;B2;искрен
sing;Verb;A1;Пей
singer;Noun;A1;певец
singing;Noun;A2;пеене
single;Adjective Noun;A2;единичен
sink;Verb;B1;мивка
sir;Noun;A2;господине
sister;Noun;A1;сестра
sit;Verb;A1;седнете
site;Noun;A2;място
situation;Noun;A1;ситуация
six;number;A1;шест
sixteen;number;A1;шестнадесет
sixty;number;A1;шейсет
size;Noun;A2;размер
ski;Verb Noun;A2;ски
skiing;Noun;A2;каране на ски
skill;Noun;A1;умение
skin;Noun;A2;кожа
skirt;Noun;A1;пола
sky;Noun;A2;небе
slave;Noun;B2;роб
sleep;Verb , Noun;A1, A2;сън
slice;Noun Verb;B1;парче
slide;Verb Noun;B2;пързалка
slight;Adjective;B2;лек
slightly;Adverb;B1;малко
slip;Verb;B2;хлъзгане
slope;Noun Verb;B2;наклон
slow;Adjective , Verb;A1, B1;бавен
slowly;Adverb;A2;бавно
small;Adjective;A1;малък
smart;Adjective;B1;умен
smartphone;Noun;A2;смартфон
smell;Verb Noun;A2;мирис
smile;Verb Noun;A2;Усмихни се
smoke;Noun Verb;A2;дим
smoking;Noun;A2;пушене
smooth;Adjective;B1;изглаждане
snake;Noun;A1;змия
snow;Noun Verb;A1;сняг
so;Adverb conj.;A1;така
soap;Noun;A2;сапун
soccer;Noun;A2;футбол
social;Adjective;A2;социален
society;Noun;A2;общество
sock;Noun;A2;чорап
soft;Adjective;A2;мек
software;Noun;B1;софтуер
soil;Noun;B1;почва
solar;Adjective;B2;слънчев
soldier;Noun;A2;войник
solid;Adjective Noun;B1;твърд
solution;Noun;A2;решение
solve;Verb;A2;решавам
some;det. proNoun;A1;някои
somebody;proNoun;A1;някой
someone;proNoun;A1;някой
something;proNoun;A1;нещо
sometimes;Adverb;A1;понякога
somewhat;Adverb;B2;до известна степен
somewhere;Adverb proNoun;A2;някъде
son;Noun;A1;син
song;Noun;A1;песен
soon;Adverb;A1;скоро
sorry;Adjective exclam.;A1;съжалявам
sort;Noun, Verb;A2, B1;вид
soul;Noun;B2;душа
sound;Noun Verb;A1;звук
soup;Noun;A1;супа
source;Noun;A2;източник
south;Noun Adjective Adverb;A1;южно
southern;Adjective;B1;южен
space;Noun;A1;пространство
speak;Verb;A1;говори
speaker;Noun;A2;говорител
special;Adjective;A1;специален
specialist;Noun Adjective;B2;специалист
species;Noun;B2;вид
specific;Adjective;A2;специфичен
specifically;Adverb;B1;конкретно
speech;Noun;A2;реч
speed;Noun, Verb;A2, B2;скорост
spell;Verb;A1;заклинание
spelling;Noun;A1;правопис
spend;Verb;A1;харча
spending;Noun;B1;разходи
spicy;Adjective;B1;пикантен
spider;Noun;A2;паяк
spirit;Noun;B1;дух
spiritual;Adjective;B2;духовен
split;Verb Noun;B2;разцепване
spoken;Adjective;B1;говорил
sponsor;Verb Noun;B2;спонсор
spoon;Noun;A2;лъжица
sport;Noun;A1;спорт
spot;Noun, Verb;B1, B2;място
spread;Verb , Noun;B1, B2;разпространение
spring;Noun, Verb;A1, B1;пружина
square;Adjective Noun;A2;квадрат
stable;Adjective;B2;стабилен
stadium;Noun;B1;стадион
staff;Noun;B1;персонал
stage;Noun, Verb;A2, B2;сцена
stair;Noun;A2;стълбище
stamp;Noun;A2;печат
stand;Verb , Noun;A1, B2;стоя
standard;Noun Adjective;B1;стандарт
star;Noun, Verb;A1, A2;звезда
stare;Verb;B2;взират
start;Verb , Noun;A1, A2;начало
state;Noun, Adjective , v;A2, B1;състояние
statement;Noun;A1;изявление
station;Noun;A1;станция
statistic;Noun;B1;статистика
statue;Noun;B1;статуя
status;Noun;B2;статус
stay;Verb , Noun;A1, A2;престой
steady;Adjective;B2;стабилен
steal;Verb;A2;кражба
steel;Noun;B2;стомана
steep;Adjective;B2;стръмен
step;Noun, Verb;A2, B2;стъпка
stick (push into/attach);Verb;B1;пръчка (тласък в / приложете)
stick (piece of wood);Noun;B1;пръчка (парче дърво)
sticky;Adjective;B2;лепкав
stiff;Adjective;B2;твърд
still;Adverb , Adjective;A1, B1;все още
stock;Noun;B2;наличност
stomach;Noun;A2;стомах
stone;Noun;A2;камък
stop;Verb Noun;A1;Спри се
store;Noun, Verb;A2, B1;магазин
storm;Noun;A2;буря
story;Noun;A1;история
straight;Adverb Adjective;A2;направо
strange;Adjective;A2;странен
stranger;Noun;B1;непознат
strategy;Noun;A2;стратегия
stream;Noun;B2;поток
street;Noun;A1;улица
strength;Noun;B1;сила
stress;Noun Verb;A2;стрес
stretch;Verb Noun;B2;опъвам, разтягам
strict;Adjective;B2;стриктен
strike;Verb Noun;B2;стачка
string;Noun;B1;низ
strong;Adjective;A1;силен
strongly;Adverb;B1;силно
structure;Noun, Verb;A2, B2;структура
struggle;Verb Noun;B2;борба
student;Noun;A1;студент
studio;Noun;B1;студио
study;Noun Verb;A1;проучване
stuff;Noun, Verb;B1, B2;материя
stupid;Adjective;A2;тъп
style;Noun;A1;стил
subject;Noun, Adjective;A1, B2;предмет
submit;Verb;B2;Изпращане
substance;Noun;B1;вещество
succeed;Verb;A2;успявам
success;Noun;A1;успех
successful;Adjective;A2;успешен
successfully;Adverb;B1;успешно
such;det./proNoun;A2;такъв
sudden;Adjective;B1;внезапен
suddenly;Adverb;A2;внезапно
suffer;Verb;B1;страдам
sugar;Noun;A1;захар
suggest;Verb;A2;предлагам
suggestion;Noun;A2;внушение
suit;Noun, Verb;A2, B1;костюм
suitable;Adjective;B1;подходящ
sum;Noun Verb;B2;сума
summarize;Verb;B1;резюмирам
summary;Noun;B1;резюме
summer;Noun;A1;лято
sun;Noun;A1;слънце
Sunday;Noun;A1;неделя
supermarket;Noun;A1;супермаркет
supply;Noun Verb;B1;захранване
support;Verb Noun;A2;поддържа
supporter;Noun;B1;поддръжник
suppose;Verb;A2;предполагам
sure;Adjective , Adverb;A1, A2;сигурен
surely;Adverb;B1;сигурно
surface;Noun;B1;повърхност
surgery;Noun;B2;хирургия
surprise;Noun Verb;A2;изненада
surprised;Adjective;A2;изненада
surprising;Adjective;A2;изненадващ
surround;Verb;B2;обграждам
surrounding;Adjective;B2;обграждащ
survey;Noun, Verb;A2, B2;изследване
survive;Verb;B1;оцелее
suspect;Verb Noun;B2;заподозрян
swear;Verb;B2;Закълни се
sweater;Noun;A1;пуловер
sweep;Verb;B2;метене
sweet;Adjective Noun;A2;сладка
swim;Verb , Noun;A1, B1;плуване
swimming;Noun;A1;плуване
switch;Verb , Noun;B1, B2;ключ
symbol;Noun;A2;символ
sympathy;Noun;B2;съчувствие
symptom;Noun;B1;симптом
system;Noun;A2;система
table;Noun;A1;маса
tablet;Noun;A2;таблетка
tail;Noun;B1;опашка
take;Verb;A1;предприеме
tale;Noun;B2;приказка
talent;Noun;B1;талант
talented;Adjective;B1;талантлив
talk;Verb , Noun;A1, A2;говоря
tall;Adjective;A1;висок
tank;Noun;B2;резервоар
tape;Noun;B1;лента
target;Noun, Verb;A2, B2;мишена
task;Noun;A2;задача
taste;Noun Verb;A2;вкус
tax;Noun Verb;B1;данък
taxi;Noun;A1;такси
tea;Noun;A1;чай
teach;Verb;A1;учи
teacher;Noun;A1;учител
teaching;Noun;A2;обучение
team;Noun;A1;екип
tear1;Verb Noun;B2;tear1
tear2;Noun;B2;tear2
technical;Adjective;B1;технически
technique;Noun;B1;техниката
technology;Noun;A2;технология
teenage;Adjective;A2;юношески
teenager;Noun;A1;тийнейджър
telephone;Noun Verb;A1;телефон
television;Noun;A1;телевизия
tell;Verb;A1;казвам
temperature;Noun;A2;температура
temporary;Adjective;B2;временен
ten;number;A1;десет
tend;Verb;B1;склонен
tennis;Noun;A1;тенис
tent;Noun;B1;палатка
term;Noun, Verb;A2, B2;термин
terrible;Adjective;A1;ужасен
test;Noun Verb;A1;тест
text;Noun, Verb;A1, A2;текст
than;conj.;A1;от
thank;Verb;A1;благодаря
thanks;exclam. Noun;A1;Благодаря
that;det. proNoun conj., Adverb;A1, B1;че
the;definite article;A1;на
theatre;Noun;A1;театър
their;det.;A1;техен
theirs;proNoun;B1;техни
them;proNoun;A1;тях
theme;Noun;B1;тема
themselves;proNoun;A2;себе си
then;Adverb;A1;тогава
theory;Noun;B1;теория
therapy;Noun;B2;терапия
there;Adverb;A1;там
therefore;Adverb;B1;Следователно
they;proNoun;A1;те
thick;Adjective;A2;дебел
thief;Noun;A2;крадец
thin;Adjective;A2;тънък
thing;Noun;A1;нещо
think;Verb;A1;мисля
thinking;Noun;A2;мислене
third;number, Noun;A1, A2;трета
thirsty;Adjective;A1;жаден
thirteen;number;A1;тринадесет
thirty;number;A1;тридесет
this;det./proNoun, Adverb;A1, B1;това
though;conj. Adverb;B1;въпреки че
thought;Noun;A2;мисъл
thousand;number;A1;хиляда
threat;Noun;B2;заплаха
threaten;Verb;B2;заплашвам
three;number;A1;три
throat;Noun;B1;гърло
through;prep. Adverb;A1;през
throughout;prep./Adverb;B1;през
throw;Verb;A2;хвърлям
Thursday;Noun;A1;четвъртък
thus;Adverb;B2;по този начин
ticket;Noun;A1;билет
tidy;Adjective v;A2;спретнат
tie;Verb Noun;A2;връзвам
tight;Adjective;B1;стегнат
till;conj./prep.;B1;до
time;Noun, Verb;A1, B2;път
tin;Noun;B1;калай
tiny;Adjective;B1;мъничък
tip;Noun, Verb;A2, B1;бакшиш
tired;Adjective;A1;уморен
title;Noun;A1, B2;заглавие
to;prep., infinitive marker;A1;да се
today;Adverb Noun;A1;днес
toe;Noun;B1;пръст на крак
together;Adverb;A1;заедно
toilet;Noun;A1;тоалетна
tomato;Noun;A1;домат
tomorrow;Adverb Noun;A1;утре
tone;Noun;B2;тон
tongue;Noun;B1;език
tonight;Adverb n;A1;тази нощ
too;Adverb;A1;също
tool;Noun;A2;инструмент
tooth;Noun;A1;зъб
top;Noun, Adjective;A2;връх
topic;Noun;A1;тема
total;Adjective Noun;B1;обща сума
totally;Adverb;B1;напълно
touch;Verb , Noun;A2, B1;докосване
tough;Adjective;B2;труден
tour;Noun, Verb;A2, B1;турне
tourism;Noun;A2;туризъм
tourist;Noun;A1;турист
towards;prep.;A2;към
towel;Noun;A2;хавлиена кърпа
tower;Noun;A2;кула
town;Noun;A1;град
toy;Noun, Adjective;A2;играчка
track;Noun, Verb;A2, B2;следите
trade;Noun, Verb;B1;търговия
tradition;Noun;A2;традиция
traditional;Adjective;A2;традиционен
traffic;Noun;A1;трафик
train;Noun, Verb;A1, A2;влак
trainer;Noun;A2;треньор
training;Noun;A2;обучение
transfer;Verb Noun;B2;прехвърляне
transform;Verb;B2;трансформиране
transition;Noun;B2;преход
translate;Verb;B1;превеждам
translation;Noun;B1;превод
transport;Noun, Verb;A2, B1;транспорт
travel;Verb Noun;A1;пътуване
traveller;Noun;A2;пътешественик
treat;Verb;B1;почерпка
treatment;Noun;B1;лечение
tree;Noun;A1;дърво
trend;Noun;B1;тенденция
trial;Noun;B2;пробен период
trick;Noun Verb;B1;трик
trip;Noun, Verb;A1, B2;пътуване
tropical;Adjective;B2;тропически
trouble;Noun, Verb;A2, B2;беда
trousers;Noun;A1;панталони
truck;Noun;A2;камион
TRUE;Adjective;A1;ВЯРНО
truly;Adverb;B2;наистина
trust;Noun Verb;B2;Доверие
truth;Noun;B1;истина
try;Verb , Noun;A1, B2;опитвам
T-shirt;Noun;A1;Тениска
tube;Noun;B1;тръба
Tuesday;Noun;A1;вторник
tune;Noun;B2;мелодия
tunnel;Noun;B2;тунел
turn;Verb Noun;A1;завъртете
TV;Noun;A1;телевизия
twelve;number;A1;дванадесет
twenty;number;A1;двадесет
twice;Adverb;A1;два пъти
twin;Noun Adjective;A2;близнак
two;number;A1;две
type;Noun, Verb;A1, B1;Тип
typical;Adjective;A2;типичен
typically;Adverb;B1;типично
tyre;Noun;B1;автомобилна гума
ugly;Adjective;B1;грозен
ultimately;Adverb;B2;в края на краищата
umbrella;Noun;A1;чадър
unable;Adjective;B1;състояние
uncle;Noun;A1;чичо
uncomfortable;Adjective;B1;неудобен
unconscious;Adjective;B2;в безсъзнание
under;prep. Adj;A1;при
underground;Adjective Adverb;A2;под земята
understand;Verb;A1;разбирам
understanding;Noun;A2;разбиране
underwear;Noun;B1;бельо
unemployed;Adjective;B1;безработен
unemployment;Noun;B1;безработица
unexpected;Adjective;B2;неочакван
unfair;Adjective;B1;несправедлива
unfortunately;Adverb;A2;за жалост
unhappy;Adjective;A2;нещастен
uniform;Noun;A2;униформа
union;Noun;B1;съюз
unique;Adjective;B2;уникален
unit;Noun;A2;мерна единица
united;Adjective;A2;обединен
universe;Noun;B2;вселена
university;Noun;A1;университет
unknown;Adjective;B2;неизвестен
unless;conj.;B1;освен ако
unlike;prep.;B1;за разлика от
unlikely;Adjective;B1;малко вероятно
unnecessary;Adjective;B1;ненужен
unpleasant;Adjective;B1;неприятен
until;conj./prep.;A1;до
unusual;Adjective;A2;необикновен
up;Adverb proNoun;A1;нагоре
update;Verb Noun;B1;актуализация
upon;prep.;B1;върху
upper;Adjective;B2;горен
upset;Adjective v;B1;разстроен
upstairs;Adverb , Adjective;A1, A2;на горния етаж
upwards;Adverb;B2;нагоре
urban;Adjective;B2;градски
urge;Verb;B2;порив
us;proNoun;A1;нас
use;Verb , Noun;A1, A2;употреба
used;Adjective;B1;използвана
used to;modal Verb;A2;използван за
useful;Adjective;A1;полезен
user;Noun;A2;потребител
usual;Adjective;A2;обичаен
usually;Adverb;A1;обикновено
vacation;Noun;A1;ваканция
valley;Noun;A2;долина
valuable;Adjective;B1;ценен
value;Noun, Verb;B1, B2;стойност
van;Noun;A2;фургон
variety;Noun;A2;разнообразие
various;Adjective;B1;различни
vary;Verb;B2;варира
vast;Adjective;B2;обширен
vegetable;Noun;A1;зеленчук
vehicle;Noun;A2;превозно средство
venue;Noun;B2;място
version;Noun;B1;версия
very;Adverb , Adjective;A1, B1;много
via;prep.;B2;чрез
victim;Noun;B1;жертва
victory;Noun;B2;победа
video;Noun;A1;видео
view;Noun, Verb;A2,;изглед
viewer;Noun;B1;зрител
village;Noun;A1;село
violence;Noun;B2;насилие
violent;Adjective;B1;насилствен
virtual;Adjective;B2;виртуален
virus;Noun;A2;вирус
vision;Noun;B2;зрение
visit;Verb Noun;A1;посещение
visitor;Noun;A1;посетител
visual;Adjective;B2;зрителен
vital;Adjective;B2;жизненоважен
vitamin;Noun;B2;витамин
voice;Noun;A2;глас
volume;Noun;B2;сила на звука
volunteer;Noun Verb;B1;доброволец
vote;Noun Verb;B1;гласуване
wage;Noun;B2;заплата
wait;Verb , Noun;A1, A2;изчакайте
waiter;Noun;A1;сервитьор
wake;Verb;A1;събуждам
walk;Verb Noun;A1;разходка
wall;Noun;A1;стена
want;Verb;A1;искам
war;Noun;A2;война
warm;Adjective , v;A1, B1;топло
warn;Verb;B1;предупреждавам
warning;Noun;B1;внимание
wash;Verb , Noun;A1, A2;мия
washing;Noun;A2;миене
waste;Noun v, Adjective;B1;отпадъци
watch;Verb Noun;A1;гледам
water;Noun, Verb;A1, B1;вода
wave;Noun;A2, B1;вълна
way;Noun;A1, B2;път
we;proNoun;A1;ние
weak;Adjective;A2;слаб
weakness;Noun;B2;слабост
wealth;Noun;B2;благосъстояние
wealthy;Adjective;B2;богат
weapon;Noun;B1;оръжие
wear;Verb;A1;износване
weather;Noun;A1;метеорологично време
web;Noun;A2;мрежа
website;Noun;A1;уебсайт
wedding;Noun;A2;сватба
Wednesday;Noun;A1;сряда
week;Noun;A1;седмица
weekend;Noun;A1;уикенд
weigh;Verb;B1;тежа
weight;Noun;A2;тегло
welcome;exclam. Verb Adjective , n;A1, A2;добре дошли
well;Adverb , Adjective , exclam.;A1;добре
west;Noun Adjective Adverb;A1;западно
western;Adjective;B1;уестърн
wet;Adjective;A2;мокър
what;proNoun/det.;A1;Какво
whatever;det./proNoun;B1;както и да е
wheel;Noun;A2;колело
when;Adverb proNounconj.;A1;кога
whenever;conj.;B1;когато и да е
where;Adverb conj.;A1;където
whereas;conj.;B2;докато
wherever;conj.;B2;където
whether;conj.;B1;дали
which;proNoun/det.;A1;който
while;conj., Noun;A2, B1;докато
whisper;Verb Noun;B2;шепот
white;Adjective Noun;A1;бял
who;proNoun;A1;СЗО
whole;Adjective , n;A2, B1;цяло
whom;proNoun;B2;на когото
whose;det./proNoun;A2;който
why;Adverb;A1;защо
wide;Adjective;A2;широк
widely;Adverb;B2;широко
wife;Noun;A1;съпруга
wild;Adjective;A2;див
wildlife;Noun;B2;дивата природа
will;modal, Noun Verb;A1,;ще
willing;Adjective;B2;склонен
win;Verb , Noun;A1, B1;печеля
wind1;Noun;A2;wind1
wind2;Verb;B2;Wind2
window;Noun;A1;прозорец
wine;Noun;A1;вино
wing;Noun;B1;крило
winner;Noun;A2;победител
winter;Noun;A1;зима
wire;Noun;B2;тел
wise;Adjective;B2;мъдър
wish;Verb Noun;A2;желанието
with;prep.;A1;с
within;prep.;B1;в рамките на
without;prep.;A1;без
witness;Noun Verb;B2;свидетел
woman;Noun;A1;жена
wonder;Verb Noun;B1;чудя се
wonderful;Adjective;A1;чудесен
wood;Noun;A2;дърво
wooden;Adjective;A2;дървен
wool;Noun;B1;вълна
word;Noun;A1;дума
work;Verb Noun;A1;работа
worker;Noun;A1;работник
working;Adjective;A2;работническата
world;Noun;A1;свят
worldwide;Adjective Adverb;B1;в световен мащаб
worried;Adjective;A2;притесняваше
worry;Verb Noun;A2, B1;притеснение
worse;Adjective, AdVerb Noun;A2,B1, B2;по-лошо
worst;Adjective, AdVerb;A2,B1, B2;най-лошото
worth;Adjective, Noun;B1, B2;заслужава си
would;modal, Verb;A1;би се
wound;Noun Verb;B2;рана
wow;exclam.;A2;Еха
wrap;Verv;B2;обвивка
write;Verb;A1;пиши
writer;Noun;A1;писател
writing;Noun;A1;писане
written;Adjective;B1;писмен
wrong;Adjective, AdVerb Noun;A1, B1, B2;погрешно
yard;Noun;B1;Двор
yeah;exclam.;A1;да
year;Noun;A1;година
yellow;Adjective, Noun;A1;жълт
yes;exclam.;A1;да
yesterday;AdVerb Noun;A1;вчера
yet;AdVerb conj.;A2, B2;още
you;proNoun;A1;Вие
young;Adjective, Noun;A1, B1;млад
your;det.;A1;Вашият
yours;proNoun;A2;твой
yourself;proNoun;A1;себе си
youth;Noun;B1;младежта
zero;number;A2;нула
zone;Noun;B2;зона
