a, an;indefinite, article;A1;o, o
abandon;Verb;B2;abandon
ability;Noun;A2;abilitate
able;Adjective;A2;in stare
about;prep. Adverb;A1;despre
above;prep. Adverb;A1;de mai sus
abroad;Adverb;A2;in strainatate
absolute;Adjective;B2;absolut
absolutely;Adverb;B1;absolut
academic;adj, Noun;B1, B2;academic
accept;Verb;A2;Accept
acceptable;Adjective;B2;acceptabil
access;Noun Verb;B1;acces
accident;Noun;A2;accident
accommodation;Noun;B1;cazare
accompany;Verb;B2;însoți
according to;prep.;A2;conform
account;Noun Verb;B1, B2;cont
accurate;Adjective;B2;precis
accuse;Verb;B2;acuza
achieve;Verb;A2;obține
achievement;Noun;B1;realizare
acknowledge;Verb;B2;confirmă de
acquire;Verb;B2;dobândi
across;prep. Adverb;A1;peste
act;Verb Noun;A2,B1;act
action;Noun;A1;acțiune
active;Adjective;A2;activ
activity;Noun;A1;activitate
actor;Noun;A1;actor
actress;Noun;A1;actriţă
actual;Adjective;B2;real
actually;Adverb;A2;de fapt
ad;Noun;B1;anunț
adapt;Verb;B2;adapta
add;Verb;A1;adăuga
addition;Noun;B1;plus
additional;Adjective;B2;adiţional
address;Noun Verb;A1,B2;abordare
administration;Noun;B2;administrare
admire;Verb;B1;admira
admit;Verb;B1;admite
adopt;Verb;B2;adopta
adult;Noun adj;A1,A2;adult
Advance;Noun Verb adj;B2;Avans
Advanced;Adjective;B1;Avansat
Advantage;Noun;A2;Avantaj
Adventure;Noun;A2;Aventură
Advertise;Verb;A2;Face publicitate
Advertisement;Noun;A2;Publicitate
Advertising;Noun;A2;reclamă
Advice;Noun Verb;A1, B1;Sfat
affair;Noun;B2;afacere
affect;Verb;A2;a afecta
afford;Verb;B1;permite
afraid;Adjective;A1;speriat
after;prep. conj. Adverb;A1,A2;după
afternoon;Noun;A1;dupa amiaza
afterwards;Adverb;B2;după aceea
again;Adverb;A1;din nou
against;prep;A2;împotriva
age;Noun Verb;A1, B1;vârstă
aged;Adjective;B1;în vârstă de
agency;Noun;B2;agenţie
agenda;Noun;B2;agendă
agent;Noun;B1;agent
aggressive;Adjective;B2;agresiv
ago;Adverb;A1;în urmă
agree;Verb;A1;de acord
agreement;Noun;B1;acord
ah;exclam.;A2;Ah
ahead;Adverb;B1;înainte
aid;Noun Verb;B2;ajutor
aim;Verb Noun;B1;scop
air;Noun;A1;aer
aircraft;Noun;B2;avioane
airline;Noun;A2;linie aeriană
airport;Noun;A1;aeroport
alarm;Noun Verb;B1, B2;alarma
album;Noun;B1;album
alcohol;Noun;B1;alcool
alcoholic;Adjective;B1;alcoolic
alive;Adjective;A2;în viaţă
all;det. pron, Adverb;A1, A2;toate
all right;Adjective, Adverb exclam;A2;in regula
allow;Verb;A2;permite
almost;Adverb;A2;aproape
alone;Adjective, Adverb;A2;singur
along;prep. Adverb;A2;de-a lungul
already;Adverb;A2;deja
also;Adverb;A1;de asemenea
alter;Verb;B2;modifica
alternative;Noun Adjective;A2, B1;alternativă
although;conj;A2;cu toate că
always;Adverb;A1;mereu
amazed;Adjective;B1;uimit
amazing;Adjective;A1;uimitor
ambition;Noun;B1;ambiţie
ambitious;Adjective;B1;ambiţios
among;prep.;A2;printre
amount;Noun Verb;A2, B2;Cantitate
analyse;Verb;B1;a analiza
analysis;Noun;B1;analiză
ancient;Adjective;A2;vechi
and;conj;A1;și
anger;Noun;B2;furie
angle;Noun;B2;unghi
angry;Adjective;A1;furios
animal;Noun;A1;animal
ankle;Noun;A2;gleznă
anniversary;Noun;B2;aniversare
announce;Verb;B1;anunța
announcement;Noun;B1;anunţ
annoy;Verb;B1;deranja
annoyed;Adjective;B1;contrariat
annoying;Adjective;B1;enervant
annual;Adjective;B2;anual
another;det. proNoun;A1;un alt
answer;Noun Verb;A1;Răspuns
anxious;Adjective;B2;nerăbdător
any;det. proNoun, Adverb;A1, A2;orice
anybody;pron;A2;cineva
any more;Adverb;A2;mai
anyone;pron;A1;oricine
anything;pron;A1;orice
anyway;Adverb;A2;oricum
anywhere;AdVerb proNoun;A2;oriunde
apart;Adverb;B1;separat
apartment;Noun;A1;apartament
apologize;Verb;B1;scuza
app;Noun;A2;aplicaţia
apparent;Adjective;B2;aparent
apparently;Adverb;B2;aparent
appeal;Noun Verb;B2;recurs
appear;Verb;A2;apărea
appearance;Noun;A2;aspect
apple;Noun;A1;măr
application;Noun;B1;cerere
apply;Verb;A2;aplica
appointment;Noun;B1;programare
appreciate;Verb;B1;a aprecia
approach;Noun Verb;B2;abordare
appropriate;Adjective;B2;corespunzătoare
approval;Noun;B2;aprobare
approve;Verb;B2;aproba
approximately;Adverb;B1;aproximativ
April;Noun;A1;Aprilie
architect;Noun;A2;arhitect
architecture;Noun;A2;arhitectură
area;Noun;A1;zonă
argue;Verb;A2;argumenta
argument;Noun;A2;argument
arise;Verb;B2;apărea
arm;Noun;A1;braţ
armed;Adjective;B2;armat
arms;Noun;B2;arme
army;Noun;A2;armată
around;prep. Adverb;A1;în jurul
arrange;Verb;A2;aranja
arrangement;Noun;A2;aranjament
arrest;Verb Noun;B1;arestare
arrival;Noun;B1;sosire
arrive;Verb;A1;ajunge
art;Noun;A1;artă
article;Noun;A1;articol
artificial;Adjective;B2;artificial
artist;Noun;A1;artist
artistic;Adjective;B2;artistic
as;prep., Adverb conj.;A1, A2;la fel de
ashamed;Adjective;B2;ruşinat
asleep;Adjective;A2;adormit
ask;Verb;A1;cere
aspect;Noun;B2;aspect
assess;Verb;B2;evalua
assessment;Noun;B2;evaluare
assignment;Noun;B1;misiune
assist;Verb;B1;asista
assistant;Noun Adjective;A2;asistent
associate;Verb;B2;asociat
associated;Adjective;B2;asociate
association;Noun;B2;asociere
assume;Verb;B2;presupune
at;prep.;A1;la
athlete;Noun;A2;atlet
atmosphere;Noun;B1;atmosfera
attach;Verb;B1;atașa
attack;Noun Verb;A2;atac
attempt;Noun Verb;B2;atentat, încercare
attend;Verb;A2;a se prezenta, frecventa
attention;Noun exclam.;A2;Atenţie
attitude;Noun;B1;atitudine
attract;Verb;B1;a atrage
attraction;Noun;B1;atracţie
attractive;Adjective;A2;atractiv
audience;Noun;A2;public
August;Noun;A1;August
aunt;Noun;A1;mătuşă
author;Noun;A2;autor
authority;Noun;B1;autoritate
autumn;Noun;A1;toamnă
available;Adjective;A2;disponibil
average;Adjective, Noun Verb;A2, B1;in medie
avoid;Verb;A2;evita
award;Noun Verb;A2, B1;adjudecare
aware;Adjective;B1;conștient
away;Adverb;A1;departe
awful;Adjective;A2;îngrozitor
baby;Noun;A1;bebelus
back;Noun AdVerb Adjective, Verb;A1, A2, B2;înapoi
background;Noun;A2;fundal
backwards;Adverb;B1;înapoi
bacteria;Noun;B2;bacterii
bad;Adjective;A1;rău
badly;Adverb;A2;prost
bag;Noun;A1;sac
bake;Verb;B1;coace
balance;Noun Verb;B1;echilibru
ball;Noun;A1;minge
ban;Verb Noun;B1;interzice
banana;Noun;A1;banană
band;Noun;A1;grup
bank (money);Noun;A1;bancare (bani)
bank (river);Noun;B1;bancă (râu)
bar;Noun Verb;A2, B2;bar
barrier;Noun;B2;barieră
base;Noun Verb;B1;baza
baseball;Noun;A2;baseball
based;Adjective;A2;bazat
basketball;Noun;A2;baschet
basic;Adjective;B1;de bază
basically;Adverb;B2;pe scurt
basis;Noun;B1;bază
bath;Noun;A1;baie
bathroom;Noun;A1;baie
battery;Noun;B1;baterie
battle;Noun Verb;B1, B2;luptă
be;Verb auxiliary Verb;A1;fi
beach;Noun;A1;plajă
bean;Noun;A2;fasole
bear (deal with);Verb;B2;Ursul (deal cu)
bear (animal);Noun;A2;urs)
beat;Verb Noun;A2, B2;bate
beautiful;Adjective;A1;frumoasa
beauty;Noun;B1;frumuseţe
because;conj.;A1;deoarece
become;Verb;A1;deveni
bed;Noun;A1;pat
bedroom;Noun;A1;dormitor
bee;Noun;B1;albină
beef;Noun;A2;vită
beer;Noun;A1;bere
before;prep., conj. Adverb;A1, A2;inainte de
beg;Verb;B2;cerși
begin;Verb;A1;începe
beginning;Noun;A1;început
behave;Verb;A2;comporta
behaviour;Noun;A2;comportament
behind;prep. Adverb;A1;in spate
being;Noun;B2;fiind
belief;Noun;B1;credință
believe;Verb;A1;crede
bell;Noun;B1;clopot
belong;Verb;A2;aparține
below;Adverb prep.;A1;de mai jos
belt;Noun;A2;curea
bend;Verb Noun;B1;îndoire
benefit;Verb NouNoun;A2, B1;beneficiu
bent;Adjective;B2;îndoit
best;Adjective, AdVerb Noun;A1, A2;Cel mai bun
bet;Verb Noun;B2;pariu
better;Adjective , Adverb , Noun;A1, A2, B1;mai bine
between;prep., Adverb;A1, A2;între
beyond;prep. Adverb;B2;dincolo
bicycle;Noun;A1;bicicletă
big;Adjective;A1;mare
bike;Noun;A1;bicicletă
bill;Noun Verb;A1, B2;factură
billion number; ;A2;numărul de miliarde
bin;Noun;A2;cos
biology;Noun;A2;biologie
bird;Noun;A1;pasăre
birth;Noun;A2;naștere
birthday;Noun;A1;zi de nastere
biscuit;Noun;A2;biscuit
bit;Noun;A2;pic
bite;Verb Noun;B1;mușca
bitter;Adjective;B2;amar
black;Adjective, Noun;A1;negru
blame;Verb Noun;B2;vină
blank;Adjective, Noun;A2;gol
blind;Adjective;B2;orb
block;Noun Verb;B1;bloc
blog;Noun;A1;blogul
blonde;Adjective;A1;blondă
blood;Noun;A2;sânge
blow;Verb;A2;a sufla
blue;Adjective, Noun;A1;albastru
board;Noun Verb;A2, B1;bord
boat;Noun;A1;barcă
body;Noun;A1;corp
boil;Verb;A2;a fierbe
bomb;Noun Verb;B1;bombă
bond;Noun;B2;legătură
bone;Noun;A2;os
book;Noun Verb;A1, A2;carte
boot;Noun;A1;cizmă
border;Noun Verb;B1, B2;frontieră
bored;Adjective;A1;plictisit
boring;Adjective;A1;plictisitor
born;Verb;A1;născut
borrow;Verb;A2;împrumuta
boss;Noun;A2;șef
both;det./proNoun;A1;ambii
bother;Verb;B1;deranja
bottle;Noun;A1;sticla
bottom;NouNoun Adjective;A2;fund
bowl;Noun;A2;castron
box;Noun;A1;cutie
boy;Noun;A1;băiat
boyfriend;Noun;A1;prieten
brain;Noun;A2;creier
branch;Noun;B1;ramură
brand;Noun Verb;B1;marca
brave;Adjective;B1;curajos
bread;Noun;A1;pâine
break;Verb Noun;A1;pauză
breakfast;Noun;A1;mic dejun
breast;Noun;B2;sân
breath;Noun;B1;suflare
breathe;Verb;B1;a respira
breathing;Noun;B1;respiraţie
bride;Noun;B1;mireasă
bridge;Noun;A2;pod
brief;Adjective;B2;scurt
bright;Adjective;A2;luminos
brilliant;Adjective;A2;Sclipitor
bring;Verb;A1;aduce
broad;Adjective;B2;larg
broadcast;Verb Noun;B2;difuzare
broken;Adjective;A2;rupt
brother;Noun;A1;frate
brown;Adjective, Noun;A1;maro
brush;Verb Noun;A2;perie
bubble;Noun;B1;balon
budget;Noun;B2;buget
build;Verb;A1;construi
building;Noun;A1;clădire
bullet;Noun;B2;glonţ
bunch;Noun;B2;buchet
burn;Verb Noun;A2, B2;a arde
bury;Verb;B1;îngropa
bus;Noun;A1;autobuz
bush;Noun;B2;tufiș
business;Noun;A1;Afaceri
businessman;Noun;A2;om de afaceri
busy;Adjective;A1;ocupat
but;conj. prep;A1, B2;dar
butter;Noun;A1;unt
button;Noun;A2;buton
buy;Verb;A1;Cumpără
by;prep. Adverb;A1, B1;de
bye;exclam;A1;pa
cable;Noun;B2;cablu
cafe;Noun;A1;cafenea
cake;Noun;A1;tort
calculate;Verb;B2;calculati
call;Verb Noun;A1;apel
calm;Adjective Verb Noun;B1;calm
camera;Noun;A1;aparat foto
camp;Noun Verb;A2;tabără
campaign;Noun Verb;B1;campanie
camping;Noun;A2;camping
campus;Noun;B1;campus
can1;modal Verb;A1;CAN1
can2;Noun;A2;can2
cancel;Verb;B2;Anulare
cancer;Noun;B2;cancer
candidate;Noun;B1;candidat
cannot;Verb;A1;nu poti
cap;Noun;B1;capac
capable;Adjective;B2;capabil
capacity;Noun;B2;capacitate
capital;Noun Adjective;A1;capital
captain;Noun;B1;căpitan
capture;Verb Noun;B2;captură
car;Noun;A1;mașină
card;Noun;A1;card
care;Noun Verb;A2;îngrijire
career;Noun;A1;Carieră
careful;Adjective;A2;atent
carefully;Adverb;A2;cu grija
careless;Adjective;B1;neglijent
carpet;Noun;A2;covor
carrot;Noun;A1;morcov
carry;Verb;A1;transporta
cartoon;Noun;A2;desen animat
case;Noun;A2;caz
cash;Noun;A2;bani lichizi
cast;Noun Verb;B2;cast
castle;Noun;A2;castel
cat;Noun;A1;pisică
catch;Verb Noun;A2, B2;captură
category;Noun;B1;categorie
cause;Noun Verb;A2;cauză
CD;Noun;A1;CD
ceiling;Noun;B1;tavan
celebrate;Verb;A2;sărbători
celebration;Noun;B1;celebrare
celebrity;Noun;A2;celebritate
cell;Noun;B2;celulă
cent;Noun;A1;cent
central;Adjective;B1;central
centre;Noun Verb;A1, B1;centru
century;Noun;A1;secol
ceremony;Noun;B1;ceremonie
certain;Adjective;A2;anumit
certainly;Adverb;A2;cu siguranță
chain;Noun Verb;B1, B2;lanţ
chair;Noun Verb;A1, B2;scaun
chairman;Noun;B2;preşedinte
challenge;Noun Verb;B1, B2;provocare
champion;Noun;B1;campion
chance;Noun;A2;şansă
change;Verb Noun;A1;Schimbare
channel;Noun;B1;canal
chapter;Noun;B1;capitol
character;Noun;A2;caracter
characteristic;Noun Adjective;B2;caracteristică
charge;Noun Verb;B1;încărca
charity;Noun;A2;caritate
chart;Noun Verb;A1, B2;diagramă
chat;Verb Noun;A2;conversație
cheap;Adjective , Adverb;A1, B1;ieftin
cheat;Verb Noun;B1;trișa
check;Verb Noun;A1, A2;Verifica
chef;Noun;A2;bucătar-șef
cheerful;Adjective;B1;bine dispus
cheese;Noun;A1;brânză
chemical;Adjective, Noun;B1;chimic
chemistry;Noun;A2;chimie
chest;Noun;B1;cufăr
chicken;Noun;A1;pui
chief;Adjective, Noun;B2;şef
child;Noun;A1;copil
childhood;Noun;B1;copilărie
chip;Noun;A2;cip
chocolate;Noun;A1;ciocolată
choice;Noun;A2;alegere
choose;Verb;A1;alege
church;Noun;A2;biserică
cigarette;Noun;A2;ţigară
cinema;Noun;A1;Cinema
circle;Noun Verb;A2;cerc
circumstance;Noun;B2;circumstanţă
cite;Verb;B2;cita
citizen;Noun;B2;cetăţean
city;Noun;A1;oraș
civil;Adjective;B2;civil
claim;Verb Noun;B1;Revendicare
class;Noun;A1;clasă
classic;Adjective, Noun;B2;clasic
classical;Adjective;A2;clasic
classroom;Noun;A1;sală de clasă
clause;Noun;B1;clauză
clean;Adjective, Verb;A1;curat
clear;Adjective, Verb;A2, B1;clar
clearly;Adverb;A2;clar
clever;Adjective;A2;inteligent
click;Verb Noun;B1;clic
client;Noun;B1;client
climate;Noun;A2;climat
climb;Verb Noun;A1, B1;a urca
clock;Noun;A1;ceas
close1;Verb Noun;A1, B2;close1
close2;Adjective , Adverb;A2, B1;close2
closed;Adjective;A2;închis
closely;Adverb;B2;îndeaproape
cloth;Noun;B1;pânză
clothes;Noun;A1;haine
clothing;Noun;A2;îmbrăcăminte
cloud;Noun;A2;nor
club;Noun;A1;club
clue;Noun;B1;cheie
coach;Noun Verb;A2, B1;antrenor
coal;Noun;B1;cărbune
coast;Noun;A2;coastă
coat;Noun;A1;palton
code;Noun;A2;cod
coffee;Noun;A1;cafea
coin;Noun;B1;monedă
cold;Adjective Noun;A1;rece
collapse;Verb Noun;B2;colaps
colleague;Noun;A2;coleg
collect;Verb;A2;colectarea
collection;Noun;B1;Colectie
college;Noun;A1;colegiu
colour;Noun;A1;culoare
coloured;Adjective;B1;colorat
column;Noun;A2;coloană
combination;Noun;B2;combinaţie
combine;Verb;B1;combina
come;Verb;A1;veni
comedy;Noun;A2;comedie
comfort;Noun Verb;B2;confort
comfortable;Adjective;A2;confortabil
command;Noun Verb;B2;comanda
comment;Noun Verb;A2, B1;cometariu
commercial;Adjective Noun;B1;comercial
commission;Noun Verb;B2;comision
commit;Verb;B1;comite
commitment;Noun;B2;angajament
committee;Noun;B2;comitet
common;Adjective Noun;A1;uzual
commonly;Adverb;B2;în mod obișnuit
communicate;Verb;A2;comunica
communication;Noun;B1;comunicare
community;Noun;A2;comunitate
company;Noun;A1;companie
compare;Verb;A1;comparaţie
comparison;Noun;B1;comparaţie
compete;Verb;A2;concura
competition;Noun;A2;competiție
competitor;Noun;B1;concurent
competitive;Adjective;B1;competitiv
complain;Verb;A2;plânge
complaint;Noun;B1;plângere
complete;Adjective Verb;A1;complet
completely;Adverb;A2;complet
complex;Adjective, Noun;B1, B2;complex
complicated;Adjective;B2;complicat
component;Noun;B2;component
computer;Noun;A1;calculator
concentrate;Verb;B1;concentrat
concentration;Noun;B2;concentraţie
concept;Noun;B2;concept
concern;Noun Verb;B2;îngrijorare
concerned;Adjective;B2;îngrijorat
concert;Noun;A1;concert
conclude;Verb;B1;încheia
conclusion;Noun;B1;concluzie
condition;Noun;A2;condiție
conduct;Verb Noun;B2;conduce
conference;Noun;A2;conferinţă
confidence;Noun;B2;încredere
confident;Adjective;B1;încrezător
confirm;Verb;B1;a confirma
conflict;Noun Verb;B2;conflict
confuse;Verb;B1;confunda
confused;Adjective;B1;confuz
confusing;Adjective;B2;confuz
connect;Verb;A2;conectați
connected;Adjective;A2;conectat
connection;Noun;B1;conexiune
conscious;Adjective;B2;conştient
consequence;Noun;B1;consecinţă
conservative;Adjective, Noun;B2;conservator
consider;Verb;A2;considera
consideration;Noun;B2;considerare
consist;Verb;B1;consta
consistent;Adjective;B2;consistent
constant;Adjective;B2;constant
constantly;Adverb;B2;mereu
construct;Verb;B2;construi
construction;Noun;B2;constructie
consume;Verb;B1;a consuma
consumer;Noun;B1;consumator
contact;Noun Verb;B1;a lua legatura
contain;Verb;A2;conține
container;Noun;B1;recipient
contemporary;Adjective;B2;contemporan
content;Noun;B1;conţinut
contest;Noun Verb;B2;concurs
context;Noun;A2;context
continent;Noun;A2;continent
continue;Verb;A2;continua
continuous;Adjective;B1;continuu
contract;Noun Verb;B2;contracta
contrast;Noun Verb;B1;contrast
contribute;Verb;B2;a contribui
contribution;Noun;B2;contribuţie
control;Noun Verb;A2;Control
convenient;Adjective;B1;convenabil
conversation;Noun;A1;conversaţie
convert;Verb;B2;convertit
convince;Verb;B1;convinge
convinced;Adjective;B2;convins
cook;Verb Noun;A1, A2;bucătar
cooker;Noun;A2;aragaz
cooking;Noun;A1;gătit
cool;Adjective, Verb;A1, B1;rece
copy;Noun Verb;A2;copie
core;Noun Adjective;B2;miez
corner;Noun;A2;colţ
corporate;Adjective;B2;corporativ
correct;Adjective Verb;A1;corect
correctly;Adverb;A2;corect
cost;Noun Verb;A1;cost
costume;Noun;B1;costum
cottage;Noun;B1;căsuță
cotton;Noun;B1;bumbac
could;Verb;A1;ar putea
council;Noun;B2;consiliu
count;Verb Noun;A2, B1;numara
country;Noun;A1;țară
countryside;Noun;B1;mediu rural
county;Noun;B2;județ
couple;Noun;A2;cuplu
courage;Noun;B2;curaj
course;Noun;A1;curs
court;Noun;B1;curte
cousin;Noun;A1;văr
cover;Verb Noun;A2, B1;acoperi
covered;Adjective;B1;acoperit
cow;Noun;A1;vacă
crash;Noun Verb;B2;prăbușire
crazy;Adjective;A2;nebun
cream;Noun Adjective;A1, B1;cremă
create;Verb;A1;crea
creation;Noun;B2;creare
creative;Adjective;A2;creator
creature;Noun;B2;făptură
credit;Noun Verb;A2, B2;credit
crew;Noun;B2;echipaj
crime;Noun;A2;crimă
criminal;Noun Adjective;A2, B1;penal
crisis;Noun;B2;criză
criterion;Noun;B2;criteriu
critic;Noun;B2;critic
critical;Adjective;B2;critic
criticism;Noun;B2;critică
criticize;Verb;B2;a critica
crop;Noun;B2;a decupa
cross;Verb Noun;A2;cruce
crowd;Noun;A2;mulțime
crowded;Adjective;A2;aglomerat
crucial;Adjective;B2;crucial
cruel;Adjective;B1;crud
cry;Verb Noun;A2, B2;strigăt
cultural;Adjective;B1;cultural
culture;Noun;A1;cultură
cup;Noun;A1;ceașcă
cupboard;Noun;A2;dulap
cure;Verb Noun;B2;vindeca
curly;Adjective;A2;creț
currency;Noun;B1;valută
current;Adjective, Noun;B1, B2;actual
currently;Adverb;B1;în prezent
curtain;Noun;B1;perdea
curve;Noun Verb;B2;curba
curved;Adjective;B2;curb
custom;Noun;B1;personalizat
customer;Noun;A1;client
cut;Verb , Noun;A1, B1;a tăia
cycle;Noun Verb;A2, B1;ciclu
dad;Noun;A1;tata
daily;Adjective, Adverb;A2, B1;zilnic
damage;Noun Verb;B1;deteriora
dance;Noun Verb;A1;dans
dancer;Noun;A1;dansator
dancing;Noun;A1;dans
danger;Noun;A2;Pericol
dangerous;Adjective;A1;periculos
dark;Adjective, Noun;A1, A2;întuneric
data;Noun;A2;date
date;Noun Verb;A1, B2;Data
daughter;Noun;A1;fiică
day;Noun;A1;zi
dead;Adjective;A2;mort
deal;Verb Noun;A2, B1;afacere
dear;Adjective, exclam;A1, A2;dragă
death;Noun;A2;moarte
debate;Noun Verb;B2;dezbate
debt;Noun;B2;creanţă
decade;Noun;B1;deceniu
December;Noun;A1;decembrie
decent;Adjective;B2;decent
decide;Verb;A1;decide
decision;Noun;A2;decizie
declare;Verb;B2;declara
decline;Verb Noun;B2;declin
decorate;Verb;B1;decora
decoration;Noun;B2;decor
decrease;Verb Noun;B2;scădea
deep;Adjective, Adverb;A2, B1;adâncime
deeply;Adverb;B2;profund
defeat;Verb Noun;B2;înfrângere
defence;Noun;B2;apărare
defend;Verb;B2;apăra
define;Verb;B1;defini
definite;Adjective;B1;definit
definitely;Adverb;A2;categoric
definition;Noun;B1;definiție
degree;Noun;A2;grad
delay;Verb Noun;B2;întârziere
deliberate;Adjective;B2;delibera
deliberately;Adverb;B2;intenționat
delicious;Adjective;A1;delicios
delight;Verb Noun;B2;încântare
delighted;Adjective;B2;Încântat
deliver;Verb;B1;livra
delivery;Noun;B2;livrare
demand;Noun Verb;B2;cerere
demonstrate;Verb;B2;demonstra
dentist;Noun;A2;dentist
deny;Verb;B2;nega
department;Noun;A2;departament
departure;Noun;B1;plecare
depend;Verb;A2;depinde
depressed;Adjective;B2;deprimat
depressing;Adjective;B2;deprimant
depth;Noun;B2;adâncime
describe;Verb;A1;descrie
description;Noun;A1;Descriere
desert;Noun Verb;A2, B2;deşert
deserve;Verb;B2;merita
design;Noun Verb;A1;proiecta
designer;Noun;A2;proiectant
desire;Noun Verb;B2;dorință
desk;Noun;A1;birou
desperate;Adjective;B2;disperată
despite;prep;B1;în ciuda
destination;Noun;B1;destinaţie
destroy;Verb;A2;distruge
detail;Noun Verb;A1, B2;detaliu
detailed;Adjective;B2;detaliat
detect;Verb;B2;detecta
detective;Noun;A2;detectiv
determine;Verb;B1;a determina
determined;Adjective;B1;determinat
develop;Verb;A2;dezvolta
development;Noun;B1;dezvoltare
device;Noun;A2;dispozitiv
diagram;Noun;B1;diagramă
dialogue;Noun;A1;dialog
diamond;Noun;B1;diamant
diary;Noun;A2;jurnal
dictionary;Noun;A1;dicţionar
die;Verb;A1;a muri
diet;Noun;A1;cura de slabire
difference;Noun;A1;diferență
different;Adjective;A1;diferit
differently;Adverb;A2;diferit
difficult;Adjective;A1;dificil
difficulty;Noun;B1;dificultate
dig;Verb;B2;săpa
digital;Adjective;A2;digital
dinner;Noun;A1;cină
direct;Adjective, Verb Adverb;A2, B1;direct
direction;Noun;A2;direcţie
directly;Adverb;B1;direct
director;Noun;A2;director
dirt;Noun;B1;murdărie
dirty;Adjective;A1;murdar
Dis Adverbantage;Noun;B1;Dis Adverbantage
disagree;Verb;A2;dezacord
disappear;Verb;A2;dispărea
disappointed;Adjective;B1;dezamăgit
disappointing;Adjective;B1;dezamăgitor
disaster;Noun;A2;dezastru
disc;Noun;B2;disc
discipline;Noun;B2;disciplina
discount;Noun Verb;B1, B2;reducere
discover;Verb;A2;descoperi
discovery;Noun;A2;descoperire
discuss;Verb;A1;discuta
discussion;Noun;A2;discuţie
disease;Noun;A2;boală
dish;Noun;A1;farfurie
dishonest;Adjective;B2;necinstit
dislike;Verb Noun;B1;nu-i plăcea
dismiss;Verb;B2;destitui
display;Verb Noun;B2;afişa
distance;Noun;A2;distanţă
distribute;Verb;B2;distribui
distribution;Noun;B2;distribuire
district;Noun;B2;district
divide;Verb Noun;B1, B2;divide
division;Noun;B2;Divizia
divorced;Adjective;A2;divorţat
do;Verb auxiliary verb;A1;do
doctor;Noun;A1;doctor
document;Noun Verb;A2, B2;document
documentary;Noun;B1;film documentar
dog;Noun;A1;câine
dollar;Noun;A1;dolar
domestic;Adjective;B2;intern
dominate;Verb;B2;domina
donate;Verb;B1;Donează
door;Noun;A1;uşă
double;Adjective det. proNoun Verb , Adverb;A2, B1;dubla
doubt;Noun Verb;B1;îndoială
down;Adverb Prep;A1;jos
download;Verb Noun;A2;Descarca
downstairs;Adverb , Adjective;A1, A2;jos
downwards;Adverb;B2;în jos
dozen;Noun det;B2;duzină
draft;Noun Verb;B2;proiect
drag;Verb;B2;trage
drama;Noun;A2;dramă
dramatic;Adjective;B2;dramatic
draw;Verb;A1;a desena
drawing;Noun;A2;desen
dream;Noun Verb;A2;vis
dress;Noun Verb;A1;rochie
dressed;Adjective;B1;îmbrăcat
drink;Noun Verb;A1;băutură
drive;Verb Noun;A1, A2;conduce
driver;Noun;A1;conducător auto
driving;Noun;A2;conducere
drop;Verb Noun;A2, B1;cădere brusca
drug;Noun;A2;medicament
drum;Noun;B1;Tobă
drunk;Adjective;B1;beat
dry;Adjective, Verb;A2;uscat
due;Adjective;B1;datorat
during;prep;A1;pe parcursul
dust;Noun;B1;praf
duty;Noun;B1;datorie
DVD;Noun;A1;DVD
each;det./proNoun/Adverb;A1;fiecare
ear;Noun;A1;ureche
early;Adjective Adverb;A1;din timp
earn;Verb;A2;câştiga
earth;Noun;A2;Pământ
earthquake;Noun;B1;cutremur
easily;Adverb;A2;uşor
east;Noun Adjective Adverb;A1;Est
eastern;Adjective;B1;de est
easy;Adjective;A1;uşor
eat;Verb;A1;mânca
economic;Adjective;B1;economic
economy;Noun;B1;economie
edge;Noun;B1;margine
edit;Verb;B2;Editați | ×
edition;Noun;B2;ediție
editor;Noun;B1;editor
educate;Verb;B1;educa
educated;Adjective;B1;educat
education;Noun;A2;educaţie
educational;Adjective;B1;educational
effect;Noun;A2;efect
effective;Adjective;B1;efectiv
effectively;Adverb;B1;în mod eficient
efficient;Adjective;B2;eficient
effort;Noun;B1;efort
egg;Noun;A1;ou
eight;number;A1;opt
eighteen;number;A1;optsprezece
eighty;number;A1;optzeci
either;det./proNoun Adverb;A2;fie
elderly;Adjective;B2;vârstnic
elect;Verb;B2;alege
election;Noun;B1;alegere
electric;Adjective;A2;electric
electrical;Adjective;A2;electric
electricity;Noun;A2;electricitate
electronic;Adjective;A2;electronic
element;Noun;B1;element
elephant;Noun;A1;elefant
eleven;number;A1;unsprezece
else;Adverb;A1;altfel
elsewhere;Adverb;B2;în altă parte
email;Noun Verb;A1;e-mail
embarrassed;Adjective;B1;jenat
embarrassing;Adjective;B1;jenant
emerge;Verb;B2;apărea
emergency;Noun;B1;de urgență
emotion;Noun;B1;emoţie
emotional;Adjective;B2;emoţional
emphasis;Noun;B2;accent
emphasize;Verb;B2;sublinia
employ;Verb;A2;angaja
employee;Noun;A2;angajat
employer;Noun;A2;angajator
employment;Noun;B1;ocuparea forței de muncă
empty;Adjective, Verb;A2, B1;gol
enable;Verb;B2;permite
encounter;Verb Noun;B2;întâlni
encourage;Verb;B1;a incuraja
end;Noun Verb;A1;Sfârșit
ending;Noun;A2;final
enemy;Noun;B1;dusman
energy;Noun;A2;energie
engage;Verb;B2;angaja
engaged;Adjective;B1;angajat
engine;Noun;A2;motor
engineer;Noun;A2;inginer
engineering;Noun;B1;Inginerie
enhance;Verb;B2;spori
enjoy;Verb;A1;se bucura
enormous;Adjective;A2;enorm
enough;det. proNoun Adverb;A1;destul
enquiry;Noun;B2;Anchetă
ensure;Verb;B2;asigura
enter;Verb;A2;introduce
entertain;Verb;B1;distra
entertainment;Noun;B1;divertisment
enthusiasm;Noun;B2;entuziasm
enthusiastic;Adjective;B2;entuziast
entire;Adjective;B2;întreg
entirely;Adverb;B2;în întregime
entrance;Noun;B1;Intrare
entry;Noun;B1;intrare
environment;Noun;A2;mediu inconjurator
environmental;Adjective;B1;de mediu
episode;Noun;B1;episod
equal;Adjective, Verb Noun;B1, B2;egal
equally;Adverb;B1;in aceeasi masura
equipment;Noun;A2;echipament
error;Noun;A2;eroare
escape;Verb Noun;B1;evadare
especially;Adverb;A2;mai ales
essay;Noun;A2;eseu
essential;Adjective;B1;esenţial
establish;Verb;B2;a stabili
estate;Noun;B2;imobiliar
estimate;Verb Noun;B2;estima
ethical;Adjective;B2;etic
euro;Noun;A1;euro
evaluate;Verb;B2;a evalua
even;AdVerb Adjective;A1, B2;chiar
evening;Noun;A1;seară
event;Noun;A1;eveniment
eventually;Adverb;B1;în cele din urmă
ever;Adverb;A1;vreodată
every;det;A1;fiecare
everybody;proNoun;A1;toata lumea
everyday;Adjective;A2;in fiecare zi
everyone;proNoun;A1;toata lumea
everything;proNoun;A1;Tot
everywhere;Adverb;A2;pretutindeni
evidence;Noun;A2;evidență
evil;Adjective, Noun;B2;rău
exact;Adjective;A2;corect
exactly;Adverb;A2;exact
exam;Noun;A1;examen
examination;Noun;B2;examinare
examine;Verb;B1;examina
example;Noun;A1;exemplu
excellent;Adjective;A2;excelent
except;prep, conj;A2, B1;cu exceptia
exchange;Noun Verb;B1;schimb valutar
excited;Adjective;A1;excitat
excitement;Noun;B1;entuziasm
exciting;Adjective;A1;captivant
excuse;Noun Verb;B2;scuză
executive;Noun Adjective;B2;executiv
exercise;Noun Verb;A1;exercițiu
exhibition;Noun;B1;expoziţie
exist;Verb;A2;exista
existence;Noun;B2;existenţă
expand;Verb;B1;extinde
expect;Verb;A2;aştepta
expectation;Noun;B2;așteptare
expected;Adjective;B1;așteptat
expedition;Noun;B1;expediție
expense;Noun;B2;cheltuială
expensive;Adjective;A1;scump
experience;Noun Verb;A2, B1;experienţă
experienced;Adjective;B1;cu experienta
experiment;Noun Verb;A2, B1;experiment
expert;Noun Adjective;A2;expert
explain;Verb;A1;explica
explanation;Noun;A2;explicaţie
explode;Verb;B1;exploda
exploration;Noun;B2;explorare
explore;Verb;B1;explora
explosion;Noun;B1;explozie
export;Noun Verb;B1;export
expose;Verb;B2;expune
express;Verb;A2;expres
expression;Noun;A2;expresie
extend;Verb;B2;extinde
extent;Noun;B2;măsură
external;Adjective;B2;extern
extra;Adjective, Noun Adverb;A1, B1;suplimentar
extraordinary;Adjective;B2;extraordinar
extreme;Adjective, Noun;A2, B2;extrem
extremely;Adverb;A2;extrem
eye;Noun;A1;ochi
face;Noun Verb;A1, B1;față
facility;Noun;B2;facilitate
fact;Noun;A1;fapt
factor;Noun;A2;factor
factory;Noun;A2;fabrică
fail;Verb;A2;Fail
failure;Noun;B2;eșec
fair;Adjective;A2;echitabil
fairly;Adverb;B1;destul de
faith;Noun;B2;credinţă
fall;Verb Noun;A1, A2;toamna
FALSE;Adjective;A1;FALS
familiar;Adjective;B1;familiar
family;Noun Adjective;A1;familie
famous;Adjective;A1;celebru
fan;Noun;A2;ventilator
fancy;Verb Adjective;B1;extravagant
fantastic;Adjective;A1;fantastic
far;Adverb , Adjective;A1, B1;departe
farm;Noun Verb;A1, A2;fermă
farmer;Noun;A1;agricultor
farming;Noun;A2;agricultură
fascinating;Adjective;B1;fascinant
fashion;Noun;A2;Modă
fashionable;Adjective;B1;la modă
fast;Adjective, Adverb;A1;rapid
fasten;Verb;B1;fixa
fat;Adjective, Noun;A1, A2;gras
father;Noun;A1;Tată
fault;Noun;B2;eroare
favour;Noun Verb;B1, B2;favoare
favourite;Adjective, Noun;A1;favorită
fear;Noun Verb;A2, B1;frică
feather;Noun;B2;pană
feature;Noun Verb;A2, B1;caracteristică
February;Noun;A1;februarie
fee;Noun;B2;taxă
feed;Verb Noun;A2, B2;a hrani
feedback;Noun;B2;părere
feel;Verb Noun;A1, B2;simți
feeling;Noun;A1;sentiment
fellow;Adjective;B2;coleg
female;Adjective, Noun;A2;Femeie
fence;Noun;B1;gard
festival;Noun;A1;festival
few;det./Adjective, proNoun;A1;puțini
fiction;Noun;A2;fictiune
field;Noun;A2;camp
fifteen;number;A1;cincisprezece
fifth;number;A1;a cincea
fifty;number;A1;cincizeci
fight;Verb Noun;A2;luptă
fighting;Noun;B1;luptă
figure;Noun Verb;A2, B2;figura
file;Noun Verb;B1, B2;fişier
fill;Verb;A1;completati
film;Noun Verb;A1, A2;film
final;Adjective, Noun;A1, A2;final
finally;Adverb;A2;in cele din urma
finance;Noun Verb;B2;finanţa
financial;Adjective;B1;financiar
find;Verb;A1;găsi
finding;Noun;B2;descoperire
fine;Adjective;A1;amenda
finger;Noun;A2;deget
finish;Verb Noun;A1, A2;finalizarea
fire;Noun Verb;A1, B1;foc
firm;Noun;B2;firmă
first;det./number.AdVerb Noun;A1, A2;primul
firstly;Adverb;A2;in primul rand
fish;Noun Verb;A1, A2;peşte
fishing;Noun;A2;pescuit
fit;Verb Adjective;A2;potrivi
fitness;Noun;B1;fitness
five;number;A1;cinci
fix;Verb Noun;A2, B2;fix
fixed;Adjective;B1;fix
flag;Noun;B1;steag
flame;Noun;B2;flacără
flash;Noun Verb;B2;bliț
flat;Noun Adjective;A1, A2;apartament
flexible;Adjective;B2;flexibil
flight;Noun;A1;zbor
float;Verb;B2;pluti
flood;Noun Verb;B1;potop
floor;Noun;A1;podea
flour;Noun;B1;făină
flow;Verb Noun;B1;curgere
flower;Noun;A1;floare
flu;Noun;A2;gripă
fly;Verb Noun;A1, A2;a zbura
flying;Noun Adjective;A2;zbor
focus;Verb Noun;A2;concentra
fold;Verb Noun;B1, B2;plia
folding;Adjective;B2;pliere
folk;Noun Adjective;B1;oameni
follow;Verb;A1;urma
following;Adjective, Noun prep;A2, B1, B2;ca urmare a
food;Noun;A1;alimente
foot;Noun;A1;picior
football;Noun;A1;fotbal
for;prep.;A1;pentru
force;NounVerb;B1;forta
foreign;Adjective;A2;străin
forest;Noun;A2;pădure
forever;Adverb;B1;pentru totdeauna
forget;Verb;A1;a uita
forgive;Verb;B2;ierta
fork;Noun;A2;furculiţă
form;NounVerb;A1;formă
formal;Adjective;A2;formal
former;Adjective;B2;fost
fortunately;Adverb;A2;din fericire
fortune;Noun;B2;avere
forty;number;A1;patruzeci
forward;AdVerb Adjective;A2, B2;redirecţiona
found;Verb;B2;găsite
four;number;A1;patru
fourteen;number;A1;paisprezece
fourth;number;A1;Al patrulea
frame;NounVerb;B1;cadru
free;Adjective, AdVerb Verb;A1,A2,B2;liber
freedom;Noun;B2;libertate
freeze;Verb;B1;îngheţa
frequency;Noun;B2;frecvență
frequently;Adverb;B1;des
fresh;Adjective;A2;proaspăt
Friday;Noun;A1;vineri
fridge;Noun;A2;frigider
friend;Noun;A1;prieten
friendly;Adjective;A1;prietenos
friendship;Noun;B1;prietenie
frighten;Verb;B1;speria
frightened;Adjective;B1;speriat
frightening;Adjective;B1;înfricoşător
frog;Noun;A2;broască
from;prep;A1;din
front;Noun Adjective;A1;față
frozen;Adjective;B1;îngheţat
fruit;Noun;A1;fruct
fry;Verb;B1;prăji
fuel;Noun Verb;B1, B2;combustibil
full;Adjective;A1;deplin
fully;Adverb;B2;complet
fun;Noun Adjective;A1, A2;distracţie
function;Noun Verb;B1, B2;funcţie
fund;Noun Verb;B2;fond
fundamental;Adjective;B2;fundamental
funding;Noun;B2;finanțarea
funny;Adjective;A1;amuzant
fur;Noun;B1;blană
furniture;Noun;A2;mobila
further;Adjective, Adverb;A2, B1;mai departe
furthermore;Adverb;B2;în plus
future;Noun Adjective;A1, A2;viitor
gain;Verb Noun;B2;câştig
gallery;Noun;A2;Galerie
game;Noun;A1;joc
gang;Noun;B2;bandă
gap;Noun;A2;decalaj
garage;Noun;B1;garaj
garden;Noun;A1;grădină
gas;Noun;A2;gaz
gate;Noun;A2;Poartă
gather;Verb;B1;aduna
general;Adjective;A2;general
generally;Adverb;B1;în general
generate;Verb;B2;Genera
generation;Noun;B1;generaţie
generous;Adjective;B1;generos
genre;Noun;B2;gen literar
gentle;Adjective;B1;blând
gentleman;Noun;B1;domn
geography;Noun;A1;geografie
get;Verb;A1;obține
ghost;Noun;B1;fantomă
giant;Adjective, Noun;B1;gigant
gift;Noun;A2;cadou
girl;Noun;A1;fată
girlfriend;Noun;A1;iubita
give;Verb;A1;da
glad;Adjective;B1;bucuros
glass;Noun;A1;sticlă
global;Adjective;B1;global
glove;Noun;B1;mănușă
go;Verb Noun;A1, B1;merge
goal;Noun;A2;poartă
God;Noun;A2;Dumnezeu
gold;Noun Adjective;A2;aur
golf;Noun;A2;golf
good;Adjective, Noun;A1, A2;bun
goodbye;exclam. Noun;A1;la revedere
goods;Noun;B1;bunuri
govern;Verb;B2;guverna
government;Noun;A2;guvern
grab;Verb;B2;apuca
grade;Noun Verb;B1, B2;calitate
gradually;Adverb;B2;treptat
graduate;Noun Verb;B1;absolvent
grain;Noun;B1;cereale
grand;Adjective;B2;mare
grandfather;Noun;A1;bunic
grandmother;Noun;A1;bunică
grandparent;Noun;A1;bunic
grant;Verb Noun;B2;acorda
grass;Noun;A2;iarbă
grateful;Adjective;B1;recunoscător
great;Adjective;A1;Grozav
green;Adjective, Noun;A1;verde
greet;Verb;A2;Greet
grey;Adjective, Noun;A1;gri
ground;Noun;A2;sol
group;Noun;A1;grup
grow;Verb;A1;se dezvolta
growth;Noun;B1;creştere
guarantee;Verb Noun;B2;garanție
guard;Noun Verb;B1;pază
guess;Verb Noun;A1;ghici
guest;Noun;A2;oaspete
guide;Noun Verb;A2;ghid
guilty;Adjective;B1;vinovat
guitar;Noun;A1;chitară
gun;Noun;A2;armă
guy;Noun;A2;tip
gym;Noun;A1;sala
habit;Noun;A2;obicei
hair;Noun;A1;păr
half;Noundet.proNoun, Adverb;A1, A2;jumătate
hall;Noun;A2;hol
hand;Noun Verb;A1, B1;mână
handle;Verb Noun;B2;mâner
hang;Verb;B1;atârna
happen;Verb;A1;întâmpla
happily;Adverb;A2;fericit
happiness;Noun;B1;fericire
happy;Adjective;A1;fericit
hard;Adjective, Adverb;A1;greu
hardly;Adverb;B1;cu greu
harm;Noun Verb;B2;dăuna
harmful;Adjective;B2;nociv
hat;Noun;A1;pălărie
hate;Verb Noun;A1, B1;ură
have;Verb auxiliary Verb;A1, A2;avea
have to modal;Verb;A1;trebuie să modal
he;proNoun;A1;el
head;Noun Verb;A1, B1;cap
headache;Noun;A2;durere de cap
headline;Noun;B1;titlu
health;Noun;A1;sănătate
healthy;Adjective;A1;sănătos
hear;Verb;A1;auzi
hearing;Noun;B2;auz
heart;Noun;A2;inimă
heat;Noun Verb;A2;căldură
heating;Noun;B1;Incalzi
heaven;Noun;B2;cer
heavily;Adverb;B1;puternic
heavy;Adjective;A2;greu
heel;Noun;B2;toc
height;Noun;A2;înălţime
helicopter;Noun;B1;elicopter
hell;Noun;B2;iad
hello;exclam./Noun;A1;Salut
help;Verb Noun;A1;Ajutor
helpful;Adjective;A2;util
her;proNoundet;A1;a ei
here;Adverb;A1;aici
hero;Noun;A2;erou
hers;proNoun;A2;al ei
herself;proNoun;A2;se
hesitate;Verb;B2;ezita
hey;exclam;A1;Hei
hi;exclam;A1;Bună
hide;Verb;A2;ascunde
high;Adjective, AdVerb Noun;A1, A2, B2;înalt
highlight;Verb Noun;B1;a scoate in evidenta
highly;Adverb;B1;extrem de
hill;Noun;A2;deal
him;proNoun;A1;-l
himself;proNoun;A2;se
hire;Verb Noun;B1, B2;închiriere
his;det. proNoun;A1, A2;a lui
historic;Adjective;B1;istoric
historical;Adjective;B1;istoric
history;Noun;A1;istorie
hit;Verb Noun;A2;lovit
hobby;Noun;A1;pasiune
hockey;Noun;A2;hochei
hold;Verb Noun;A2, B2;așteptare
hole;Noun;A2;gaură
holiday;Noun;A1;vacanţă
hollow;Adjective;B2;gol
holy;Adjective;B2;sfânt
home;Noun AdVerb Adjective;A1, A2;Acasă
homework;Noun;A1;teme pentru acasă
honest;Adjective;B1;sincer
honour;Noun Verb;B2;onora
hope;Verb Noun;A1, A2;speranţă
horrible;Adjective;B1;oribil
horror;Noun;B1;groază
horse;Noun;A1;cal
hospital;Noun;A1;spital
host;Noun Verb;B1, B2;gazdă
hot;Adjective;A1;Fierbinte
hotel;Noun;A1;hotel
hour;Noun;A1;ora
house;Noun Verb;A1, B2;casă
household;Noun;B2;gospodărie
housing;Noun;B2;carcasă
how;Adverb;A1;Cum
however;Adverb;A1;in orice caz
huge;Adjective;A2;imens
human;Adjective, Noun;A2;uman
humorous;Adjective;B2;plin de umor
humour;Noun;B2;umor
hundred;number;A1;sută
hungry;Adjective;A1;flămând
hunt;Verb Noun;B1, B2;vânătoare
hunting;Noun;B2;vânătoare
hurricane;Noun;B1;uragan
hurry;Noun Verb;B1;grabă
hurt;Verb Adjective Noun;A2, B2;rănit
husband;Noun;A1;soț
I;proNoun;A1;eu
ice;Noun;A1;gheaţă
ice cream;Noun;A1;inghetata
idea;Noun;A1;idee
ideal;Adjective , Noun;A2, B2;ideal
identify;Verb;A2;identifica
identity;Noun;B1;identitate
if;conj.;A1;dacă
ignore;Verb;B1;ignora
ill;Adjective;A2;bolnav
illegal;Adjective;B1;ilegal
illness;Noun;A2;boală
illustrate;Verb;B2;ilustra
illustration;Noun;B2;ilustrare
image;Noun;A2;imagine
imaginary;Adjective;B1;imaginar
imagination;Noun;B2;imaginație
imagine;Verb;A1;imagina
immediate;Adjective;B1;imediat
immediately;Adverb;A2;imediat
immigrant;Noun;B1;imigrant
impact;Noun Verb;B1;efect
impatient;Adjective;B2;nerăbdător
imply;Verb;B2;implica
import;Noun Verb;B1;import
importance;Noun;B1;importanţă
important;Adjective;A1;important
impose;Verb;B2;a impune
impossible;Adjective;A2;imposibil
impress;Verb;B2;impresiona
impressed;Adjective;B2;impresionat
impression;Noun;B1;impresie
impressive;Adjective;B1;impresionant
improve;Verb;A1;îmbunătăţi
improvement;Noun;B1;îmbunătăţire
in;prep., Adverb;A1;în
inch;Noun;B2;inch
incident;Noun;B2;incident
include;Verb;A1;include
included;Adjective;A2;inclus
including;prep.;A2;inclusiv
income;Noun;B2;sursa de venit
increase;Verb Noun;A2;crește
increasingly;Adverb;B2;tot mai mult
incredible;Adjective;A2;incredibil
incredibly;Adverb;B1;incredibil
indeed;Adverb;B1;intr-adevar
independent;Adjective;A2;independent
indicate;Verb;B1;indica
indirect;Adjective;B1;indirect
individual;Noun, adj;A2;individual
indoor;Adjective;B1;de interior
indoors;Adverb;B1;în interior
industrial;Adjective;B2;industrial
industry;Noun;A2;industrie
infection;Noun;B2;infecţie
influence;NounVerb;B1;influență
inform;Verb;B2;informa
informal;Adjective;A2;neoficial
information;Noun;A1;informație
ingredient;Noun;B1;ingredient
initial;Adjective;B2;iniţială
initially;Adverb;B2;inițial
initiative;Noun;B2;inițiativă
injure;Verb;B1;răni
injured;Adjective;B1;rănit
injury;Noun;A2;rănire
inner;Adjective;B2;interior
innocent;Adjective;B1;nevinovat
insect;Noun;A2;insectă
inside;prep.Adverb Noun Adjective;A2;interior
insight;Noun;B2;înțelegere
insist;Verb;B2;insista
inspire;Verb;B2;a inspira
install;Verb;B2;instalare
instance;Noun;B2;instanță
instead;Adverb;A2;in schimb
institute;Noun;B2;institut
institution;Noun;B2;instituţie
instruction;Noun;A2;instrucție
instructor;Noun;A2;instructor
instrument;Noun;A2;instrument
insurance;Noun;B2;asigurare
intelligence;Noun;B1;inteligență
intelligent;Adjective;A2;inteligent
intend;Verb;B1;intenționează
intended;Adjective;B2;destinate
intense;Adjective;B2;intens
intention;Noun;B1;intenție
interest;Noun Verb;A1;interes
interested;Adjective;A1;interesat
interesting;Adjective;A1;interesant
internal;Adjective;B2;intern
international;Adjective;A2;internaţional
internet;Noun;A1;Internet
interpret;Verb;B2;interpreta
interrupt;Verb;B2;întrerupe
interview;Noun Verb;A1;interviu
into;prep.;A1;în
introduce;Verb;A1;introduce
introduction;Noun;A2;introducere
invent;Verb;A2;inventa
invention;Noun;A2;invenţie
invest;Verb;B1;investi
investigate;Verb;B1;investiga
investigation;Noun;B2;investigație
investment;Noun;B2;investiție
invitation;Noun;A2;invitație
invite;Verb;A2;a invita
involve;Verb;A2;implica
involved;Adjective;B1;implicat
iron;Noun Verb;B1;fier
island;Noun;A1;insulă
issue;Noun, Verb;B1, B2;problema
IT;Noun;B1;ACEASTA
it;proNoun;A1;aceasta
item;Noun;A2;articol
its;det.;A1;este
itself;proNoun;A2;în sine
jacket;Noun;A1;sacou
jam;Noun;A2;gem
January;Noun;A1;ianuarie
jazz;Noun;A2;jazz
jeans;Noun;A1;blugi
jewellery;Noun;A2;bijuterii
job;Noun;A1;loc de munca
join;Verb;A1;a te alatura
joke;Noun Verb;A2;glumă
journal;Noun;B1;jurnal
journalist;Noun;A2;ziarist
journey;Noun;A1;călătorie
joy;Noun;B2;bucurie
judge;Noun Verb;B1;judecător
judgement;Noun;B2;hotărâre
juice;Noun;A1;suc
July;Noun;A1;iulie
jump;Verb Noun;A2;a sari
June;Noun;A1;iunie
junior;Adjective;B2;Junior
just;Adverb;A1;doar
justice;Noun;B2;justiţie
justify;Verb;B2;justifica
keen;Adjective;B1;dornici
keep;Verb;A1;a pastra
key;Noun, Adjective Verb;A1, B1;cheie
keyboard;Noun;B1;tastatură
kick;Verb Noun;B1;lovitură
kid;Noun;A2;copil
kill;Verb;A2;ucide
killing;Noun;B1;ucidere
kilometre;Noun;A1;kilometru
kind(type);Noun;A1;tip (tip)
kind(caring);Adjective;B1;natură (îngrijire)
king;Noun;A2;rege
kiss;Verb Noun;B1;pup
kitchen;Noun;A1;bucătărie
knee;Noun;A2;genunchi
knife;Noun;A2;cuţit
knock;Verb , Noun;A2, B1;cioc
know;Verb;A1;ști
knowledge;Noun;A2;cunoştinţe
lab;Noun;A2;laborator
label;Noun Verb;B1;eticheta
laboratory;Noun;B1;laborator
labour;Noun;B2;muncă
lack;Noun Verb;B1;lipsă
lady;Noun;A2;doamnă
lake;Noun;A2;lac
lamp;Noun;A2;lampă
land;Noun, Verb;A1, A2;teren
landscape;Noun;B2;peisaj
language;Noun;A1;limba
laptop;Noun;A2;laptop
large;Adjective;A1;mare
largely;Adverb;B2;în mare măsură
last1 (final);det., Adverb n;A1, A2;last1 (final)
last1 (taking time);Verb;A2;last1 (timpul acordat)
late;Adjective Adverb;A1;târziu
later;Adverb , Adjective;A1, A2;mai tarziu
latest;Adjective , Noun;B1, B2;cele mai recente
laugh;Verb Noun;A1;a rade
laughter;Noun;A2;râsete
launch;Verb Noun;B2;lansa
law;Noun;A2;lege
lawyer;Noun;A2;avocat
lay;Verb;B1;lay
layer;Noun;B1;strat
lazy;Adjective;A2;leneş
lead;Verb , Noun;A2, B1;conduce
leader;Noun;A2;lider
leadership;Noun;B2;conducere
leading;Adjective;B1;conducere
leaf;Noun;B1;frunze
league;Noun;B2;ligă
lean;Verb;B2;a se sprijini
learn;Verb;A1;învăța
learning;Noun;A2;învăţare
least;det./proNoun Adverb;A2;cel mai puţin
leather;Noun;B1;Piele
leave;Verb , Noun;A1, B2;părăsi
lecture;Noun Verb;A2;lectura
left;Adjective Adverb Verb;A1;stânga
leg;Noun;A1;picior
legal;Adjective;B1;legal
leisure;Noun;B1;timp liber
lemon;Noun;A2;lămâie
lend;Verb;A2;a împrumuta
length;Noun;B1;lungime
less;det./pro Noun Adverb;A2;Mai puțin
lesson;Noun;A1;lecţie
let;Verb;A1;lăsa
letter;Noun;A1;scrisoare
level;Noun, Adjective , Verb;A2, B1, B2;nivel
library;Noun;A1;bibliotecă
licence;Noun;B2;licență
lie;Verb;A1;minciună
lie;Verb Noun;B2;minciună
life;Noun;A1;viaţă
lifestyle;Noun;A2;mod de viata
lift;Verb;Noun;lift
light (from the sun/a lamp);Noun Adverb , Verb;A1, A2;lumină (de la soare / o lampă)
light (not heavy);Adjective;A2;lumină (nu grele)
like (similar);prep.;A1;cum ar fi (similar)
like (find sb/sth pleasant);Verb , n;A1, B1;cum ar fi (găsiți sb / STH plăcută)
Noun;B1; ;substantiv
likely;Adjective;A2;probabil
limit;Noun Verb;B1;limită
limited;Adjective;B2;limitat
line;Noun, Verb;A1, B2;linia
link;Noun Verb;A2;legătură
lion;Noun;A1;leu
lip;Noun;B1;buze
liquid;Noun Adjective;B1;lichid
list;Noun Verb;A1;listă
listen;Verb;A1;asculta
listener;Noun;A2;ascultător
literature;Noun;B1;literatură
little;Adjective det./proNoun, Adverb;A1, A2;mic
live1;Verb;A1;live1
live2;Adjective Adverb;B1;live2
lively;Adjective;B2;plin de viață
living;Adjective Noun;B1;viaţă
load;Noun Verb;B2;sarcină
loan;Noun;B2;împrumut
local;Adjective , Noun;A1, B1;local
locate;Verb;B1;localiza
located;Adjective;B1;situat
location;Noun;B1;Locație
lock;Verb Noun;A2;Lacăt
logical;Adjective;B2;logic
lonely;Adjective;B1;singuratic
long;Adjective Adverb;A1;lung
long-term;Adjective Adverb;B2;termen lung
look;Verb , Noun;A1, A2;uite
loose;Adjective;B2;pierde
lord;Noun;B2;Lord
lorry;Noun;A2;camion
lose;Verb;A1;pierde
loss;Noun;B1;pierderi
lost;Adjective;A2;pierdut
lot;proNoun det. Adverb;A1;lot
loud;Adjective Adverb;A2;tare
loudly;Adverb;A2;tare
love;Noun Verb;A1;dragoste
lovely;Adjective;A2;minunat
low;Adjective Adverb , n;A2, B2;scăzut
lower;Verb;B2;inferior
luck;Noun;A2;noroc
lucky;Adjective;A2;norocos
lunch;Noun;A1;Masa de pranz
lung;Noun;B2;plămân
luxury;Noun;B1;luxos
machine;Noun;A1;mașinărie
mad;Adjective;B1;nebun
magazine;Noun;A1;revistă
magic;Noun Adjective;B1;magie
mail;Noun Verb;A2;Poștă
main;Adjective;A1;principal
mainly;Adverb;B1;mai ales
maintain;Verb;B2;menţine
major;Adjective;A2;major
majority;Noun;B2;majoritate
make;Verb , Noun;A1, B2;face
male;Adjective Noun;A2;masculin
mall;Noun;B1;centru comercial
man;Noun;A1;om
manage;Verb;A2;administra
management;Noun;B1;administrare
manager;Noun;A2;administrator
manner;Noun;A2;manieră
many;det./proNoun;A1;mulți
map;Noun, Verb;A1, B2;Hartă
March;Noun;A1;Martie
mark;Verb Noun;A2;marcă
market;Noun, Verb;A1, B1;piaţă
marketing;Noun;B1;marketing
marriage;Noun;B1;căsătorie
married;Adjective;A1;căsătorit
marry;Verb;A2;căsători
mass;Noun Adjective;B2;masa
massive;Adjective;B2;masiv
master;Noun Verb;B2;maestru
match (contest/correspond);Noun Verb;A1;meci (concurs / corespund)
matching;Adjective;B2;potrivire
material;Noun, Adjective;A2, B2;material
mathematics;Noun;A2;matematică
maths;Noun;A2;matematica
matter;Noun Verb;A2;materie
maximum;Adjective Noun;B2;maxim
May;Noun;A1;Mai
may modal;Verb;A2;poate modal
maybe;Adverb;A1;poate
me;proNoun;A1;pe mine
meal;Noun;A1;masă
mean;Verb;A1;Rău
meaning;Noun;A1;sens
means;Noun;B2;mijloace
meanwhile;Adverb;B1;între timp
measure;Verb Noun;B1;măsura
measurement;Noun;B2;măsurare
meat;Noun;A1;carne
media;Noun;A2;mass-media
medical;Adjective;A2;medical
medicine;Noun;A2;medicament
medium;Adjective , Noun;B1, B2;mediu
meet;Verb;A1;întâlni
meeting;Noun;A1;întâlnire
melt;Verb;B2;topi
member;Noun;A1;membru
memory;Noun;A2;memorie
mental;Adjective;B1;mental
mention;Verb , Noun;A2, B1;mențiune
menu;Noun;A1;meniul
mess;Noun Verb;B1;dezordine
message;Noun;A1;mesaj
metal;Noun;A2;metal
method;Noun;A2;metodă
metre;Noun;A1;metru
middle;Noun Adjective;A2;mijloc
midnight;Noun;A1;miezul nopţii
might modal;Verb;A2;ar putea modal
mild;Adjective;B1;blând
mile;Noun;A1;milă
military;Adjective Noun;B2;militar
milk;Noun;A1;lapte
million number; ;A1;milioane de numărul
mind;Noun Verb;A2;minte
mine (belongs to me);proNoun;A2;a mea (îmi aparține)
mine (hole in the ground);Noun;B1;mina (gaură în pământ)
mineral;Noun;B2;mineral
minimum;Adjective Noun;B2;minim
minister;Noun;B2;ministru
minor;Adjective;B2;minor
minority;Noun;B2;minoritate
minute;Noun;A1;minut
mirror;Noun;A2;oglindă
miss;Verb;A1;domnișoară
missing;Adjective;A2;dispărut
mission;Noun;B2;misiune
mistake;Noun, Verb;A1, B2;greşeală
mix;Verb Noun;B1;amesteca
mixed;Adjective;B2;amestecat
mixture;Noun;B1;amestec
mobile;Adjective Noun;A2;mobil
model;Noun, Verb;A1, B2;model
modern;Adjective;A1;modern
modify;Verb;B2;modifica
moment;Noun;A1;moment
Monday;Noun;A1;luni
money;Noun;A1;bani
monitor;Noun Verb;B2;Monitor
monkey;Noun;A2;maimuţă
month;Noun;A1;lună
mood;Noun;B1;starea de spirit
moon;Noun;A2;lună
moral;Adjective Noun;B2;morală
more;det./proNoun Adverb;A1;Mai Mult
morning;Noun;A1;dimineaţă
most;det./proNoun Adverb;A1;cel mai
mostly;Adverb;A2;Mai ales
mother;Noun;A1;mamă
motor;Noun Adjective;B2;motor
motorcycle;Noun;A2;motocicletă
mount;Verb;B2;montură
mountain;Noun;A1;Munte
mouse;Noun;A1;mouse
mouth;Noun;A1;gură
move;Verb , Noun;A1, B1;mișcare
movement;Noun;A2;circulaţie
movie;Noun;A1;film
much;det./proNoun Adverb;A1;mult
mud;Noun;B1;noroi
multiple;Adjective;B2;multiplu
multiply;Verb;B2;multiplica
mum;Noun;A1;mămică
murder;NounVerb;B1;crimă
muscle;Noun;B1;muşchi
museum;Noun;A1;muzeu
music;Noun;A1;muzică
musical;Adjective , Noun;A2, B1;muzical
musician;Noun;A2;muzician
must modal;Verb;A1;trebuie să modal
my;det.;A1;Ale mele
myself;proNoun;A2;eu insumi
mysterious;Adjective;B2;misterios
mystery;Noun;B1;mister
nail;Noun;B1;cui
name;Noun Verb;A1;Nume
narrative;Noun Adjective;B1;narativ
narrow;Adjective , Verb;A2, B2;îngust
nation;Noun;B1;naţiune
national;Adjective , Noun;A2, B2;naţional
native;Adjective Noun;B1;nativ
natural;Adjective;A1;natural
naturally;Adverb;B1;natural
nature;Noun;A2;natură
near;prep. Adjective Adverb;A1;aproape
nearly;Adverb;A2;aproape
neat;Adjective;B2;curat
necessarily;Adverb;B1;în mod necesar
necessary;Adjective;A2;necesar
neck;Noun;A2;gât
need;Verb , Noun, modal Verb;A1, A2, B1;nevoie
needle;Noun;B1;ac
negative;Adjective , Noun;A1, B2;negativ
neighbour;Noun;A1;vecin
neighbourhood;Noun;B1;Cartier
neither;det./proNoun, Adverb;A2, B1;nici
nerve;Noun;B2;nerv
nervous;Adjective;A2;agitat
net;Noun;B1;net
network;Noun;A2;reţea
never;Adverb;A1;nu
nevertheless;Adverb;B2;cu toate acestea
new;Adjective;A1;nou
news;Noun;A1;știri
newspaper;Noun;A1;ziar
next;Adjective Adverb , Noun;A1, B1;Următor →
next to;prep.;A1;lângă
nice;Adjective;A1;Grozav
night;Noun;A1;noapte
nightmare;Noun;B2;coșmar
nine;number;A1;nouă
nineteen;number;A1;nouăsprezece
ninety;number;A1;nouăzeci
no;exclam. det.;A1;Nu
no one;proNoun;A1;nimeni
nobody;proNoun;A1;nimeni
noise;Noun;A2;zgomot
noisy;Adjective;A2;zgomotos
none;pro Noun;A2;nici unul
nor;conj./Adverb;B1;nici
normal;Adjective , Noun;A2, B1;normal
normally;Adverb;A2;în mod normal
north;Noun Adjective Adverb;A1;Nord
northern;Adjective;B1;de Nord
nose;Noun;A1;nas
not;Adverb;A1;nu
note;Noun Verb;A1, B1;Notă
nothing;proNoun;A1;nimic
notice;Verb Noun;A2;înștiințare
notion;Noun;B2;noţiune
novel;Noun;A2;roman
November;Noun;A1;noiembrie
now;Adverb , conj.;A1, B1;acum
nowhere;Adverb;A2;nicăieri
nuclear;Adjective;B1;nuclear
number;Noun, Verb;A1, A2;număr
numerous;Adjective;B2;numeroși
nurse;Noun;A1;asistent medical
nut;Noun;A2;nuca
obey;Verb;B2;Supuneti
object;Noun Verb;A1, B2;obiect
objective;Noun Adjective;B2;obiectiv
obligation;Noun;B2;obligaţie
observation;Noun;B2;observare
observe;Verb;B2;observa
obtain;Verb;B2;obține
obvious;Adjective;B1;evident
obviously;Adverb;B1;evident
occasion;Noun;B1;ocazie
occasionally;Adverb;B2;ocazional
occur;Verb;B1;avea loc
ocean;Noun;A2;ocean
o’clock;Adverb;A1;ora
October;Noun;A1;octombrie
odd;Adjective;B1;ciudat
of;prep.;A1;de
off;Adverb prep.;A1;de pe
offence;Noun;B2;delict
offend;Verb;B2;jigni
offensive;Adjective;B2;ofensator
offer;Verb Noun;A2;oferi
office;Noun;A1;birou
officer;Noun;A2;ofiţer
official;Adjective , Noun;B1, B2;oficial
often;Adverb;A1;de multe ori
oh;exclam.;A1;Oh
oil;Noun;A2;ulei
OK;exclam. Adjective /Adverb;A1;O.K
old;Adjective;A1;vechi
old-fashioned;Adjective;B1;de modă veche
on;prep. Adverb;A1;pe
once;Adverb , conj.;A1, B1;o singura data
one;number-det. proNoun;A1;unu
onion;Noun;A1;ceapă
online;Adjective Adverb;A1;pe net
only;Adjective Adverb;A1;numai
onto;prep.;A2;pe
open;Adjective Verb;A1;deschis
opening;Noun;B2;deschidere
operate;Verb;B2;a functiona
operation;Noun;B1;Operațiune
opinion;Noun;A1;opinie
opponent;Noun;B2;adversar
opportunity;Noun;A2;oportunitate
oppose;Verb;B2;opune
opposed;Adjective;B2;opus
opposite;Adjective Adverb prep. Noun;A1;opus
opposition;Noun;B2;opoziţie
option;Noun;A2;opțiune
or;conj.;A1;sau
orange;Noun Adjective;A1;portocale
order;Noun Verb;A1;Ordin
ordinary;Adjective;A2;comun
organ;Noun;B2;organ
organization;Noun;A2;organizare
organize;Verb;A2;organiza
organized;Adjective;B1;organizat
organizer;Noun;B1;organizator
origin;Noun;B2;origine
original;Adjective , Noun;A2, B1;original
originally;Adverb;B1;iniţial
other;Adjective /proNoun;A1;alte
otherwise;Adverb;B2;in caz contrar
ought;modal Verb;B1;trebui
our;det.;A1;al nostru
ours;proNoun;B1;a noastra
ourselves;proNoun;A2;noi insine
out;Adverb /prep.;A1;afară
outcome;Noun;B2;rezultat
outdoor;Adjective;B1;în aer liber
outdoors;Adverb;B1;în aer liber
outer;Adjective;B2;exterior
outline;Noun Verb;B2;contur
outside;Adverb , prep. nouNoun Adjective;A1, A2;in afara
oven;Noun;A2;cuptor
over;prep. Adverb;A1;peste
overall;Adjective Adverb;B2;per total
owe;Verb;B2;datora
own;Adjective /proNoun, Verb;A1, A2;propriu
owner;Noun;A2;proprietar
pace;Noun, Verb;B2;ritm
pack;Verb , Noun;A2, B1;ambalaj
package;Noun, Verb;B1, B2;pachet
page;Noun;A1;pagină
pain;Noun;A2;durere
painful;Adjective;B1;dureros
paint;Verb Noun;A1;a picta
painter;Noun;A2;pictor
painting;Noun;A1;pictură
pair;Noun;A1;pereche
palace;Noun;A2;palat
pale;Adjective;B1;palid
pan;Noun;B1;tigaie
panel;Noun;B2;panou
pants;Noun;A2;pantaloni
paper;Noun;A1;hârtie
paragraph;Noun;A1;paragraf
parent;Noun;A1;mamă
park;Noun Verb;A1;parc
parking;Noun;A2;parcare
parliament;Noun;B2;parlament
part;Noun;A1;parte
participant;Noun;B2;participant
participate;Verb;B1;participa
particular;Adjective;A2;special
particularly;Adverb;B1;în special
partly;Adverb;B2;parţial
partner;Noun;A1;partener
party;Noun;A1;parte
pass;Verb , Noun;A2, B1;trece
passage;Noun;B2;trecere
passenger;Noun;A2;pasager
passion;Noun;B1;pasiune
passport;Noun;A1;pașaport
past;Adjective Noun prep., Adverb;A1, A2;trecut
path;Noun;B1;cale
patient;Noun, Adjective;A2, B2;rabdator
pattern;Noun;A2;model
pay;Verb , Noun;A1, A2;a plati
payment;Noun;B1;plată
peace;Noun;A2;pace
peaceful;Adjective;B1;liniștit
pen;Noun;A1;pix
pencil;Noun;A1;creion
penny;Noun;A2;penny
pension;Noun;B2;pensiune
people;Noun;A1;oameni
pepper;Noun;A1;piper
per;prep.;A2;pe
per cent;Noun Adjective /Adverb;A2;la suta
percentage;Noun;B1;procent
perfect;Adjective;A1;perfect
perfectly;Adverb;B1;perfect
perform;Verb;A2;a executa
performance;Noun;B1;performanţă
perhaps;Adverb;A2;poate
period;Noun;A1;perioadă
permanent;Adjective;B2;permanent
permission;Noun;A2;permisiune
permit;Verb Noun;B2;permite
person;Noun;A1;persoană
personal;Adjective;A1;personal
personality;Noun;A2;personalitate
personally;Adverb;B1;personal
perspective;Noun;B2;perspectivă
persuade;Verb;B1;convinge
pet;Noun;A2;animal de companie
petrol;Noun;A2;benzină
phase;Noun;B2;fază
phenomenon;Noun;B2;fenomen
philosophy;Noun;B2;filozofie
phone;Noun Verb;A1;telefon
photo;Noun;A1;fotografie
photograph;Noun, Verb;A1, A2;fotografie
photographer;Noun;B1;fotograf
photography;Noun;B1;fotografie
phrase;Noun;A1;fraza
physical;Adjective;A2;fizic
physics;Noun;A2;fizică
piano;Noun;A1;pian
pick;Verb , Noun;A2, B2;alege
picture;Noun, Verb;A1, B2;imagine
piece;Noun;A1;bucată
pig;Noun;A1;porc
pile;Noun Verb;B2;morman
pilot;Noun;A2;pilot
pin;Noun Verb;B1;bolț
pink;Adjective Noun;A1;roz
pipe;Noun;B1;țeavă
pitch;Noun;B2;pas
place;Noun Verb;A1, B1;loc
plain;Adjective;B2;simplu
plan;Noun Verb;A1;plan
plane;Noun;A1;avion
planet;Noun;A2;planetă
planning;Noun;B1;planificare
plant;Noun Verb;A1, A2;plantă
plastic;Noun Adjective;A2;plastic
plate;Noun;A2;farfurie
platform;Noun;A2;platformă
play;Verb Noun;A1;Joaca
player;Noun;A1;jucător
pleasant;Adjective;B1;placut
please;exclam., Verb;A1, A2;Vă rog
pleased;Adjective;A2;mulţumit
pleasure;Noun;B1;plăcere
plenty;proNoun;B1;mulțime
plot;Noun, Verb;B1, B2;intrigă
plus;prep., Adjective conj., Noun;B1, B2;la care se adauga
pocket;Noun;A2;buzunar
poem;Noun;B1;poem
poet;Noun;B1;poet
poetry;Noun;B1;poezie
point;Noun, Verb;A1, B1;punct
pointed;Adjective;B2;ascuţit
poison;Noun Verb;B1;otravă
poisonous;Adjective;B1;otrăvitor
police;Noun;A1;politie
policeman;Noun;A1;polițist
policy;Noun;B1;politică
polite;Adjective;A2;politicos
political;Adjective;B1;politic
politician;Noun;B1;politician
politics;Noun;B1;politică
pollution;Noun;A2;poluare
pool;Noun;A1;bazin
poor;Adjective;A1;sărac
pop;Noun Adjective;A2;pop
popular;Adjective;A1;popular
popularity;Noun;B2;popularitate
population;Noun;A2;populație
port;Noun;B1;port
portrait;Noun;B1;portret
pose;Verb;B2;pose
position;Noun, Verb;A2, B2;poziţie
positive;Adjective , Noun;A1, B2;pozitiv
possess;Verb;B2;poseda
possession;Noun;A2;deţinere
possibility;Noun;A2;posibilitate
possible;Adjective;A1;posibil
possibly;Adverb;B1;eventual
post;Noun Verb;A1;post
poster;Noun;A2;poster
pot;Noun;B1;oală
potato;Noun;A1;cartof
potential;Adjective Noun;B2;potenţial
pound;Noun;A1;livră
pour;Verb;B1;turna
poverty;Noun;B1;sărăcie
powder;Noun;B1;pudra
power;Noun, Verb;A2, B2;putere
powerful;Adjective;B1;puternic
practical;Adjective;B1;practic
practice;Noun;A1;practică
practise;Verb;A1;practică
praise;Noun Verb;B2;laudă
pray;Verb;B1;ruga
prayer;Noun;B1;rugăciune
predict;Verb;A2;prezice
prediction;Noun;B1;prezicere
prefer;Verb;A1;prefera
pregnant;Adjective;B2;gravidă
preparation;Noun;B2;preparare
prepare;Verb;A1;a pregati
prepared;Adjective;B1;pregătit
presence;Noun;B2;prezenţă
present;Adjective Noun, Verb;A1, A2;prezent
presentation;Noun;B1;prezentare
preserve;Verb;B2;conserva
president;Noun;A2;președinte
press;Verb Noun;B1;presa
pressure;Noun;B1;presiune
pretend;Verb;B1;pretinde
pretty;Adjective Adverb;A1;frumos
prevent;Verb;A2;împiedica
previous;Adjective;B1;anterior
previously;Adverb;B1;în prealabil
price;Noun, Verb;A1, B2;Preț
priest;Noun;B1;preot
primary;Adjective;B1;primar
prime;Adjective;B2;prim
prince;Noun;B1;prinţ
princess;Noun;B1;prinţesă
principle;Noun;B2;principiu
print;Verb , Noun;A2, B2;imprimare
printer;Noun;A2;imprimantă
printing;Noun;B1;tipărire
priority;Noun;B2;prioritate
prison;Noun;A2;închisoare
prisoner;Noun;B1;prizonier
privacy;Noun;B2;intimitate
private;Adjective;B1;privat
prize;Noun;A2;premiu
probably;Adverb;A1;probabil
problem;Noun;A1;problemă
procedure;Noun;B2;procedură
process;Noun, Verb;A2, B2;proces
produce;Verb , Verb;A2, B2;legume și fructe
producer;Noun;B1;producător
product;Noun;A1;produs
production;Noun;B1;producere
profession;Noun;B1;profesie
professional;Adjective , Noun;A2, B2;profesional
professor;Noun;A2;Profesor
profile;Noun;A2;profil
profit;Noun;B1;profit
program;Noun, Verb;A2, B1;program
programme;Noun;A1;program
progress;Noun, Verb;A2, B2;progres
project;Noun, Verb;A1, B2;proiect
promise;Verb Noun;A2;promisiune
promote;Verb;B1;promova
pronounce;Verb;A2;Pronunță
proof;Noun;B2;dovadă
proper;Adjective;B1;propriu-zis
properly;Adverb;B1;cum se cuvine
property;Noun;B1;proprietate
proposal;Noun;B2;propunere
propose;Verb;B2;propune
prospect;Noun;B2;perspectivă
protect;Verb;A2;proteja
protection;Noun;B2;protecţie
protest;Noun Verb;B1;protest
proud;Adjective;B1;mândru
prove;Verb;B1;dovedi
provide;Verb;A2;furniza
psychologist;Noun;B2;psiholog
psychology;Noun;B2;psihologie
pub;Noun;A2;cârciumă
public;Adjective Noun;A2;public
publication;Noun;B2;publicare
publish;Verb;A2;publica
pull;Verb , Noun;A2, B1;Trage
punish;Verb;B1;pedepsi
punishment;Noun;B1;pedeapsă
pupil;Noun;B2;elev
purchase;Noun Verb;B2;cumpărare
pure;Adjective;B2;pur
purple;Adjective Noun;A1;Violet
purpose;Noun;A2;scop
pursue;Verb;B2;urmări
push;Verb , Noun;A2, B1;Apăsați
put;Verb;A1;a pune
qualification;Noun;B1;calificare
qualified;Adjective;B1;calificat
qualify;Verb;B1;califica
quality;Noun;A2;calitate
quantity;Noun;A2;cantitate
quarter;Noun;A1;sfert
queen;Noun;A2;regină
question;Noun, Verb;A1, A2;întrebare
queue;Noun Verb;B1;coadă
quick;Adjective;A1;rapid
quickly;Adverb;A1;repede
quiet;Adjective;A1;Liniște
quietly;Adverb;A2;in liniste
quit;Verb;B1;părăsi
quite;Adverb;A1;destul de
quotation;Noun;B1;citat
quote;Verb Noun;B1;citat
race (competition);NounVerb;A2;cursă (concurență)
race (people);Noun;B1;cursă (oameni)
racing;Noun;B1;curse
radio;Noun;A1;radio
railway;Noun;A2;calea ferata
rain;Noun Verb;A1;ploaie
raise;Verb;A2;a ridica
range;Noun, Verb;B1, B2;gamă
rank;Noun Verb;B2;rang
rapid;Adjective;B2;rapid
rapidly;Adverb;B2;rapid
rare;Adjective;B1;rar
rarely;Adverb;B1;rareori
rate;Noun, Verb;A2, B2;rată
rather;Adverb;A2;mai degraba
raw;Adjective;B2;brut
reach;Verb , Noun;A2, B2;a ajunge
react;Verb;A2;reacţiona
reaction;Noun;B1;reacţie
read;Verb;A1;citit
reader;Noun;A1;cititor
reading;Noun;A1;citind
ready;Adjective;A1;gata
real;Adjective;A1;real
realistic;Adjective;B2;realist
reality;Noun;B1;realitate
realize;Verb;A2;realize
really;Adverb;A1;într-adevăr
reason;Noun;A1;motiv
reasonable;Adjective;B2;rezonabil
recall;Verb;B2;rechemare
receipt;Noun;B1;primire
receive;Verb;A2;a primi
recent;Adjective;A2;Recent
recently;Adverb;A2;recent
reception;Noun;A2;recepţie
recipe;Noun;A2;reţetă
recognize;Verb;A2;recunoaşte
recommend;Verb;A2;recomanda
recommendation;Noun;B1;recomandare
record;Noun Verb;A2;record
recording;Noun;A2;înregistrare
recover;Verb;B2;recupera
recycle;Verb;A2;reciclare
red;Adjective Noun;A1;roșu
reduce;Verb;A2;reduce
reduction;Noun;B2;reducere
refer;Verb;A2;trimite
reference;Noun;B1;referinţă
reflect;Verb;B1;Reflectați
refuse;Verb;A2;refuza
regard;Verb Noun;B2;privință
region;Noun;A2;regiune
regional;Adjective;B2;regional
register;Verb Noun;B2;Inregistreaza-te
regret;Verb Noun;B2;regret
regular;Adjective;A2;regulat
regularly;Adverb;B1;in mod regulat
regulation;Noun;B2;regulament
reject;Verb;B1;respinge
relate;Verb;B1;raporta
related;Adjective;B1;legate de
relation;Noun;B1;relație
relationship;Noun;A2;relaţie
relative;Adjective Noun;B1;relativ
relatively;Adverb;B2;relativ
relax;Verb;A1;relaxa
relaxed;Adjective;B1;relaxat
relaxing;Adjective;B1;relaxare
release;Verb Noun;B1;eliberare
relevant;Adjective;B2;relevant
reliable;Adjective;B1;de încredere
relief;Noun;B2;relief
religion;Noun;B1;religie
religious;Adjective;B1;religios
rely;Verb;B2;se bazează
remain;Verb;B1;rămâne
remark;Noun Verb;B2;Observație
remember;Verb;A1;tine minte
remind;Verb;B1;reaminti
remote;Adjective;B1;la distanta
remove;Verb;A2;elimina
rent;Noun Verb;B1;chirie
repair;Verb , Noun;A2, B1;reparație
repeat;Verb , Noun;A1, B1;repeta
repeated;Adjective;B1;repetate
replace;Verb;A2;a inlocui
reply;Verb Noun;A2;răspuns
report;Noun, Verb;A1, A2;raport
reporter;Noun;A2;reporter
represent;Verb;B1;reprezinta
representative;Noun Adjective;B2;reprezentant
reputation;Noun;B2;reputatie
request;Noun, Verb;A2, B1;cerere
require;Verb;B1;necesita
requirement;Noun;B2;cerinţă
rescue;Verb Noun;B2;salvare
research;Noun Verb;A2;cercetare
researcher;Noun;A2;cercetător
reservation;Noun;B1;rezervare
reserve;Noun Verb;B2;rezervă
resident;NounAdjective;B2;rezident
resist;Verb;B2;a rezista
resolve;Verb;B2;rezolva
resort;Noun;B2;recurge
resource;Noun;B1;resursă
respect;Noun Verb;B1;respect
respond;Verb;A2;răspunde
response;Noun;A2;raspuns
responsibility;Noun;B1;responsabilitate
responsible;Adjective;B1;responsabil
rest (remaining part);Noun;A2;repaus (partea rămasă)
rest (sleep/relax);Noun Verb;A2;odihna (somn / se relaxeze)
restaurant;Noun;A1;restaurant
result;Noun, Verb;A1, B1;rezultat
retain;Verb;B2;reține
retire;Verb;B1;retrage
retired;Adjective;B1;retras
return;Verb Noun;A1;întoarcere
reveal;Verb;B2;dezvălui
review;Noun Verb;A2;revizuire
revise;Verb;B1;revizui
revolution;Noun;B2;revoluţie
reward;Noun Verb;B2;recompensă
rhythm;Noun;B2;ritm
rice;Noun;A1;orez
rich;Adjective;A1;bogat
rid;Verb;B2;scăpa
ride;Verb , Noun;A1, A2;călătorie
right;Adjective Adverb Noun;A1;dreapta
ring;Noun;A2;inel
ring;Verb , Noun;A2, B1;inel
rise;Verb , Noun;A2, B1;creştere
risk;Noun Verb;B1;risc
river;Noun;A1;râu
road;Noun;A1;drum
robot;Noun;B1;robot
rock (stone);Noun;A2;Piatra de stanca)
rock (music);Noun;A2;muzica rock)
role;Noun;A2;rol
roll;Verb Noun;B1;rulou
romantic;Adjective;B1;romantic
roof;Noun;A2;acoperiş
room;Noun;A1;cameră
root;Noun;B2;rădăcină
rope;Noun;B1;frânghie
rough;Adjective;B1;stare brută
round;Adjective Adverb prep., Noun;A2, B2;rundă
route;Noun;A2;traseu
routine;Noun, Adjective;A1, B2;rutină
row;Noun;B1;rând
royal;Adjective;B1;regal
rub;Verb;B2;freca
rubber;Noun Adjective;B2;cauciuc
rubbish;Noun;A2;gunoi
rude;Adjective;A2;nepoliticos
rugby;Noun;B1;rugbi
rule;Noun, Verb;A1, B1;regulă
run;Verb , Noun;A1, A2;alerga
runner;Noun;A2;alergător
running;Noun;A2;alergare
rural;Adjective;B2;rural
rush;Verb Noun;B2;te grabesti
sad;Adjective;A1;trist
sadly;Adverb;A2;trist
safe;Adjective;A2;sigur
safety;Noun;B1;Siguranță
sail;Verb , Noun;A2, B1;naviga
sailing;Noun;A2;navigație
sailor;Noun;B1;marinar
salad;Noun;A1;salată
salary;Noun;A2;salariu
sale;Noun;A2;vânzare
salt;Noun;A1;sare
same;Adjective proNoun Adverb;A1;la fel
sample;Noun, Verb;B1, B2;probă
sand;Noun;B1;nisip
sandwich;Noun;A1;sandwich
satellite;Noun;B2;satelit
satisfied;Adjective;B2;satisfăcut
satisfy;Verb;B2;satisface
Saturday;Noun;A1;sâmbătă
sauce;Noun;A2;sos
save;Verb;A2;Salvați
saving;Noun;B2;economisire
say;Verb;A1;Spune
scale;Noun;B2;scară
scan;Verb;B1;scanda
scared;Adjective;A2;speriat
scary;Adjective;A2;infricosator
scene;Noun;A2;scenă
schedule;Noun, Verb;A2, B2;programa
scheme;Noun;B2;sistem
school;Noun;A1;şcoală
science;Noun;A1;ştiinţă
scientific;Adjective;B1;științific
scientist;Noun;A1;om de stiinta
score;Verb Noun;A2;scor
scream;Verb Noun;B2;ţipăt
screen;NounVerb;A2, B2;ecran
script;Noun;B1;scenariu
sculpture;Noun;B1;sculptură
sea;Noun;A1;mare
search;Noun Verb;A2;căutare
season;Noun;A2;sezon
seat;Noun Verb;A2, B2;scaun
second1 (next after the first);et./ number, Adverb;A1, A2;second1 (următor după prima)
second1 (unit of time);Noun;A1;second1 (unitate de timp)
secondary;Adjective;B1;secundar
secondly;Adverb;A2;în al doilea rând
secret;Adjective, Noun;A2;secret
secretary;Noun;A2;secretar
section;Noun;A1;secțiune
sector;Noun;B2;sector
secure;Verb Adjective;B2;sigur
security;Noun;B1;Securitate
see;Verb;A1;vedea
seed;Noun;B1;sămânță
seek;Verb;B2;căuta
seem;Verb;A2;părea
select;Verb;B2;Selectați
selection;Noun;B2;selecţie
self;Noun;B2;de sine
sell;Verb;A1;vinde
send;Verb;A1;trimite
senior;Adjective;B2;senior
sense;Noun Verb;A2, B2;sens
sensible;Adjective;B1;sensibil
sensitive;Adjective;B2;sensibil
sentence;Noun Verb;A1, B2;propoziție
separate;Adjective, Verb;A2, B1;separa
September;Noun;A1;Septembrie
sequence;Noun;B2;secvenţă
series;Noun;A2;serie
serious;Adjective;A2;serios
seriously;Adverb;B1;Serios
servant;Noun;B1;servitor
serve;Verb;A2;servi
service;Noun;A2;serviciu
session;Noun;B2;sesiune
set (put);Verb;B1;Set (put)
set (group);Noun;B1;set (grup)
setting;Noun;B1;cadru
settle;Verb;B2;Settle
seven;number;A1;Șapte
seventeen;number;A1;şaptesprezece
seventy;number;A1;șaptezeci
several;det./proNoun;A2;mai mulți
severe;Adjective;B2;sever
sex;Noun;B1;sex
sexual;Adjective;B1;sexual
shade;Noun;B2;umbră
shadow;Noun;B2;umbră
shake;Verb Noun;A2, B1;scutura
shall;modal Verb;A2;trebuie
shallow;Adjective;B2;superficial
shame;Noun;B2;rușine
shape;Noun Verb;A2, B2;formă
share;Verb Noun;A1, B1;acțiune
sharp;Adjective;B1;ascuțit
she;proNoun;A1;ea
sheep;Noun;A1;oaie
sheet;Noun;A2;foaie
shelf;Noun;B1;raft
shell;Noun;B1;coajă
shelter;Noun Verb;B2;adăpost
shift;Noun Verb;B1, B2;schimb
shine;Verb;B1;strălucire
shiny;Adjective;B1;lucios
ship;Noun Verb;A2, B2;navă
shirt;Noun;A1;cămaşă
shock;Noun Verb;B2;şoc
shocked;Adjective;B2;șocat
shoe;Noun;A1;pantof
shoot;Verb;B1;trage
shooting;Noun;B2;filmare
shop;Noun Verb;A1;magazin
shopping;Noun;A1;cumpărături
short;Adjective;A1;mic de statura
shot;Noun;B2;lovitură
should;modal Verb;A1;ar trebui să
shoulder;Noun;A2;umăr
shout;Verb Noun;A2;strigăt
show;Verb Noun;A1;spectacol
shower;Noun;A1;duș
shut;Verb Adjective;A2;închis
shy;Adjective;B1;timid
sick;Adjective;A1;bolnav
side;Noun;A2;latură
sight;Noun;B1;vedere
sign;Noun Verb;A2;semn
signal;Noun Verb;B1;semnal
significant;Adjective;B2;semnificativ
significantly;Adverb;B2;semnificativ
silence;Noun;B2;tăcere
silent;Adjective;B1;tăcut
silk;Noun;B2;mătase
silly;Adjective;B1;prost
silver;Noun Adjective;A2;argint
similar;Adjective;A1;asemănător
similarity;Noun;B1;similitudine
similarly;Adverb;B1;asemănător
simple;Adjective;A2;simplu
simply;Adverb;B1;pur şi simplu
since;prep. conj., Adverb;A2, B1;de cand
sincere;Adjective;B2;sincer
sing;Verb;A1;cânta
singer;Noun;A1;cântăreaţă
singing;Noun;A2;cântat
single;Adjective Noun;A2;singur
sink;Verb;B1;chiuvetă
sir;Noun;A2;domn
sister;Noun;A1;soră
sit;Verb;A1;sta
site;Noun;A2;teren
situation;Noun;A1;situatie
six;number;A1;şase
sixteen;number;A1;şaisprezece
sixty;number;A1;şaizeci
size;Noun;A2;mărimea
ski;Verb Noun;A2;schi
skiing;Noun;A2;schi
skill;Noun;A1;abilitate
skin;Noun;A2;piele
skirt;Noun;A1;fustă
sky;Noun;A2;cer
slave;Noun;B2;sclav
sleep;Verb , Noun;A1, A2;dormi
slice;Noun Verb;B1;felie
slide;Verb Noun;B2;diapozitiv
slight;Adjective;B2;uşor
slightly;Adverb;B1;puțin
slip;Verb;B2;alunecare
slope;Noun Verb;B2;pantă
slow;Adjective , Verb;A1, B1;încet
slowly;Adverb;A2;încet
small;Adjective;A1;mic
smart;Adjective;B1;inteligent
smartphone;Noun;A2;smartphone
smell;Verb Noun;A2;miros
smile;Verb Noun;A2;zâmbet
smoke;Noun Verb;A2;fum
smoking;Noun;A2;fumat
smooth;Adjective;B1;neted
snake;Noun;A1;şarpe
snow;Noun Verb;A1;zăpadă
so;Adverb conj.;A1;asa de
soap;Noun;A2;săpun
soccer;Noun;A2;fotbal
social;Adjective;A2;social
society;Noun;A2;societate
sock;Noun;A2;ciorap
soft;Adjective;A2;moale
software;Noun;B1;software-ul
soil;Noun;B1;sol
solar;Adjective;B2;solar
soldier;Noun;A2;soldat
solid;Adjective Noun;B1;solid
solution;Noun;A2;soluţie
solve;Verb;A2;rezolva
some;det. proNoun;A1;niste
somebody;proNoun;A1;cineva
someone;proNoun;A1;cineva
something;proNoun;A1;ceva
sometimes;Adverb;A1;uneori
somewhat;Adverb;B2;oarecum
somewhere;Adverb proNoun;A2;undeva
son;Noun;A1;fiu
song;Noun;A1;cântec
soon;Adverb;A1;curând
sorry;Adjective exclam.;A1;scuze
sort;Noun, Verb;A2, B1;fel
soul;Noun;B2;suflet
sound;Noun Verb;A1;sunet
soup;Noun;A1;supă
source;Noun;A2;sursă
south;Noun Adjective Adverb;A1;sud
southern;Adjective;B1;sudic
space;Noun;A1;spaţiu
speak;Verb;A1;vorbi
speaker;Noun;A2;vorbitor
special;Adjective;A1;special
specialist;Noun Adjective;B2;specialist
species;Noun;B2;specie
specific;Adjective;A2;specific
specifically;Adverb;B1;specific
speech;Noun;A2;vorbire
speed;Noun, Verb;A2, B2;viteză
spell;Verb;A1;vraja
spelling;Noun;A1;ortografie
spend;Verb;A1;petrece
spending;Noun;B1;cheltuire
spicy;Adjective;B1;picant
spider;Noun;A2;păianjen
spirit;Noun;B1;spirit
spiritual;Adjective;B2;spiritual
split;Verb Noun;B2;Despică
spoken;Adjective;B1;vorbit
sponsor;Verb Noun;B2;sponsor
spoon;Noun;A2;linguriţă
sport;Noun;A1;sportiv
spot;Noun, Verb;B1, B2;loc
spread;Verb , Noun;B1, B2;răspândire
spring;Noun, Verb;A1, B1;primăvară
square;Adjective Noun;A2;pătrat
stable;Adjective;B2;grajd
stadium;Noun;B1;stadiu
staff;Noun;B1;personal
stage;Noun, Verb;A2, B2;etapă
stair;Noun;A2;treaptă
stamp;Noun;A2;timbru
stand;Verb , Noun;A1, B2;stand
standard;Noun Adjective;B1;standard
star;Noun, Verb;A1, A2;stea
stare;Verb;B2;căutătură
start;Verb , Noun;A1, A2;start
state;Noun, Adjective , v;A2, B1;stat
statement;Noun;A1;afirmație
station;Noun;A1;statie
statistic;Noun;B1;statistic
statue;Noun;B1;statuie
status;Noun;B2;stare
stay;Verb , Noun;A1, A2;stau
steady;Adjective;B2;constant
steal;Verb;A2;fura
steel;Noun;B2;oţel
steep;Adjective;B2;abrupt
step;Noun, Verb;A2, B2;Etapa
stick (push into/attach);Verb;B1;Stick (împingere în / atașați)
stick (piece of wood);Noun;B1;Stick (bucată de lemn)
sticky;Adjective;B2;lipicios
stiff;Adjective;B2;rigid
still;Adverb , Adjective;A1, B1;încă
stock;Noun;B2;stoc
stomach;Noun;A2;stomac
stone;Noun;A2;piatră
stop;Verb Noun;A1;Stop
store;Noun, Verb;A2, B1;magazin
storm;Noun;A2;furtună
story;Noun;A1;poveste
straight;Adverb Adjective;A2;drept
strange;Adjective;A2;ciudat
stranger;Noun;B1;străin
strategy;Noun;A2;strategie
stream;Noun;B2;curent
street;Noun;A1;stradă
strength;Noun;B1;putere
stress;Noun Verb;A2;stres
stretch;Verb Noun;B2;întinde
strict;Adjective;B2;strict
strike;Verb Noun;B2;lovitură
string;Noun;B1;şir
strong;Adjective;A1;puternic
strongly;Adverb;B1;tare
structure;Noun, Verb;A2, B2;structura
struggle;Verb Noun;B2;lupta
student;Noun;A1;student
studio;Noun;B1;studio
study;Noun Verb;A1;studiu
stuff;Noun, Verb;B1, B2;chestie
stupid;Adjective;A2;prost
style;Noun;A1;stil
subject;Noun, Adjective;A1, B2;subiect
submit;Verb;B2;Trimite
substance;Noun;B1;substanţă
succeed;Verb;A2;a reusi
success;Noun;A1;succes
successful;Adjective;A2;de succes
successfully;Adverb;B1;cu succes
such;det./proNoun;A2;astfel de
sudden;Adjective;B1;brusc
suddenly;Adverb;A2;brusc
suffer;Verb;B1;suferi
sugar;Noun;A1;zahăr
suggest;Verb;A2;sugera
suggestion;Noun;A2;sugestie
suit;Noun, Verb;A2, B1;costum
suitable;Adjective;B1;potrivit
sum;Noun Verb;B2;sumă
summarize;Verb;B1;rezuma
summary;Noun;B1;rezumat
summer;Noun;A1;vară
sun;Noun;A1;soare
Sunday;Noun;A1;duminică
supermarket;Noun;A1;supermarket
supply;Noun Verb;B1;livra
support;Verb Noun;A2;a sustine
supporter;Noun;B1;suporter
suppose;Verb;A2;presupune
sure;Adjective , Adverb;A1, A2;sigur
surely;Adverb;B1;cu siguranţă
surface;Noun;B1;suprafaţă
surgery;Noun;B2;interventie chirurgicala
surprise;Noun Verb;A2;surprinde
surprised;Adjective;A2;uimit
surprising;Adjective;A2;surprinzător
surround;Verb;B2;surround,
surrounding;Adjective;B2;înconjurător
survey;Noun, Verb;A2, B2;studiu
survive;Verb;B1;supravieţui
suspect;Verb Noun;B2;suspect
swear;Verb;B2;jura
sweater;Noun;A1;pulover
sweep;Verb;B2;mătura
sweet;Adjective Noun;A2;dulce
swim;Verb , Noun;A1, B1;înot
swimming;Noun;A1;înot
switch;Verb , Noun;B1, B2;intrerupator
symbol;Noun;A2;simbol
sympathy;Noun;B2;simpatie
symptom;Noun;B1;simptom
system;Noun;A2;sistem
table;Noun;A1;masa
tablet;Noun;A2;comprimat
tail;Noun;B1;coadă
take;Verb;A1;lua
tale;Noun;B2;poveste
talent;Noun;B1;talent
talented;Adjective;B1;talentat
talk;Verb , Noun;A1, A2;vorbi
tall;Adjective;A1;înalt
tank;Noun;B2;rezervor
tape;Noun;B1;bandă
target;Noun, Verb;A2, B2;ţintă
task;Noun;A2;sarcină
taste;Noun Verb;A2;gust
tax;Noun Verb;B1;impozit
taxi;Noun;A1;Taxi
tea;Noun;A1;ceai
teach;Verb;A1;a preda
teacher;Noun;A1;profesor
teaching;Noun;A2;învățătură
team;Noun;A1;echipă
tear1;Verb Noun;B2;tear1
tear2;Noun;B2;tear2
technical;Adjective;B1;tehnic
technique;Noun;B1;tehnică
technology;Noun;A2;tehnologie
teenage;Adjective;A2;adolescență
teenager;Noun;A1;adolescent
telephone;Noun Verb;A1;telefon
television;Noun;A1;televiziune
tell;Verb;A1;spune
temperature;Noun;A2;temperatura
temporary;Adjective;B2;temporar
ten;number;A1;zece
tend;Verb;B1;tind
tennis;Noun;A1;tenis
tent;Noun;B1;cort
term;Noun, Verb;A2, B2;termen
terrible;Adjective;A1;teribil
test;Noun Verb;A1;Test
text;Noun, Verb;A1, A2;text
than;conj.;A1;decât
thank;Verb;A1;mulțumire
thanks;exclam. Noun;A1;Mulțumiri
that;det. proNoun conj., Adverb;A1, B1;acea
the;definite article;A1; 
theatre;Noun;A1;teatru
their;det.;A1;al lor
theirs;proNoun;B1;a lor
them;proNoun;A1;lor
theme;Noun;B1;temă
themselves;proNoun;A2;înșiși
then;Adverb;A1;apoi
theory;Noun;B1;teorie
therapy;Noun;B2;terapie
there;Adverb;A1;Acolo
therefore;Adverb;B1;prin urmare
they;proNoun;A1;ei
thick;Adjective;A2;gros
thief;Noun;A2;hoţ
thin;Adjective;A2;subţire
thing;Noun;A1;lucru
think;Verb;A1;gândi
thinking;Noun;A2;gândire
third;number, Noun;A1, A2;al treilea
thirsty;Adjective;A1;însetat
thirteen;number;A1;treisprezece
thirty;number;A1;treizeci
this;det./proNoun, Adverb;A1, B1;acest
though;conj. Adverb;B1;deşi
thought;Noun;A2;gând
thousand;number;A1;mie
threat;Noun;B2;amenințare
threaten;Verb;B2;a ameninta
three;number;A1;Trei
throat;Noun;B1;gât
through;prep. Adverb;A1;prin
throughout;prep./Adverb;B1;de-a lungul
throw;Verb;A2;arunca
Thursday;Noun;A1;joi
thus;Adverb;B2;prin urmare
ticket;Noun;A1;bilet
tidy;Adjective v;A2;ordonat
tie;Verb Noun;A2;cravată
tight;Adjective;B1;strâmt
till;conj./prep.;B1;până
time;Noun, Verb;A1, B2;timp
tin;Noun;B1;staniu
tiny;Adjective;B1;minuscul
tip;Noun, Verb;A2, B1;bacsis
tired;Adjective;A1;obosit
title;Noun;A1, B2;titlu
to;prep., infinitive marker;A1;la
today;Adverb Noun;A1;azi
toe;Noun;B1;deget de la picior
together;Adverb;A1;împreună
toilet;Noun;A1;toaletă
tomato;Noun;A1;roșie
tomorrow;Adverb Noun;A1;Mâine
tone;Noun;B2;ton
tongue;Noun;B1;limbă
tonight;Adverb n;A1;astă seară
too;Adverb;A1;de asemenea
tool;Noun;A2;instrument
tooth;Noun;A1;dinte
top;Noun, Adjective;A2;top
topic;Noun;A1;subiect
total;Adjective Noun;B1;total
totally;Adverb;B1;intru totul
touch;Verb , Noun;A2, B1;atingere
tough;Adjective;B2;greu
tour;Noun, Verb;A2, B1;tur
tourism;Noun;A2;turism
tourist;Noun;A1;turist
towards;prep.;A2;către
towel;Noun;A2;prosop
tower;Noun;A2;turn
town;Noun;A1;oraș
toy;Noun, Adjective;A2;jucărie
track;Noun, Verb;A2, B2;urmări
trade;Noun, Verb;B1;comerț
tradition;Noun;A2;tradiţie
traditional;Adjective;A2;tradiţional
traffic;Noun;A1;trafic
train;Noun, Verb;A1, A2;tren
trainer;Noun;A2;antrenor
training;Noun;A2;Instruire
transfer;Verb Noun;B2;transfer
transform;Verb;B2;transforma
transition;Noun;B2;tranziție
translate;Verb;B1;Traduceți
translation;Noun;B1;traducere
transport;Noun, Verb;A2, B1;transport
travel;Verb Noun;A1;voiaj
traveller;Noun;A2;călător
treat;Verb;B1;trata
treatment;Noun;B1;tratament
tree;Noun;A1;copac
trend;Noun;B1;tendinţă
trial;Noun;B2;proces
trick;Noun Verb;B1;truc
trip;Noun, Verb;A1, B2;excursie
tropical;Adjective;B2;tropical
trouble;Noun, Verb;A2, B2;bucluc
trousers;Noun;A1;pantaloni
truck;Noun;A2;camion
TRUE;Adjective;A1;ADEVĂRAT
truly;Adverb;B2;cu adevărat
trust;Noun Verb;B2;încredere
truth;Noun;B1;adevăr
try;Verb , Noun;A1, B2;încerca
T-shirt;Noun;A1;tricou
tube;Noun;B1;tub
Tuesday;Noun;A1;marţi
tune;Noun;B2;ton
tunnel;Noun;B2;tunel
turn;Verb Noun;A1;rândul său,
TV;Noun;A1;televizor
twelve;number;A1;doisprezece
twenty;number;A1;douăzeci
twice;Adverb;A1;de două ori
twin;Noun Adjective;A2;geamăn
two;number;A1;Două
type;Noun, Verb;A1, B1;tip
typical;Adjective;A2;tipic
typically;Adverb;B1;tipic
tyre;Noun;B1;obosi
ugly;Adjective;B1;urât
ultimately;Adverb;B2;în cele din urmă
umbrella;Noun;A1;umbrelă
unable;Adjective;B1;incapabil
uncle;Noun;A1;unchi
uncomfortable;Adjective;B1;incomod
unconscious;Adjective;B2;inconştient
under;prep. Adj;A1;sub
underground;Adjective Adverb;A2;Subteran
understand;Verb;A1;a intelege
understanding;Noun;A2;înţelegere
underwear;Noun;B1;lenjerie de corp
unemployed;Adjective;B1;şomerii
unemployment;Noun;B1;şomaj
unexpected;Adjective;B2;neașteptat
unfair;Adjective;B1;nedrept
unfortunately;Adverb;A2;din pacate
unhappy;Adjective;A2;nefericit
uniform;Noun;A2;uniformă
union;Noun;B1;uniune
unique;Adjective;B2;unic
unit;Noun;A2;unitate
united;Adjective;A2;Unit
universe;Noun;B2;univers
university;Noun;A1;universitate
unknown;Adjective;B2;necunoscut
unless;conj.;B1;dacă nu
unlike;prep.;B1;spre deosebire de
unlikely;Adjective;B1;improbabil
unnecessary;Adjective;B1;inutil
unpleasant;Adjective;B1;neplăcut
until;conj./prep.;A1;pana cand
unusual;Adjective;A2;neobișnuit
up;Adverb proNoun;A1;sus
update;Verb Noun;B1;Actualizați
upon;prep.;B1;peste
upper;Adjective;B2;superior
upset;Adjective v;B1;deranjat
upstairs;Adverb , Adjective;A1, A2;la etaj
upwards;Adverb;B2;în sus
urban;Adjective;B2;urban
urge;Verb;B2;îndemn
us;proNoun;A1;ne
use;Verb , Noun;A1, A2;utilizare
used;Adjective;B1;folosit
used to;modal Verb;A2;folosit pentru
useful;Adjective;A1;util
user;Noun;A2;utilizator
usual;Adjective;A2;ca de obicei
usually;Adverb;A1;de obicei
vacation;Noun;A1;concediu de odihna
valley;Noun;A2;vale
valuable;Adjective;B1;valoros
value;Noun, Verb;B1, B2;valoare
van;Noun;A2;dubă
variety;Noun;A2;varietate
various;Adjective;B1;variat
vary;Verb;B2;varia
vast;Adjective;B2;vast
vegetable;Noun;A1;vegetal
vehicle;Noun;A2;vehicul
venue;Noun;B2;loc de întâlnire
version;Noun;B1;versiune
very;Adverb , Adjective;A1, B1;foarte
via;prep.;B2;prin intermediul
victim;Noun;B1;victimă
victory;Noun;B2;victorie
video;Noun;A1;video
view;Noun, Verb;A2,;vedere
viewer;Noun;B1;telespectator
village;Noun;A1;sat
violence;Noun;B2;violenţă
violent;Adjective;B1;violent
virtual;Adjective;B2;virtual
virus;Noun;A2;virus
vision;Noun;B2;viziune
visit;Verb Noun;A1;vizita
visitor;Noun;A1;vizitator
visual;Adjective;B2;vizual
vital;Adjective;B2;vital
vitamin;Noun;B2;vitamină
voice;Noun;A2;voce
volume;Noun;B2;volum
volunteer;Noun Verb;B1;voluntar
vote;Noun Verb;B1;vot
wage;Noun;B2;salariu
wait;Verb , Noun;A1, A2;aștepta
waiter;Noun;A1;Chelner
wake;Verb;A1;trezi
walk;Verb Noun;A1;mers pe jos
wall;Noun;A1;perete
want;Verb;A1;vrei
war;Noun;A2;război
warm;Adjective , v;A1, B1;cald
warn;Verb;B1;a avertiza
warning;Noun;B1;avertizare
wash;Verb , Noun;A1, A2;spalare
washing;Noun;A2;spălat
waste;Noun v, Adjective;B1;deşeuri
watch;Verb Noun;A1;ceas
water;Noun, Verb;A1, B1;apă
wave;Noun;A2, B1;val
way;Noun;A1, B2;cale
we;proNoun;A1;noi
weak;Adjective;A2;slab
weakness;Noun;B2;slăbiciune
wealth;Noun;B2;bogatie
wealthy;Adjective;B2;bogat
weapon;Noun;B1;armă
wear;Verb;A1;purta
weather;Noun;A1;vreme
web;Noun;A2;web
website;Noun;A1;website
wedding;Noun;A2;nuntă
Wednesday;Noun;A1;miercuri
week;Noun;A1;săptămână
weekend;Noun;A1;weekend
weigh;Verb;B1;cântări
weight;Noun;A2;greutate
welcome;exclam. Verb Adjective , n;A1, A2;Bine ati venit
well;Adverb , Adjective , exclam.;A1;bine
west;Noun Adjective Adverb;A1;vest
western;Adjective;B1;vestic
wet;Adjective;A2;umed
what;proNoun/det.;A1;ce
whatever;det./proNoun;B1;indiferent de
wheel;Noun;A2;roată
when;Adverb proNounconj.;A1;cand
whenever;conj.;B1;oricând
where;Adverb conj.;A1;Unde
whereas;conj.;B2;întrucât
wherever;conj.;B2;oriunde
whether;conj.;B1;dacă
which;proNoun/det.;A1;care
while;conj., Noun;A2, B1;in timp ce
whisper;Verb Noun;B2;şoaptă
white;Adjective Noun;A1;alb
who;proNoun;A1;OMS
whole;Adjective , n;A2, B1;întreg
whom;proNoun;B2;pe cine
whose;det./proNoun;A2;a caror
why;Adverb;A1;De ce
wide;Adjective;A2;larg
widely;Adverb;B2;pe scară largă
wife;Noun;A1;soție
wild;Adjective;A2;sălbatic
wildlife;Noun;B2;animale sălbatice
will;modal, Noun Verb;A1,;voi
willing;Adjective;B2;dispus
win;Verb , Noun;A1, B1;victorie
wind1;Noun;A2;wind1
wind2;Verb;B2;wind2
window;Noun;A1;fereastră
wine;Noun;A1;vin
wing;Noun;B1;aripă
winner;Noun;A2;câştigător
winter;Noun;A1;iarnă
wire;Noun;B2;sârmă
wise;Adjective;B2;înţelept
wish;Verb Noun;A2;dori
with;prep.;A1;cu
within;prep.;B1;în
without;prep.;A1;fără
witness;Noun Verb;B2;martor
woman;Noun;A1;femeie
wonder;Verb Noun;B1;mirare
wonderful;Adjective;A1;minunat
wood;Noun;A2;lemn
wooden;Adjective;A2;de lemn
wool;Noun;B1;lână
word;Noun;A1;cuvânt
work;Verb Noun;A1;muncă
worker;Noun;A1;muncitor
working;Adjective;A2;lucru
world;Noun;A1;lume
worldwide;Adjective Adverb;B1;la nivel mondial
worried;Adjective;A2;îngrijorat
worry;Verb Noun;A2, B1;vă faceți griji
worse;Adjective, AdVerb Noun;A2,B1, B2;mai rea
worst;Adjective, AdVerb;A2,B1, B2;cel mai rău
worth;Adjective, Noun;B1, B2;in valoare de
would;modal, Verb;A1;ati
wound;Noun Verb;B2;răni
wow;exclam.;A2;Wow
wrap;Verv;B2;folie
write;Verb;A1;scrie
writer;Noun;A1;scriitor
writing;Noun;A1;scris
written;Adjective;B1;scris
wrong;Adjective, AdVerb Noun;A1, B1, B2;gresit
yard;Noun;B1;curte
yeah;exclam.;A1;Da
year;Noun;A1;an
yellow;Adjective, Noun;A1;galben
yes;exclam.;A1;da
yesterday;AdVerb Noun;A1;ieri
yet;AdVerb conj.;A2, B2;inca
you;proNoun;A1;tu
young;Adjective, Noun;A1, B1;tineri
your;det.;A1;ta
yours;proNoun;A2;a ta
yourself;proNoun;A1;tu
youth;Noun;B1;tineret
zero;number;A2;zero
zone;Noun;B2;zona
