a, an;indefinite, article;A1;а,
abandon;Verb;B2;отказаться от
ability;Noun;A2;способность
able;Adjective;A2;в состоянии
about;prep. Adverb;A1;около
above;prep. Adverb;A1;выше
abroad;Adverb;A2;за рубежом
absolute;Adjective;B2;абсолютный
absolutely;Adverb;B1;абсолютно
academic;adj, Noun;B1, B2;академический
accept;Verb;A2;принимать
acceptable;Adjective;B2;приемлемый
access;Noun Verb;B1;доступ
accident;Noun;A2;несчастный случай
accommodation;Noun;B1;жилье
accompany;Verb;B2;сопровождать
according to;prep.;A2;в соответствии с
account;Noun Verb;B1, B2;учетная запись
accurate;Adjective;B2;точный
accuse;Verb;B2;обвинять
achieve;Verb;A2;достигать
achievement;Noun;B1;достижение
acknowledge;Verb;B2;квитирование
acquire;Verb;B2;приобретать
across;prep. Adverb;A1;через
act;Verb Noun;A2,B1;действовать
action;Noun;A1;действие
active;Adjective;A2;активный
activity;Noun;A1;деятельность
actor;Noun;A1;актер
actress;Noun;A1;актриса
actual;Adjective;B2;фактический
actually;Adverb;A2;фактически
ad;Noun;B1;объявление
adapt;Verb;B2;адаптироваться
add;Verb;A1;Добавить
addition;Noun;B1;прибавление
additional;Adjective;B2;дополнительный
address;Noun Verb;A1,B2;адрес
administration;Noun;B2;администрация
admire;Verb;B1;восхищаюсь
admit;Verb;B1;признавать
adopt;Verb;B2;принять
adult;Noun adj;A1,A2;для взрослых
Advance;Noun Verb adj;B2;Advance
Advanced;Adjective;B1;продвинутый
Advantage;Noun;A2;преимущество
Adventure;Noun;A2;Приключение
Advertise;Verb;A2;афишировать
Advertisement;Noun;A2;Рекламное объявление
Advertising;Noun;A2;реклама
Advice;Noun Verb;A1, B1;Совет
affair;Noun;B2;дело
affect;Verb;A2;аффект
afford;Verb;B1;позволить себе
afraid;Adjective;A1;боятся
after;prep. conj. Adverb;A1,A2;после
afternoon;Noun;A1;после полудня
afterwards;Adverb;B2;впоследствии
again;Adverb;A1;очередной раз
against;prep;A2;против
age;Noun Verb;A1, B1;возраст
aged;Adjective;B1;престарелый
agency;Noun;B2;агентство
agenda;Noun;B2;повестка дня
agent;Noun;B1;агент
aggressive;Adjective;B2;агрессивный
ago;Adverb;A1;тому назад
agree;Verb;A1;согласна
agreement;Noun;B1;соглашение
ah;exclam.;A2;ах
ahead;Adverb;B1;впереди
aid;Noun Verb;B2;помощь
aim;Verb Noun;B1;цель
air;Noun;A1;воздух
aircraft;Noun;B2;самолет
airline;Noun;A2;авиакомпания
airport;Noun;A1;аэропорт
alarm;Noun Verb;B1, B2;тревога
album;Noun;B1;альбом
alcohol;Noun;B1;алкоголь
alcoholic;Adjective;B1;алкоголик
alive;Adjective;A2;живой
all;det. pron, Adverb;A1, A2;все
all right;Adjective, Adverb exclam;A2;отлично
allow;Verb;A2;позволять
almost;Adverb;A2;почти
alone;Adjective, Adverb;A2;в одиночестве
along;prep. Adverb;A2;вместе
already;Adverb;A2;уже
also;Adverb;A1;также
alter;Verb;B2;альтер
alternative;Noun Adjective;A2, B1;альтернатива
although;conj;A2;хотя
always;Adverb;A1;всегда
amazed;Adjective;B1;пораженный
amazing;Adjective;A1;удивительный
ambition;Noun;B1;амбиция
ambitious;Adjective;B1;честолюбивый
among;prep.;A2;среди
amount;Noun Verb;A2, B2;количество
analyse;Verb;B1;анализировать
analysis;Noun;B1;анализ
ancient;Adjective;A2;древний
and;conj;A1;и
anger;Noun;B2;гнев
angle;Noun;B2;угол
angry;Adjective;A1;сердитый
animal;Noun;A1;животное
ankle;Noun;A2;лодыжка
anniversary;Noun;B2;Годовщина
announce;Verb;B1;анонсировать
announcement;Noun;B1;объявление
annoy;Verb;B1;раздражать
annoyed;Adjective;B1;раздраженный
annoying;Adjective;B1;раздражающий
annual;Adjective;B2;годовой
another;det. proNoun;A1;другой
answer;Noun Verb;A1;ответ
anxious;Adjective;B2;озабоченный
any;det. proNoun, Adverb;A1, A2;любой
anybody;pron;A2;кто-нибудь
any more;Adverb;A2;больше
anyone;pron;A1;кто угодно
anything;pron;A1;что-нибудь
anyway;Adverb;A2;тем не мение
anywhere;AdVerb proNoun;A2;везде
apart;Adverb;B1;отдельно
apartment;Noun;A1;квартира
apologize;Verb;B1;принести извинения
app;Noun;A2;приложение
apparent;Adjective;B2;очевидный
apparently;Adverb;B2;по-видимому
appeal;Noun Verb;B2;обращение
appear;Verb;A2;появиться
appearance;Noun;A2;внешность
apple;Noun;A1;яблоко
application;Noun;B1;применение
apply;Verb;A2;подать заявление
appointment;Noun;B1;деловое свидание, встреча
appreciate;Verb;B1;ценить
approach;Noun Verb;B2;подходить
appropriate;Adjective;B2;соответствующий
approval;Noun;B2;утверждение
approve;Verb;B2;одобрить
approximately;Adverb;B1;примерно
April;Noun;A1;апрель
architect;Noun;A2;архитектор
architecture;Noun;A2;архитектура
area;Noun;A1;площадь
argue;Verb;A2;спорить
argument;Noun;A2;аргумент
arise;Verb;B2;возникать
arm;Noun;A1;рука
armed;Adjective;B2;вооружившись
arms;Noun;B2;руки
army;Noun;A2;армия
around;prep. Adverb;A1;вокруг
arrange;Verb;A2;организовать
arrangement;Noun;A2;расположение
arrest;Verb Noun;B1;арестовывать
arrival;Noun;B1;прибытие
arrive;Verb;A1;прибыть
art;Noun;A1;искусство
article;Noun;A1;статья
artificial;Adjective;B2;искусственный
artist;Noun;A1;художник
artistic;Adjective;B2;художественный
as;prep., Adverb conj.;A1, A2;так как
ashamed;Adjective;B2;совестно
asleep;Adjective;A2;спящий
ask;Verb;A1;просить
aspect;Noun;B2;аспект
assess;Verb;B2;оценить
assessment;Noun;B2;оценка
assignment;Noun;B1;назначение
assist;Verb;B1;помощь
assistant;Noun Adjective;A2;помощник
associate;Verb;B2;ассоциировать
associated;Adjective;B2;связанный
association;Noun;B2;ассоциация
assume;Verb;B2;предполагать
at;prep.;A1;в
athlete;Noun;A2;спортсмен
atmosphere;Noun;B1;атмосфера
attach;Verb;B1;прикреплять
attack;Noun Verb;A2;атака
attempt;Noun Verb;B2;попытка
attend;Verb;A2;посещать
attention;Noun exclam.;A2;внимание
attitude;Noun;B1;отношение
attract;Verb;B1;привлекать
attraction;Noun;B1;Привлечение
attractive;Adjective;A2;привлекательный
audience;Noun;A2;зрительская аудитория
August;Noun;A1;августейший
aunt;Noun;A1;тетка
author;Noun;A2;автор
authority;Noun;B1;власть
autumn;Noun;A1;осень
available;Adjective;A2;доступный
average;Adjective, Noun Verb;A2, B1;средний
avoid;Verb;A2;избегать
award;Noun Verb;A2, B1;награда
aware;Adjective;B1;знать
away;Adverb;A1;прочь
awful;Adjective;A2;ужасный
baby;Noun;A1;детка
back;Noun AdVerb Adjective, Verb;A1, A2, B2;назад
background;Noun;A2;задний план
backwards;Adverb;B1;назад
bacteria;Noun;B2;бактерии
bad;Adjective;A1;плохой
badly;Adverb;A2;плохо
bag;Noun;A1;мешок
bake;Verb;B1;выпекать
balance;Noun Verb;B1;баланс
ball;Noun;A1;мяч
ban;Verb Noun;B1;запрет
banana;Noun;A1;банан
band;Noun;A1;группа
bank (money);Noun;A1;банк (деньги)
bank (river);Noun;B1;банк (река)
bar;Noun Verb;A2, B2;бар
barrier;Noun;B2;барьер
base;Noun Verb;B1;основание
baseball;Noun;A2;бейсбол
based;Adjective;A2;исходя из
basketball;Noun;A2;баскетбол
basic;Adjective;B1;основной
basically;Adverb;B2;в принципе
basis;Noun;B1;основа
bath;Noun;A1;ванна
bathroom;Noun;A1;ванная
battery;Noun;B1;аккумулятор
battle;Noun Verb;B1, B2;боевой
be;Verb auxiliary Verb;A1;быть
beach;Noun;A1;пляж
bean;Noun;A2;боб
bear (deal with);Verb;B2;медведь (сделка с)
bear (animal);Noun;A2;медведь (животное)
beat;Verb Noun;A2, B2;бить
beautiful;Adjective;A1;прекрасный
beauty;Noun;B1;красота
because;conj.;A1;так как
become;Verb;A1;становиться
bed;Noun;A1;постель
bedroom;Noun;A1;спальная комната
bee;Noun;B1;пчела
beef;Noun;A2;говядина
beer;Noun;A1;пиво
before;prep., conj. Adverb;A1, A2;перед
beg;Verb;B2;очень прошу
begin;Verb;A1;начать
beginning;Noun;A1;начало
behave;Verb;A2;вести себя
behaviour;Noun;A2;поведение
behind;prep. Adverb;A1;позади
being;Noun;B2;существо
belief;Noun;B1;вера
believe;Verb;A1;верить
bell;Noun;B1;колокол
belong;Verb;A2;принадлежат
below;Adverb prep.;A1;ниже
belt;Noun;A2;ремень
bend;Verb Noun;B1;изгиб
benefit;Verb NouNoun;A2, B1;выгода
bent;Adjective;B2;изогнутый
best;Adjective, AdVerb Noun;A1, A2;Лучший
bet;Verb Noun;B2;держать пари
better;Adjective , Adverb , Noun;A1, A2, B1;лучше
between;prep., Adverb;A1, A2;между
beyond;prep. Adverb;B2;за
bicycle;Noun;A1;велосипед
big;Adjective;A1;большой
bike;Noun;A1;велосипед
bill;Noun Verb;A1, B2;законопроект
billion number; ;A2;млрд номер
bin;Noun;A2;бункер
biology;Noun;A2;биология
bird;Noun;A1;птица
birth;Noun;A2;рождение
birthday;Noun;A1;день рождения
biscuit;Noun;A2;бисквит
bit;Noun;A2;немного
bite;Verb Noun;B1;укусить
bitter;Adjective;B2;горький
black;Adjective, Noun;A1;черный
blame;Verb Noun;B2;вина
blank;Adjective, Noun;A2;пустой
blind;Adjective;B2;слепой
block;Noun Verb;B1;блок
blog;Noun;A1;блог
blonde;Adjective;A1;блондинка
blood;Noun;A2;кровь
blow;Verb;A2;дуть
blue;Adjective, Noun;A1;синий
board;Noun Verb;A2, B1;доска
boat;Noun;A1;лодка
body;Noun;A1;тело
boil;Verb;A2;кипятить
bomb;Noun Verb;B1;бомбить
bond;Noun;B2;связь
bone;Noun;A2;кость
book;Noun Verb;A1, A2;книга
boot;Noun;A1;ботинок
border;Noun Verb;B1, B2;граница
bored;Adjective;A1;надоедает
boring;Adjective;A1;скучный
born;Verb;A1;Родился
borrow;Verb;A2;заимствовать
boss;Noun;A2;босс
both;det./proNoun;A1;обе
bother;Verb;B1;беспокоить
bottle;Noun;A1;бутылка
bottom;NouNoun Adjective;A2;низ
bowl;Noun;A2;миска
box;Noun;A1;коробка
boy;Noun;A1;мальчик
boyfriend;Noun;A1;парень
brain;Noun;A2;головной мозг
branch;Noun;B1;филиал
brand;Noun Verb;B1;марка
brave;Adjective;B1;Храбрый
bread;Noun;A1;хлеб
break;Verb Noun;A1;перерыв
breakfast;Noun;A1;завтрак
breast;Noun;B2;грудь
breath;Noun;B1;дыхание
breathe;Verb;B1;дышать
breathing;Noun;B1;дыхание
bride;Noun;B1;невеста
bridge;Noun;A2;мост
brief;Adjective;B2;краткое
bright;Adjective;A2;яркий
brilliant;Adjective;A2;блестящий
bring;Verb;A1;приносить
broad;Adjective;B2;широкий
broadcast;Verb Noun;B2;широковещательный
broken;Adjective;A2;сломаны
brother;Noun;A1;брат
brown;Adjective, Noun;A1;коричневый
brush;Verb Noun;A2;щетка
bubble;Noun;B1;пузырь
budget;Noun;B2;бюджет
build;Verb;A1;строить
building;Noun;A1;здание
bullet;Noun;B2;пуля
bunch;Noun;B2;гроздь
burn;Verb Noun;A2, B2;жечь
bury;Verb;B1;закапывать
bus;Noun;A1;автобус
bush;Noun;B2;куст
business;Noun;A1;бизнес
businessman;Noun;A2;бизнесмен
busy;Adjective;A1;занятый
but;conj. prep;A1, B2;но
butter;Noun;A1;сливочное масло
button;Noun;A2;кнопка
buy;Verb;A1;купить
by;prep. Adverb;A1, B1;по
bye;exclam;A1;пока
cable;Noun;B2;кабель
cafe;Noun;A1;кафе
cake;Noun;A1;торт
calculate;Verb;B2;высчитывает
call;Verb Noun;A1;вызов
calm;Adjective Verb Noun;B1;спокойный
camera;Noun;A1;камера
camp;Noun Verb;A2;лагерь
campaign;Noun Verb;B1;кампания
camping;Noun;A2;кемпинг
campus;Noun;B1;кампус
can1;modal Verb;A1;CAN1
can2;Noun;A2;CAN2
cancel;Verb;B2;Отмена
cancer;Noun;B2;рак
candidate;Noun;B1;кандидат
cannot;Verb;A1;не может
cap;Noun;B1;шапка
capable;Adjective;B2;способный
capacity;Noun;B2;вместимость
capital;Noun Adjective;A1;капитал
captain;Noun;B1;капитан
capture;Verb Noun;B2;захватить
car;Noun;A1;машина
card;Noun;A1;открытка
care;Noun Verb;A2;забота
career;Noun;A1;карьера
careful;Adjective;A2;осторожный
carefully;Adverb;A2;осторожно
careless;Adjective;B1;неосторожный
carpet;Noun;A2;ковер
carrot;Noun;A1;морковь
carry;Verb;A1;нести
cartoon;Noun;A2;мультфильм
case;Noun;A2;кейс
cash;Noun;A2;денежные средства
cast;Noun Verb;B2;бросать
castle;Noun;A2;замок
cat;Noun;A1;кошка
catch;Verb Noun;A2, B2;поймать
category;Noun;B1;категория
cause;Noun Verb;A2;причина
CD;Noun;A1;CD
ceiling;Noun;B1;потолок
celebrate;Verb;A2;праздновать
celebration;Noun;B1;праздник
celebrity;Noun;A2;знаменитость
cell;Noun;B2;клетка
cent;Noun;A1;цент
central;Adjective;B1;центральный
centre;Noun Verb;A1, B1;центр
century;Noun;A1;века
ceremony;Noun;B1;церемония
certain;Adjective;A2;определенный
certainly;Adverb;A2;безусловно
chain;Noun Verb;B1, B2;цепь
chair;Noun Verb;A1, B2;стул
chairman;Noun;B2;председатель
challenge;Noun Verb;B1, B2;вызов
champion;Noun;B1;чемпион
chance;Noun;A2;шанс
change;Verb Noun;A1;изменение
channel;Noun;B1;канал
chapter;Noun;B1;глава
character;Noun;A2;персонаж
characteristic;Noun Adjective;B2;характерная черта
charge;Noun Verb;B1;обвинение
charity;Noun;A2;благотворительность
chart;Noun Verb;A1, B2;диаграмма
chat;Verb Noun;A2;чат
cheap;Adjective , Adverb;A1, B1;дешево
cheat;Verb Noun;B1;мошенничать
check;Verb Noun;A1, A2;чек
chef;Noun;A2;шеф-повар
cheerful;Adjective;B1;веселая
cheese;Noun;A1;сыр
chemical;Adjective, Noun;B1;химическая
chemistry;Noun;A2;химия
chest;Noun;B1;грудь
chicken;Noun;A1;курица
chief;Adjective, Noun;B2;главный
child;Noun;A1;ребенок
childhood;Noun;B1;детство
chip;Noun;A2;чип
chocolate;Noun;A1;шоколад
choice;Noun;A2;выбор
choose;Verb;A1;выберите
church;Noun;A2;церковь
cigarette;Noun;A2;сигарета
cinema;Noun;A1;кино
circle;Noun Verb;A2;круг
circumstance;Noun;B2;обстоятельство
cite;Verb;B2;цитировать
citizen;Noun;B2;гражданин
city;Noun;A1;город
civil;Adjective;B2;гражданского
claim;Verb Noun;B1;Запрос
class;Noun;A1;класс
classic;Adjective, Noun;B2;классический
classical;Adjective;A2;классический
classroom;Noun;A1;школьный класс
clause;Noun;B1;пункт
clean;Adjective, Verb;A1;чистый
clear;Adjective, Verb;A2, B1;Чисто
clearly;Adverb;A2;явно
clever;Adjective;A2;умная
click;Verb Noun;B1;щелчок
client;Noun;B1;клиент
climate;Noun;A2;климат
climb;Verb Noun;A1, B1;взобраться
clock;Noun;A1;Часы
close1;Verb Noun;A1, B2;close1
close2;Adjective , Adverb;A2, B1;close2
closed;Adjective;A2;закрыто
closely;Adverb;B2;тесно
cloth;Noun;B1;ткань
clothes;Noun;A1;одежда
clothing;Noun;A2;одежда
cloud;Noun;A2;облако
club;Noun;A1;клуб
clue;Noun;B1;ключ к разгадке
coach;Noun Verb;A2, B1;тренер
coal;Noun;B1;уголь
coast;Noun;A2;берег
coat;Noun;A1;Пальто
code;Noun;A2;код
coffee;Noun;A1;кофе
coin;Noun;B1;монета
cold;Adjective Noun;A1;холодный
collapse;Verb Noun;B2;коллапс
colleague;Noun;A2;коллега
collect;Verb;A2;Collect
collection;Noun;B1;коллекция
college;Noun;A1;колледж
colour;Noun;A1;цвет
coloured;Adjective;B1;цветной
column;Noun;A2;колонка
combination;Noun;B2;сочетание
combine;Verb;B1;скомбинировать
come;Verb;A1;приходить
comedy;Noun;A2;комедия
comfort;Noun Verb;B2;комфорт
comfortable;Adjective;A2;удобный
command;Noun Verb;B2;команда
comment;Noun Verb;A2, B1;комментарий
commercial;Adjective Noun;B1;коммерческая
commission;Noun Verb;B2;комиссия
commit;Verb;B1;совершить
commitment;Noun;B2;обязательство
committee;Noun;B2;комитет
common;Adjective Noun;A1;общий
commonly;Adverb;B2;обычно
communicate;Verb;A2;общаться
communication;Noun;B1;связь
community;Noun;A2;сообщество
company;Noun;A1;Компания
compare;Verb;A1;сравнить
comparison;Noun;B1;сравнение
compete;Verb;A2;конкурировать
competition;Noun;A2;конкуренция
competitor;Noun;B1;конкурент
competitive;Adjective;B1;конкурентный
complain;Verb;A2;Пожаловаться
complaint;Noun;B1;жалоба
complete;Adjective Verb;A1;полный
completely;Adverb;A2;полностью
complex;Adjective, Noun;B1, B2;сложный
complicated;Adjective;B2;сложно
component;Noun;B2;составная часть
computer;Noun;A1;компьютер
concentrate;Verb;B1;концентрат
concentration;Noun;B2;концентрация
concept;Noun;B2;концепция
concern;Noun Verb;B2;беспокойство
concerned;Adjective;B2;обеспокоен
concert;Noun;A1;концерт
conclude;Verb;B1;заключать
conclusion;Noun;B1;вывод
condition;Noun;A2;состояние
conduct;Verb Noun;B2;поведение
conference;Noun;A2;конференция
confidence;Noun;B2;уверенность
confident;Adjective;B1;уверенный
confirm;Verb;B1;подтверждения
conflict;Noun Verb;B2;конфликт
confuse;Verb;B1;запутывать
confused;Adjective;B1;смущенный
confusing;Adjective;B2;путая
connect;Verb;A2;подключения
connected;Adjective;A2;связано
connection;Noun;B1;соединение
conscious;Adjective;B2;сознательный
consequence;Noun;B1;следствие
conservative;Adjective, Noun;B2;консервативный
consider;Verb;A2;рассматривать
consideration;Noun;B2;рассмотрение
consist;Verb;B1;состоять
consistent;Adjective;B2;последовательный
constant;Adjective;B2;постоянная
constantly;Adverb;B2;постоянно
construct;Verb;B2;конструкт
construction;Noun;B2;строительство
consume;Verb;B1;потреблять
consumer;Noun;B1;потребитель
contact;Noun Verb;B1;контакт
contain;Verb;A2;содержать
container;Noun;B1;контейнер
contemporary;Adjective;B2;современный
content;Noun;B1;содержание
contest;Noun Verb;B2;конкурс
context;Noun;A2;контекст
continent;Noun;A2;континент
continue;Verb;A2;Продолжать
continuous;Adjective;B1;непрерывный
contract;Noun Verb;B2;контракт
contrast;Noun Verb;B1;контраст
contribute;Verb;B2;делать вклад
contribution;Noun;B2;вклад
control;Noun Verb;A2;контроль
convenient;Adjective;B1;удобный
conversation;Noun;A1;разговор
convert;Verb;B2;перерабатывать
convince;Verb;B1;убеждать
convinced;Adjective;B2;убежден
cook;Verb Noun;A1, A2;готовить
cooker;Noun;A2;плита
cooking;Noun;A1;Готовка
cool;Adjective, Verb;A1, B1;прохладный
copy;Noun Verb;A2;копия
core;Noun Adjective;B2;ядро
corner;Noun;A2;угол
corporate;Adjective;B2;корпоративный
correct;Adjective Verb;A1;верный
correctly;Adverb;A2;правильно
cost;Noun Verb;A1;Стоимость
costume;Noun;B1;костюм
cottage;Noun;B1;коттедж
cotton;Noun;B1;хлопок
could;Verb;A1;мог
council;Noun;B2;совет
count;Verb Noun;A2, B1;подсчитывать
country;Noun;A1;страна
countryside;Noun;B1;сельская местность
county;Noun;B2;округ
couple;Noun;A2;пара
courage;Noun;B2;мужество
course;Noun;A1;курс
court;Noun;B1;суд
cousin;Noun;A1;двоюродная сестра
cover;Verb Noun;A2, B1;обложка
covered;Adjective;B1;покрытый
cow;Noun;A1;корова
crash;Noun Verb;B2;авария
crazy;Adjective;A2;псих
cream;Noun Adjective;A1, B1;пломбир
create;Verb;A1;Создайте
creation;Noun;B2;создание
creative;Adjective;A2;творческий
creature;Noun;B2;существо
credit;Noun Verb;A2, B2;кредит
crew;Noun;B2;экипаж
crime;Noun;A2;преступление
criminal;Noun Adjective;A2, B1;уголовное
crisis;Noun;B2;кризис
criterion;Noun;B2;критерий
critic;Noun;B2;критик
critical;Adjective;B2;критический
criticism;Noun;B2;критика
criticize;Verb;B2;критиковать
crop;Noun;B2;культура
cross;Verb Noun;A2;пересекать
crowd;Noun;A2;толпа
crowded;Adjective;A2;переполненном
crucial;Adjective;B2;ключевой
cruel;Adjective;B1;жестокий
cry;Verb Noun;A2, B2;плач
cultural;Adjective;B1;культурный
culture;Noun;A1;культура
cup;Noun;A1;кружка
cupboard;Noun;A2;шкаф
cure;Verb Noun;B2;лечение
curly;Adjective;A2;кудрявый
currency;Noun;B1;валюта
current;Adjective, Noun;B1, B2;ток
currently;Adverb;B1;В настоящее время
curtain;Noun;B1;штора
curve;Noun Verb;B2;кривая
curved;Adjective;B2;изогнутый
custom;Noun;B1;обычай
customer;Noun;A1;клиент
cut;Verb , Noun;A1, B1;резать
cycle;Noun Verb;A2, B1;цикл
dad;Noun;A1;папа
daily;Adjective, Adverb;A2, B1;ежедневно
damage;Noun Verb;B1;повреждение
dance;Noun Verb;A1;танец
dancer;Noun;A1;танцор
dancing;Noun;A1;танцы
danger;Noun;A2;Опасность
dangerous;Adjective;A1;опасно
dark;Adjective, Noun;A1, A2;тьма
data;Noun;A2;данные
date;Noun Verb;A1, B2;Дата
daughter;Noun;A1;дочь
day;Noun;A1;день
dead;Adjective;A2;мертвых
deal;Verb Noun;A2, B1;по рукам
dear;Adjective, exclam;A1, A2;Уважаемые
death;Noun;A2;смерть
debate;Noun Verb;B2;обсуждение
debt;Noun;B2;долг
decade;Noun;B1;десятилетие
December;Noun;A1;Декабрь
decent;Adjective;B2;порядочный
decide;Verb;A1;решать
decision;Noun;A2;решение
declare;Verb;B2;DECLARE
decline;Verb Noun;B2;снижение
decorate;Verb;B1;украсьте
decoration;Noun;B2;украшение
decrease;Verb Noun;B2;снижение
deep;Adjective, Adverb;A2, B1;глубоко
deeply;Adverb;B2;глубоко
defeat;Verb Noun;B2;поражение
defence;Noun;B2;защита
defend;Verb;B2;защищать
define;Verb;B1;определять
definite;Adjective;B1;определенный
definitely;Adverb;A2;определенно
definition;Noun;B1;определение
degree;Noun;A2;степень
delay;Verb Noun;B2;задержка
deliberate;Adjective;B2;совещаться
deliberately;Adverb;B2;сознательно
delicious;Adjective;A1;вкусные
delight;Verb Noun;B2;восторг
delighted;Adjective;B2;Обрадованный
deliver;Verb;B1;доставить
delivery;Noun;B2;Доставка
demand;Noun Verb;B2;спрос
demonstrate;Verb;B2;демонстрировать
dentist;Noun;A2;зубной врач
deny;Verb;B2;Отрицать
department;Noun;A2;отдел
departure;Noun;B1;выезд
depend;Verb;A2;зависеть
depressed;Adjective;B2;депрессии
depressing;Adjective;B2;удручает
depth;Noun;B2;глубина
describe;Verb;A1;описывать
description;Noun;A1;описание
desert;Noun Verb;A2, B2;пустыня
deserve;Verb;B2;заслуживать
design;Noun Verb;A1;дизайн
designer;Noun;A2;дизайнер
desire;Noun Verb;B2;желание
desk;Noun;A1;стол письменный
desperate;Adjective;B2;отчаянный
despite;prep;B1;несмотря
destination;Noun;B1;место назначения
destroy;Verb;A2;уничтожить
detail;Noun Verb;A1, B2;подробно
detailed;Adjective;B2;детальнее
detect;Verb;B2;обнаружить
detective;Noun;A2;детектив
determine;Verb;B1;определить
determined;Adjective;B1;определяется
develop;Verb;A2;развивать
development;Noun;B1;развитие
device;Noun;A2;устройство
diagram;Noun;B1;диаграмма
dialogue;Noun;A1;диалог
diamond;Noun;B1;бриллиант
diary;Noun;A2;дневник
dictionary;Noun;A1;Словарь
die;Verb;A1;умереть
diet;Noun;A1;рацион питания
difference;Noun;A1;разница
different;Adjective;A1;разные
differently;Adverb;A2;по-другому
difficult;Adjective;A1;трудно
difficulty;Noun;B1;трудность
dig;Verb;B2;копать землю
digital;Adjective;A2;цифровой
dinner;Noun;A1;ужин
direct;Adjective, Verb Adverb;A2, B1;непосредственный
direction;Noun;A2;направление
directly;Adverb;B1;непосредственно
director;Noun;A2;директор
dirt;Noun;B1;грязь
dirty;Adjective;A1;грязный
Dis Adverbantage;Noun;B1;Dis Adverbantage
disagree;Verb;A2;не соглашаться
disappear;Verb;A2;исчезать
disappointed;Adjective;B1;разочарованный
disappointing;Adjective;B1;разочарование
disaster;Noun;A2;катастрофа
disc;Noun;B2;диск
discipline;Noun;B2;дисциплина
discount;Noun Verb;B1, B2;скидка
discover;Verb;A2;обнаружить
discovery;Noun;A2;открытие
discuss;Verb;A1;обсуждать
discussion;Noun;A2;обсуждение
disease;Noun;A2;болезнь
dish;Noun;A1;блюдо
dishonest;Adjective;B2;нечестный
dislike;Verb Noun;B1;нелюбовь
dismiss;Verb;B2;отклонять
display;Verb Noun;B2;дисплей
distance;Noun;A2;расстояние
distribute;Verb;B2;распространять
distribution;Noun;B2;распределение
district;Noun;B2;район
divide;Verb Noun;B1, B2;делить
division;Noun;B2;деление
divorced;Adjective;A2;разведенный
do;Verb auxiliary verb;A1;делать
doctor;Noun;A1;доктор
document;Noun Verb;A2, B2;документ
documentary;Noun;B1;документальный
dog;Noun;A1;собака
dollar;Noun;A1;доллар
domestic;Adjective;B2;внутренний
dominate;Verb;B2;властвуй
donate;Verb;B1;жертвовать
door;Noun;A1;дверь
double;Adjective det. proNoun Verb , Adverb;A2, B1;двойной
doubt;Noun Verb;B1;сомнение
down;Adverb Prep;A1;вниз
download;Verb Noun;A2;скачать
downstairs;Adverb , Adjective;A1, A2;вниз по лестнице
downwards;Adverb;B2;вниз
dozen;Noun det;B2;дюжина
draft;Noun Verb;B2;черновой вариант
drag;Verb;B2;бремя
drama;Noun;A2;драма
dramatic;Adjective;B2;драматичный
draw;Verb;A1;привлечь
drawing;Noun;A2;Рисование
dream;Noun Verb;A2;мечта
dress;Noun Verb;A1;платье
dressed;Adjective;B1;одетый
drink;Noun Verb;A1;пить
drive;Verb Noun;A1, A2;водить машину
driver;Noun;A1;Водитель
driving;Noun;A2;вождение
drop;Verb Noun;A2, B1;падение
drug;Noun;A2;препарат, средство, медикамент
drum;Noun;B1;барабан
drunk;Adjective;B1;пьяный
dry;Adjective, Verb;A2;сухой
due;Adjective;B1;должное
during;prep;A1;в течение
dust;Noun;B1;пыль
duty;Noun;B1;обязанность
DVD;Noun;A1;DVD
each;det./proNoun/Adverb;A1;каждый
ear;Noun;A1;ухо
early;Adjective Adverb;A1;рано
earn;Verb;A2;зарабатывать
earth;Noun;A2;земной шар
earthquake;Noun;B1;землетрясение
easily;Adverb;A2;без труда
east;Noun Adjective Adverb;A1;восток
eastern;Adjective;B1;восточный
easy;Adjective;A1;легко
eat;Verb;A1;есть
economic;Adjective;B1;экономической
economy;Noun;B1;экономика
edge;Noun;B1;край
edit;Verb;B2;редактировать
edition;Noun;B2;издание
editor;Noun;B1;редактор
educate;Verb;B1;воспитывать
educated;Adjective;B1;образованный
education;Noun;A2;образование
educational;Adjective;B1;образования
effect;Noun;A2;эффект
effective;Adjective;B1;эффективный
effectively;Adverb;B1;фактически
efficient;Adjective;B2;эффективное
effort;Noun;B1;усилие
egg;Noun;A1;яйцо
eight;number;A1;восемь
eighteen;number;A1;восемнадцать
eighty;number;A1;восемьдесят
either;det./proNoun Adverb;A2;либо
elderly;Adjective;B2;престарелые
elect;Verb;B2;избранные
election;Noun;B1;выборы
electric;Adjective;A2;электрический
electrical;Adjective;A2;электрический
electricity;Noun;A2;электричество
electronic;Adjective;A2;электронный
element;Noun;B1;элемент
elephant;Noun;A1;слон
eleven;number;A1;одиннадцать
else;Adverb;A1;еще
elsewhere;Adverb;B2;в другом месте
email;Noun Verb;A1;Эл. адрес
embarrassed;Adjective;B1;смущенный
embarrassing;Adjective;B1;затруднительный
emerge;Verb;B2;всплывать
emergency;Noun;B1;чрезвычайная ситуация
emotion;Noun;B1;эмоция
emotional;Adjective;B2;эмоциональный
emphasis;Noun;B2;акцент
emphasize;Verb;B2;подчеркнуть
employ;Verb;A2;нанимают
employee;Noun;A2;наемный рабочий
employer;Noun;A2;работодатель
employment;Noun;B1;трудоустройство
empty;Adjective, Verb;A2, B1;опорожнить
enable;Verb;B2;включить
encounter;Verb Noun;B2;столкновение
encourage;Verb;B1;поощрять
end;Noun Verb;A1;конец
ending;Noun;A2;окончание
enemy;Noun;B1;враг
energy;Noun;A2;энергия
engage;Verb;B2;заниматься
engaged;Adjective;B1;занято
engine;Noun;A2;двигатель
engineer;Noun;A2;инженер
engineering;Noun;B1;инжиниринг
enhance;Verb;B2;усилить
enjoy;Verb;A1;наслаждаться
enormous;Adjective;A2;огромный
enough;det. proNoun Adverb;A1;достаточно
enquiry;Noun;B2;запрос
ensure;Verb;B2;обеспечивать
enter;Verb;A2;войти
entertain;Verb;B1;развлекать
entertainment;Noun;B1;развлекательная программа
enthusiasm;Noun;B2;энтузиазм
enthusiastic;Adjective;B2;восторженный
entire;Adjective;B2;все
entirely;Adverb;B2;полностью
entrance;Noun;B1;Вход
entry;Noun;B1;запись
environment;Noun;A2;Окружающая среда
environmental;Adjective;B1;экологическая
episode;Noun;B1;эпизод
equal;Adjective, Verb Noun;B1, B2;равный
equally;Adverb;B1;в равной степени
equipment;Noun;A2;оборудование
error;Noun;A2;ошибка
escape;Verb Noun;B1;побег
especially;Adverb;A2;особенно
essay;Noun;A2;сочинение
essential;Adjective;B1;существенный
establish;Verb;B2;установить
estate;Noun;B2;имущество
estimate;Verb Noun;B2;оценить
ethical;Adjective;B2;этический
euro;Noun;A1;евро
evaluate;Verb;B2;оценивать
even;AdVerb Adjective;A1, B2;четный
evening;Noun;A1;вечер
event;Noun;A1;мероприятие
eventually;Adverb;B1;в конце концов
ever;Adverb;A1;Когда-либо
every;det;A1;каждый
everybody;proNoun;A1;все
everyday;Adjective;A2;каждый день
everyone;proNoun;A1;все
everything;proNoun;A1;все
everywhere;Adverb;A2;где угодно
evidence;Noun;A2;свидетельство
evil;Adjective, Noun;B2;злой
exact;Adjective;A2;точный
exactly;Adverb;A2;именно
exam;Noun;A1;экзамен
examination;Noun;B2;экспертиза
examine;Verb;B1;исследовать
example;Noun;A1;пример
excellent;Adjective;A2;превосходно
except;prep, conj;A2, B1;Кроме
exchange;Noun Verb;B1;обмен
excited;Adjective;A1;в восторге
excitement;Noun;B1;волнение
exciting;Adjective;A1;захватывающе
excuse;Noun Verb;B2;оправдание
executive;Noun Adjective;B2;должностное лицо
exercise;Noun Verb;A1;упражнение
exhibition;Noun;B1;выставка
exist;Verb;A2;существует
existence;Noun;B2;существование
expand;Verb;B1;расширять
expect;Verb;A2;ожидать
expectation;Noun;B2;ожидание
expected;Adjective;B1;ожидаемый
expedition;Noun;B1;экспедиция
expense;Noun;B2;расходы
expensive;Adjective;A1;дорого
experience;Noun Verb;A2, B1;опыт
experienced;Adjective;B1;опытный
experiment;Noun Verb;A2, B1;эксперимент
expert;Noun Adjective;A2;эксперт
explain;Verb;A1;объяснять
explanation;Noun;A2;объяснение
explode;Verb;B1;взрываться
exploration;Noun;B2;исследование
explore;Verb;B1;проводить исследования
explosion;Noun;B1;взрыв
export;Noun Verb;B1;экспорт
expose;Verb;B2;разоблачать
express;Verb;A2;экспресс
expression;Noun;A2;выражение
extend;Verb;B2;простираться
extent;Noun;B2;степень
external;Adjective;B2;внешний
extra;Adjective, Noun Adverb;A1, B1;дополнительный
extraordinary;Adjective;B2;необычайный
extreme;Adjective, Noun;A2, B2;экстремальный
extremely;Adverb;A2;очень
eye;Noun;A1;глаз
face;Noun Verb;A1, B1;лицо
facility;Noun;B2;объект
fact;Noun;A1;факт
factor;Noun;A2;фактор
factory;Noun;A2;завод
fail;Verb;A2;потерпеть поражение
failure;Noun;B2;отказ
fair;Adjective;A2;Справедливая
fairly;Adverb;B1;довольно
faith;Noun;B2;вера
fall;Verb Noun;A1, A2;падение
FALSE;Adjective;A1;ЛОЖНЫЙ
familiar;Adjective;B1;знакомый
family;Noun Adjective;A1;семья
famous;Adjective;A1;известный
fan;Noun;A2;поклонник
fancy;Verb Adjective;B1;маскарадный
fantastic;Adjective;A1;фантастика
far;Adverb , Adjective;A1, B1;далеко
farm;Noun Verb;A1, A2;ферма
farmer;Noun;A1;фермер
farming;Noun;A2;сельское хозяйство
fascinating;Adjective;B1;очаровательный
fashion;Noun;A2;мода
fashionable;Adjective;B1;модный
fast;Adjective, Adverb;A1;быстро
fasten;Verb;B1;скрепить
fat;Adjective, Noun;A1, A2;жир
father;Noun;A1;отец
fault;Noun;B2;придираться
favour;Noun Verb;B1, B2;одолжение
favourite;Adjective, Noun;A1;любимый
fear;Noun Verb;A2, B1;страх
feather;Noun;B2;перо
feature;Noun Verb;A2, B1;характерная черта
February;Noun;A1;февраль
fee;Noun;B2;плата
feed;Verb Noun;A2, B2;подача
feedback;Noun;B2;Обратная связь
feel;Verb Noun;A1, B2;Чувствовать
feeling;Noun;A1;чувство
fellow;Adjective;B2;человек
female;Adjective, Noun;A2;женщина
fence;Noun;B1;забор
festival;Noun;A1;фестиваль
few;det./Adjective, proNoun;A1;несколько
fiction;Noun;A2;художественная литература
field;Noun;A2;поле
fifteen;number;A1;15
fifth;number;A1;пятый
fifty;number;A1;50
fight;Verb Noun;A2;борьба
fighting;Noun;B1;борьба
figure;Noun Verb;A2, B2;фигура
file;Noun Verb;B1, B2;файл
fill;Verb;A1;заливка
film;Noun Verb;A1, A2;фильм
final;Adjective, Noun;A1, A2;окончательный
finally;Adverb;A2;Ну наконец то
finance;Noun Verb;B2;финансы
financial;Adjective;B1;финансовый
find;Verb;A1;найти
finding;Noun;B2;обнаружение
fine;Adjective;A1;отлично
finger;Noun;A2;Палец
finish;Verb Noun;A1, A2;финиш
fire;Noun Verb;A1, B1;Пожар
firm;Noun;B2;фирма
first;det./number.AdVerb Noun;A1, A2;первый
firstly;Adverb;A2;во-первых
fish;Noun Verb;A1, A2;рыбы
fishing;Noun;A2;рыбная ловля
fit;Verb Adjective;A2;поместиться
fitness;Noun;B1;фитнес
five;number;A1;пять
fix;Verb Noun;A2, B2;исправление
fixed;Adjective;B1;фиксированный
flag;Noun;B1;флаг
flame;Noun;B2;пламя
flash;Noun Verb;B2;вспышка
flat;Noun Adjective;A1, A2;квартира
flexible;Adjective;B2;гибкий
flight;Noun;A1;рейс
float;Verb;B2;поплавок
flood;Noun Verb;B1;наводнение
floor;Noun;A1;пол
flour;Noun;B1;порошок
flow;Verb Noun;B1;течь
flower;Noun;A1;цветок
flu;Noun;A2;грипп
fly;Verb Noun;A1, A2;летать
flying;Noun Adjective;A2;летающий
focus;Verb Noun;A2;фокус
fold;Verb Noun;B1, B2;складка
folding;Adjective;B2;складной
folk;Noun Adjective;B1;люди
follow;Verb;A1;следовать
following;Adjective, Noun prep;A2, B1, B2;следующий
food;Noun;A1;питание
foot;Noun;A1;нога
football;Noun;A1;футбол
for;prep.;A1;для
force;NounVerb;B1;сила
foreign;Adjective;A2;иностранные
forest;Noun;A2;лес
forever;Adverb;B1;навсегда
forget;Verb;A1;забывать
forgive;Verb;B2;прощать
fork;Noun;A2;вилка
form;NounVerb;A1;форма
formal;Adjective;A2;формальный
former;Adjective;B2;бывший
fortunately;Adverb;A2;к счастью
fortune;Noun;B2;состояние
forty;number;A1;сорок
forward;AdVerb Adjective;A2, B2;вперед
found;Verb;B2;нашел
four;number;A1;четыре
fourteen;number;A1;14
fourth;number;A1;четвертый
frame;NounVerb;B1;Рамка
free;Adjective, AdVerb Verb;A1,A2,B2;свободно
freedom;Noun;B2;свобода
freeze;Verb;B1;замерзать
frequency;Noun;B2;частота
frequently;Adverb;B1;часто
fresh;Adjective;A2;свежий
Friday;Noun;A1;пятница
fridge;Noun;A2;холодильник
friend;Noun;A1;друг
friendly;Adjective;A1;дружелюбный
friendship;Noun;B1;дружба
frighten;Verb;B1;стращать
frightened;Adjective;B1;испугавшись
frightening;Adjective;B1;пугающий
frog;Noun;A2;лягушка
from;prep;A1;из
front;Noun Adjective;A1;фронт
frozen;Adjective;B1;замороженный
fruit;Noun;A1;фрукты
fry;Verb;B1;жарить
fuel;Noun Verb;B1, B2;топливо
full;Adjective;A1;полный
fully;Adverb;B2;в полной мере
fun;Noun Adjective;A1, A2;весело
function;Noun Verb;B1, B2;функция
fund;Noun Verb;B2;фонд
fundamental;Adjective;B2;фундаментальный
funding;Noun;B2;финансирование
funny;Adjective;A1;веселая
fur;Noun;B1;мех
furniture;Noun;A2;мебель
further;Adjective, Adverb;A2, B1;дальше
furthermore;Adverb;B2;более того
future;Noun Adjective;A1, A2;будущее
gain;Verb Noun;B2;усиление
gallery;Noun;A2;галерея
game;Noun;A1;игра
gang;Noun;B2;банда
gap;Noun;A2;разрыв
garage;Noun;B1;гараж
garden;Noun;A1;сад
gas;Noun;A2;газ
gate;Noun;A2;Ворота
gather;Verb;B1;собирать
general;Adjective;A2;Общее
generally;Adverb;B1;в общем-то
generate;Verb;B2;генерировать
generation;Noun;B1;поколение
generous;Adjective;B1;великодушный
genre;Noun;B2;жанр
gentle;Adjective;B1;нежный
gentleman;Noun;B1;джентльмен
geography;Noun;A1;география
get;Verb;A1;получить
ghost;Noun;B1;призрак
giant;Adjective, Noun;B1;гигант
gift;Noun;A2;подарок
girl;Noun;A1;девушка
girlfriend;Noun;A1;Подруга
give;Verb;A1;дайте
glad;Adjective;B1;довольный
glass;Noun;A1;стекло
global;Adjective;B1;Глобальный
glove;Noun;B1;перчатка
go;Verb Noun;A1, B1;идти
goal;Noun;A2;Цель
God;Noun;A2;Бог
gold;Noun Adjective;A2;золото
golf;Noun;A2;гольф
good;Adjective, Noun;A1, A2;хорошо
goodbye;exclam. Noun;A1;Прощай
goods;Noun;B1;товар
govern;Verb;B2;править
government;Noun;A2;правительство
grab;Verb;B2;грейфер
grade;Noun Verb;B1, B2;класс
gradually;Adverb;B2;постепенно
graduate;Noun Verb;B1;выпускной
grain;Noun;B1;зерно
grand;Adjective;B2;большой
grandfather;Noun;A1;дедушка
grandmother;Noun;A1;бабушка
grandparent;Noun;A1;бабушка или дедушка
grant;Verb Noun;B2;грант
grass;Noun;A2;трава
grateful;Adjective;B1;благодарный
great;Adjective;A1;здорово
green;Adjective, Noun;A1;зеленый
greet;Verb;A2;Приветствуйте
grey;Adjective, Noun;A1;серый
ground;Noun;A2;земля
group;Noun;A1;группа
grow;Verb;A1;расти
growth;Noun;B1;рост
guarantee;Verb Noun;B2;гарантия
guard;Noun Verb;B1;охрана
guess;Verb Noun;A1;угадать
guest;Noun;A2;гость
guide;Noun Verb;A2;руководство
guilty;Adjective;B1;виновный
guitar;Noun;A1;гитара
gun;Noun;A2;пистолет
guy;Noun;A2;парень
gym;Noun;A1;Гимнастический зал
habit;Noun;A2;привычка
hair;Noun;A1;волосы
half;Noundet.proNoun, Adverb;A1, A2;половина
hall;Noun;A2;зал
hand;Noun Verb;A1, B1;рука
handle;Verb Noun;B2;ручка
hang;Verb;B1;вешать
happen;Verb;A1;случаться
happily;Adverb;A2;счастливо
happiness;Noun;B1;счастье
happy;Adjective;A1;счастливый
hard;Adjective, Adverb;A1;жесткий
hardly;Adverb;B1;едва
harm;Noun Verb;B2;вред
harmful;Adjective;B2;вредный
hat;Noun;A1;шляпа
hate;Verb Noun;A1, B1;ненавидеть
have;Verb auxiliary Verb;A1, A2;иметь
have to modal;Verb;A1;Придется модальный
he;proNoun;A1;он
head;Noun Verb;A1, B1;глава
headache;Noun;A2;Головная боль
headline;Noun;B1;Заголовок
health;Noun;A1;здоровье
healthy;Adjective;A1;здоровый
hear;Verb;A1;заслушивать
hearing;Noun;B2;слушание
heart;Noun;A2;сердце
heat;Noun Verb;A2;высокая температура
heating;Noun;B1;обогрев
heaven;Noun;B2;небо
heavily;Adverb;B1;сильно
heavy;Adjective;A2;тяжелый
heel;Noun;B2;пятка
height;Noun;A2;рост
helicopter;Noun;B1;вертолет
hell;Noun;B2;ад
hello;exclam./Noun;A1;Привет
help;Verb Noun;A1;Помогите
helpful;Adjective;A2;полезный
her;proNoundet;A1;ей
here;Adverb;A1;Вот
hero;Noun;A2;герой
hers;proNoun;A2;ее
herself;proNoun;A2;сама
hesitate;Verb;B2;стесняться
hey;exclam;A1;Привет
hi;exclam;A1;Здравствуй
hide;Verb;A2;скрывать
high;Adjective, AdVerb Noun;A1, A2, B2;высокая
highlight;Verb Noun;B1;основной момент
highly;Adverb;B1;очень
hill;Noun;A2;холм
him;proNoun;A1;ему
himself;proNoun;A2;сам
hire;Verb Noun;B1, B2;прокат
his;det. proNoun;A1, A2;его
historic;Adjective;B1;исторический
historical;Adjective;B1;исторический
history;Noun;A1;история
hit;Verb Noun;A2;ударить
hobby;Noun;A1;хобби
hockey;Noun;A2;хоккей
hold;Verb Noun;A2, B2;держать
hole;Noun;A2;отверстие
holiday;Noun;A1;день отдыха
hollow;Adjective;B2;полый
holy;Adjective;B2;святой
home;Noun AdVerb Adjective;A1, A2;домой
homework;Noun;A1;домашнее задание
honest;Adjective;B1;честный
honour;Noun Verb;B2;честь
hope;Verb Noun;A1, A2;надежда
horrible;Adjective;B1;какой ужас
horror;Noun;B1;ужастик
horse;Noun;A1;лошадь
hospital;Noun;A1;больница
host;Noun Verb;B1, B2;хозяин
hot;Adjective;A1;горячий
hotel;Noun;A1;Гостиница
hour;Noun;A1;час
house;Noun Verb;A1, B2;дом
household;Noun;B2;домашнее хозяйство
housing;Noun;B2;Корпус
how;Adverb;A1;как
however;Adverb;A1;тем не мение
huge;Adjective;A2;огромный
human;Adjective, Noun;A2;человек
humorous;Adjective;B2;юмористический
humour;Noun;B2;юмор
hundred;number;A1;сто
hungry;Adjective;A1;голодный
hunt;Verb Noun;B1, B2;охота
hunting;Noun;B2;охота
hurricane;Noun;B1;ураган
hurry;Noun Verb;B1;торопиться
hurt;Verb Adjective Noun;A2, B2;причинить боль
husband;Noun;A1;муж
I;proNoun;A1;я
ice;Noun;A1;лед
ice cream;Noun;A1;мороженое
idea;Noun;A1;идея
ideal;Adjective , Noun;A2, B2;идеальный
identify;Verb;A2;идентифицировать
identity;Noun;B1;идентичность
if;conj.;A1;если
ignore;Verb;B1;игнорировать
ill;Adjective;A2;больной
illegal;Adjective;B1;нелегальный
illness;Noun;A2;болезнь
illustrate;Verb;B2;иллюстрировать
illustration;Noun;B2;иллюстрация
image;Noun;A2;образ
imaginary;Adjective;B1;мнимый
imagination;Noun;B2;воображение
imagine;Verb;A1;представить
immediate;Adjective;B1;немедленный
immediately;Adverb;A2;немедленно
immigrant;Noun;B1;иммигрант
impact;Noun Verb;B1;влияние
impatient;Adjective;B2;нетерпеливый
imply;Verb;B2;подразумевать
import;Noun Verb;B1;Импортировать
importance;Noun;B1;важность
important;Adjective;A1;важный
impose;Verb;B2;облагать
impossible;Adjective;A2;невозможно
impress;Verb;B2;оттиска
impressed;Adjective;B2;впечатленный
impression;Noun;B1;впечатление
impressive;Adjective;B1;впечатляющий
improve;Verb;A1;улучшать
improvement;Noun;B1;улучшение
in;prep., Adverb;A1;в
inch;Noun;B2;дюймовый
incident;Noun;B2;инцидент
include;Verb;A1;включают
included;Adjective;A2;включены
including;prep.;A2;включая
income;Noun;B2;доход
increase;Verb Noun;A2;увеличение
increasingly;Adverb;B2;все больше и больше
incredible;Adjective;A2;неимоверный
incredibly;Adverb;B1;невероятно
indeed;Adverb;B1;на самом деле
independent;Adjective;A2;независимый
indicate;Verb;B1;указывать
indirect;Adjective;B1;косвенный
individual;Noun, adj;A2;физическое лицо
indoor;Adjective;B1;в помещении
indoors;Adverb;B1;в помещении
industrial;Adjective;B2;промышленные
industry;Noun;A2;промышленность
infection;Noun;B2;инфекция
influence;NounVerb;B1;влияние
inform;Verb;B2;поставить в известность
informal;Adjective;A2;неофициальный
information;Noun;A1;Информация
ingredient;Noun;B1;ингредиент
initial;Adjective;B2;начальная
initially;Adverb;B2;первоначально
initiative;Noun;B2;инициатива
injure;Verb;B1;ранить
injured;Adjective;B1;пострадавший
injury;Noun;A2;травма, повреждение
inner;Adjective;B2;внутренний
innocent;Adjective;B1;невинный
insect;Noun;A2;насекомое
inside;prep.Adverb Noun Adjective;A2;внутри
insight;Noun;B2;в поле зрения
insist;Verb;B2;настоять
inspire;Verb;B2;Inspire
install;Verb;B2;устанавливать
instance;Noun;B2;пример
instead;Adverb;A2;вместо
institute;Noun;B2;институт
institution;Noun;B2;учреждение
instruction;Noun;A2;инструкция
instructor;Noun;A2;инструктор
instrument;Noun;A2;инструмент
insurance;Noun;B2;страхование
intelligence;Noun;B1;интеллект
intelligent;Adjective;A2;умный
intend;Verb;B1;намереваться
intended;Adjective;B2;предназначена
intense;Adjective;B2;интенсивный
intention;Noun;B1;намерение
interest;Noun Verb;A1;интерес
interested;Adjective;A1;заинтересованный
interesting;Adjective;A1;интересный
internal;Adjective;B2;внутренний
international;Adjective;A2;Международный
internet;Noun;A1;интернет
interpret;Verb;B2;интерпретировать
interrupt;Verb;B2;прерывание
interview;Noun Verb;A1;опрос
into;prep.;A1;в
introduce;Verb;A1;вводить
introduction;Noun;A2;введение
invent;Verb;A2;выдумывать
invention;Noun;A2;изобретение
invest;Verb;B1;инвестировать
investigate;Verb;B1;исследовать
investigation;Noun;B2;расследование
investment;Noun;B2;инвестиции
invitation;Noun;A2;приглашение
invite;Verb;A2;приглашать
involve;Verb;A2;включать
involved;Adjective;B1;участвует
iron;Noun Verb;B1;железо
island;Noun;A1;остров
issue;Noun, Verb;B1, B2;вопрос
IT;Noun;B1;ЭТО
it;proNoun;A1;Это
item;Noun;A2;пункт
its;det.;A1;его
itself;proNoun;A2;сам
jacket;Noun;A1;куртка
jam;Noun;A2;варенье
January;Noun;A1;январь
jazz;Noun;A2;джаз
jeans;Noun;A1;джинсы
jewellery;Noun;A2;ювелирные изделия
job;Noun;A1;работа
join;Verb;A1;присоединиться
joke;Noun Verb;A2;шутка
journal;Noun;B1;журнал
journalist;Noun;A2;журналистка
journey;Noun;A1;поездка
joy;Noun;B2;радость
judge;Noun Verb;B1;судья
judgement;Noun;B2;суждение
juice;Noun;A1;сок
July;Noun;A1;июль
jump;Verb Noun;A2;Прыгать
June;Noun;A1;июнь
junior;Adjective;B2;младший
just;Adverb;A1;просто
justice;Noun;B2;справедливость
justify;Verb;B2;обосновывать
keen;Adjective;B1;острому
keep;Verb;A1;держать
key;Noun, Adjective Verb;A1, B1;ключ
keyboard;Noun;B1;клавиатура
kick;Verb Noun;B1;удар
kid;Noun;A2;дитя
kill;Verb;A2;убийство
killing;Noun;B1;убийство
kilometre;Noun;A1;километр
kind(type);Noun;A1;вид (тип)
kind(caring);Adjective;B1;вид (забота)
king;Noun;A2;король
kiss;Verb Noun;B1;поцелуй
kitchen;Noun;A1;кухня
knee;Noun;A2;колено
knife;Noun;A2;нож
knock;Verb , Noun;A2, B1;постучать
know;Verb;A1;знать
knowledge;Noun;A2;знание
lab;Noun;A2;лаборатория
label;Noun Verb;B1;метка
laboratory;Noun;B1;лаборатория
labour;Noun;B2;труд, работа
lack;Noun Verb;B1;отсутствие
lady;Noun;A2;леди
lake;Noun;A2;озеро
lamp;Noun;A2;лампа
land;Noun, Verb;A1, A2;земля
landscape;Noun;B2;пейзаж
language;Noun;A1;язык
laptop;Noun;A2;портативный компьютер
large;Adjective;A1;большой
largely;Adverb;B2;во многом
last1 (final);det., Adverb n;A1, A2;last1 (конечный)
last1 (taking time);Verb;A2;last1 (принимая время)
late;Adjective Adverb;A1;поздно
later;Adverb , Adjective;A1, A2;потом
latest;Adjective , Noun;B1, B2;последний
laugh;Verb Noun;A1;смех
laughter;Noun;A2;смех
launch;Verb Noun;B2;запуск
law;Noun;A2;закон
lawyer;Noun;A2;адвокат
lay;Verb;B1;планировка
layer;Noun;B1;слой
lazy;Adjective;A2;ленивый
lead;Verb , Noun;A2, B1;вести
leader;Noun;A2;лидер
leadership;Noun;B2;руководство
leading;Adjective;B1;ведущий
leaf;Noun;B1;лист
league;Noun;B2;лига
lean;Verb;B2;опираться
learn;Verb;A1;учиться
learning;Noun;A2;обучение
least;det./proNoun Adverb;A2;наименее
leather;Noun;B1;натуральная кожа
leave;Verb , Noun;A1, B2;покинуть
lecture;Noun Verb;A2;лекция
left;Adjective Adverb Verb;A1;осталось
leg;Noun;A1;ножка
legal;Adjective;B1;правовой
leisure;Noun;B1;досуг
lemon;Noun;A2;лимон
lend;Verb;A2;давать в долг
length;Noun;B1;длина
less;det./pro Noun Adverb;A2;Меньше
lesson;Noun;A1;урок
let;Verb;A1;позволять
letter;Noun;A1;письмо
level;Noun, Adjective , Verb;A2, B1, B2;уровень
library;Noun;A1;библиотека
licence;Noun;B2;лицензия
lie;Verb;A1;ложь
lie;Verb Noun;B2;ложь
life;Noun;A1;жизнь
lifestyle;Noun;A2;образ жизни
lift;Verb;Noun;лифт
light (from the sun/a lamp);Noun Adverb , Verb;A1, A2;свет (от солнца / лампы)
light (not heavy);Adjective;A2;свет (не тяжелый)
like (similar);prep.;A1;как (аналогичный)
like (find sb/sth pleasant);Verb , n;A1, B1;как (найти С.Б. / STH приятный)
Noun;B1; ;Существительное
likely;Adjective;A2;скорее всего
limit;Noun Verb;B1;предел
limited;Adjective;B2;ограниченное
line;Noun, Verb;A1, B2;линия
link;Noun Verb;A2;ссылка на сайт
lion;Noun;A1;лев
lip;Noun;B1;губа
liquid;Noun Adjective;B1;жидкость
list;Noun Verb;A1;список
listen;Verb;A1;Слушать
listener;Noun;A2;слушатель
literature;Noun;B1;литература
little;Adjective det./proNoun, Adverb;A1, A2;маленький
live1;Verb;A1;live1
live2;Adjective Adverb;B1;live2
lively;Adjective;B2;оживленный
living;Adjective Noun;B1;живой
load;Noun Verb;B2;нагрузка
loan;Noun;B2;ссуда
local;Adjective , Noun;A1, B1;местный
locate;Verb;B1;разместить
located;Adjective;B1;расположен
location;Noun;B1;расположение
lock;Verb Noun;A2;замок
logical;Adjective;B2;логический
lonely;Adjective;B1;Одинокий
long;Adjective Adverb;A1;длинный
long-term;Adjective Adverb;B2;долгосрочный
look;Verb , Noun;A1, A2;смотрю
loose;Adjective;B2;потерять
lord;Noun;B2;господин
lorry;Noun;A2;грузовой автомобиль
lose;Verb;A1;потерять
loss;Noun;B1;потеря
lost;Adjective;A2;потерянный
lot;proNoun det. Adverb;A1;много
loud;Adjective Adverb;A2;громкий
loudly;Adverb;A2;громко
love;Noun Verb;A1;люблю
lovely;Adjective;A2;прекрасный
low;Adjective Adverb , n;A2, B2;низкий
lower;Verb;B2;ниже
luck;Noun;A2;везение
lucky;Adjective;A2;счастливый
lunch;Noun;A1;обед
lung;Noun;B2;легкое
luxury;Noun;B1;роскошь
machine;Noun;A1;машина
mad;Adjective;B1;Сумасшедший
magazine;Noun;A1;журнал
magic;Noun Adjective;B1;магия
mail;Noun Verb;A2;почта
main;Adjective;A1;основной
mainly;Adverb;B1;в основном
maintain;Verb;B2;поддерживать
major;Adjective;A2;крупный
majority;Noun;B2;большинство
make;Verb , Noun;A1, B2;делать
male;Adjective Noun;A2;мужчина
mall;Noun;B1;торговый центр
man;Noun;A1;человек
manage;Verb;A2;управлять
management;Noun;B1;управление
manager;Noun;A2;управляющий делами
manner;Noun;A2;манера
many;det./proNoun;A1;много
map;Noun, Verb;A1, B2;карта
March;Noun;A1;марш
mark;Verb Noun;A2;отметка
market;Noun, Verb;A1, B1;рынок
marketing;Noun;B1;маркетинг
marriage;Noun;B1;брак
married;Adjective;A1;в браке
marry;Verb;A2;выйти замуж
mass;Noun Adjective;B2;масса
massive;Adjective;B2;массивный
master;Noun Verb;B2;мастер
match (contest/correspond);Noun Verb;A1;матч (конкурс / соответствует)
matching;Adjective;B2;согласование
material;Noun, Adjective;A2, B2;материал
mathematics;Noun;A2;математика
maths;Noun;A2;математика
matter;Noun Verb;A2;иметь значение
maximum;Adjective Noun;B2;максимальная
May;Noun;A1;май
may modal;Verb;A2;может модальный
maybe;Adverb;A1;может быть
me;proNoun;A1;меня
meal;Noun;A1;еда
mean;Verb;A1;значит
meaning;Noun;A1;смысл
means;Noun;B2;средства
meanwhile;Adverb;B1;между тем
measure;Verb Noun;B1;мера
measurement;Noun;B2;измерение
meat;Noun;A1;мясо
media;Noun;A2;СМИ
medical;Adjective;A2;медицинская
medicine;Noun;A2;лекарство
medium;Adjective , Noun;B1, B2;средний
meet;Verb;A1;встреча
meeting;Noun;A1;встреча
melt;Verb;B2;плавиться
member;Noun;A1;член
memory;Noun;A2;объем памяти
mental;Adjective;B1;умственный
mention;Verb , Noun;A2, B1;упоминание
menu;Noun;A1;меню
mess;Noun Verb;B1;беспорядок
message;Noun;A1;сообщение
metal;Noun;A2;металл
method;Noun;A2;метод
metre;Noun;A1;метр
middle;Noun Adjective;A2;средний
midnight;Noun;A1;полночь
might modal;Verb;A2;может модальный
mild;Adjective;B1;незначительный
mile;Noun;A1;мили
military;Adjective Noun;B2;военные
milk;Noun;A1;молоко
million number; ;A1;миллионов номер
mind;Noun Verb;A2;разум
mine (belongs to me);proNoun;A2;мина (принадлежит мне)
mine (hole in the ground);Noun;B1;шахты (отверстие в земле)
mineral;Noun;B2;минеральная
minimum;Adjective Noun;B2;минимальный
minister;Noun;B2;министр
minor;Adjective;B2;незначительный
minority;Noun;B2;меньшинство
minute;Noun;A1;минут
mirror;Noun;A2;зеркало
miss;Verb;A1;Мисс
missing;Adjective;A2;отсутствует
mission;Noun;B2;миссия
mistake;Noun, Verb;A1, B2;ошибка
mix;Verb Noun;B1;смешивание
mixed;Adjective;B2;смешанный
mixture;Noun;B1;смесь
mobile;Adjective Noun;A2;мобильный
model;Noun, Verb;A1, B2;модель
modern;Adjective;A1;современный
modify;Verb;B2;Modify
moment;Noun;A1;момент
Monday;Noun;A1;понедельник
money;Noun;A1;Деньги
monitor;Noun Verb;B2;монитор
monkey;Noun;A2;обезьяна
month;Noun;A1;месяц
mood;Noun;B1;настроение
moon;Noun;A2;Луна
moral;Adjective Noun;B2;моральный
more;det./proNoun Adverb;A1;Больше
morning;Noun;A1;утро
most;det./proNoun Adverb;A1;большинство
mostly;Adverb;A2;в основном
mother;Noun;A1;мама
motor;Noun Adjective;B2;двигатель
motorcycle;Noun;A2;мотоцикл
mount;Verb;B2;крепление
mountain;Noun;A1;гора
mouse;Noun;A1;мышь
mouth;Noun;A1;рот
move;Verb , Noun;A1, B1;шаг
movement;Noun;A2;движение
movie;Noun;A1;фильм
much;det./proNoun Adverb;A1;много
mud;Noun;B1;грязи
multiple;Adjective;B2;множественный
multiply;Verb;B2;умножить
mum;Noun;A1;мама
murder;NounVerb;B1;убийство
muscle;Noun;B1;мускул
museum;Noun;A1;музей
music;Noun;A1;Музыка
musical;Adjective , Noun;A2, B1;музыкальный
musician;Noun;A2;музыкант
must modal;Verb;A1;должны модальный
my;det.;A1;мой
myself;proNoun;A2;себя
mysterious;Adjective;B2;загадочный
mystery;Noun;B1;тайна
nail;Noun;B1;гвоздь
name;Noun Verb;A1;название
narrative;Noun Adjective;B1;повествовательный
narrow;Adjective , Verb;A2, B2;сужать
nation;Noun;B1;нация
national;Adjective , Noun;A2, B2;национальный
native;Adjective Noun;B1;родной
natural;Adjective;A1;натуральный
naturally;Adverb;B1;естественно
nature;Noun;A2;природа
near;prep. Adjective Adverb;A1;возле
nearly;Adverb;A2;около
neat;Adjective;B2;аккуратный
necessarily;Adverb;B1;обязательно
necessary;Adjective;A2;нужно
neck;Noun;A2;шея
need;Verb , Noun, modal Verb;A1, A2, B1;необходимость
needle;Noun;B1;игла
negative;Adjective , Noun;A1, B2;отрицательный
neighbour;Noun;A1;сосед
neighbourhood;Noun;B1;окрестности
neither;det./proNoun, Adverb;A2, B1;ни
nerve;Noun;B2;нерв
nervous;Adjective;A2;нервное
net;Noun;B1;сеть
network;Noun;A2;сеть
never;Adverb;A1;никогда
nevertheless;Adverb;B2;тем не менее
new;Adjective;A1;новый
news;Noun;A1;Новости
newspaper;Noun;A1;газета
next;Adjective Adverb , Noun;A1, B1;следующий
next to;prep.;A1;следующий на
nice;Adjective;A1;отлично
night;Noun;A1;ночь
nightmare;Noun;B2;страшный сон
nine;number;A1;девять
nineteen;number;A1;19
ninety;number;A1;девяносто
no;exclam. det.;A1;нет
no one;proNoun;A1;ни один. Никто
nobody;proNoun;A1;никто
noise;Noun;A2;шум
noisy;Adjective;A2;шумный
none;pro Noun;A2;никто
nor;conj./Adverb;B1;ни
normal;Adjective , Noun;A2, B1;нормальный
normally;Adverb;A2;как обычно
north;Noun Adjective Adverb;A1;к северу
northern;Adjective;B1;северный
nose;Noun;A1;нос
not;Adverb;A1;не
note;Noun Verb;A1, B1;нота
nothing;proNoun;A1;ничего
notice;Verb Noun;A2;уведомление
notion;Noun;B2;понятие
novel;Noun;A2;роман
November;Noun;A1;ноябрь
now;Adverb , conj.;A1, B1;сейчас
nowhere;Adverb;A2;нигде
nuclear;Adjective;B1;ядерной
number;Noun, Verb;A1, A2;число
numerous;Adjective;B2;многочисленные
nurse;Noun;A1;медсестра
nut;Noun;A2;орех
obey;Verb;B2;подчиниться
object;Noun Verb;A1, B2;объект
objective;Noun Adjective;B2;задача
obligation;Noun;B2;обязательство
observation;Noun;B2;наблюдение
observe;Verb;B2;наблюдать
obtain;Verb;B2;получать
obvious;Adjective;B1;очевидный
obviously;Adverb;B1;очевидно
occasion;Noun;B1;случай
occasionally;Adverb;B2;время от времени
occur;Verb;B1;происходить
ocean;Noun;A2;океан
o’clock;Adverb;A1;час
October;Noun;A1;октября
odd;Adjective;B1;странный
of;prep.;A1;из
off;Adverb prep.;A1;от
offence;Noun;B2;преступление
offend;Verb;B2;обижать
offensive;Adjective;B2;наступление
offer;Verb Noun;A2;предложение
office;Noun;A1;офис
officer;Noun;A2;сотрудник
official;Adjective , Noun;B1, B2;официальный
often;Adverb;A1;довольно часто
oh;exclam.;A1;ой
oil;Noun;A2;масло
OK;exclam. Adjective /Adverb;A1;хорошо
old;Adjective;A1;старый
old-fashioned;Adjective;B1;старомодный
on;prep. Adverb;A1;на
once;Adverb , conj.;A1, B1;один раз
one;number-det. proNoun;A1;один
onion;Noun;A1;лук
online;Adjective Adverb;A1;онлайн
only;Adjective Adverb;A1;только
onto;prep.;A2;на
open;Adjective Verb;A1;открыто
opening;Noun;B2;открытие
operate;Verb;B2;работать
operation;Noun;B1;операция
opinion;Noun;A1;мнение
opponent;Noun;B2;противник
opportunity;Noun;A2;возможность
oppose;Verb;B2;оппонировать
opposed;Adjective;B2;противоположен
opposite;Adjective Adverb prep. Noun;A1;напротив
opposition;Noun;B2;оппозиция
option;Noun;A2;вариант
or;conj.;A1;или
orange;Noun Adjective;A1;оранжевый
order;Noun Verb;A1;порядок
ordinary;Adjective;A2;обычный
organ;Noun;B2;орган
organization;Noun;A2;организация
organize;Verb;A2;организовать
organized;Adjective;B1;организованная
organizer;Noun;B1;организатор
origin;Noun;B2;происхождения
original;Adjective , Noun;A2, B1;оригинал
originally;Adverb;B1;первоначально
other;Adjective /proNoun;A1;Другой
otherwise;Adverb;B2;в противном случае
ought;modal Verb;B1;должен
our;det.;A1;наш
ours;proNoun;B1;наш
ourselves;proNoun;A2;сами
out;Adverb /prep.;A1;вне
outcome;Noun;B2;исход
outdoor;Adjective;B1;на открытом воздухе
outdoors;Adverb;B1;на открытом воздухе
outer;Adjective;B2;внешний
outline;Noun Verb;B2;контур
outside;Adverb , prep. nouNoun Adjective;A1, A2;вне
oven;Noun;A2;духовой шкаф
over;prep. Adverb;A1;над
overall;Adjective Adverb;B2;в общем и целом
owe;Verb;B2;задолжать
own;Adjective /proNoun, Verb;A1, A2;своя
owner;Noun;A2;владелец
pace;Noun, Verb;B2;темп
pack;Verb , Noun;A2, B1;пакет
package;Noun, Verb;B1, B2;пакет
page;Noun;A1;страница
pain;Noun;A2;боль
painful;Adjective;B1;болезненный
paint;Verb Noun;A1;покрасить
painter;Noun;A2;художник
painting;Noun;A1;картина
pair;Noun;A1;пара
palace;Noun;A2;дворец
pale;Adjective;B1;бледные
pan;Noun;B1;кастрюля
panel;Noun;B2;панель
pants;Noun;A2;штаны
paper;Noun;A1;бумага
paragraph;Noun;A1;пункт
parent;Noun;A1;родитель
park;Noun Verb;A1;парк
parking;Noun;A2;стоянка
parliament;Noun;B2;парламент
part;Noun;A1;часть
participant;Noun;B2;участник
participate;Verb;B1;принимать участие
particular;Adjective;A2;частности
particularly;Adverb;B1;в частности
partly;Adverb;B2;частично
partner;Noun;A1;партнер
party;Noun;A1;партия
pass;Verb , Noun;A2, B1;проходить
passage;Noun;B2;прохождение
passenger;Noun;A2;пассажир
passion;Noun;B1;страсть
passport;Noun;A1;заграничный пасспорт
past;Adjective Noun prep., Adverb;A1, A2;прошлое
path;Noun;B1;дорожка
patient;Noun, Adjective;A2, B2;терпеливый
pattern;Noun;A2;шаблон
pay;Verb , Noun;A1, A2;платить
payment;Noun;B1;оплата
peace;Noun;A2;мир
peaceful;Adjective;B1;мирное
pen;Noun;A1;ручка
pencil;Noun;A1;карандаш
penny;Noun;A2;пенни
pension;Noun;B2;пенсия
people;Noun;A1;люди
pepper;Noun;A1;перец
per;prep.;A2;в
per cent;Noun Adjective /Adverb;A2;процентов
percentage;Noun;B1;процент
perfect;Adjective;A1;идеальный
perfectly;Adverb;B1;в совершенстве
perform;Verb;A2;выполнять
performance;Noun;B1;производительность
perhaps;Adverb;A2;возможно
period;Noun;A1;период
permanent;Adjective;B2;постоянный
permission;Noun;A2;разрешение
permit;Verb Noun;B2;разрешать
person;Noun;A1;человек
personal;Adjective;A1;личный
personality;Noun;A2;личность
personally;Adverb;B1;лично
perspective;Noun;B2;перспективы
persuade;Verb;B1;уговаривать
pet;Noun;A2;домашнее животное
petrol;Noun;A2;бензин
phase;Noun;B2;фаза
phenomenon;Noun;B2;явление
philosophy;Noun;B2;философия
phone;Noun Verb;A1;Телефон
photo;Noun;A1;Фото
photograph;Noun, Verb;A1, A2;фотография
photographer;Noun;B1;фотограф
photography;Noun;B1;фотография
phrase;Noun;A1;фраза
physical;Adjective;A2;физическое
physics;Noun;A2;физика
piano;Noun;A1;пианино
pick;Verb , Noun;A2, B2;выбирать
picture;Noun, Verb;A1, B2;картина
piece;Noun;A1;кусок
pig;Noun;A1;свинья
pile;Noun Verb;B2;свая
pilot;Noun;A2;пилот
pin;Noun Verb;B1;штырь
pink;Adjective Noun;A1;розовый
pipe;Noun;B1;труба
pitch;Noun;B2;подача
place;Noun Verb;A1, B1;место
plain;Adjective;B2;гладкий
plan;Noun Verb;A1;план
plane;Noun;A1;самолет
planet;Noun;A2;планета
planning;Noun;B1;планирование
plant;Noun Verb;A1, A2;растение
plastic;Noun Adjective;A2;пластик
plate;Noun;A2;пластина
platform;Noun;A2;Платформа
play;Verb Noun;A1;играть
player;Noun;A1;игрок
pleasant;Adjective;B1;приятный
please;exclam., Verb;A1, A2;пожалуйста
pleased;Adjective;A2;довольный
pleasure;Noun;B1;удовольствие
plenty;proNoun;B1;много
plot;Noun, Verb;B1, B2;участок
plus;prep., Adjective conj., Noun;B1, B2;плюс
pocket;Noun;A2;карман
poem;Noun;B1;стих
poet;Noun;B1;поэт
poetry;Noun;B1;поэзия
point;Noun, Verb;A1, B1;точка
pointed;Adjective;B2;указал
poison;Noun Verb;B1;яд
poisonous;Adjective;B1;ядовитый
police;Noun;A1;полиция
policeman;Noun;A1;полицейский
policy;Noun;B1;политика
polite;Adjective;A2;вежливый
political;Adjective;B1;политическая
politician;Noun;B1;политик
politics;Noun;B1;политика
pollution;Noun;A2;загрязнение
pool;Noun;A1;бассейн
poor;Adjective;A1;бедных
pop;Noun Adjective;A2;поп
popular;Adjective;A1;популярный
popularity;Noun;B2;популярность
population;Noun;A2;численность населения
port;Noun;B1;порт
portrait;Noun;B1;портрет
pose;Verb;B2;поза
position;Noun, Verb;A2, B2;позиция
positive;Adjective , Noun;A1, B2;положительный
possess;Verb;B2;обладать
possession;Noun;A2;владение
possibility;Noun;A2;возможность
possible;Adjective;A1;возможно
possibly;Adverb;B1;возможно
post;Noun Verb;A1;Почта
poster;Noun;A2;плакат
pot;Noun;B1;горшок
potato;Noun;A1;картошка
potential;Adjective Noun;B2;потенциал
pound;Noun;A1;фунт
pour;Verb;B1;наливать
poverty;Noun;B1;бедность
powder;Noun;B1;порошок
power;Noun, Verb;A2, B2;мощность
powerful;Adjective;B1;мощный
practical;Adjective;B1;практическое
practice;Noun;A1;практика
practise;Verb;A1;практика
praise;Noun Verb;B2;хвалить
pray;Verb;B1;молиться
prayer;Noun;B1;молитва
predict;Verb;A2;прогнозировать
prediction;Noun;B1;прогнозирование
prefer;Verb;A1;предпочитать
pregnant;Adjective;B2;беременная
preparation;Noun;B2;подготовка
prepare;Verb;A1;подготовить
prepared;Adjective;B1;подготовлены
presence;Noun;B2;присутствие
present;Adjective Noun, Verb;A1, A2;настоящее время
presentation;Noun;B1;презентация
preserve;Verb;B2;сохранять
president;Noun;A2;президент
press;Verb Noun;B1;Нажмите
pressure;Noun;B1;давление
pretend;Verb;B1;притворяться
pretty;Adjective Adverb;A1;хорошенький
prevent;Verb;A2;предотвращать
previous;Adjective;B1;предыдущий
previously;Adverb;B1;предварительно
price;Noun, Verb;A1, B2;цена
priest;Noun;B1;священник
primary;Adjective;B1;первичный
prime;Adjective;B2;простое число
prince;Noun;B1;принц
princess;Noun;B1;принцесса
principle;Noun;B2;принцип
print;Verb , Noun;A2, B2;Распечатать
printer;Noun;A2;принтер
printing;Noun;B1;печать
priority;Noun;B2;приоритет
prison;Noun;A2;тюрьма
prisoner;Noun;B1;заключенный
privacy;Noun;B2;Конфиденциальность
private;Adjective;B1;частный
prize;Noun;A2;приз
probably;Adverb;A1;наверное
problem;Noun;A1;проблема
procedure;Noun;B2;процедура
process;Noun, Verb;A2, B2;обработать
produce;Verb , Verb;A2, B2;производить
producer;Noun;B1;режиссер
product;Noun;A1;товар
production;Noun;B1;производство
profession;Noun;B1;профессия
professional;Adjective , Noun;A2, B2;профессиональный
professor;Noun;A2;профессор
profile;Noun;A2;профиль
profit;Noun;B1;прибыль
program;Noun, Verb;A2, B1;программа
programme;Noun;A1;программа
progress;Noun, Verb;A2, B2;прогресс
project;Noun, Verb;A1, B2;проект
promise;Verb Noun;A2;обещание
promote;Verb;B1;содействовать
pronounce;Verb;A2;произносят
proof;Noun;B2;доказательство
proper;Adjective;B1;правильный
properly;Adverb;B1;должным образом
property;Noun;B1;свойство
proposal;Noun;B2;предложение
propose;Verb;B2;предложить
prospect;Noun;B2;перспектива
protect;Verb;A2;защищать
protection;Noun;B2;защита
protest;Noun Verb;B1;акция протеста
proud;Adjective;B1;гордый
prove;Verb;B1;доказывать
provide;Verb;A2;предоставлять
psychologist;Noun;B2;психолог
psychology;Noun;B2;психология
pub;Noun;A2;паб
public;Adjective Noun;A2;общественности
publication;Noun;B2;публикация
publish;Verb;A2;публиковать
pull;Verb , Noun;A2, B1;вытащить
punish;Verb;B1;наказать
punishment;Noun;B1;наказание
pupil;Noun;B2;ученик
purchase;Noun Verb;B2;покупка
pure;Adjective;B2;чистый
purple;Adjective Noun;A1;пурпурный
purpose;Noun;A2;цель
pursue;Verb;B2;преследовать
push;Verb , Noun;A2, B1;От себя
put;Verb;A1;ставить
qualification;Noun;B1;квалификация
qualified;Adjective;B1;квалифицированный
qualify;Verb;B1;квалифицировать
quality;Noun;A2;качественный
quantity;Noun;A2;количество
quarter;Noun;A1;четверть
queen;Noun;A2;Королева
question;Noun, Verb;A1, A2;вопрос
queue;Noun Verb;B1;очередь
quick;Adjective;A1;быстрый
quickly;Adverb;A1;быстро
quiet;Adjective;A1;тихо
quietly;Adverb;A2;тихо
quit;Verb;B1;уволиться
quite;Adverb;A1;довольно
quotation;Noun;B1;цитата
quote;Verb Noun;B1;котировка
race (competition);NounVerb;A2;гонки (соревнования)
race (people);Noun;B1;расы (люди)
racing;Noun;B1;гоночный
radio;Noun;A1;радио
railway;Noun;A2;железная дорога
rain;Noun Verb;A1;дождь
raise;Verb;A2;повышение
range;Noun, Verb;B1, B2;ассортимент
rank;Noun Verb;B2;ранг
rapid;Adjective;B2;быстрый
rapidly;Adverb;B2;быстро
rare;Adjective;B1;редкий
rarely;Adverb;B1;редко
rate;Noun, Verb;A2, B2;ставка
rather;Adverb;A2;скорее
raw;Adjective;B2;сырье
reach;Verb , Noun;A2, B2;досягаемость
react;Verb;A2;реагировать
reaction;Noun;B1;реакция
read;Verb;A1;читать
reader;Noun;A1;читатель
reading;Noun;A1;чтение
ready;Adjective;A1;готов
real;Adjective;A1;реальный
realistic;Adjective;B2;реалистический
reality;Noun;B1;реальность
realize;Verb;A2;понимать
really;Adverb;A1;действительно
reason;Noun;A1;причина
reasonable;Adjective;B2;разумный
recall;Verb;B2;отзыв
receipt;Noun;B1;чек
receive;Verb;A2;получить
recent;Adjective;A2;недавний
recently;Adverb;A2;в последнее время
reception;Noun;A2;прием
recipe;Noun;A2;рецепт блюда
recognize;Verb;A2;признать
recommend;Verb;A2;рекомендовать
recommendation;Noun;B1;рекомендация
record;Noun Verb;A2;запись
recording;Noun;A2;запись
recover;Verb;B2;оправляться
recycle;Verb;A2;рециркулировать
red;Adjective Noun;A1;красный
reduce;Verb;A2;уменьшить
reduction;Noun;B2;сокращение
refer;Verb;A2;обращаться
reference;Noun;B1;ссылка
reflect;Verb;B1;отражать
refuse;Verb;A2;отказываться
regard;Verb Noun;B2;что касается
region;Noun;A2;область
regional;Adjective;B2;региональный
register;Verb Noun;B2;регистр
regret;Verb Noun;B2;сожалеем
regular;Adjective;A2;регулярный
regularly;Adverb;B1;регулярно
regulation;Noun;B2;регулирование
reject;Verb;B1;отклонять
relate;Verb;B1;относятся
related;Adjective;B1;Связанный
relation;Noun;B1;связь
relationship;Noun;A2;отношения
relative;Adjective Noun;B1;родственник
relatively;Adverb;B2;относительно
relax;Verb;A1;расслабиться
relaxed;Adjective;B1;ослаблены
relaxing;Adjective;B1;расслабляющий
release;Verb Noun;B1;релиз
relevant;Adjective;B2;Соответствующий
reliable;Adjective;B1;надежный
relief;Noun;B2;рельеф
religion;Noun;B1;религия
religious;Adjective;B1;религиозная
rely;Verb;B2;полагаться
remain;Verb;B1;оставаться
remark;Noun Verb;B2;замечание
remember;Verb;A1;Помните
remind;Verb;B1;напоминать
remote;Adjective;B1;удаленный
remove;Verb;A2;удалять
rent;Noun Verb;B1;арендная плата
repair;Verb , Noun;A2, B1;ремонт
repeat;Verb , Noun;A1, B1;повторение
repeated;Adjective;B1;повторный
replace;Verb;A2;замещать
reply;Verb Noun;A2;Ответить
report;Noun, Verb;A1, A2;доклад
reporter;Noun;A2;репортер
represent;Verb;B1;представлять
representative;Noun Adjective;B2;представитель
reputation;Noun;B2;репутации
request;Noun, Verb;A2, B1;запрос
require;Verb;B1;требовать
requirement;Noun;B2;требование
rescue;Verb Noun;B2;спасение
research;Noun Verb;A2;исследовательская работа
researcher;Noun;A2;Исследователь
reservation;Noun;B1;бронирование
reserve;Noun Verb;B2;резерв
resident;NounAdjective;B2;резидент
resist;Verb;B2;оказывать сопротивление
resolve;Verb;B2;разрешить
resort;Noun;B2;прибегать
resource;Noun;B1;ресурс
respect;Noun Verb;B1;уважать
respond;Verb;A2;отвечать
response;Noun;A2;ответ
responsibility;Noun;B1;обязанность
responsible;Adjective;B1;ответственность
rest (remaining part);Noun;A2;отдыха (оставшаяся часть)
rest (sleep/relax);Noun Verb;A2;Остальной (сон / отдых)
restaurant;Noun;A1;ресторан
result;Noun, Verb;A1, B1;результат
retain;Verb;B2;сохранить
retire;Verb;B1;выходить на пенсию
retired;Adjective;B1;на пенсии
return;Verb Noun;A1;возвращение
reveal;Verb;B2;выявить
review;Noun Verb;A2;обзор
revise;Verb;B1;сверка
revolution;Noun;B2;революция
reward;Noun Verb;B2;вознаграждение
rhythm;Noun;B2;ритм
rice;Noun;A1;рис
rich;Adjective;A1;богатый
rid;Verb;B2;избавиться
ride;Verb , Noun;A1, A2;поездка
right;Adjective Adverb Noun;A1;право
ring;Noun;A2;кольцо
ring;Verb , Noun;A2, B1;кольцо
rise;Verb , Noun;A2, B1;подъем
risk;Noun Verb;B1;риск
river;Noun;A1;река
road;Noun;A1;Дорога
robot;Noun;B1;робот
rock (stone);Noun;A2;рок (камень)
rock (music);Noun;A2;рок музыка)
role;Noun;A2;роль
roll;Verb Noun;B1;рулон
romantic;Adjective;B1;романтик
roof;Noun;A2;крыша
room;Noun;A1;комната
root;Noun;B2;корень
rope;Noun;B1;веревка
rough;Adjective;B1;грубый
round;Adjective Adverb prep., Noun;A2, B2;круглый
route;Noun;A2;маршрут
routine;Noun, Adjective;A1, B2;рутинный
row;Noun;B1;строка
royal;Adjective;B1;королевский
rub;Verb;B2;руб
rubber;Noun Adjective;B2;резинка
rubbish;Noun;A2;мусор
rude;Adjective;A2;грубый
rugby;Noun;B1;регби
rule;Noun, Verb;A1, B1;правило
run;Verb , Noun;A1, A2;бегать
runner;Noun;A2;бегун
running;Noun;A2;Бег
rural;Adjective;B2;сельская местность
rush;Verb Noun;B2;порыв
sad;Adjective;A1;печальный
sadly;Adverb;A2;грустно
safe;Adjective;A2;сейф
safety;Noun;B1;безопасность
sail;Verb , Noun;A2, B1;паруса
sailing;Noun;A2;парусный спорт
sailor;Noun;B1;матрос
salad;Noun;A1;салат
salary;Noun;A2;зарплата
sale;Noun;A2;продажа
salt;Noun;A1;поваренная соль
same;Adjective proNoun Adverb;A1;тем же
sample;Noun, Verb;B1, B2;образец
sand;Noun;B1;песок
sandwich;Noun;A1;сэндвич
satellite;Noun;B2;спутниковое
satisfied;Adjective;B2;доволен
satisfy;Verb;B2;удовлетворять
Saturday;Noun;A1;суббота
sauce;Noun;A2;соус
save;Verb;A2;спасти
saving;Noun;B2;экономия
say;Verb;A1;сказать
scale;Noun;B2;масштаб
scan;Verb;B1;сканирование
scared;Adjective;A2;испуганный
scary;Adjective;A2;страшно
scene;Noun;A2;место действия
schedule;Noun, Verb;A2, B2;график
scheme;Noun;B2;схема
school;Noun;A1;школа
science;Noun;A1;наука
scientific;Adjective;B1;научный
scientist;Noun;A1;ученый
score;Verb Noun;A2;Гол
scream;Verb Noun;B2;визг
screen;NounVerb;A2, B2;экран
script;Noun;B1;скрипт
sculpture;Noun;B1;скульптура
sea;Noun;A1;море
search;Noun Verb;A2;поиск
season;Noun;A2;сезон
seat;Noun Verb;A2, B2;сиденье
second1 (next after the first);et./ number, Adverb;A1, A2;second1 (следующий после первого)
second1 (unit of time);Noun;A1;second1 (единица времени)
secondary;Adjective;B1;вторичный
secondly;Adverb;A2;во-вторых
secret;Adjective, Noun;A2;секрет
secretary;Noun;A2;секретарь
section;Noun;A1;раздел
sector;Noun;B2;сектор
secure;Verb Adjective;B2;безопасный
security;Noun;B1;безопасность
see;Verb;A1;видеть
seed;Noun;B1;семя
seek;Verb;B2;искать
seem;Verb;A2;казаться
select;Verb;B2;Выбрать
selection;Noun;B2;выбор
self;Noun;B2;сам
sell;Verb;A1;продам
send;Verb;A1;Отправить
senior;Adjective;B2;старшая
sense;Noun Verb;A2, B2;смысл
sensible;Adjective;B1;здравомыслящий
sensitive;Adjective;B2;чувствительный
sentence;Noun Verb;A1, B2;приговор
separate;Adjective, Verb;A2, B1;отдельный
September;Noun;A1;сентябрь
sequence;Noun;B2;последовательность
series;Noun;A2;серии
serious;Adjective;A2;серьезный
seriously;Adverb;B1;шутки в сторону
servant;Noun;B1;служащий
serve;Verb;A2;обслуживать
service;Noun;A2;служба
session;Noun;B2;сессия
set (put);Verb;B1;набор (положить)
set (group);Noun;B1;комплект (группа)
setting;Noun;B1;установка
settle;Verb;B2;селиться
seven;number;A1;Семь
seventeen;number;A1;семнадцать
seventy;number;A1;семьдесят
several;det./proNoun;A2;несколько
severe;Adjective;B2;тяжелая форма
sex;Noun;B1;секс
sexual;Adjective;B1;половой
shade;Noun;B2;тень
shadow;Noun;B2;тень
shake;Verb Noun;A2, B1;сотрясения
shall;modal Verb;A2;должен
shallow;Adjective;B2;мелкий
shame;Noun;B2;позор
shape;Noun Verb;A2, B2;форма
share;Verb Noun;A1, B1;Поделиться
sharp;Adjective;B1;острый
she;proNoun;A1;она
sheep;Noun;A1;овец
sheet;Noun;A2;простынь
shelf;Noun;B1;полка
shell;Noun;B1;оболочка
shelter;Noun Verb;B2;укрытие
shift;Noun Verb;B1, B2;сдвиг
shine;Verb;B1;блеск
shiny;Adjective;B1;блестящий
ship;Noun Verb;A2, B2;корабль
shirt;Noun;A1;Рубашка
shock;Noun Verb;B2;шок
shocked;Adjective;B2;в шоке
shoe;Noun;A1;башмак
shoot;Verb;B1;стрелять
shooting;Noun;B2;стрельба
shop;Noun Verb;A1;магазин
shopping;Noun;A1;поход по магазинам
short;Adjective;A1;короткая
shot;Noun;B2;выстрел
should;modal Verb;A1;должен
shoulder;Noun;A2;плечо
shout;Verb Noun;A2;окрик
show;Verb Noun;A1;шоу
shower;Noun;A1;душ
shut;Verb Adjective;A2;закрыты
shy;Adjective;B1;застенчивый
sick;Adjective;A1;больной
side;Noun;A2;сторона
sight;Noun;B1;зрение
sign;Noun Verb;A2;подписать
signal;Noun Verb;B1;сигнал
significant;Adjective;B2;существенный
significantly;Adverb;B2;существенно
silence;Noun;B2;тишина
silent;Adjective;B1;бесшумный
silk;Noun;B2;шелк
silly;Adjective;B1;глупый
silver;Noun Adjective;A2;Серебряный
similar;Adjective;A1;аналогичный
similarity;Noun;B1;сходство
similarly;Adverb;B1;так же
simple;Adjective;A2;просто
simply;Adverb;B1;просто
since;prep. conj., Adverb;A2, B1;поскольку
sincere;Adjective;B2;искренний
sing;Verb;A1;Sing
singer;Noun;A1;певец
singing;Noun;A2;пение
single;Adjective Noun;A2;не замужем
sink;Verb;B1;раковина
sir;Noun;A2;сэр
sister;Noun;A1;сестра
sit;Verb;A1;сидеть
site;Noun;A2;сайт
situation;Noun;A1;ситуация
six;number;A1;шесть
sixteen;number;A1;шестнадцать
sixty;number;A1;шестьдесят
size;Noun;A2;размер
ski;Verb Noun;A2;лыжа
skiing;Noun;A2;кататься на лыжах
skill;Noun;A1;умение
skin;Noun;A2;кожа
skirt;Noun;A1;юбка
sky;Noun;A2;небо
slave;Noun;B2;рабыня
sleep;Verb , Noun;A1, A2;спать
slice;Noun Verb;B1;ломтик
slide;Verb Noun;B2;горка
slight;Adjective;B2;незначительный
slightly;Adverb;B1;немного
slip;Verb;B2;слип
slope;Noun Verb;B2;скат
slow;Adjective , Verb;A1, B1;медленный
slowly;Adverb;A2;медленно
small;Adjective;A1;маленький
smart;Adjective;B1;умная
smartphone;Noun;A2;смартфон
smell;Verb Noun;A2;запах
smile;Verb Noun;A2;улыбка
smoke;Noun Verb;A2;дым
smoking;Noun;A2;курение
smooth;Adjective;B1;гладкий; плавный
snake;Noun;A1;змея
snow;Noun Verb;A1;снег
so;Adverb conj.;A1;так
soap;Noun;A2;мыло
soccer;Noun;A2;футбольный
social;Adjective;A2;Социальное
society;Noun;A2;общество
sock;Noun;A2;носок
soft;Adjective;A2;мягкий
software;Noun;B1;программное обеспечение
soil;Noun;B1;почва
solar;Adjective;B2;солнечный
soldier;Noun;A2;солдат
solid;Adjective Noun;B1;твердый
solution;Noun;A2;решение
solve;Verb;A2;решить
some;det. proNoun;A1;некоторые
somebody;proNoun;A1;кто-то
someone;proNoun;A1;кто то
something;proNoun;A1;что-то
sometimes;Adverb;A1;иногда
somewhat;Adverb;B2;в некотором роде
somewhere;Adverb proNoun;A2;где-то
son;Noun;A1;сын
song;Noun;A1;песня
soon;Adverb;A1;скоро
sorry;Adjective exclam.;A1;Прости
sort;Noun, Verb;A2, B1;Сортировать
soul;Noun;B2;душа
sound;Noun Verb;A1;звук
soup;Noun;A1;суп
source;Noun;A2;источник
south;Noun Adjective Adverb;A1;юг
southern;Adjective;B1;южный
space;Noun;A1;пространство
speak;Verb;A1;говорить
speaker;Noun;A2;оратор
special;Adjective;A1;специальный
specialist;Noun Adjective;B2;специалист
species;Noun;B2;вид
specific;Adjective;A2;конкретный
specifically;Adverb;B1;конкретно
speech;Noun;A2;речь
speed;Noun, Verb;A2, B2;скорость
spell;Verb;A1;орфографии
spelling;Noun;A1;написание
spend;Verb;A1;проводить
spending;Noun;B1;расходы
spicy;Adjective;B1;пряный
spider;Noun;A2;паук
spirit;Noun;B1;дух
spiritual;Adjective;B2;духовный
split;Verb Noun;B2;Трещина
spoken;Adjective;B1;говорят
sponsor;Verb Noun;B2;спонсор
spoon;Noun;A2;ложка
sport;Noun;A1;спорт
spot;Noun, Verb;B1, B2;определять
spread;Verb , Noun;B1, B2;распространение
spring;Noun, Verb;A1, B1;весна
square;Adjective Noun;A2;квадрат
stable;Adjective;B2;стабильный
stadium;Noun;B1;стадион
staff;Noun;B1;штат сотрудников
stage;Noun, Verb;A2, B2;этап
stair;Noun;A2;ступенька
stamp;Noun;A2;печать
stand;Verb , Noun;A1, B2;стоять
standard;Noun Adjective;B1;стандарт
star;Noun, Verb;A1, A2;звезда
stare;Verb;B2;глазеть
start;Verb , Noun;A1, A2;Начало
state;Noun, Adjective , v;A2, B1;штат
statement;Noun;A1;заявление
station;Noun;A1;станция
statistic;Noun;B1;статистика
statue;Noun;B1;статуя
status;Noun;B2;положение дел
stay;Verb , Noun;A1, A2;оставаться
steady;Adjective;B2;неуклонный
steal;Verb;A2;украсть
steel;Noun;B2;стали
steep;Adjective;B2;крутой
step;Noun, Verb;A2, B2;шаг
stick (push into/attach);Verb;B1;клюшка (толчок в / присоединять)
stick (piece of wood);Noun;B1;палочка (кусок дерева)
sticky;Adjective;B2;липкий
stiff;Adjective;B2;жесткий
still;Adverb , Adjective;A1, B1;по-прежнему
stock;Noun;B2;акции
stomach;Noun;A2;желудок
stone;Noun;A2;камень
stop;Verb Noun;A1;стоп
store;Noun, Verb;A2, B1;хранить
storm;Noun;A2;буря
story;Noun;A1;история
straight;Adverb Adjective;A2;Прямо
strange;Adjective;A2;странный
stranger;Noun;B1;незнакомец
strategy;Noun;A2;стратегия
stream;Noun;B2;поток
street;Noun;A1;улица
strength;Noun;B1;сила
stress;Noun Verb;A2;стресс
stretch;Verb Noun;B2;протяжение
strict;Adjective;B2;строгий
strike;Verb Noun;B2;наносить удар
string;Noun;B1;строка
strong;Adjective;A1;сильный
strongly;Adverb;B1;сильно
structure;Noun, Verb;A2, B2;структура
struggle;Verb Noun;B2;борьба
student;Noun;A1;ученик
studio;Noun;B1;студия
study;Noun Verb;A1;учиться
stuff;Noun, Verb;B1, B2;материал
stupid;Adjective;A2;тупой
style;Noun;A1;стиль
subject;Noun, Adjective;A1, B2;тема
submit;Verb;B2;Отправить
substance;Noun;B1;вещество
succeed;Verb;A2;добиться успеха
success;Noun;A1;успех
successful;Adjective;A2;успешный
successfully;Adverb;B1;успешно
such;det./proNoun;A2;такие
sudden;Adjective;B1;внезапно
suddenly;Adverb;A2;вдруг, внезапно
suffer;Verb;B1;страдать
sugar;Noun;A1;сахар
suggest;Verb;A2;предлагать
suggestion;Noun;A2;предложение
suit;Noun, Verb;A2, B1;подходить
suitable;Adjective;B1;подходящее
sum;Noun Verb;B2;сумма
summarize;Verb;B1;подвести итог
summary;Noun;B1;резюме
summer;Noun;A1;лето
sun;Noun;A1;солнце
Sunday;Noun;A1;Воскресенье
supermarket;Noun;A1;супермаркет
supply;Noun Verb;B1;поставка
support;Verb Noun;A2;служба поддержки
supporter;Noun;B1;сторонник
suppose;Verb;A2;предполагать
sure;Adjective , Adverb;A1, A2;конечно
surely;Adverb;B1;конечно
surface;Noun;B1;поверхность
surgery;Noun;B2;операция
surprise;Noun Verb;A2;сюрприз
surprised;Adjective;A2;удивлены
surprising;Adjective;A2;удивительный
surround;Verb;B2;окружать
surrounding;Adjective;B2;окружающих
survey;Noun, Verb;A2, B2;опрос
survive;Verb;B1;уцелеть
suspect;Verb Noun;B2;подозреваемый
swear;Verb;B2;клясться
sweater;Noun;A1;свитер
sweep;Verb;B2;развертка
sweet;Adjective Noun;A2;сладкий
swim;Verb , Noun;A1, B1;плавать
swimming;Noun;A1;плавание
switch;Verb , Noun;B1, B2;переключатель
symbol;Noun;A2;условное обозначение
sympathy;Noun;B2;симпатия
symptom;Noun;B1;симптом
system;Noun;A2;система
table;Noun;A1;стол
tablet;Noun;A2;таблетка
tail;Noun;B1;хвостик
take;Verb;A1;принимать
tale;Noun;B2;рассказ
talent;Noun;B1;талант
talented;Adjective;B1;талантливый
talk;Verb , Noun;A1, A2;разговаривать
tall;Adjective;A1;высокий
tank;Noun;B2;бак
tape;Noun;B1;лента
target;Noun, Verb;A2, B2;цель
task;Noun;A2;задача
taste;Noun Verb;A2;вкус
tax;Noun Verb;B1;налог
taxi;Noun;A1;такси
tea;Noun;A1;чай
teach;Verb;A1;учат
teacher;Noun;A1;учитель
teaching;Noun;A2;обучение
team;Noun;A1;команда
tear1;Verb Noun;B2;tear1
tear2;Noun;B2;tear2
technical;Adjective;B1;технический
technique;Noun;B1;техника
technology;Noun;A2;технология
teenage;Adjective;A2;подростковый
teenager;Noun;A1;подросток
telephone;Noun Verb;A1;телефон
television;Noun;A1;телевидение
tell;Verb;A1;сказать
temperature;Noun;A2;температура
temporary;Adjective;B2;временный
ten;number;A1;десять
tend;Verb;B1;иметь тенденцию
tennis;Noun;A1;большой теннис
tent;Noun;B1;палатка
term;Noun, Verb;A2, B2;срок
terrible;Adjective;A1;ужасный
test;Noun Verb;A1;тест
text;Noun, Verb;A1, A2;текст
than;conj.;A1;чем
thank;Verb;A1;спасибо
thanks;exclam. Noun;A1;Спасибо
that;det. proNoun conj., Adverb;A1, B1;который
the;definite article;A1; 
theatre;Noun;A1;театр
their;det.;A1;их
theirs;proNoun;B1;их
them;proNoun;A1;их
theme;Noun;B1;тема
themselves;proNoun;A2;самих себя
then;Adverb;A1;затем
theory;Noun;B1;теория
therapy;Noun;B2;терапия
there;Adverb;A1;там
therefore;Adverb;B1;следовательно
they;proNoun;A1;Oни
thick;Adjective;A2;толстый
thief;Noun;A2;вор
thin;Adjective;A2;тонкий
thing;Noun;A1;вещь
think;Verb;A1;считать
thinking;Noun;A2;мышление
third;number, Noun;A1, A2;третий
thirsty;Adjective;A1;жаждущий
thirteen;number;A1;13
thirty;number;A1;тридцать
this;det./proNoun, Adverb;A1, B1;этот
though;conj. Adverb;B1;хотя
thought;Noun;A2;мысль
thousand;number;A1;тысяча
threat;Noun;B2;угроза
threaten;Verb;B2;угрожать
three;number;A1;три
throat;Noun;B1;горло
through;prep. Adverb;A1;через
throughout;prep./Adverb;B1;на протяжении
throw;Verb;A2;бросать
Thursday;Noun;A1;Четверг
thus;Adverb;B2;таким образом
ticket;Noun;A1;проездной билет
tidy;Adjective v;A2;аккуратный
tie;Verb Noun;A2;галстук
tight;Adjective;B1;плотно
till;conj./prep.;B1;пока
time;Noun, Verb;A1, B2;время
tin;Noun;B1;банка
tiny;Adjective;B1;крошечный
tip;Noun, Verb;A2, B1;наконечник
tired;Adjective;A1;усталый
title;Noun;A1, B2;заглавие
to;prep., infinitive marker;A1;в
today;Adverb Noun;A1;Cегодня
toe;Noun;B1;палец
together;Adverb;A1;все вместе
toilet;Noun;A1;туалет
tomato;Noun;A1;помидор
tomorrow;Adverb Noun;A1;завтра
tone;Noun;B2;тон
tongue;Noun;B1;язык
tonight;Adverb n;A1;сегодня ночью
too;Adverb;A1;слишком
tool;Noun;A2;инструмент
tooth;Noun;A1;зуб
top;Noun, Adjective;A2;верхняя
topic;Noun;A1;тема
total;Adjective Noun;B1;общее количество
totally;Adverb;B1;полностью
touch;Verb , Noun;A2, B1;сенсорный
tough;Adjective;B2;жесткий
tour;Noun, Verb;A2, B1;тур
tourism;Noun;A2;туризм
tourist;Noun;A1;турист
towards;prep.;A2;в направлении
towel;Noun;A2;полотенце
tower;Noun;A2;башня
town;Noun;A1;город
toy;Noun, Adjective;A2;игрушка
track;Noun, Verb;A2, B2;отслеживать
trade;Noun, Verb;B1;сделка
tradition;Noun;A2;традиция
traditional;Adjective;A2;традиционный
traffic;Noun;A1;трафик
train;Noun, Verb;A1, A2;поезд
trainer;Noun;A2;тренер
training;Noun;A2;повышение квалификации
transfer;Verb Noun;B2;перевод
transform;Verb;B2;преобразование
transition;Noun;B2;переход
translate;Verb;B1;перевести
translation;Noun;B1;перевод
transport;Noun, Verb;A2, B1;транспорт
travel;Verb Noun;A1;путешествовать
traveller;Noun;A2;путешественник
treat;Verb;B1;обращаться
treatment;Noun;B1;лечение
tree;Noun;A1;дерево
trend;Noun;B1;тенденция
trial;Noun;B2;пробный
trick;Noun Verb;B1;трюк
trip;Noun, Verb;A1, B2;поездка
tropical;Adjective;B2;тропический
trouble;Noun, Verb;A2, B2;беда
trousers;Noun;A1;штаны
truck;Noun;A2;грузовая машина
TRUE;Adjective;A1;ПРАВДА
truly;Adverb;B2;действительно
trust;Noun Verb;B2;доверять
truth;Noun;B1;правда
try;Verb , Noun;A1, B2;пытаться
T-shirt;Noun;A1;Футболка
tube;Noun;B1;трубка
Tuesday;Noun;A1;вторник
tune;Noun;B2;мелодия
tunnel;Noun;B2;тоннель
turn;Verb Noun;A1;перемена
TV;Noun;A1;телевидение
twelve;number;A1;двенадцать
twenty;number;A1;20
twice;Adverb;A1;дважды
twin;Noun Adjective;A2;близнец
two;number;A1;два
type;Noun, Verb;A1, B1;тип
typical;Adjective;A2;типичный
typically;Adverb;B1;типично
tyre;Noun;B1;шина
ugly;Adjective;B1;уродливый
ultimately;Adverb;B2;в конечном счете
umbrella;Noun;A1;зонтик
unable;Adjective;B1;неспособный
uncle;Noun;A1;дядя
uncomfortable;Adjective;B1;неудобный
unconscious;Adjective;B2;без сознания
under;prep. Adj;A1;под
underground;Adjective Adverb;A2;под землей
understand;Verb;A1;понять
understanding;Noun;A2;понимание
underwear;Noun;B1;нижнее белье
unemployed;Adjective;B1;безработные
unemployment;Noun;B1;безработица
unexpected;Adjective;B2;неожиданный
unfair;Adjective;B1;недобросовестный
unfortunately;Adverb;A2;К сожалению
unhappy;Adjective;A2;несчастный
uniform;Noun;A2;единообразный
union;Noun;B1;союз
unique;Adjective;B2;уникальный
unit;Noun;A2;Ед. изм
united;Adjective;A2;единый
universe;Noun;B2;вселенная
university;Noun;A1;Университет
unknown;Adjective;B2;неизвестный
unless;conj.;B1;если
unlike;prep.;B1;в отличие
unlikely;Adjective;B1;вряд ли
unnecessary;Adjective;B1;ненужный
unpleasant;Adjective;B1;неприятный
until;conj./prep.;A1;до того как
unusual;Adjective;A2;необычный
up;Adverb proNoun;A1;вверх
update;Verb Noun;B1;Обновить
upon;prep.;B1;на
upper;Adjective;B2;верхний
upset;Adjective v;B1;рассториться
upstairs;Adverb , Adjective;A1, A2;вверх по лестнице
upwards;Adverb;B2;вверх
urban;Adjective;B2;городской
urge;Verb;B2;позыв
us;proNoun;A1;нас
use;Verb , Noun;A1, A2;использование
used;Adjective;B1;используемый
used to;modal Verb;A2;привык к
useful;Adjective;A1;полезным
user;Noun;A2;пользователь
usual;Adjective;A2;обычный
usually;Adverb;A1;обычно
vacation;Noun;A1;отпуск
valley;Noun;A2;долина
valuable;Adjective;B1;ценный
value;Noun, Verb;B1, B2;стоимость
van;Noun;A2;фургон
variety;Noun;A2;разнообразие
various;Adjective;B1;различный
vary;Verb;B2;варьировать
vast;Adjective;B2;огромный
vegetable;Noun;A1;овощной
vehicle;Noun;A2;транспортное средство
venue;Noun;B2;место встречи
version;Noun;B1;версия
very;Adverb , Adjective;A1, B1;очень
via;prep.;B2;через
victim;Noun;B1;потерпевший
victory;Noun;B2;победа
video;Noun;A1;видео
view;Noun, Verb;A2,;Посмотреть
viewer;Noun;B1;зритель
village;Noun;A1;деревня
violence;Noun;B2;насилие
violent;Adjective;B1;насильственный
virtual;Adjective;B2;виртуальный
virus;Noun;A2;вирус
vision;Noun;B2;видение
visit;Verb Noun;A1;посещение
visitor;Noun;A1;посетитель
visual;Adjective;B2;визуальный
vital;Adjective;B2;жизненно важно
vitamin;Noun;B2;витамин
voice;Noun;A2;голос
volume;Noun;B2;объем
volunteer;Noun Verb;B1;доброволец
vote;Noun Verb;B1;голос
wage;Noun;B2;заработная плата
wait;Verb , Noun;A1, A2;Подождите
waiter;Noun;A1;Официант
wake;Verb;A1;бодрствование
walk;Verb Noun;A1;ходить
wall;Noun;A1;стена
want;Verb;A1;хотеть
war;Noun;A2;война
warm;Adjective , v;A1, B1;теплый
warn;Verb;B1;предупреждать
warning;Noun;B1;предупреждение
wash;Verb , Noun;A1, A2;мыть
washing;Noun;A2;стирка
waste;Noun v, Adjective;B1;отходы
watch;Verb Noun;A1;смотреть
water;Noun, Verb;A1, B1;вода
wave;Noun;A2, B1;волна
way;Noun;A1, B2;путь
we;proNoun;A1;мы
weak;Adjective;A2;слабый
weakness;Noun;B2;слабость
wealth;Noun;B2;богатство
wealthy;Adjective;B2;состоятельный
weapon;Noun;B1;оружие
wear;Verb;A1;износ
weather;Noun;A1;Погода
web;Noun;A2;Web
website;Noun;A1;интернет сайт
wedding;Noun;A2;свадьба
Wednesday;Noun;A1;среда
week;Noun;A1;неделя
weekend;Noun;A1;выходные дни
weigh;Verb;B1;взвешивать
weight;Noun;A2;вес
welcome;exclam. Verb Adjective , n;A1, A2;добро пожаловать
well;Adverb , Adjective , exclam.;A1;хорошо
west;Noun Adjective Adverb;A1;запад
western;Adjective;B1;вестерн
wet;Adjective;A2;влажный
what;proNoun/det.;A1;какие
whatever;det./proNoun;B1;без разницы
wheel;Noun;A2;рулевое колесо
when;Adverb proNounconj.;A1;когда
whenever;conj.;B1;когда бы ни
where;Adverb conj.;A1;где
whereas;conj.;B2;в то время как
wherever;conj.;B2;где бы
whether;conj.;B1;будь то
which;proNoun/det.;A1;который
while;conj., Noun;A2, B1;пока
whisper;Verb Noun;B2;шептать
white;Adjective Noun;A1;белый
who;proNoun;A1;ВОЗ
whole;Adjective , n;A2, B1;все
whom;proNoun;B2;кому
whose;det./proNoun;A2;чья
why;Adverb;A1;Зачем
wide;Adjective;A2;широкий
widely;Adverb;B2;широко
wife;Noun;A1;жена
wild;Adjective;A2;дикий
wildlife;Noun;B2;живая природа
will;modal, Noun Verb;A1,;воля
willing;Adjective;B2;готовы
win;Verb , Noun;A1, B1;выиграть
wind1;Noun;A2;wind1
wind2;Verb;B2;wind2
window;Noun;A1;окно
wine;Noun;A1;вино
wing;Noun;B1;крыло
winner;Noun;A2;победитель
winter;Noun;A1;зима
wire;Noun;B2;провод
wise;Adjective;B2;мудрый
wish;Verb Noun;A2;желание
with;prep.;A1;с участием
within;prep.;B1;в пределах
without;prep.;A1;без
witness;Noun Verb;B2;свидетель
woman;Noun;A1;женщина
wonder;Verb Noun;B1;задаваться вопросом
wonderful;Adjective;A1;чудесно
wood;Noun;A2;дерево
wooden;Adjective;A2;деревянный
wool;Noun;B1;шерсть
word;Noun;A1;слово
work;Verb Noun;A1;работай
worker;Noun;A1;работник
working;Adjective;A2;работает
world;Noun;A1;Мир
worldwide;Adjective Adverb;B1;Мировой
worried;Adjective;A2;волновался
worry;Verb Noun;A2, B1;беспокойство
worse;Adjective, AdVerb Noun;A2,B1, B2;хуже
worst;Adjective, AdVerb;A2,B1, B2;наихудший
worth;Adjective, Noun;B1, B2;ценность
would;modal, Verb;A1;бы
wound;Noun Verb;B2;рана
wow;exclam.;A2;Вот это да
wrap;Verv;B2;заворачивать
write;Verb;A1;записывать
writer;Noun;A1;писатель
writing;Noun;A1;письмо
written;Adjective;B1;написано
wrong;Adjective, AdVerb Noun;A1, B1, B2;неправильно
yard;Noun;B1;двор
yeah;exclam.;A1;Да
year;Noun;A1;год
yellow;Adjective, Noun;A1;желтый
yes;exclam.;A1;да
yesterday;AdVerb Noun;A1;вчерашний день
yet;AdVerb conj.;A2, B2;все же
you;proNoun;A1;ты
young;Adjective, Noun;A1, B1;молодой
your;det.;A1;ваш
yours;proNoun;A2;ваш
yourself;proNoun;A1;сами
youth;Noun;B1;молодежь
zero;number;A2;нуль
zone;Noun;B2;зона
