a, an;indefinite, article;A1;a, o se
abandon;Verb;B2;tiaʻi
ability;Noun;A2;agavaʻa
able;Adjective;A2;mafai
about;prep. Adverb;A1;e uiga i
above;prep. Adverb;A1;i luga
abroad;Adverb;A2;folafola
absolute;Adjective;B2;aiai
absolutely;Adverb;B1;matuā
academic;adj, Noun;B1, B2;faʻaakademia
accept;Verb;A2;talia
acceptable;Adjective;B2;talia
access;Noun Verb;B1;sao
accident;Noun;A2;faalavelave
accommodation;Noun;B1;api
accompany;Verb;B2;faatasi
according to;prep.;A2;ae faimai foi
account;Noun Verb;B1, B2;tala
accurate;Adjective;B2;matuā saʻo
accuse;Verb;B2;mōlia
achieve;Verb;A2;ausia
achievement;Noun;B1;faʻataunuʻuga
acknowledge;Verb;B2;taʻutaʻu
acquire;Verb;B2;maua
across;prep. Adverb;A1;atu
act;Verb Noun;A2,B1;galue
action;Noun;A1;gaoioiga
active;Adjective;A2;tiotio
activity;Noun;A1;gaoioiga
actor;Noun;A1;tama faitīfaga
actress;Noun;A1;teine ​​faitīfaga
actual;Adjective;B2;moni lea
actually;Adverb;A2;lava
ad;Noun;B1;TA
adapt;Verb;B2;faʻatatau
add;Verb;A1;faʻaopoopo
addition;Noun;B1;faaopoopo
additional;Adjective;B2;faʻaopoopo
address;Noun Verb;A1,B2;tuatusi
administration;Noun;B2;pulega
admire;Verb;B1;faamemelo
admit;Verb;B1;taʻutino
adopt;Verb;B2;fai mā
adult;Noun adj;A1,A2;tagata matua
Advance;Noun Verb adj;B2;muamua
Advanced;Adjective;B1;maoaʻe
Advantage;Noun;A2;lelei
Adventure;Noun;A2;mea lē mautinoa
Advertise;Verb;A2;faʻailoa
Advertisement;Noun;A2;faʻailoaga
Advertising;Noun;A2;faʻailoaga
Advice;Noun Verb;A1, B1;faufautua
affair;Noun;B2;feʻau
affect;Verb;A2;aafia
afford;Verb;B1;gafatia
afraid;Adjective;A1;fefe
after;prep. conj. Adverb;A1,A2;ina ua mavae
afternoon;Noun;A1;aoauli
afterwards;Adverb;B2;nānei
again;Adverb;A1;toe
against;prep;A2;faasaga i
age;Noun Verb;A1, B1;tausaga
aged;Adjective;B1;tausaga
agency;Noun;B2;faitalia
agenda;Noun;B2;faʻatatauga
agent;Noun;B1;sui
aggressive;Adjective;B2;osofaʻi
ago;Adverb;A1;ua mavae
agree;Verb;A1;ioe
agreement;Noun;B1;feagaiga
ah;exclam.;A2;Kipea
ahead;Adverb;B1;i luma
aid;Noun Verb;B2;fesoasoani
aim;Verb Noun;B1;sini
air;Noun;A1;savili
aircraft;Noun;B2;vaʻalele
airline;Noun;A2;ala i le vaʻalele
airport;Noun;A1;malae vaʻalele
alarm;Noun Verb;B1, B2;atuatuvale
album;Noun;B1;gāuga
alcohol;Noun;B1;ava
alcoholic;Adjective;B1;tagata 'ōnā
alive;Adjective;A2;ola
all;det. pron, Adverb;A1, A2;uma
all right;Adjective, Adverb exclam;A2;ua lelei
allow;Verb;A2;faatagaina
almost;Adverb;A2;toetoe lava
alone;Adjective, Adverb;A2;toʻatasi
along;prep. Adverb;A2;i tafatafa o
already;Adverb;A2;uma
also;Adverb;A1;foʻi
alter;Verb;B2;ALTER
alternative;Noun Adjective;A2, B1;avanoa
although;conj;A2;e ui ina
always;Adverb;A1;pea lava
amazed;Adjective;B1;ofo
amazing;Adjective;A1;uigaʻese
ambition;Noun;B1;naunau
ambitious;Adjective;B1;fia tele
among;prep.;A2;ma
amount;Noun Verb;A2, B2;aofaʻiga
analyse;Verb;B1;fuafua
analysis;Noun;B1;fuafuaga
ancient;Adjective;A2;anamua
and;conj;A1;ma
anger;Noun;B2;ita
angle;Noun;B2;piʻo
angry;Adjective;A1;ita
animal;Noun;A1;manu
ankle;Noun;A2;tapuvae
anniversary;Noun;B2;atoaga ose mafutaga
announce;Verb;B1;taʻu
announcement;Noun;B1;fōlafolaga
annoy;Verb;B1;faʻasoesā
annoyed;Adjective;B1;le fiafia
annoying;Adjective;B1;soesā
annual;Adjective;B2;faʻaletausaga
another;det. proNoun;A1;se isi
answer;Noun Verb;A1;tali
anxious;Adjective;B2;naunau
any;det. proNoun, Adverb;A1, A2;se
anybody;pron;A2;soʻo se isi
any more;Adverb;A2;se toe
anyone;pron;A1;so o se tasi
anything;pron;A1;so o se mea
anyway;Adverb;A2;tusa pē
anywhere;AdVerb proNoun;A2;soʻo se mea
apart;Adverb;B1;ese
apartment;Noun;A1;fale
apologize;Verb;B1;faʻatoʻese
app;Noun;A2;polokalama
apparent;Adjective;B2;iloa tino
apparently;Adverb;B2;faʻapea
appeal;Noun Verb;B2;tagi
appear;Verb;A2;foliga mai
appearance;Noun;A2;foliga
apple;Noun;A1;apu
application;Noun;B1;talosaga
apply;Verb;A2;faaaogaina
appointment;Noun;B1;tofi
appreciate;Verb;B1;talisapaia
approach;Noun Verb;B2;ala
appropriate;Adjective;B2;ese mo
approval;Noun;B2;malie
approve;Verb;B2;malie
approximately;Adverb;B1;pe tusa o le
April;Noun;A1;Apelila
architect;Noun;A2;tufuga
architecture;Noun;A2;atiga
area;Noun;A1;eria
argue;Verb;A2;fīnau
argument;Noun;A2;fīnau
arise;Verb;B2;tupu
arm;Noun;A1;faaauupegaina
armed;Adjective;B2;faaauupegaina
arms;Noun;B2;lima
army;Noun;A2;au
around;prep. Adverb;A1;solo
arrange;Verb;A2;faatulaga
arrangement;Noun;A2;tonu
arrest;Verb Noun;B1;puʻe
arrival;Noun;B1;oʻo mai
arrive;Verb;A1;taunuu
art;Noun;A1;faiva
article;Noun;A1;mea
artificial;Adjective;B2;fai
artist;Noun;A1;tagata valiata
artistic;Adjective;B2;valiata
as;prep., Adverb conj.;A1, A2;e pei
ashamed;Adjective;B2;mā
asleep;Adjective;A2;moe
ask;Verb;A1;fesili
aspect;Noun;B2;vaega
assess;Verb;B2;faʻasala
assessment;Noun;B2;iloiloga
assignment;Noun;B1;tofiga
assist;Verb;B1;fesoasoani
assistant;Noun Adjective;A2;osoga
associate;Verb;B2;toʻalua
associated;Adjective;B2;fesootai
association;Noun;B2;faʻalāpotopotoga
assume;Verb;B2;tauʻave
at;prep.;A1;i
athlete;Noun;A2;tagata faʻamālosia
atmosphere;Noun;B1;ea
attach;Verb;B1;noa
attack;Noun Verb;A2;osofaiga
attempt;Noun Verb;B2;taumafai
attend;Verb;A2;auai
attention;Noun exclam.;A2;uaʻi
attitude;Noun;B1;uiga
attract;Verb;B1;tōsina
attraction;Noun;B1;mānaia
attractive;Adjective;A2;mānaia
audience;Noun;A2;aufaʻalogologo
August;Noun;A1;Aukuso
aunt;Noun;A1;uso o le tinā
author;Noun;A2;tusitala
authority;Noun;B1;pule
autumn;Noun;A1;tau e āfu ai mea
available;Adjective;A2;iai
average;Adjective, Noun Verb;A2, B1;lautele
avoid;Verb;A2;faatoilaloina
award;Noun Verb;A2, B1;faʻailoga
aware;Adjective;B1;iloa
away;Adverb;A1;atu
awful;Adjective;A2;mataʻutia
baby;Noun;A1;tamameamea
back;Noun AdVerb Adjective, Verb;A1, A2, B2;tua
background;Noun;A2;tua
backwards;Adverb;B1;i tua
bacteria;Noun;B2;pakiteria
bad;Adjective;A1;leaga
badly;Adverb;A2;matua
bag;Noun;A1;taga
bake;Verb;B1;tao
balance;Noun Verb;B1;paleni
ball;Noun;A1;polo
ban;Verb Noun;B1;faʻasā
banana;Noun;A1;faʻi
band;Noun;A1;au
bank (money);Noun;A1;faletupe (tupe)
bank (river);Noun;B1;faletupe (vaitafe)
bar;Noun Verb;A2, B2;faleʻaiga
barrier;Noun;B2;puni
base;Noun Verb;B1;muli
baseball;Noun;A2;peisipolo
based;Adjective;A2;faavae
basketball;Noun;A2;pasiketipolo
basic;Adjective;B1;faavae
basically;Adverb;B2;aupito
basis;Noun;B1;faʻavae
bath;Noun;A1;tāʻelega
bathroom;Noun;A1;potu tāʻele
battery;Noun;B1;maʻa uila
battle;Noun Verb;B1, B2;taua
be;Verb auxiliary Verb;A1;ona
beach;Noun;A1;matāfaga
bean;Noun;A2;pī
bear (deal with);Verb;B2;urosa (tele i)
bear (animal);Noun;A2;urosa (manu)
beat;Verb Noun;A2, B2;pao
beautiful;Adjective;A1;aulelei
beauty;Noun;B1;matagofie
because;conj.;A1;auā
become;Verb;A1;avea ma
bed;Noun;A1;moega
bedroom;Noun;A1;potumoe
bee;Noun;B1;pī
beef;Noun;A2;pisupo
beer;Noun;A1;pia
before;prep., conj. Adverb;A1, A2;aʻo leʻi
beg;Verb;B2;ole
begin;Verb;A1;amata
beginning;Noun;A1;amataga
behave;Verb;A2;amio
behaviour;Noun;A2;amioga
behind;prep. Adverb;A1;tua
being;Noun;B2;tagata
belief;Noun;B1;talitonuga
believe;Verb;A1;talitonu
bell;Noun;B1;logo
belong;Verb;A2;pule i
below;Adverb prep.;A1;i lalo
belt;Noun;A2;fusi
bend;Verb Noun;B1;punou
benefit;Verb NouNoun;A2, B1;aogā
bent;Adjective;B2;piʻo
best;Adjective, AdVerb Noun;A1, A2;sili
bet;Verb Noun;B2;peti
better;Adjective , Adverb , Noun;A1, A2, B1;sili
between;prep., Adverb;A1, A2;i le va o
beyond;prep. Adverb;B2;i tala atu
bicycle;Noun;A1;uila
big;Adjective;A1;tele
bike;Noun;A1;uila
bill;Noun Verb;A1, B2;pili
billion number; ;A2;piliona numera
bin;Noun;A2;ato
biology;Noun;A2;piolosi
bird;Noun;A1;manu
birth;Noun;A2;fanau mai
birthday;Noun;A1;aso fanau
biscuit;Noun;A2;masi
bit;Noun;A2;fāsimea
bite;Verb Noun;B1;ū
bitter;Adjective;B2;oona
black;Adjective, Noun;A1;lanu uliuli
blame;Verb Noun;B2;leaga
blank;Adjective, Noun;A2;fua
blind;Adjective;B2;tauaso
block;Noun Verb;B1;pupuni
blog;Noun;A1;tesi
blonde;Adjective;A1;uluvāivai
blood;Noun;A2;toto
blow;Verb;A2;agi
blue;Adjective, Noun;A1;lanu moaga
board;Noun Verb;A2, B1;komiti
boat;Noun;A1;vaʻa
body;Noun;A1;tino
boil;Verb;A2;puna
bomb;Noun Verb;B1;pulu
bond;Noun;B2;noataga
bone;Noun;A2;ivi
book;Noun Verb;A1, A2;tusi
boot;Noun;A1;talitali
border;Noun Verb;B1, B2;tuāʻoi
bored;Adjective;A1;le fiafia
boring;Adjective;A1;faisoʻo
born;Verb;A1;fanau
borrow;Verb;A2;faanoi
boss;Noun;A2;taʻitaʻi
both;det./proNoun;A1;uma e lua
bother;Verb;B1;faʻatīgā
bottle;Noun;A1;fagu
bottom;NouNoun Adjective;A2;muli
bowl;Noun;A2;ipu
box;Noun;A1;pusa
boy;Noun;A1;tama
boyfriend;Noun;A1;pāʻaga
brain;Noun;A2;fāiʻai
branch;Noun;B1;lālā
brand;Noun Verb;B1;faʻailogaina
brave;Adjective;B1;toa
bread;Noun;A1;falaoa
break;Verb Noun;A1;mālōlō
breakfast;Noun;A1;aiga
breast;Noun;B2;susu
breath;Noun;B1;mānava
breathe;Verb;B1;mānava
breathing;Noun;B1;manava
bride;Noun;B1;teine ​​faʻaipoipo
bridge;Noun;A2;ala laupapa
brief;Adjective;B2;puʻupuʻu
bright;Adjective;A2;pupula
brilliant;Adjective;A2;iʻila
bring;Verb;A1;aumai
broad;Adjective;B2;lautele
broadcast;Verb Noun;B2;faasalalauga
broken;Adjective;A2;motusia
brother;Noun;A1;tuagane
brown;Adjective, Noun;A1;lanu enaena
brush;Verb Noun;A2;pulumu
bubble;Noun;B1;punapuna
budget;Noun;B2;faʻatatau
build;Verb;A1;fausia
building;Noun;A1;fale
bullet;Noun;B2;pulu
bunch;Noun;B2;lala
burn;Verb Noun;A2, B2;mū
bury;Verb;B1;tanu
bus;Noun;A1;pasi
bush;Noun;B2;vao
business;Noun;A1;pisinisi
businessman;Noun;A2;tagata pisinisi
busy;Adjective;A1;pisi
but;conj. prep;A1, B2;ae
butter;Noun;A1;faʻapata
button;Noun;A2;faʻamau
buy;Verb;A1;faatau
by;prep. Adverb;A1, B1;i
bye;exclam;A1;fa
cable;Noun;B2;keipo
cafe;Noun;A1;kafe
cake;Noun;A1;keke
calculate;Verb;B2;fuafua
call;Verb Noun;A1;valaʻau
calm;Adjective Verb Noun;B1;malū
camera;Noun;A1;mea puʻeata
camp;Noun Verb;A2;togālauapi
campaign;Noun Verb;B1;osofaʻiga
camping;Noun;A2;tolauapiga
campus;Noun;B1;togālaulapi o le iunivesite
can1;modal Verb;A1;can1
can2;Noun;A2;can2
cancel;Verb;B2;solo
cancer;Noun;B2;kanesa
candidate;Noun;B1;tagata ofo
cannot;Verb;A1;e lē mafai ona
cap;Noun;B1;ufi
capable;Adjective;B2;mafai ona
capacity;Noun;B2;tulaga
capital;Noun Adjective;A1;laumua
captain;Noun;B1;kapeteni
capture;Verb Noun;B2;puʻe
car;Noun;A1;taʻavale
card;Noun;A1;pepa malō
care;Noun Verb;A2;tausiga
career;Noun;A1;galuega
careful;Adjective;A2;faʻaeteete
carefully;Adverb;A2;le faaeteete
careless;Adjective;B1;galue tafulu
carpet;Noun;A2;kapeta
carrot;Noun;A1;kero
carry;Verb;A1;Ia feaveai
cartoon;Noun;A2;atavili
case;Noun;A2;tulaga
cash;Noun;A2;tupe
cast;Noun Verb;B2;lafo
castle;Noun;A2;olo
cat;Noun;A1;pusi
catch;Verb Noun;A2, B2;puʻe
category;Noun;B1;katekoli
cause;Noun Verb;A2;ala
CD;Noun;A1;CD
ceiling;Noun;B1;faʻaalo
celebrate;Verb;A2;faamanatuina
celebration;Noun;B1;aso
celebrity;Noun;A2;lauiloa
cell;Noun;B2;potu
cent;Noun;A1;pasene
central;Adjective;B1;tutotonu
centre;Noun Verb;A1, B1;nofoaga autu o
century;Noun;A1;senituri
ceremony;Noun;B1;sāuniga
certain;Adjective;A2;nisi
certainly;Adverb;A2;lava
chain;Noun Verb;B1, B2;filifili
chair;Noun Verb;A1, B2;nofoa
chairman;Noun;B2;taupulega
challenge;Noun Verb;B1, B2;luʻi
champion;Noun;B1;siamupini
chance;Noun;A2;avanoa
change;Verb Noun;A1;liuga
channel;Noun;B1;alāvai
chapter;Noun;B1;matāʻupu
character;Noun;A2;uiga
characteristic;Noun Adjective;B2;pei lava
charge;Noun Verb;B1;totogi
charity;Noun;A2;alofa
chart;Noun Verb;A1, B2;siata
chat;Verb Noun;A2;tālatala
cheap;Adjective , Adverb;A1, B1;taugōfie
cheat;Verb Noun;B1;vaia
check;Verb Noun;A1, A2;siaki
chef;Noun;A2;kuka silisili
cheerful;Adjective;B1;fiafia
cheese;Noun;A1;sisi
chemical;Adjective, Noun;B1;vailāʻau
chemistry;Noun;A2;kemisiri
chest;Noun;B1;fatafata
chicken;Noun;A1;tamaʻi moa
chief;Adjective, Noun;B2;pule
child;Noun;A1;tamaitiiti
childhood;Noun;B1;tamaitiiti
chip;Noun;A2;malamala
chocolate;Noun;A1;sokolate
choice;Noun;A2;filifiliga
choose;Verb;A1;filifili
church;Noun;A2;ekalesia
cigarette;Noun;A2;sikareti
cinema;Noun;A1;faletīfaga
circle;Noun Verb;A2;liʻo
circumstance;Noun;B2;tulaga
cite;Verb;B2;usu
citizen;Noun;B2;tagatānuʻu
city;Noun;A1;aʻai
civil;Adjective;B2;faalemalo
claim;Verb Noun;B1;āiā
class;Noun;A1;vasega
classic;Adjective, Noun;B2;masani
classical;Adjective;A2;atoʻatoa
classroom;Noun;A1;potuaoga
clause;Noun;B1;fuaiupu
clean;Adjective, Verb;A1;mamā
clear;Adjective, Verb;A2, B1;manino
clearly;Adverb;A2;manino
clever;Adjective;A2;atamai
click;Verb Noun;B1;kiliki
client;Noun;B1;tagata faʻatau
climate;Noun;A2;tau
climb;Verb Noun;A1, B1;feaei
clock;Noun;A1;uati
close1;Verb Noun;A1, B2;close1
close2;Adjective , Adverb;A2, B1;close2
closed;Adjective;A2;tapunia
closely;Adverb;B2;vavalalata
cloth;Noun;B1;ie
clothes;Noun;A1;ofu
clothing;Noun;A2;lavalava
cloud;Noun;A2;ao
club;Noun;A1;kalapu
clue;Noun;B1;mea molimau
coach;Noun Verb;A2, B1;faʻamālositino
coal;Noun;B1;koale
coast;Noun;A2;talafātai
coat;Noun;A1;peleue
code;Noun;A2;kote
coffee;Noun;A1;kofe
coin;Noun;B1;tinoitupe
cold;Adjective Noun;A1;mālūlū
collapse;Verb Noun;B2;sofa
colleague;Noun;A2;aumea
collect;Verb;A2;sao
collection;Noun;B1;aoina
college;Noun;A1;kolisi
colour;Noun;A1;lanu
coloured;Adjective;B1;lanu
column;Noun;A2;pou
combination;Noun;B2;tuʻufaʻatasiga
combine;Verb;B1;tuʻu faʻatasi
come;Verb;A1;sau
comedy;Noun;A2;faleaitu
comfort;Noun Verb;B2;faamafanafanaga
comfortable;Adjective;A2;mafanafana
command;Noun Verb;B2;faʻatonuga
comment;Noun Verb;A2, B1;manatu
commercial;Adjective Noun;B1;faapisinisi
commission;Noun Verb;B2;faia
commit;Verb;B1;soli
commitment;Noun;B2;tautinoga
committee;Noun;B2;komiti
common;Adjective Noun;A1;masani
commonly;Adverb;B2;masani
communicate;Verb;A2;fesoʻotaʻi
communication;Noun;B1;fesoʻotaʻiga
community;Noun;A2;nuu
company;Noun;A1;kamupani
compare;Verb;A1;faʻatusatusa
comparison;Noun;B1;faatusatusaga
compete;Verb;A2;tauvā
competition;Noun;A2;tauvāga
competitor;Noun;B1;tagata tausiniō
competitive;Adjective;B1;tausiniō
complain;Verb;A2;lē malie
complaint;Noun;B1;tagi
complete;Adjective Verb;A1;atoatoa
completely;Adverb;A2;uma
complex;Adjective, Noun;B1, B2;lavelave
complicated;Adjective;B2;faigata
component;Noun;B2;tuʻuga
computer;Noun;A1;komepiuta
concentrate;Verb;B1;punouai
concentration;Noun;B2;uaʻi
concept;Noun;B2;manatu
concern;Noun Verb;B2;popolega
concerned;Adjective;B2;aafia
concert;Noun;A1;koneseti
conclude;Verb;B1;faaiu
conclusion;Noun;B1;iʻuga
condition;Noun;A2;tulaga
conduct;Verb Noun;B2;amioga
conference;Noun;A2;fono
confidence;Noun;B2;talitonuga
confident;Adjective;B1;mautinoa
confirm;Verb;B1;faamaonia
conflict;Noun Verb;B2;feteʻenaʻiga
confuse;Verb;B1;faʻavevesi
confused;Adjective;B1;le mautonu
confusing;Adjective;B2;fenumiai
connect;Verb;A2;sosoʻo
connected;Adjective;A2;fesootai
connection;Noun;B1;sootaga
conscious;Adjective;B2;mālamalama
consequence;Noun;B1;taunuuga
conservative;Adjective, Noun;B2;faautauta
consider;Verb;A2;mafaufau
consideration;Noun;B2;iloiloga
consist;Verb;B1;iai
consistent;Adjective;B2;tutusa
constant;Adjective;B2;faifai pea
constantly;Adverb;B2;pea
construct;Verb;B2;fau
construction;Noun;B2;fausaga
consume;Verb;B1;faaumatia
consumer;Noun;B1;tagata faatau
contact;Noun Verb;B1;fetaui
contain;Verb;A2;o loo aofia ai
container;Noun;B1;utu
contemporary;Adjective;B2;aso nei
content;Noun;B1;lotomalie
contest;Noun Verb;B2;fīnauga
context;Noun;A2;mataupu
continent;Noun;A2;konitineta
continue;Verb;A2;faaauau pea
continuous;Adjective;B1;lē utuvā
contract;Noun Verb;B2;feagaiga
contrast;Noun Verb;B1;eseesega
contribute;Verb;B2;saofaga
contribution;Noun;B2;saofaga
control;Noun Verb;A2;pule
convenient;Adjective;B1;aogā
conversation;Noun;A1;talanoaga
convert;Verb;B2;tagata liliu
convince;Verb;B1;faʻatalitonu
convinced;Adjective;B2;faatalitonuina
cook;Verb Noun;A1, A2;kuka
cooker;Noun;A2;cooker
cooking;Noun;A1;kuka
cool;Adjective, Verb;A1, B1;sekia
copy;Noun Verb;A2;ata
core;Noun Adjective;B2;autū
corner;Noun;A2;tulimanu
corporate;Adjective;B2;ua tuufaatasia faaletulafono
correct;Adjective Verb;A1;saʻo
correctly;Adverb;A2;saʻo
cost;Noun Verb;A1;tau
costume;Noun;B1;pea
cottage;Noun;B1;falevali
cotton;Noun;B1;vavae
could;Verb;A1;mafai ona
council;Noun;B2;fono
count;Verb Noun;A2, B1;faitau
country;Noun;A1;fanua
countryside;Noun;B1;nuu maotua
county;Noun;B2;itumalo
couple;Noun;A2;lua
courage;Noun;B2;lototele
course;Noun;A1;moni
court;Noun;B1;faʻamasinoga
cousin;Noun;A1;kasegi
cover;Verb Noun;A2, B1;ufi
covered;Adjective;B1;ufitia
cow;Noun;A1;povi
crash;Noun Verb;B2;pa'ū
crazy;Adjective;A2;valea
cream;Noun Adjective;A1, B1;kulimi
create;Verb;A1;faia
creation;Noun;B2;foafoaga
creative;Adjective;A2;fatufua
creature;Noun;B2;tagata
credit;Noun Verb;A2, B2;aitalafu
crew;Noun;B2;auvaʻa
crime;Noun;A2;solitulafono
criminal;Noun Adjective;A2, B1;faasolitulafono
crisis;Noun;B2;kiraisi
criterion;Noun;B2;criterion
critic;Noun;B2;faitioga
critical;Adjective;B2;faigatā
criticism;Noun;B2;fāitioga
criticize;Verb;B2;fāitio
crop;Noun;B2;fuata
cross;Verb Noun;A2;satauro
crowd;Noun;A2;motu o tagata
crowded;Adjective;A2;lolofi
crucial;Adjective;B2;taua
cruel;Adjective;B1;sāuā
cry;Verb Noun;A2, B2;alaga
cultural;Adjective;B1;faaleaganuu
culture;Noun;A1;aganuu
cup;Noun;A1;ipu
cupboard;Noun;A2;pusatū
cure;Verb Noun;B2;fofō
curly;Adjective;A2;galugalu
currency;Noun;B1;tupe 'eseʻese
current;Adjective, Noun;B1, B2;i le taimi nei
currently;Adverb;B1;i le taimi nei
curtain;Noun;B1;pupuni
curve;Noun Verb;B2;piʻoga
curved;Adjective;B2;curved
custom;Noun;B1;māsani
customer;Noun;A1;tagata faʻatau
cut;Verb , Noun;A1, B1;tipi
cycle;Noun Verb;A2, B1;gāsologa
dad;Noun;A1;papa
daily;Adjective, Adverb;A2, B1;i aso taʻitasi
damage;Noun Verb;B1;faʻaleagaina
dance;Noun Verb;A1;sisiva
dancer;Noun;A1;tagata siva
dancing;Noun;A1;siva
danger;Noun;A2;tulaga matautia
dangerous;Adjective;A1;faigatā
dark;Adjective, Noun;A1, A2;uliuli
data;Noun;A2;faʻamatalaga
date;Noun Verb;A1, B2;aso
daughter;Noun;A1;afa'fine
day;Noun;A1;aso
dead;Adjective;A2;oti
deal;Verb Noun;A2, B1;faifaiga
dear;Adjective, exclam;A1, A2;pele
death;Noun;A2;oti
debate;Noun Verb;B2;felafolafoaʻiga
debt;Noun;B2;aitalafu
decade;Noun;B1;tausaga e sefulu
December;Noun;A1;Tesema
decent;Adjective;B2;āmiolelei
decide;Verb;A1;filifili
decision;Noun;A2;faaiuga
declare;Verb;B2;taʻu
decline;Verb Noun;B2;palasi
decorate;Verb;B1;teteu
decoration;Noun;B2;teuteuga
decrease;Verb Noun;B2;faaitiitia
deep;Adjective, Adverb;A2, B1;loloto
deeply;Adverb;B2;loloto
defeat;Verb Noun;B2;toʻilalo
defence;Noun;B2;puipuiga
defend;Verb;B2;puipui
define;Verb;B1;faʻamanino
definite;Adjective;B1;manino
definitely;Adverb;A2;moni lava
definition;Noun;B1;faamatalaga
degree;Noun;A2;tikerī
delay;Verb Noun;B2;tuai
deliberate;Adjective;B2;māfaufauina
deliberately;Adverb;B2;ma le loto 'i ai
delicious;Adjective;A1;mānaia
delight;Verb Noun;B2;fiafia
delighted;Adjective;B2;fiafia
deliver;Verb;B1;laveai
delivery;Noun;B2;laveaʻiina
demand;Noun Verb;B2;matuā manaʻo
demonstrate;Verb;B2;faaalia
dentist;Noun;A2;fōmaʻi faʻinifo
deny;Verb;B2;faafitia
department;Noun;A2;matagaluega
departure;Noun;B1;tuʻumuli
depend;Verb;A2;faʻalagolago
depressed;Adjective;B2;faanoanoa
depressing;Adjective;B2;lofituina
depth;Noun;B2;loloto
describe;Verb;A1;faʻamatala
description;Noun;A1;faʻamatalaga
desert;Noun Verb;A2, B2;toafa
deserve;Verb;B2;tatau ona
design;Noun Verb;A1;mamanu
designer;Noun;A2;tagata mamanu
desire;Noun Verb;B2;naunau
desk;Noun;A1;laulau tusitusi
desperate;Adjective;B2;atuatuvale
despite;prep;B1;e ui lava i
destination;Noun;B1;taunuʻuga
destroy;Verb;A2;faaumatia
detail;Noun Verb;A1, B2;auiliili
detailed;Adjective;B2;auiliili
detect;Verb;B2;maua
detective;Noun;A2;leoleo nanā
determine;Verb;B1;fuafua
determined;Adjective;B1;naunau
develop;Verb;A2;tuputupu aʻe
development;Noun;B1;tuputupu aʻe
device;Noun;A2;togafiti
diagram;Noun;B1;fāufauga leaga
dialogue;Noun;A1;talanoaga
diamond;Noun;B1;taimane
diary;Noun;A2;tusi aso
dictionary;Noun;A1;lolomi fefiloi
die;Verb;A1;oti
diet;Noun;A1;meaʻai
difference;Noun;A1;eseʻesega
different;Adjective;A1;ese
differently;Adverb;A2;ese
difficult;Adjective;A1;faigatā
difficulty;Noun;B1;faigatā
dig;Verb;B2;oso
digital;Adjective;A2;faafuainumera
dinner;Noun;A1;aiga
direct;Adjective, Verb Adverb;A2, B1;tonu
direction;Noun;A2;ala
directly;Adverb;B1;tuusao
director;Noun;A2;faatonu
dirt;Noun;B1;eleʻele
dirty;Adjective;A1;eleʻelea
Dis Adverbantage;Noun;B1;aoaiga Adverbantage
disagree;Verb;A2;faʻatauteʻe
disappear;Verb;A2;mou
disappointed;Adjective;B1;fiafia
disappointing;Adjective;B1;fiafia i le
disaster;Noun;A2;mala
disc;Noun;B2;tisiketi
discipline;Noun;B2;aʻoaʻiga
discount;Noun Verb;B1, B2;taugōfie
discover;Verb;A2;maua
discovery;Noun;A2;mauaga
discuss;Verb;A1;talanoaina
discussion;Noun;A2;talanoaga
disease;Noun;A2;maʻi
dish;Noun;A1;tānoa
dishonest;Adjective;B2;faʻatogafiti
dislike;Verb Noun;B1;fiafia
dismiss;Verb;B2;faʻateʻaina
display;Verb Noun;B2;fāʻali
distance;Noun;A2;mamao
distribute;Verb;B2;tufa
distribution;Noun;B2;faʻasoaga
district;Noun;B2;itumalo
divide;Verb Noun;B1, B2;vavae
division;Noun;B2;vāega
divorced;Adjective;A2;tetea
do;Verb auxiliary verb;A1;fai
doctor;Noun;A1;fōmaʻi
document;Noun Verb;A2, B2;pepa
documentary;Noun;B1;pepa aloaia
dog;Noun;A1;maile
dollar;Noun;A1;tala
domestic;Adjective;B2;totonu o le atunuu
dominate;Verb;B2;O pulea e
donate;Verb;B1;lafo
door;Noun;A1;faitotoʻa
double;Adjective det. proNoun Verb , Adverb;A2, B1;faʻalua
doubt;Noun Verb;B1;masalosalo
down;Adverb Prep;A1;ifo
download;Verb Noun;A2;download
downstairs;Adverb , Adjective;A1, A2;fogafale i lalo
downwards;Adverb;B2;ifo agai i lalo
dozen;Noun det;B2;tāseni
draft;Noun Verb;B2;ata faataitai o
drag;Verb;B2;tolo
drama;Noun;A2;tirama
dramatic;Adjective;B2;maoae
draw;Verb;A1;tusi
drawing;Noun;A2;tusiata
dream;Noun Verb;A2;miti
dress;Noun Verb;A1;ofu
dressed;Adjective;B1;laei
drink;Noun Verb;A1;inu
drive;Verb Noun;A1, A2;ave
driver;Noun;A1;avetaʻavale
driving;Noun;A2;taavale
drop;Verb Noun;A2, B1;pa'ū
drug;Noun;A2;vailāʻau
drum;Noun;B1;talipalau
drunk;Adjective;B1;ōnā
dry;Adjective, Verb;A2;mago
due;Adjective;B1;ua tatau ona totogi
during;prep;A1;aʻo
dust;Noun;B1;pefu
duty;Noun;B1;tiute
DVD;Noun;A1;DVD
each;det./proNoun/Adverb;A1;taʻitasi
ear;Noun;A1;taliga
early;Adjective Adverb;A1;vave
earn;Verb;A2;maua
earth;Noun;A2;lalolagi
earthquake;Noun;B1;mafuiʻe
easily;Adverb;A2;faigofie
east;Noun Adjective Adverb;A1;sase
eastern;Adjective;B1;i sasaʻe
easy;Adjective;A1;faigofie
eat;Verb;A1;ai
economic;Adjective;B1;tamaoaiga
economy;Noun;B1;ekonomi
edge;Noun;B1;mata
edit;Verb;B2;faʻatonutonu
edition;Noun;B2;lomiga
editor;Noun;B1;faʻatonu
educate;Verb;B1;aʻoaʻo
educated;Adjective;B1;aoaoina
education;Noun;A2;aʻoga
educational;Adjective;B1;faaleaoaoga
effect;Noun;A2;aafiaga
effective;Adjective;B1;lelei
effectively;Adverb;B1;lelei
efficient;Adjective;B2;faimeamāeʻa
effort;Noun;B1;taumafaiga
egg;Noun;A1;fua
eight;number;A1;valu
eighteen;number;A1;sefulu ma le valu
eighty;number;A1;valu sefulu
either;det./proNoun Adverb;A2;pe
elderly;Adjective;B2;matutua
elect;Verb;B2;filifilia
election;Noun;B1;filifiliga
electric;Adjective;A2;uila
electrical;Adjective;A2;eletise
electricity;Noun;A2;uila
electronic;Adjective;A2;faaeletoroni
element;Noun;B1;tōtōga
elephant;Noun;A1;elefane
eleven;number;A1;sefulu ma le tasi
else;Adverb;A1;isi
elsewhere;Adverb;B2;o se isi nofoaga
email;Noun Verb;A1;imeli
embarrassed;Adjective;B1;maasiasi
embarrassing;Adjective;B1;faʻamāsiasi
emerge;Verb;B2;onoono aʻe
emergency;Noun;B1;faalavelave faafuasei
emotion;Noun;B1;lagona loloto
emotional;Adjective;B2;lagona loloto
emphasis;Noun;B2;mamafa
emphasize;Verb;B2;faamamafa
employ;Verb;A2;faafaigaluegaina
employee;Noun;A2;tagata faigaluega
employer;Noun;A2;galuega
employment;Noun;B1;gāluega
empty;Adjective, Verb;A2, B1;sasaa
enable;Verb;B2;mafai ai ona
encounter;Verb Noun;B2;fetaiaʻiga
encourage;Verb;B1;uunaia
end;Noun Verb;A1;faaiuga
ending;Noun;A2;faaiuina
enemy;Noun;B1;fili
energy;Noun;A2;malosi
engage;Verb;B2;auai
engaged;Adjective;B1;auai
engine;Noun;A2;afi
engineer;Noun;A2;enisinia
engineering;Noun;B1;inisinia
enhance;Verb;B2;faaleleia
enjoy;Verb;A1;fiafia
enormous;Adjective;A2;matuā tele
enough;det. proNoun Adverb;A1;lava
enquiry;Noun;B2;fesili
ensure;Verb;B2;mautinoa
enter;Verb;A2;ulu
entertain;Verb;B1;faʻafiafia
entertainment;Noun;B1;faafiafiaga
enthusiasm;Noun;B2;māʻelegā tele
enthusiastic;Adjective;B2;maʻemaʻe
entire;Adjective;B2;atoa
entirely;Adverb;B2;atoʻatoa
entrance;Noun;B1;faitotoʻa
entry;Noun;B1;ulufalega
environment;Noun;A2;siosiomaga
environmental;Adjective;B1;le siosiomaga
episode;Noun;B1;mea na tupu
equal;Adjective, Verb Noun;B1, B2;tutusa
equally;Adverb;B1;tutusa
equipment;Noun;A2;meafaigaluega
error;Noun;A2;sesē
escape;Verb Noun;B1;sao
especially;Adverb;A2;aemaise lava
essay;Noun;A2;tala
essential;Adjective;B1;tāua
establish;Verb;B2;faavaeina
estate;Noun;B2;esetete
estimate;Verb Noun;B2;faʻatatau
ethical;Adjective;B2;tauleleia
euro;Noun;A1;euro
evaluate;Verb;B2;iloilo
even;AdVerb Adjective;A1, B2;e oo lava i
evening;Noun;A1;afiafi
event;Noun;A1;mea na tupu
eventually;Adverb;B1;na iu lava ina
ever;Adverb;A1;lava
every;det;A1;uma
everybody;proNoun;A1;taʻitoʻatasi 'uma
everyday;Adjective;A2;aso uma
everyone;proNoun;A1;tagata uma
everything;proNoun;A1;mea uma
everywhere;Adverb;A2;i soo se mea
evidence;Noun;A2;faamatalaga molimau
evil;Adjective, Noun;B2;leaga
exact;Adjective;A2;tonu
exactly;Adverb;A2;tonu
exam;Noun;A1;suʻega
examination;Noun;B2;suʻega
examine;Verb;B1;suʻesuʻe
example;Noun;A1;faataitaiga
excellent;Adjective;A2;e sili ona lelei
except;prep, conj;A2, B1;SEI
exchange;Noun Verb;B1;fesuiaʻi
excited;Adjective;A1;fiafia
excitement;Noun;B1;vevesi
exciting;Adjective;A1;faʻavevesi
excuse;Noun Verb;B2;ma se mafuaaga
executive;Noun Adjective;B2;taitai o le
exercise;Noun Verb;A1;faatinoina
exhibition;Noun;B1;fāʻaliga
exist;Verb;A2;ola
existence;Noun;B2;ai
expand;Verb;B1;faʻasalafa
expect;Verb;A2;faamoemoe
expectation;Noun;B2;faʻataliga
expected;Adjective;B1;faamoemoe
expedition;Noun;B1;osofaʻiga
expense;Noun;B2;tupe alu
expensive;Adjective;A1;totogi tele
experience;Noun Verb;A2, B1;aafiaga
experienced;Adjective;B1;le poto masani
experiment;Noun Verb;A2, B1;tofotofoga
expert;Noun Adjective;A2;tagata poto
explain;Verb;A1;faamatala
explanation;Noun;A2;faʻamatalaga
explode;Verb;B1;pā
exploration;Noun;B2;suʻega
explore;Verb;B1;suʻe
explosion;Noun;B1;faʻapā
export;Noun Verb;B1;faʻatau atu
expose;Verb;B2;tau faʻaseʻe
express;Verb;A2;manino
expression;Noun;A2;faaupuga
extend;Verb;B2;faalautele
extent;Noun;B2;tulaga
external;Adjective;B2;ese
extra;Adjective, Noun Adverb;A1, B1;faʻaopoopo
extraordinary;Adjective;B2;ese lava
extreme;Adjective, Noun;A2, B2;pito mamao
extremely;Adverb;A2;lava
eye;Noun;A1;mata
face;Noun Verb;A1, B1;mata
facility;Noun;B2;nofoaga
fact;Noun;A1;mea moni
factor;Noun;A2;vala
factory;Noun;A2;fale gaosimea
fail;Verb;A2;Tuua
failure;Noun;B2;iʻuvale
fair;Adjective;A2;tonu
fairly;Adverb;B1;sagatonu
faith;Noun;B2;faʻatuatua
fall;Verb Noun;A1, A2;pauu
FALSE;Adjective;A1;SESÉ
familiar;Adjective;B1;masani
family;Noun Adjective;A1;aiga
famous;Adjective;A1;taʻutaʻua
fan;Noun;A2;ili
fancy;Verb Adjective;B1;manaia
fantastic;Adjective;A1;māfaufau
far;Adverb , Adjective;A1, B1;mamao
farm;Noun Verb;A1, A2;faʻatoʻaga
farmer;Noun;A1;faifaʻatoʻaga
farming;Noun;A2;faʻatoʻaga
fascinating;Adjective;B1;mālie
fashion;Noun;A2;āʻega
fashionable;Adjective;B1;mananaia
fast;Adjective, Adverb;A1;anapogi
fasten;Verb;B1;faʻamau
fat;Adjective, Noun;A1, A2;gaʻo
father;Noun;A1;tama
fault;Noun;B2;sesē
favour;Noun Verb;B1, B2;alofagia
favourite;Adjective, Noun;A1;pele
fear;Noun Verb;A2, B1;fefe
feather;Noun;B2;fulu
feature;Noun Verb;A2, B1;fōliga
February;Noun;A1;Fepuari
fee;Noun;B2;totogi
feed;Verb Noun;A2, B2;feed
feedback;Noun;B2;manatu faaalia
feel;Verb Noun;A1, B2;lagona
feeling;Noun;A1;lagona
fellow;Adjective;B2;uso
female;Adjective, Noun;A2;fafine
fence;Noun;B1;pā
festival;Noun;A1;fiafia
few;det./Adjective, proNoun;A1;nai
fiction;Noun;A2;talafatu
field;Noun;A2;laufanua
fifteen;number;A1;sefulu ma le lima
fifth;number;A1;tulaga lima
fifty;number;A1;lima sefulu
fight;Verb Noun;A2;tau
fighting;Noun;B1;tau
figure;Noun Verb;A2, B2;fuainumera
file;Noun Verb;B1, B2;faila
fill;Verb;A1;faatumu
film;Noun Verb;A1, A2;atavili
final;Adjective, Noun;A1, A2;mulimuli
finally;Adverb;A2;mulimuli ane
finance;Noun Verb;B2;totogi
financial;Adjective;B1;tautupe
find;Verb;A1;maua
finding;Noun;B2;sailiiliga
fine;Adjective;A1;lelei
finger;Noun;A2;tamatamai lima
finish;Verb Noun;A1, A2;faʻauma
fire;Noun Verb;A1, B1;afi
firm;Noun;B2;mausali
first;det./number.AdVerb Noun;A1, A2;tulaga tasi
firstly;Adverb;A2;muamua
fish;Noun Verb;A1, A2;iʻa
fishing;Noun;A2;fagota
fit;Verb Adjective;A2;talafeagai
fitness;Noun;B1;fitinesi
five;number;A1;lima
fix;Verb Noun;A2, B2;lipeaina
fixed;Adjective;B1;faatulagaina
flag;Noun;B1;fuʻa
flame;Noun;B2;mumū
flash;Noun Verb;B2;emo
flat;Noun Adjective;A1, A2;fale
flexible;Adjective;B2;vavai
flight;Noun;A1;faʻalele
float;Verb;B2;opeopea
flood;Noun Verb;B1;lolo
floor;Noun;A1;fola
flour;Noun;B1;falaoa
flow;Verb Noun;B1;tafe
flower;Noun;A1;fuga
flu;Noun;A2;fulū
fly;Verb Noun;A1, A2;lele
flying;Noun Adjective;A2;lele
focus;Verb Noun;A2;taulai
fold;Verb Noun;B1, B2;piʻi
folding;Adjective;B2;gaugauina
folk;Noun Adjective;B1;mālō
follow;Verb;A1;mulimuli
following;Adjective, Noun prep;A2, B1, B2;nei
food;Noun;A1;ai
foot;Noun;A1;vae
football;Noun;A1;lakapi
for;prep.;A1;mo
force;NounVerb;B1;malosi
foreign;Adjective;A2;ese
forest;Noun;A2;vao
forever;Adverb;B1;e faavavau
forget;Verb;A1;galo
forgive;Verb;B2;faʻamāgalo
fork;Noun;A2;tui
form;NounVerb;A1;faiga
formal;Adjective;A2;aloaia
former;Adjective;B2;anamua
fortunately;Adverb;A2;amuʻia
fortune;Noun;B2;tupe tele
forty;number;A1;fasefulu
forward;AdVerb Adjective;A2, B2;i luma
found;Verb;B2;maua
four;number;A1;fā
fourteen;number;A1;sefulu mal le fa
fourth;number;A1;tulaga fa
frame;NounVerb;B1;tino
free;Adjective, AdVerb Verb;A1,A2,B2;saʻoloto
freedom;Noun;B2;saʻolotoga
freeze;Verb;B1;faʻaʻaisa
frequency;Noun;B2;faisoʻoga
frequently;Adverb;B1;soʻo
fresh;Adjective;A2;fou
Friday;Noun;A1;Aso Faralie
fridge;Noun;A2;pusa aisa
friend;Noun;A1;uō
friendly;Adjective;A1;faʻaleuō
friendship;Noun;B1;faigāuō
frighten;Verb;B1;faʻamataʻu
frightened;Adjective;B1;fefefe
frightening;Adjective;B1;taufaafefe
frog;Noun;A2;rane
from;prep;A1;mai
front;Noun Adjective;A1;o luma
frozen;Adjective;B1;faʻaʻaisa
fruit;Noun;A1;fua
fry;Verb;B1;falai
fuel;Noun Verb;B1, B2;penisini
full;Adjective;A1;tumu
fully;Adverb;B2;atoatoa
fun;Noun Adjective;A1, A2;fiafia
function;Noun Verb;B1, B2;galuega tauave
fund;Noun Verb;B2;faaputugatupe
fundamental;Adjective;B2;faavae
funding;Noun;B2;faatupeina
funny;Adjective;A1;ese
fur;Noun;B1;fulufulu
furniture;Noun;A2;meāfale
further;Adjective, Adverb;A2, B1;atili
furthermore;Adverb;B2;le gata i
future;Noun Adjective;A1, A2;lumanaʻi
gain;Verb Noun;B2;maua
gallery;Noun;A2;saofaga
game;Noun;A1;taaloga
gang;Noun;B2;au
gap;Noun;A2;avanoa
garage;Noun;B1;fale taʻavale
garden;Noun;A1;faatoaga
gas;Noun;A2;kasa
gate;Noun;A2;faitotoʻa
gather;Verb;B1;aofaga
general;Adjective;A2;lautele
generally;Adverb;B1;lautele
generate;Verb;B2;gaosi
generation;Noun;B1;tupulaga
generous;Adjective;B1;agaalofa
genre;Noun;B2;genre
gentle;Adjective;B1;malū
gentleman;Noun;B1;aliʻi
geography;Noun;A1;iloa fanua
get;Verb;A1;Mauaina
ghost;Noun;B1;aitu
giant;Adjective, Noun;B1;tagata tinoʻese
gift;Noun;A2;meaalofa
girl;Noun;A1;teine
girlfriend;Noun;A1;pāʻaga
give;Verb;A1;aumai
glad;Adjective;B1;fiafia
glass;Noun;A1;tioata
global;Adjective;B1;faʻalelalolagi
glove;Noun;B1;tōtini lima
go;Verb Noun;A1, B1;eo atu
goal;Noun;A2;tini
God;Noun;A2;Atua
gold;Noun Adjective;A2;auro
golf;Noun;A2;kolifi
good;Adjective, Noun;A1, A2;lelei
goodbye;exclam. Noun;A1;tofa
goods;Noun;B1;oloa
govern;Verb;B2;pulea
government;Noun;A2;malo
grab;Verb;B2;uʻu
grade;Noun Verb;B1, B2;vasega
gradually;Adverb;B2;mālie
graduate;Noun Verb;B1;faʻauma le aʻoaʻoga
grain;Noun;B1;fatu
grand;Adjective;B2;sili
grandfather;Noun;A1;tanē o le tinā
grandmother;Noun;A1;tinā o le tinā
grandparent;Noun;A1;matua o matua
grant;Verb Noun;B2;tuuina atu
grass;Noun;A2;mutia
grateful;Adjective;B1;faafetai
great;Adjective;A1;matagofie
green;Adjective, Noun;A1;lanu meamata
greet;Verb;A2;faʻatālofa
grey;Adjective, Noun;A1;lanu efuefu
ground;Noun;A2;eleʻele
group;Noun;A1;vasega
grow;Verb;A1;tupu
growth;Noun;B1;tuputupu aʻe
guarantee;Verb Noun;B2;mautinoa
guard;Noun Verb;B1;tagata leoleo
guess;Verb Noun;A1;mate
guest;Noun;A2;mālō
guide;Noun Verb;A2;taiala
guilty;Adjective;B1;agasala
guitar;Noun;A1;kītala
gun;Noun;A2;fana
guy;Noun;A2;alii
gym;Noun;A1;faamalositino
habit;Noun;A2;mausa
hair;Noun;A1;lauulu
half;Noundet.proNoun, Adverb;A1, A2;afa
hall;Noun;A2;potu tele
hand;Noun Verb;A1, B1;lima
handle;Verb Noun;B2;au
hang;Verb;B1;tau
happen;Verb;A1;tupu
happily;Adverb;A2;fiafia
happiness;Noun;B1;fiafia
happy;Adjective;A1;fiafia
hard;Adjective, Adverb;A1;faigatā
hardly;Adverb;B1;tau lē
harm;Noun Verb;B2;leaga
harmful;Adjective;B2;leaga
hat;Noun;A1;pūlou
hate;Verb Noun;A1, B1;inoino
have;Verb auxiliary Verb;A1, A2;iai
have to modal;Verb;A1;ona e modal
he;proNoun;A1;ia
head;Noun Verb;A1, B1;ulu
headache;Noun;A2;ulu tīgā
headline;Noun;B1;talatomua
health;Noun;A1;soifua maloloina
healthy;Adjective;A1;mālōlōina
hear;Verb;A1;faʻalogo
hearing;Noun;B2;faamasinoga
heart;Noun;A2;fatu
heat;Noun Verb;A2;vevela
heating;Noun;B1;faʻavevela
heaven;Noun;B2;lagi
heavily;Adverb;B1;malosi
heavy;Adjective;A2;mamafa
heel;Noun;B2;mulivae
height;Noun;A2;maualuga
helicopter;Noun;B1;elikopita
hell;Noun;B2;seoli
hello;exclam./Noun;A1;talofa
help;Verb Noun;A1;fesoasoani
helpful;Adjective;A2;fesoasoani
her;proNoundet;A1;lana
here;Adverb;A1;iinei
hero;Noun;A2;toa
hers;proNoun;A2;tinamatua
herself;proNoun;A2;o ia lava
hesitate;Verb;B2;faatuai
hey;exclam;A1;Ei
hi;exclam;A1;malo
hide;Verb;A2;paʻu
high;Adjective, AdVerb Noun;A1, A2, B2;maualuga
highlight;Verb Noun;B1;faatumutumuga
highly;Adverb;B1;maualuga
hill;Noun;A2;mauga
him;proNoun;A1;ia
himself;proNoun;A2;o ia lava
hire;Verb Noun;B1, B2;totogi
his;det. proNoun;A1, A2;lana
historic;Adjective;B1;faʻasolopito
historical;Adjective;B1;talafaasolopito
history;Noun;A1;talafaasolopito
hit;Verb Noun;A2;lavea
hobby;Noun;A1;mausa
hockey;Noun;A2;hockey
hold;Verb Noun;A2, B2;olo
hole;Noun;A2;lua
holiday;Noun;A1;aso mālōlō
hollow;Adjective;B2;aupū
holy;Adjective;B2;paʻia
home;Noun AdVerb Adjective;A1, A2;aiga
homework;Noun;A1;aʻoaʻoga i le 'āiga
honest;Adjective;B1;faʻamaoni
honour;Noun Verb;B2;mamalu
hope;Verb Noun;A1, A2;faamoemoe
horrible;Adjective;B1;mataʻutia
horror;Noun;B1;maniti
horse;Noun;A1;solofanua
hospital;Noun;A1;falemaʻi
host;Noun Verb;B1, B2;matai
hot;Adjective;A1;vevela
hotel;Noun;A1;fale talimālō
hour;Noun;A1;itula
house;Noun Verb;A1, B2;fale
household;Noun;B2;āiga
housing;Noun;B2;fale
how;Adverb;A1;auala
however;Adverb;A1;Peitai
huge;Adjective;A2;lāpoʻa
human;Adjective, Noun;A2;tagata
humorous;Adjective;B2;tausua
humour;Noun;B2;tausua
hundred;number;A1;selau
hungry;Adjective;A1;fia 'ai
hunt;Verb Noun;B1, B2;tuli
hunting;Noun;B2;tulimanu
hurricane;Noun;B1;afā
hurry;Noun Verb;B1;tili
hurt;Verb Adjective Noun;A2, B2;tiga
husband;Noun;A1;tane
I;proNoun;A1;ou
ice;Noun;A1;aisa
ice cream;Noun;A1;aisi kulimi
idea;Noun;A1;manatu
ideal;Adjective , Noun;A2, B2;manatu sili
identify;Verb;A2;faailoa
identity;Noun;B1;faasinomaga
if;conj.;A1;ana
ignore;Verb;B1;lē 'amanaʻia
ill;Adjective;A2;maʻi
illegal;Adjective;B1;lē tusa ma le tulāfono
illness;Noun;A2;gasegase
illustrate;Verb;B2;faapupula
illustration;Noun;B2;ata
image;Noun;A2;faʻatusa
imaginary;Adjective;B1;faʻafāgogo
imagination;Noun;B2;māfaufauga
imagine;Verb;A1;vaai faalemafaufau
immediate;Adjective;B1;vave
immediately;Adverb;A2;loa
immigrant;Noun;B1;imikirati
impact;Noun Verb;B1;aafiaga
impatient;Adjective;B2;lē 'onosaʻi
imply;Verb;B2;uiga
import;Noun Verb;B1;laʻu mai
importance;Noun;B1;tāua
important;Adjective;A1;tāua
impose;Verb;B2;faaee atu
impossible;Adjective;A2;lē mafai
impress;Verb;B2;faʻamamafa
impressed;Adjective;B2;faagaeetia
impression;Noun;B1;lagona
impressive;Adjective;B1;mālualiʻi
improve;Verb;A1;faaleleia
improvement;Noun;B1;faaleleia
in;prep., Adverb;A1;i
inch;Noun;B2;inisi
incident;Noun;B2;mea na tupu
include;Verb;A1;aofia
included;Adjective;A2;aofia
including;prep.;A2;e aofia ai
income;Noun;B2;tupe maua
increase;Verb Noun;A2;faateleina
increasingly;Adverb;B2;faateleina
incredible;Adjective;A2;lē ma talitonua
incredibly;Adverb;B1;tulagaese
indeed;Adverb;B1;moni lava
independent;Adjective;A2;tutoatasi
indicate;Verb;B1;faailoa
indirect;Adjective;B1;leai
individual;Noun, adj;A2;taʻitasi
indoor;Adjective;B1;i totonu e
indoors;Adverb;B1;totonu o le fale
industrial;Adjective;B2;gaosi mea
industry;Noun;A2;alamanuia
infection;Noun;B2;maʻi
influence;NounVerb;B1;aafiaga
inform;Verb;B2;taʻu atu
informal;Adjective;A2;faivale
information;Noun;A1;faʻamatalaga
ingredient;Noun;B1;tuʻuga
initial;Adjective;B2;āmata
initially;Adverb;B2;muamua
initiative;Noun;B2;manatu faʻatū
injure;Verb;B1;faʻaleaga
injured;Adjective;B1;manua
injury;Noun;A2;manua
inner;Adjective;B2;totonu
innocent;Adjective;B1;mamā
insect;Noun;A2;meaola lāiti
inside;prep.Adverb Noun Adjective;A2;i totonu
insight;Noun;B2;malamalamaaga
insist;Verb;B2;tausisi
inspire;Verb;B2;musuia
install;Verb;B2;faatuina
instance;Noun;B2;se faataitaiga
instead;Adverb;A2;nai lo
institute;Noun;B2;inisitituti
institution;Noun;B2;faalapotopotoga
instruction;Noun;A2;faʻatonuga
instructor;Noun;A2;tagata aʻoaʻo atu
instrument;Noun;A2;meafaigaluega
insurance;Noun;B2;inisiua
intelligence;Noun;B1;atamai
intelligent;Adjective;A2;poto
intend;Verb;B1;māfaufau
intended;Adjective;B2;faamoemoe
intense;Adjective;B2;mālosi
intention;Noun;B1;faʻamoemoe
interest;Noun Verb;A1;tului
interested;Adjective;A1;fiafia
interesting;Adjective;A1;mālie
internal;Adjective;B2;totonu
international;Adjective;A2;faava o malo
internet;Noun;A1;initaneti
interpret;Verb;B2;faʻamatala
interrupt;Verb;B2;faʻamotu
interview;Noun Verb;A1;talanoaga
into;prep.;A1;i
introduce;Verb;A1;faalauiloa
introduction;Noun;A2;faʻatomuaga
invent;Verb;A2;fafauina
invention;Noun;A2;mauaga
invest;Verb;B1;totogi
investigate;Verb;B1;suʻe
investigation;Noun;B2;iloiloga
investment;Noun;B2;o tupe teu faafaigaluega
invitation;Noun;A2;valaaulia
invite;Verb;A2;valaaulia
involve;Verb;A2;aʻafia
involved;Adjective;B1;aafia
iron;Noun Verb;B1;uʻamea
island;Noun;A1;motu
issue;Noun, Verb;B1, B2;mataupu
IT;Noun;B1;UA
it;proNoun;A1;na
item;Noun;A2;mea
its;det.;A1;lona
itself;proNoun;A2;lava
jacket;Noun;A1;peleue
jam;Noun;A2;siamu
January;Noun;A1;Ianuari
jazz;Noun;A2;jazz
jeans;Noun;A1;jeans
jewellery;Noun;A2;auro
job;Noun;A1;gāluega
join;Verb;A1;auai
joke;Noun Verb;A2;ulaga
journal;Noun;B1;api o talaaga
journalist;Noun;A2;tusitala mo tusi masina
journey;Noun;A1;malaga
joy;Noun;B2;fiafiaga
judge;Noun Verb;B1;faʻamasino
judgement;Noun;B2;faamasinoga
juice;Noun;A1;sua
July;Noun;A1;Iuli
jump;Verb Noun;A2;oso
June;Noun;A1;Iuni
junior;Adjective;B2;tauleʻaleʻa
just;Adverb;A1;tonu
justice;Noun;B2;faamasinoga tonu
justify;Verb;B2;faʻavala
keen;Adjective;B1;naunautai
keep;Verb;A1;tausia
key;Noun, Adjective Verb;A1, B1;autu
keyboard;Noun;B1;pīano
kick;Verb Noun;B1;aʻa
kid;Noun;A2;tamaitiiti
kill;Verb;A2;fasioti tagata
killing;Noun;B1;fasiotiga
kilometre;Noun;A1;kilomita
kind(type);Noun;A1;ituaiga (ituaiga)
kind(caring);Adjective;B1;ituaiga (alofa)
king;Noun;A2;tupu
kiss;Verb Noun;B1;sogi
kitchen;Noun;A1;umukuka
knee;Noun;A2;tuli
knife;Noun;A2;polo
knock;Verb , Noun;A2, B1;tuʻi
know;Verb;A1;iloa
knowledge;Noun;A2;iloa
lab;Noun;A2;lab
label;Noun Verb;B1;pepa
laboratory;Noun;B1;matāgāluega
labour;Noun;B2;galuega
lack;Noun Verb;B1;leai o
lady;Noun;A2;tamaʻitaʻi
lake;Noun;A2;lano
lamp;Noun;A2;mōlī
land;Noun, Verb;A1, A2;fanua
landscape;Noun;B2;lauʻeleʻele
language;Noun;A1;gagana
laptop;Noun;A2;komepiuta feaveai
large;Adjective;A1;tele
largely;Adverb;B2;tele
last1 (final);det., Adverb n;A1, A2;last1 (mulimuli)
last1 (taking time);Verb;A2;last1 (faaalu o se taimi)
late;Adjective Adverb;A1;tuai
later;Adverb , Adjective;A1, A2;mulimuli ane
latest;Adjective , Noun;B1, B2;pito fou
laugh;Verb Noun;A1;ata
laughter;Noun;A2;ata
launch;Verb Noun;B2;tuʻu 'i tai
law;Noun;A2;tulāfono
lawyer;Noun;A2;lōia
lay;Verb;B1;taoto
layer;Noun;B1;laumanifi
lazy;Adjective;A2;paiē
lead;Verb , Noun;A2, B1;taʻimua
leader;Noun;A2;taʻitaʻi
leadership;Noun;B2;taitaiga
leading;Adjective;B1;tau
leaf;Noun;B1;lau
league;Noun;B2;liki
lean;Verb;B2;totoʻo
learn;Verb;A1;aoao
learning;Noun;A2;aoaoina
least;det./proNoun Adverb;A2;aupito itiiti
leather;Noun;B1;paʻu
leave;Verb , Noun;A1, B2;faatagaga
lecture;Noun Verb;A2;tautalaga
left;Adjective Adverb Verb;A1;taumatau
leg;Noun;A1;vae
legal;Adjective;B1;faaletulafono
leisure;Noun;B1;taimi pāganoa
lemon;Noun;A2;tīpolo patupatu
lend;Verb;A2;une
length;Noun;B1;umi
less;det./pro Noun Adverb;A2;itiiti
lesson;Noun;A1;lesona
let;Verb;A1;ia
letter;Noun;A1;tusi
level;Noun, Adjective , Verb;A2, B1, B2;tūlaga
library;Noun;A1;fale faitautusi
licence;Noun;B2;laisene
lie;Verb;A1;pepelo
lie;Verb Noun;B2;pepelo
life;Noun;A1;ola
lifestyle;Noun;A2;olaga
lift;Verb;Noun;siʻi
light (from the sun/a lamp);Noun Adverb , Verb;A1, A2;malamalama (mai le la / a lamepa)
light (not heavy);Adjective;A2;malamalama (e le mamafa)
like (similar);prep.;A1;e pei o (faapena)
like (find sb/sth pleasant);Verb , n;A1, B1;e pei o (maua sb / sth manaia)
Noun;B1; ;nauna
likely;Adjective;A2;lava
limit;Noun Verb;B1;tapulaʻa
limited;Adjective;B2;faatapulaaina
line;Noun, Verb;A1, B2;laina
link;Noun Verb;A2;fesoʻotaʻiga
lion;Noun;A1;liona
lip;Noun;B1;laugutu
liquid;Noun Adjective;B1;sua
list;Noun Verb;A1;lisi
listen;Verb;A1;faalogo
listener;Noun;A2;aufaʻalogologo
literature;Noun;B1;tusitusi
little;Adjective det./proNoun, Adverb;A1, A2;itiiti
live1;Verb;A1;live1
live2;Adjective Adverb;B1;live2
lively;Adjective;B2;malaulau
living;Adjective Noun;B1;ola
load;Noun Verb;B2;laʻu
loan;Noun;B2;nonogatupe
local;Adjective , Noun;A1, B1;i le lotoifale
locate;Verb;B1;mauaina
located;Adjective;B1;o lo oi
location;Noun;B1;nofoaga
lock;Verb Noun;A2;loka
logical;Adjective;B2;losika
lonely;Adjective;B1;faʻaʻesea
long;Adjective Adverb;A1;umi
long-term;Adjective Adverb;B2;taimi umi
look;Verb , Noun;A1, A2;vaai
loose;Adjective;B2;tatalaina
lord;Noun;B2;aliʻi
lorry;Noun;A2;loli
lose;Verb;A1;aveesea
loss;Noun;B1;leiloa
lost;Adjective;A2;leiloa
lot;proNoun det. Adverb;A1;anoano
loud;Adjective Adverb;A2;leotele
loudly;Adverb;A2;leotele
love;Noun Verb;A1;alofa
lovely;Adjective;A2;mānaia
low;Adjective Adverb , n;A2, B2;maulalo
lower;Verb;B2;maualalo teisi
luck;Noun;A2;laki
lucky;Adjective;A2;manuia
lunch;Noun;A1;aiga o le aoauli
lung;Noun;B2;māmā
luxury;Noun;B1;faʻamāfanafanaga
machine;Noun;A1;masini
mad;Adjective;B1;valea
magazine;Noun;A1;tusiata
magic;Noun Adjective;B1;mana faʻataulāitu
mail;Noun Verb;A2;meli
main;Adjective;A1;tele
mainly;Adverb;B1;lautele
maintain;Verb;B2;tausi
major;Adjective;A2;tetele
majority;Noun;B2;toʻatele
make;Verb , Noun;A1, B2;e faia
male;Adjective Noun;A2;tane
mall;Noun;B1;faʻatau
man;Noun;A1;tagata
manage;Verb;A2;pulea
management;Noun;B1;pulega
manager;Noun;A2;pule
manner;Noun;A2;faiga
many;det./proNoun;A1;tele
map;Noun, Verb;A1, B2;faafanua
March;Noun;A1;Mati
mark;Verb Noun;A2;togi
market;Noun, Verb;A1, B1;māketi
marketing;Noun;B1;maketiina
marriage;Noun;B1;faʻaipoipoga
married;Adjective;A1;faaipoipo
marry;Verb;A2;faaipoipo
mass;Noun Adjective;B2;anoano
massive;Adjective;B2;lāpoʻa
master;Noun Verb;B2;aliʻi
match (contest/correspond);Noun Verb;A1;afitusi (tauvaga / tutusa)
matching;Adjective;B2;fetaui
material;Noun, Adjective;A2, B2;mea
mathematics;Noun;A2;fika
maths;Noun;A2;Matematika
matter;Noun Verb;A2;mataupu
maximum;Adjective Noun;B2;aupito tele
May;Noun;A1;Mae
may modal;Verb;A2;mafai modal
maybe;Adverb;A1;atonu
me;proNoun;A1;ou
meal;Noun;A1;aiga
mean;Verb;A1;agaleaga
meaning;Noun;A1;uiga
means;Noun;B2;auala
meanwhile;Adverb;B1;i lea lava taimi
measure;Verb Noun;B1;fua
measurement;Noun;B2;fuafuaga
meat;Noun;A1;aano o manu
media;Noun;A2;ala o faasalalauga
medical;Adjective;A2;faafomai
medicine;Noun;A2;vailaʻau
medium;Adjective , Noun;B1, B2;feoloolo
meet;Verb;A1;feiloaʻi
meeting;Noun;A1;fonotaga
melt;Verb;B2;usi
member;Noun;A1;tagata
memory;Noun;A2;manatua
mental;Adjective;B1;mafaufau
mention;Verb , Noun;A2, B1;taʻua
menu;Noun;A1;menu
mess;Noun Verb;B1;gasu
message;Noun;A1;feʻau
metal;Noun;A2;uʻamea
method;Noun;A2;faiga
metre;Noun;A1;mita
middle;Noun Adjective;A2;moa
midnight;Noun;A1;tautuluaga
might modal;Verb;A2;mafai modal
mild;Adjective;B1;malū
mile;Noun;A1;maila
military;Adjective Noun;B2;militeli
milk;Noun;A1;susu
million number; ;A1;miliona numera
mind;Noun Verb;A2;mafaufau
mine (belongs to me);proNoun;A2;loʻu (ea ia te aʻu)
mine (hole in the ground);Noun;B1;loʻu (pu i le eleele)
mineral;Noun;B2;maʻa
minimum;Adjective Noun;B2;aupito itiiti
minister;Noun;B2;faifeʻau
minor;Adjective;B2;laiti
minority;Noun;B2;toʻaitiiti
minute;Noun;A1;minute
mirror;Noun;A2;fāʻata
miss;Verb;A1;ela
missing;Adjective;A2;misi
mission;Noun;B2;misiona
mistake;Noun, Verb;A1, B2;sesē
mix;Verb Noun;B1;fefiloi
mixed;Adjective;B2;fefiloi
mixture;Noun;B1;paluga
mobile;Adjective Noun;A2;ma gāeʻe
model;Noun, Verb;A1, B2;faʻataʻitaʻiga
modern;Adjective;A1;po nei
modify;Verb;B2;faʻafetaui
moment;Noun;A1;taimi
Monday;Noun;A1;Aso Gafua
money;Noun;A1;tupe
monitor;Noun Verb;B2;monito
monkey;Noun;A2;manukī
month;Noun;A1;masina
mood;Noun;B1;lotoita
moon;Noun;A2;masina
moral;Adjective Noun;B2;tatau
more;det./proNoun Adverb;A1;nisi
morning;Noun;A1;taeao
most;det./proNoun Adverb;A1;aupito
mostly;Adverb;A2;o le tele lava
mother;Noun;A1;tina
motor;Noun Adjective;B2;afi
motorcycle;Noun;A2;motosika
mount;Verb;B2;mauga
mountain;Noun;A1;mauga
mouse;Noun;A1;isumu
mouth;Noun;A1;gutu
move;Verb , Noun;A1, B1;sōsō
movement;Noun;A2;gāoioiga
movie;Noun;A1;tīfaga
much;det./proNoun Adverb;A1;tele
mud;Noun;B1;palapala
multiple;Adjective;B2;mātalasi
multiply;Verb;B2;faatoateleina
mum;Noun;A1;tina
murder;NounVerb;B1;fasioti tagata
muscle;Noun;B1;ogāgase
museum;Noun;A1;falemātaʻaga
music;Noun;A1;pese
musical;Adjective , Noun;A2, B1;taupese
musician;Noun;A2;tagata tālāʻau
must modal;Verb;A1;e tatau ona modal
my;det.;A1;loʻu
myself;proNoun;A2;aʻu lava
mysterious;Adjective;B2;faʻaninimo
mystery;Noun;B1;mea e lē ma faʻamatalaina
nail;Noun;B1;fao
name;Noun Verb;A1;igoa
narrative;Noun Adjective;B1;faamatalaga
narrow;Adjective , Verb;A2, B2;lauitiiti
nation;Noun;B1;mālō
national;Adjective , Noun;A2, B2;le atunuu
native;Adjective Noun;B1;faʻaleatunuʻu
natural;Adjective;A1;faalenatura
naturally;Adverb;B1;ioe
nature;Noun;A2;natura
near;prep. Adjective Adverb;A1;latalata
nearly;Adverb;A2;toeitiiti
neat;Adjective;B2;fetaui lelei
necessarily;Adverb;B1;talafeagai
necessary;Adjective;A2;tatau
neck;Noun;A2;ua
need;Verb , Noun, modal Verb;A1, A2, B1;manaomia
needle;Noun;B1;au
negative;Adjective , Noun;A1, B2;leaga
neighbour;Noun;A1;tuāʻoi
neighbourhood;Noun;B1;vāiʻaʻai
neither;det./proNoun, Adverb;A2, B1;po o
nerve;Noun;B2;neve
nervous;Adjective;A2;poʻepoʻe
net;Noun;B1;upega
network;Noun;A2;fesootaiga
never;Adverb;A1;aua lava nei
nevertheless;Adverb;B2;e ui i lea
new;Adjective;A1;fou
news;Noun;A1;tala
newspaper;Noun;A1;nusipepa
next;Adjective Adverb , Noun;A1, B1;sosoo ai
next to;prep.;A1;sosoo atu
nice;Adjective;A1;manaia
night;Noun;A1;po
nightmare;Noun;B2;māluʻia
nine;number;A1;iva
nineteen;number;A1;sefulu ma le iva
ninety;number;A1;iva sefulu
no;exclam. det.;A1;leai
no one;proNoun;A1;leai se isi
nobody;proNoun;A1;leai se isi
noise;Noun;A2;pisa
noisy;Adjective;A2;pisa
none;pro Noun;A2;leai se isi
nor;conj./Adverb;B1;po o
normal;Adjective , Noun;A2, B1;māsani ai
normally;Adverb;A2;masani
north;Noun Adjective Adverb;A1;matu
northern;Adjective;B1;mātū
nose;Noun;A1;isu
not;Adverb;A1;lē
note;Noun Verb;A1, B1;tusi
nothing;proNoun;A1;leai se mea
notice;Verb Noun;A2;le faasilasilaga
notion;Noun;B2;manatu
novel;Noun;A2;talafatu
November;Noun;A1;Novema
now;Adverb , conj.;A1, B1;nei
nowhere;Adverb;A2;leai se mea
nuclear;Adjective;B1;atomika
number;Noun, Verb;A1, A2;nūmera
numerous;Adjective;B2;toʻatele
nurse;Noun;A1;teine ​​tausimaʻi
nut;Noun;A2;fualāʻau
obey;Verb;B2;usiusitai
object;Noun Verb;A1, B2;mea
objective;Noun Adjective;B2;faamoemoega
obligation;Noun;B2;noataga
observation;Noun;B2;lafo
observe;Verb;B2;tausia
obtain;Verb;B2;maua
obvious;Adjective;B1;manino
obviously;Adverb;B1;manino
occasion;Noun;B1;aso
occasionally;Adverb;B2;i nisi aso
occur;Verb;B1;tupu
ocean;Noun;A2;vasa
o’clock;Adverb;A1;ta
October;Noun;A1;Okitopa
odd;Adjective;B1;uigaʻese
of;prep.;A1;a
off;Adverb prep.;A1;ese
offence;Noun;B2;solitulafono
offend;Verb;B2;faatausuai
offensive;Adjective;B2;faʻatupuita
offer;Verb Noun;A2;ofo
office;Noun;A1;tofi
officer;Noun;A2;tagata ofisa
official;Adjective , Noun;B1, B2;aloaia
often;Adverb;A1;masani ona
oh;exclam.;A1;oka
oil;Noun;A2;suauu
OK;exclam. Adjective /Adverb;A1;afaina
old;Adjective;A1;matua
old-fashioned;Adjective;B1;le pasiā o sitaili
on;prep. Adverb;A1;i
once;Adverb , conj.;A1, B1;faʻatasi
one;number-det. proNoun;A1;tasi
onion;Noun;A1;aniani
online;Adjective Adverb;A1;luga o le initoneti
only;Adjective Adverb;A1;ae
onto;prep.;A2;i luga o
open;Adjective Verb;A1;tatala
opening;Noun;B2;avanoa
operate;Verb;B2;galue
operation;Noun;B1;faagaoioiga
opinion;Noun;A1;manatu
opponent;Noun;B2;pāga
opportunity;Noun;A2;avanoa
oppose;Verb;B2;teteʻe
opposed;Adjective;B2;faatuiese
opposite;Adjective Adverb prep. Noun;A1;feagai
opposition;Noun;B2;faafeagai
option;Noun;A2;filifiliga
or;conj.;A1;poʻo
orange;Noun Adjective;A1;lanu moli
order;Noun Verb;A1;poloaiga
ordinary;Adjective;A2;masani
organ;Noun;B2;tōtōga
organization;Noun;A2;faalapotopotoga
organize;Verb;A2;faatulaga
organized;Adjective;B1;faatulagaina
organizer;Noun;B1;faatulagaina
origin;Noun;B2;māfuaʻaga
original;Adjective , Noun;A2, B1;fou
originally;Adverb;B1;muamua
other;Adjective /proNoun;A1;ese
otherwise;Adverb;B2;ese
ought;modal Verb;B1;tatau
our;det.;A1;tatou
ours;proNoun;B1;tatou
ourselves;proNoun;A2;i tatou lava
out;Adverb /prep.;A1;i fafo
outcome;Noun;B2;iʻuga
outdoor;Adjective;B1;i fafo
outdoors;Adverb;B1;i fafo
outer;Adjective;B2;fafo
outline;Noun Verb;B2;otootoga
outside;Adverb , prep. nouNoun Adjective;A1, A2;i fafo
oven;Noun;A2;umu
over;prep. Adverb;A1;i luga
overall;Adjective Adverb;B2;aotelega
owe;Verb;B2;aitālafu
own;Adjective /proNoun, Verb;A1, A2;lava
owner;Noun;A2;tagata e ona
pace;Noun, Verb;B2;saoasaoa
pack;Verb , Noun;A2, B1;teu
package;Noun, Verb;B1, B2;afī
page;Noun;A1;itulau
pain;Noun;A2;tiga
painful;Adjective;B1;malosi
paint;Verb Noun;A1;vali
painter;Noun;A2;tagata valiata
painting;Noun;A1;valiata
pair;Noun;A1;soa
palace;Noun;A2;maota
pale;Adjective;B1;sesega
pan;Noun;B1;ulo
panel;Noun;B2;vaega
pants;Noun;A2;ofuvae
paper;Noun;A1;pepa
paragraph;Noun;A1;parakarafa
parent;Noun;A1;matua
park;Noun Verb;A1;malae
parking;Noun;A2;fanua mo taʻavale
parliament;Noun;B2;pālemene
part;Noun;A1;vaega
participant;Noun;B2;tagata 'auai
participate;Verb;B1;auai
particular;Adjective;A2;faapitoa
particularly;Adverb;B1;aemaise lava
partly;Adverb;B2;o se vaega
partner;Noun;A1;pāʻaga
party;Noun;A1;vaega auai
pass;Verb , Noun;A2, B1;teʻa
passage;Noun;B2;ala
passenger;Noun;A2;pāsese
passion;Noun;B1;alofa
passport;Noun;A1;tusifolau
past;Adjective Noun prep., Adverb;A1, A2;tuanaʻi
path;Noun;B1;ala
patient;Noun, Adjective;A2, B2;onosaʻi
pattern;Noun;A2;mamanu
pay;Verb , Noun;A1, A2;totogi
payment;Noun;B1;totogi
peace;Noun;A2;filemu
peaceful;Adjective;B1;filemu
pen;Noun;A1;peni
pencil;Noun;A1;penitala
penny;Noun;A2;tenari
pension;Noun;B2;penisini
people;Noun;A1;tagata
pepper;Noun;A1;pepa
per;prep.;A2;i
per cent;Noun Adjective /Adverb;A2;pasene
percentage;Noun;B1;pasene
perfect;Adjective;A1;atoatoa
perfectly;Adverb;B1;atoatoa
perform;Verb;A2;faatino
performance;Noun;B1;faatinoga
perhaps;Adverb;A2;atonu
period;Noun;A1;vaitaimi
permanent;Adjective;B2;tūmau
permission;Noun;A2;faatagaga
permit;Verb Noun;B2;faʻataga
person;Noun;A1;tagata
personal;Adjective;A1;patino
personality;Noun;A2;uiga
personally;Adverb;B1;patino
perspective;Noun;B2;vaaiga
persuade;Verb;B1;faatauanau
pet;Noun;A2;fagafao
petrol;Noun;A2;penisini
phase;Noun;B2;laʻasaga
phenomenon;Noun;B2;aafiaga matautia
philosophy;Noun;B2;filosofia
phone;Noun Verb;A1;telefoni
photo;Noun;A1;ata
photograph;Noun, Verb;A1, A2;ata
photographer;Noun;B1;pueata
photography;Noun;B1;ata pue
phrase;Noun;A1;fuaitau
physical;Adjective;A2;faaletino
physics;Noun;A2;fisiki
piano;Noun;A1;pīano
pick;Verb , Noun;A2, B2;piki
picture;Noun, Verb;A1, B2;ata
piece;Noun;A1;fasi
pig;Noun;A1;puaʻa
pile;Noun Verb;B2;faʻaputuga
pilot;Noun;A2;pailate
pin;Noun Verb;B1;pine
pink;Adjective Noun;A1;pīniki
pipe;Noun;B1;paipa
pitch;Noun;B2;pitch
place;Noun Verb;A1, B1;mea
plain;Adjective;B2;manino
plan;Noun Verb;A1;fuafuaga
plane;Noun;A1;vaalele
planet;Noun;A2;pilaneti
planning;Noun;B1;fuafuaga
plant;Noun Verb;A1, A2;totō
plastic;Noun Adjective;A2;pilasitika
plate;Noun;A2;ipu māfolafola
platform;Noun;A2;paepae
play;Verb Noun;A1;tala
player;Noun;A1;tagata taʻalo
pleasant;Adjective;B1;mālie
please;exclam., Verb;A1, A2;faʻamolemole
pleased;Adjective;A2;fiafia
pleasure;Noun;B1;fiafia
plenty;proNoun;B1;tele
plot;Noun, Verb;B1, B2;lafo
plus;prep., Adjective conj., Noun;B1, B2;faaopoopo
pocket;Noun;A2;taga
poem;Noun;B1;tauloto
poet;Noun;B1;fatusolo
poetry;Noun;B1;solo
point;Noun, Verb;A1, B1;manatu
pointed;Adjective;B2;faasino
poison;Noun Verb;B1;vaiʻona
poisonous;Adjective;B1;oona
police;Noun;A1;leoleo
policeman;Noun;A1;leoleo
policy;Noun;B1;faiga faavae
polite;Adjective;A2;faʻaaloalo
political;Adjective;B1;faaupufai
politician;Noun;B1;politician
politics;Noun;B1;faiga faʻaleatunuʻu
pollution;Noun;A2;pipisiga
pool;Noun;A1;vaitāʻele
poor;Adjective;A1;mativa
pop;Noun Adjective;A2;oso
popular;Adjective;A1;toʻatele
popularity;Noun;B2;lauiloa
population;Noun;A2;faitau aofaʻi
port;Noun;B1;tāulaga
portrait;Noun;B1;ata
pose;Verb;B2;tūlaga
position;Noun, Verb;A2, B2;tulaga
positive;Adjective , Noun;A1, B2;lelei
possess;Verb;B2;iai
possession;Noun;A2;oa
possibility;Noun;A2;pagoa
possible;Adjective;A1;mafai
possibly;Adverb;B1;ātonu
post;Noun Verb;A1;pou
poster;Noun;A2;fāʻaliga matamata tetele
pot;Noun;B1;ulo
potato;Noun;A1;pateta
potential;Adjective Noun;B2;mafai
pound;Noun;A1;pauna
pour;Verb;B1;sasaʻa
poverty;Noun;B1;mativa
powder;Noun;B1;efuefu
power;Noun, Verb;A2, B2;mana
powerful;Adjective;B1;mamana
practical;Adjective;B1;talafeagai
practice;Noun;A1;faiga
practise;Verb;A1;faiga
praise;Noun Verb;B2;viiga
pray;Verb;B1;tatalo
prayer;Noun;B1;tatalo
predict;Verb;A2;vavalo
prediction;Noun;B1;valoaga
prefer;Verb;A1;e sili
pregnant;Adjective;B2;tō
preparation;Noun;B2;sauniuniga
prepare;Verb;A1;saunia
prepared;Adjective;B1;saunia
presence;Noun;B2;afioaga
present;Adjective Noun, Verb;A1, A2;nei
presentation;Noun;B1;ata
preserve;Verb;B2;faasaoina
president;Noun;A2;peresitene o le
press;Verb Noun;B1;nusipepa
pressure;Noun;B1;omiga
pretend;Verb;B1;faʻatagā
pretty;Adjective Adverb;A1;aulelei
prevent;Verb;A2;Taofia
previous;Adjective;B1;talu ai
previously;Adverb;B1;muamua
price;Noun, Verb;A1, B2;tau
priest;Noun;B1;ositaulaga
primary;Adjective;B1;sili
prime;Adjective;B2;uluai
prince;Noun;B1;tama'āiga
princess;Noun;B1;tamaʻitaʻi
principle;Noun;B2;mataupu faavae
print;Verb , Noun;A2, B2;lolomi
printer;Noun;A2;mea lolomi
printing;Noun;B1;lōmiga
priority;Noun;B2;faamuamua
prison;Noun;A2;falepuipui
prisoner;Noun;B1;pagota
privacy;Noun;B2;faʻaliloliloga
private;Adjective;B1;patino
prize;Noun;A2;togi
probably;Adverb;A1;atonu
problem;Noun;A1;faafitauli
procedure;Noun;B2;taualumaga
process;Noun, Verb;A2, B2;faagasologa
produce;Verb , Verb;A2, B2;fua
producer;Noun;B1;tagata gaosi
product;Noun;A1;mea e gaosi
production;Noun;B1;faiga
profession;Noun;B1;gāluega
professional;Adjective , Noun;A2, B2;tomai faapitoa
professor;Noun;A2;porofesa
profile;Noun;A2;talaaga otooto
profit;Noun;B1;manuia
program;Noun, Verb;A2, B1;polokalama
programme;Noun;A1;polokalama
progress;Noun, Verb;A2, B2;alualu i luma
project;Noun, Verb;A1, B2;fuafuaga
promise;Verb Noun;A2;folafolaga
promote;Verb;B1;uunaia
pronounce;Verb;A2;faʻaleo
proof;Noun;B2;faʻamaoni
proper;Adjective;B1;tatau
properly;Adverb;B1;lelei
property;Noun;B1;mea
proposal;Noun;B2;lafo faʻatū
propose;Verb;B2;faʻatū
prospect;Noun;B2;silafaga
protect;Verb;A2;puipui
protection;Noun;B2;puipuiga
protest;Noun Verb;B1;faʻatauteʻe
proud;Adjective;B1;mimita
prove;Verb;B1;faamaonia
provide;Verb;A2;tuuina
psychologist;Noun;B2;le mafaufau
psychology;Noun;B2;mataupu tau le mafaufau
pub;Noun;A2;fale faʻainu
public;Adjective Noun;A2;lautele
publication;Noun;B2;lōmiga
publish;Verb;A2;lolomi
pull;Verb , Noun;A2, B1;toso
punish;Verb;B1;faʻasala
punishment;Noun;B1;faʻasalaga
pupil;Noun;B2;tamaitiiti āʻoga
purchase;Noun Verb;B2;faatauina
pure;Adjective;B2;mamā
purple;Adjective Noun;A1;lanu viole
purpose;Noun;A2;faʻamoemoe
pursue;Verb;B2;tuliloaina
push;Verb , Noun;A2, B1;tūlei
put;Verb;A1;tuʻu
qualification;Noun;B1;poto
qualified;Adjective;B1;agavaa
qualify;Verb;B1;agavaa
quality;Noun;A2;uiga
quantity;Noun;A2;tele
quarter;Noun;A1;kuata
queen;Noun;A2;tupu tamaʻitaʻi
question;Noun, Verb;A1, A2;fesili
queue;Noun Verb;B1;faʻasolo
quick;Adjective;A1;vave
quickly;Adverb;A1;vave
quiet;Adjective;A1;filemu
quietly;Adverb;A2;filemu
quit;Verb;B1;fāiatu
quite;Adverb;A1;matuā
quotation;Noun;B1;upusii
quote;Verb Noun;B1;faʻatatau
race (competition);NounVerb;A2;tuuga (tauvaga)
race (people);Noun;B1;ituaiga o tagata (tagata)
racing;Noun;B1;tuuga
radio;Noun;A1;leitio
railway;Noun;A2;nofoaafi
rain;Noun Verb;A1;timu
raise;Verb;A2;tulaʻi
range;Noun, Verb;B1, B2;mamao
rank;Noun Verb;B2;tūlaga
rapid;Adjective;B2;vave
rapidly;Adverb;B2;vave
rare;Adjective;B1;mauagatā
rarely;Adverb;B1;seasea
rate;Noun, Verb;A2, B2;totogi
rather;Adverb;A2;nai
raw;Adjective;B2;mata
reach;Verb , Noun;A2, B2;aapa atu i
react;Verb;A2;tali
reaction;Noun;B1;tali mai
read;Verb;A1;faitau
reader;Noun;A1;tagata faitautusi
reading;Noun;A1;faitau
ready;Adjective;A1;saunia
real;Adjective;A1;moʻi
realistic;Adjective;B2;talafeagai
reality;Noun;B1;moni
realize;Verb;A2;iloa e
really;Adverb;A1;matuā
reason;Noun;A1;mafuaaga
reasonable;Adjective;B2;talafeagai
recall;Verb;B2;toe fafaguina
receipt;Noun;B1;mauaina
receive;Verb;A2;maua
recent;Adjective;A2;leʻi leva
recently;Adverb;A2;leʻi leva
reception;Noun;A2;tali
recipe;Noun;A2;faiga
recognize;Verb;A2;iloa
recommend;Verb;A2;fautua
recommendation;Noun;B1;fautuaga
record;Noun Verb;A2;faamaumauga
recording;Noun;A2;puʻega
recover;Verb;B2;toe maua
recycle;Verb;A2;faʻaaogā
red;Adjective Noun;A1;lanu mumu
reduce;Verb;A2;faaitiitia
reduction;Noun;B2;faʻaitiitia
refer;Verb;A2;faasino
reference;Noun;B1;faasinomaga
reflect;Verb;B1;atagia
refuse;Verb;A2;otaota
regard;Verb Noun;B2;le amanaia
region;Noun;A2;vāega
regional;Adjective;B2;faʻalenuʻu
register;Verb Noun;B2;faamauina
regret;Verb Noun;B2;faanoanoa
regular;Adjective;A2;masani
regularly;Adverb;B1;pea
regulation;Noun;B2;tulafono faatonutonu
reject;Verb;B1;teena
relate;Verb;B1;fesootai
related;Adjective;B1;e fesootai i ai
relation;Noun;B1;faasino
relationship;Noun;A2;sootaga
relative;Adjective Noun;B1;āiga
relatively;Adverb;B2;faʻatatau
relax;Verb;A1;nofo saʻoloto
relaxed;Adjective;B1;e malolo ai
relaxing;Adjective;B1;malolo
release;Verb Noun;B1;tatala
relevant;Adjective;B2;talafeagai
reliable;Adjective;B1;faʻatuatuaina
relief;Noun;B2;fesoasoani
religion;Noun;B1;lotu
religious;Adjective;B1;faalelotu
rely;Verb;B2;faalagolago
remain;Verb;B1;toe
remark;Noun Verb;B2;mataʻi
remember;Verb;A1;manatua
remind;Verb;B1;faamanatu
remote;Adjective;B1;mamao tele
remove;Verb;A2;Aveese
rent;Noun Verb;B1;saeia
repair;Verb , Noun;A2, B1;faʻafou
repeat;Verb , Noun;A1, B1;toe fai
repeated;Adjective;B1;toe
replace;Verb;A2;sui
reply;Verb Noun;A2;tali
report;Noun, Verb;A1, A2;tala
reporter;Noun;A2;tusitala
represent;Verb;B1;fai ma sui o
representative;Noun Adjective;B2;sui
reputation;Noun;B2;igoa lelei
request;Noun, Verb;A2, B1;ole
require;Verb;B1;manaomia
requirement;Noun;B2;manaʻoga
rescue;Verb Noun;B2;laveai
research;Noun Verb;A2;suʻesuʻega
researcher;Noun;A2;suesue
reservation;Noun;B1;resevasia
reserve;Noun Verb;B2;faʻaleoleo
resident;NounAdjective;B2;tagata o le atunuʻu
resist;Verb;B2;teteʻe
resolve;Verb;B2;faaiuga
resort;Noun;B2;togafiti
resource;Noun;B1;alagāʻoa
respect;Noun Verb;B1;faaaloalo
respond;Verb;A2;tali
response;Noun;A2;tali
responsibility;Noun;B1;tiutetauave
responsible;Adjective;B1;nafa
rest (remaining part);Noun;A2;malolo (totoe vaega)
rest (sleep/relax);Noun Verb;A2;totoe (moe / malolo)
restaurant;Noun;A1;faleʻaiga
result;Noun, Verb;A1, B1;iʻu
retain;Verb;B2;taofia
retire;Verb;B1;tuʻumuli
retired;Adjective;B1;litaea
return;Verb Noun;A1;foʻi
reveal;Verb;B2;faaalia
review;Noun Verb;A2;toe iloilo
revise;Verb;B1;faʻatonutonuina
revolution;Noun;B2;taʻamilosaga
reward;Noun Verb;B2;taui
rhythm;Noun;B2;tātā
rice;Noun;A1;alaisa
rich;Adjective;A1;maumea
rid;Verb;B2;aveese
ride;Verb , Noun;A1, A2;tiʻetiʻe
right;Adjective Adverb Noun;A1;tauagavale
ring;Noun;A2;liʻo
ring;Verb , Noun;A2, B1;liʻo
rise;Verb , Noun;A2, B1;tulai
risk;Noun Verb;B1;tulaga lamatia
river;Noun;A1;vaitafe
road;Noun;A1;ala
robot;Noun;B1;ropota
rock (stone);Noun;A2;papa (maa)
rock (music);Noun;A2;papa (musika)
role;Noun;A2;matafaioi
roll;Verb Noun;B1;taʻavale
romantic;Adjective;B1;ilitata
roof;Noun;A2;taualuga
room;Noun;A1;potu
root;Noun;B2;aʻa
rope;Noun;B1;maea
rough;Adjective;B1;lauleaga
round;Adjective Adverb prep., Noun;A2, B2;faataamilo
route;Noun;A2;ala
routine;Noun, Adjective;A1, B2;mea pāsiā
row;Noun;B1;alo
royal;Adjective;B1;faʻaletupu
rub;Verb;B2;mili
rubber;Noun Adjective;B2;pulu
rubbish;Noun;A2;otaota
rude;Adjective;A2;lē āva
rugby;Noun;B1;Lakapi
rule;Noun, Verb;A1, B1;tulafono
run;Verb , Noun;A1, A2;momoʻe
runner;Noun;A2;taufetuli
running;Noun;A2;tamoe
rural;Adjective;B2;nuʻu
rush;Verb Noun;B2;laga
sad;Adjective;A1;faʻanoanoa
sadly;Adverb;A2;faanoanoa
safe;Adjective;A2;sao
safety;Noun;B1;saogalēmū
sail;Verb , Noun;A2, B1;folau
sailing;Noun;A2;folau
sailor;Noun;B1;tagata folauvaʻa
salad;Noun;A1;sālati
salary;Noun;A2;totogi
sale;Noun;A2;faatauina atu
salt;Noun;A1;māsima
same;Adjective proNoun Adverb;A1;lava lea e tasi
sample;Noun, Verb;B1, B2;faʻatusa
sand;Noun;B1;oneone
sandwich;Noun;A1;sānuisi
satellite;Noun;B2;soa
satisfied;Adjective;B2;faamalieina
satisfy;Verb;B2;faʻamalie
Saturday;Noun;A1;Aso Tonaʻi
sauce;Noun;A2;sosi
save;Verb;A2;vagana
saving;Noun;B2;faaola
say;Verb;A1;fai
scale;Noun;B2;fua
scan;Verb;B1;tagai vave
scared;Adjective;A2;fefe
scary;Adjective;A2;taufaafefe
scene;Noun;A2;vaaiga
schedule;Noun, Verb;A2, B2;faasologa
scheme;Noun;B2;polokalame
school;Noun;A1;āʻoga
science;Noun;A1;saienisi
scientific;Adjective;B1;faʻasaienisi
scientist;Noun;A1;saienitisi
score;Verb Noun;A2;togi
scream;Verb Noun;B2;uiō
screen;NounVerb;A2, B2;pupuni
script;Noun;B1;tusilima
sculpture;Noun;B1;faʻatagata
sea;Noun;A1;sami
search;Noun Verb;A2;saili
season;Noun;A2;tau
seat;Noun Verb;A2, B2;nofoa
second1 (next after the first);et./ number, Adverb;A1, A2;second1 (sosoo ai ina ua mavae le muamua)
second1 (unit of time);Noun;A1;second1 (iunite o taimi)
secondary;Adjective;B1;māsei
secondly;Adverb;A2;lona lua
secret;Adjective, Noun;A2;lilo
secretary;Noun;A2;failautusi
section;Noun;A1;o le fuaiupu
sector;Noun;B2;vāega
secure;Verb Adjective;B2;faamautuina
security;Noun;B1;saogalemu
see;Verb;A1;vaʻai
seed;Noun;B1;fatu
seek;Verb;B2;sāʻili
seem;Verb;A2;foliga mai
select;Verb;B2;filifili
selection;Noun;B2;filifiliga
self;Noun;B2;le tagata lava ia
sell;Verb;A1;faʻatau atu
send;Verb;A1;auina atu
senior;Adjective;B2;matua
sense;Noun Verb;A2, B2;lagona
sensible;Adjective;B1;māfaufau
sensitive;Adjective;B2;ilitata
sentence;Noun Verb;A1, B2;faʻasalaga
separate;Adjective, Verb;A2, B1;vavae
September;Noun;A1;Setema
sequence;Noun;B2;gāsologa
series;Noun;A2;faasologa
serious;Adjective;A2;matuia
seriously;Adverb;B1;mamafa
servant;Noun;B1;auauna
serve;Verb;A2;tautua
service;Noun;A2;tautua
session;Noun;B2;sauniga
set (put);Verb;B1;seti (iee)
set (group);Noun;B1;seti (vaega)
setting;Noun;B1;faatulagaga
settle;Verb;B2;faʻaiʻu
seven;number;A1;fitu
seventeen;number;A1;sefulu ma le fitu
seventy;number;A1;fitu sefulu
several;det./proNoun;A2;nai
severe;Adjective;B2;tetele
sex;Noun;B1;itūʻaiga
sexual;Adjective;B1;feusuaiga
shade;Noun;B2;paolo
shadow;Noun;B2;ata
shake;Verb Noun;A2, B1;talo
shall;modal Verb;A2;e tatau
shallow;Adjective;B2;papaʻu
shame;Noun;B2;luma
shape;Noun Verb;A2, B2;fōliga
share;Verb Noun;A1, B1;sea
sharp;Adjective;B1;tipitipi
she;proNoun;A1;ia
sheep;Noun;A1;mamoe
sheet;Noun;A2;laupepa
shelf;Noun;B1;fata
shell;Noun;B1;atigi
shelter;Noun Verb;B2;lafitaga
shift;Noun Verb;B1, B2;gāoioiga
shine;Verb;B1;susulu
shiny;Adjective;B1;iʻila
ship;Noun Verb;A2, B2;vaʻa
shirt;Noun;A1;ofutino
shock;Noun Verb;B2;taia
shocked;Adjective;B2;faateia
shoe;Noun;A1;seʻevae
shoot;Verb;B1;fana
shooting;Noun;B2;fanaina
shop;Noun Verb;A1;faleʻoloa
shopping;Noun;A1;faatauga
short;Adjective;A1;puʻupuʻu
shot;Noun;B2;pā
should;modal Verb;A1;tatau ona
shoulder;Noun;A2;tauʻau
shout;Verb Noun;A2;alaga
show;Verb Noun;A1;faaalia
shower;Noun;A1;tāʻelega faʻaua
shut;Verb Adjective;A2;tapunia
shy;Adjective;B1;matamumuli
sick;Adjective;A1;maʻi
side;Noun;A2;itū
sight;Noun;B1;vaʻai
sign;Noun Verb;A2;faʻailoga
signal;Noun Verb;B1;faʻailo
significant;Adjective;B2;tāua
significantly;Adverb;B2;tele
silence;Noun;B2;fīlēmū
silent;Adjective;B1;fīlēmū
silk;Noun;B2;silika
silly;Adjective;B1;faavalevalea
silver;Noun Adjective;A2;siliva
similar;Adjective;A1;tutusa
similarity;Noun;B1;faʻapēnei
similarly;Adverb;B1;faapena
simple;Adjective;A2;faigofie
simply;Adverb;B1;na
since;prep. conj., Adverb;A2, B1;talu
sincere;Adjective;B2;moni
sing;Verb;A1;pepese
singer;Noun;A1;tagata pese
singing;Noun;A2;pesega
single;Adjective Noun;A2;tasi
sink;Verb;B1;goto
sir;Noun;A2;aliʻi e
sister;Noun;A1;tuafafine
sit;Verb;A1;nofo
site;Noun;A2;nofoaga
situation;Noun;A1;tulaga
six;number;A1;ono
sixteen;number;A1;sefulu ma le ono
sixty;number;A1;ono sefulu
size;Noun;A2;fua
ski;Verb Noun;A2;siki
skiing;Noun;A2;faasee
skill;Noun;A1;poto
skin;Noun;A2;paʻu
skirt;Noun;A1;ie
sky;Noun;A2;lagi
slave;Noun;B2;pologa
sleep;Verb , Noun;A1, A2;moe
slice;Noun Verb;B1;tipi
slide;Verb Noun;B2;seʻe
slight;Adjective;B2;laitiiti
slightly;Adverb;B1;foʻi
slip;Verb;B2;ofuloto
slope;Noun Verb;B2;mālifa
slow;Adjective , Verb;A1, B1;telegese
slowly;Adverb;A2;lemu
small;Adjective;A1;laʻitiiti
smart;Adjective;B1;atamai
smartphone;Noun;A2;telefonipoto
smell;Verb Noun;A2;sogi
smile;Verb Noun;A2;ataata
smoke;Noun Verb;A2;asu
smoking;Noun;A2;ulaula
smooth;Adjective;B1;faamafolafola
snake;Noun;A1;gata
snow;Noun Verb;A1;kiona
so;Adverb conj.;A1;ina
soap;Noun;A2;moli
soccer;Noun;A2;futupolo
social;Adjective;A2;lautele
society;Noun;A2;sosaiete
sock;Noun;A2;totini
soft;Adjective;A2;malū
software;Noun;B1;polokalama faakomepiuta
soil;Noun;B1;eleʻele
solar;Adjective;B2;la
soldier;Noun;A2;fitafita
solid;Adjective Noun;B1;malō
solution;Noun;A2;fofo
solve;Verb;A2;foia
some;det. proNoun;A1;se
somebody;proNoun;A1;o se isi
someone;proNoun;A1;se tasi
something;proNoun;A1;se mea
sometimes;Adverb;A1;o nisi taimi e
somewhat;Adverb;B2;teisi
somewhere;Adverb proNoun;A2;se mea
son;Noun;A1;ataliʻi
song;Noun;A1;pese
soon;Adverb;A1;vave
sorry;Adjective exclam.;A1;malie
sort;Noun, Verb;A2, B1;ilo
soul;Noun;B2;agaga
sound;Noun Verb;A1;leo
soup;Noun;A1;sua
source;Noun;A2;puna
south;Noun Adjective Adverb;A1;saute
southern;Adjective;B1;toga
space;Noun;A1;avanoa
speak;Verb;A1;tautala
speaker;Noun;A2;failauga
special;Adjective;A1;faʻapitoa
specialist;Noun Adjective;B2;tufuga
species;Noun;B2;ituaiga
specific;Adjective;A2;faapitoa
specifically;Adverb;B1;faapitoa
speech;Noun;A2;tautala
speed;Noun, Verb;A2, B2;saosaoa
spell;Verb;A1;feʻau faʻataulāitu
spelling;Noun;A1;sipela
spend;Verb;A1;faʻaalu
spending;Noun;B1;faaalu
spicy;Adjective;B1;manogi
spider;Noun;A2;apogāleveleve
spirit;Noun;B1;agaga
spiritual;Adjective;B2;faaleagaga
split;Verb Noun;B2;vaeluaina
spoken;Adjective;B1;tautala
sponsor;Verb Noun;B2;tagata totogi
spoon;Noun;A2;sipuni
sport;Noun;A1;tāʻaloga
spot;Noun, Verb;B1, B2;mea
spread;Verb , Noun;B1, B2;faʻasalalau
spring;Noun, Verb;A1, B1;vaipuna
square;Adjective Noun;A2;sikuea
stable;Adjective;B2;fale o manu
stadium;Noun;B1;fanua taʻalo
staff;Noun;B1;aufaigāluega
stage;Noun, Verb;A2, B2;tūlaga
stair;Noun;A2;stair
stamp;Noun;A2;faʻailoga
stand;Verb , Noun;A1, B2;tū
standard;Noun Adjective;B1;tūlaga
star;Noun, Verb;A1, A2;fetū
stare;Verb;B2;pulatoʻa
start;Verb , Noun;A1, A2;āmata
state;Noun, Adjective , v;A2, B1;tulaga
statement;Noun;A1;faʻamatalaga
station;Noun;A1;taunuʻuga
statistic;Noun;B1;fuainumera
statue;Noun;B1;faʻatagata
status;Noun;B2;tulaga
stay;Verb , Noun;A1, A2;nonofo
steady;Adjective;B2;tumau
steal;Verb;A2;gaoi
steel;Noun;B2;sila
steep;Adjective;B2;tāfatō
step;Noun, Verb;A2, B2;laʻa
stick (push into/attach);Verb;B1;laau (tulei i / faapipii)
stick (piece of wood);Noun;B1;laau (fasi laau)
sticky;Adjective;B2;piʻipiʻi
stiff;Adjective;B2;maʻaʻa
still;Adverb , Adjective;A1, B1;pea
stock;Noun;B2;oloa
stomach;Noun;A2;manava
stone;Noun;A2;maʻa
stop;Verb Noun;A1;taofia
store;Noun, Verb;A2, B1;faleoloa
storm;Noun;A2;afā
story;Noun;A1;tala
straight;Adverb Adjective;A2;saʻo
strange;Adjective;A2;ese
stranger;Noun;B1;tagata ese
strategy;Noun;A2;fuafuaga
stream;Noun;B2;au
street;Noun;A1;ala
strength;Noun;B1;mālosi
stress;Noun Verb;A2;meafaigatā
stretch;Verb Noun;B2;memeʻi
strict;Adjective;B2;lotomau
strike;Verb Noun;B2;tā
string;Noun;B1;mānoa
strong;Adjective;A1;malosi
strongly;Adverb;B1;malosi
structure;Noun, Verb;A2, B2;fausaga
struggle;Verb Noun;B2;tauiviga
student;Noun;A1;tamaitiiti
studio;Noun;B1;potu
study;Noun Verb;A1;suesuega
stuff;Noun, Verb;B1, B2;mea
stupid;Adjective;A2;valea
style;Noun;A1;faiga
subject;Noun, Adjective;A1, B2;mataupu
submit;Verb;B2;gauaʻi
substance;Noun;B1;mea
succeed;Verb;A2;manuia
success;Noun;A1;manuia
successful;Adjective;A2;manuia
successfully;Adverb;B1;manuia
such;det./proNoun;A2;e pei
sudden;Adjective;B1;faʻafuaseʻi
suddenly;Adverb;A2;faafuasei
suffer;Verb;B1;mafatia
sugar;Noun;A1;suka
suggest;Verb;A2;fautua
suggestion;Noun;A2;manatu
suit;Noun, Verb;A2, B1;pea
suitable;Adjective;B1;ono
sum;Noun Verb;B2;aofaʻi
summarize;Verb;B1;otooto
summary;Noun;B1;aotelega
summer;Noun;A1;tau māfanafana
sun;Noun;A1;lā
Sunday;Noun;A1;Aso Sa
supermarket;Noun;A1;supemaketī
supply;Noun Verb;B1;tuuina atu
support;Verb Noun;A2;lagolago
supporter;Noun;B1;lagolago
suppose;Verb;A2;talitonu
sure;Adjective , Adverb;A1, A2;moni
surely;Adverb;B1;e mautinoa lava
surface;Noun;B1;fogāvai
surgery;Noun;B2;tīpiga
surprise;Noun Verb;A2;ofo
surprised;Adjective;A2;faateia
surprising;Adjective;A2;maʻeu
surround;Verb;B2;siʻo
surrounding;Adjective;B2;o loo siomia ai
survey;Noun, Verb;A2, B2;suʻesuʻega
survive;Verb;B1;toe ola
suspect;Verb Noun;B2;masalomia
swear;Verb;B2;palauvale
sweater;Noun;A1;suita
sweep;Verb;B2;salu
sweet;Adjective Noun;A2;suamalie
swim;Verb , Noun;A1, B1;aʻau
swimming;Noun;A1;aau
switch;Verb , Noun;B1, B2;suiga
symbol;Noun;A2;faʻailoga
sympathy;Noun;B2;tīgāalofa
symptom;Noun;B1;āuga
system;Noun;A2;faiga
table;Noun;A1;laulau
tablet;Noun;A2;fuālāʻau
tail;Noun;B1;siʻusiʻu
take;Verb;A1;tago
tale;Noun;B2;tala
talent;Noun;B1;taleni
talented;Adjective;B1;talenia
talk;Verb , Noun;A1, A2;talanoa
tall;Adjective;A1;umi
tank;Noun;B2;tane
tape;Noun;B1;mua
target;Noun, Verb;A2, B2;manulautī
task;Noun;A2;gāluega
taste;Noun Verb;A2;tofo
tax;Noun Verb;B1;lāfoga
taxi;Noun;A1;taʻavale laʻu pāsese
tea;Noun;A1;tī
teach;Verb;A1;aoao
teacher;Noun;A1;faiāʻoga
teaching;Noun;A2;aoaoga
team;Noun;A1;au
tear1;Verb Noun;B2;tear1
tear2;Noun;B2;tear2
technical;Adjective;B1;tau masini
technique;Noun;B1;faiga
technology;Noun;A2;inisinia
teenage;Adjective;A2;talavou
teenager;Noun;A1;tama talavou
telephone;Noun Verb;A1;telefoni
television;Noun;A1;televise
tell;Verb;A1;taʻu
temperature;Noun;A2;māfanafana
temporary;Adjective;B2;tumau
ten;number;A1;sefulu
tend;Verb;B1;matele
tennis;Noun;A1;tēnisi
tent;Noun;B1;faleʻie
term;Noun, Verb;A2, B2;vaitaimi e
terrible;Adjective;A1;mataʻutia
test;Noun Verb;A1;suʻega
text;Noun, Verb;A1, A2;matua
than;conj.;A1;nai lo
thank;Verb;A1;faʻafetai
thanks;exclam. Noun;A1;faʻafetai
that;det. proNoun conj., Adverb;A1, B1;lea
the;definite article;A1;le
theatre;Noun;A1;potutipitipi
their;det.;A1;latou
theirs;proNoun;B1;latou
them;proNoun;A1;i latou
theme;Noun;B1;autu
themselves;proNoun;A2;i latou lava
then;Adverb;A1;lea
theory;Noun;B1;teori
therapy;Noun;B2;faʻamālōlō
there;Adverb;A1;i ai
therefore;Adverb;B1;o le mea lea
they;proNoun;A1;latou
thick;Adjective;A2;mafia
thief;Noun;A2;faomea
thin;Adjective;A2;manifi
thing;Noun;A1;mea
think;Verb;A1;manatu
thinking;Noun;A2;mafaufauga
third;number, Noun;A1, A2;tulaga tolu
thirsty;Adjective;A1;fia inu
thirteen;number;A1;sefulu ma le tolu
thirty;number;A1;tolu sefulu
this;det./proNoun, Adverb;A1, B1;lea
though;conj. Adverb;B1;e ui ina
thought;Noun;A2;manatu
thousand;number;A1;afe
threat;Noun;B2;faʻamataʻuga
threaten;Verb;B2;faʻamataʻu
three;number;A1;tolu
throat;Noun;B1;fāʻa'ī
through;prep. Adverb;A1;e ala i
throughout;prep./Adverb;B1;i
throw;Verb;A2;togi
Thursday;Noun;A1;Aso Tofi
thus;Adverb;B2;faapea ona
ticket;Noun;A1;tikite
tidy;Adjective v;A2;faʻamamā
tie;Verb Noun;A2;fusiua
tight;Adjective;B1;mau
till;conj./prep.;B1;seia
time;Noun, Verb;A1, B2;taimi
tin;Noun;B1;apa
tiny;Adjective;B1;laʻitiitī lava
tip;Noun, Verb;A2, B1;meaalofa tupe
tired;Adjective;A1;vāivai
title;Noun;A1, B2;Igoa
to;prep., infinitive marker;A1;i
today;Adverb Noun;A1;i le asō
toe;Noun;B1;tamatamaʻivae
together;Adverb;A1;faʻatasi
toilet;Noun;A1;faleʻese
tomato;Noun;A1;tomato
tomorrow;Adverb Noun;A1;taeao
tone;Noun;B2;faʻaleoga
tongue;Noun;B1;laulaufaiva
tonight;Adverb n;A1;i le po nei
too;Adverb;A1;foʻi
tool;Noun;A2;mea faigāluega
tooth;Noun;A1;nifo
top;Noun, Adjective;A2;tumutumu
topic;Noun;A1;autu
total;Adjective Noun;B1;atoa
totally;Adverb;B1;matua
touch;Verb , Noun;A2, B1;paʻi
tough;Adjective;B2;maʻaʻa
tour;Noun, Verb;A2, B1;taʻamilosaga
tourism;Noun;A2;faimalaga
tourist;Noun;A1;tagata faimalaga
towards;prep.;A2;i
towel;Noun;A2;solo
tower;Noun;A2;olo
town;Noun;A1;aʻai
toy;Noun, Adjective;A2;meataʻalo
track;Noun, Verb;A2, B2;iloa ai le faasologa
trade;Noun, Verb;B1;fefaʻatauaʻiga
tradition;Noun;A2;uputuu
traditional;Adjective;A2;faaleaganuu
traffic;Noun;A1;feōaʻiga
train;Noun, Verb;A1, A2;nofoa afi
trainer;Noun;A2;tagata aʻoaʻo atu
training;Noun;A2;aʻoga
transfer;Verb Noun;B2;faaliliuina atu
transform;Verb;B2;suia
transition;Noun;B2;suiga
translate;Verb;B1;faaliliu
translation;Noun;B1;faʻaliliuga
transport;Noun, Verb;A2, B1;feʻaveaʻi
travel;Verb Noun;A1;malaga
traveller;Noun;A2;aumalaga
treat;Verb;B1;meaai
treatment;Noun;B1;faiga
tree;Noun;A1;lāʻau
trend;Noun;B1;tulaga
trial;Noun;B2;faamasinoga
trick;Noun Verb;B1;vai
trip;Noun, Verb;A1, B2;malaga
tropical;Adjective;B2;teropika
trouble;Noun, Verb;A2, B2;faʻalavelave
trousers;Noun;A1;ofuvae
truck;Noun;A2;loli
TRUE;Adjective;A1;MONI
truly;Adverb;B2;moni
trust;Noun Verb;B2;faʻatuatua
truth;Noun;B1;upu moni
try;Verb , Noun;A1, B2;taumafai
T-shirt;Noun;A1;T-ofutino
tube;Noun;B1;faʻagāʻau
Tuesday;Noun;A1;Aso Lua
tune;Noun;B2;fati
tunnel;Noun;B2;alāvaʻa
turn;Verb Noun;A1;liliu
TV;Noun;A1;TV
twelve;number;A1;sefulu ma le lua
twenty;number;A1;lua sefulu
twice;Adverb;A1;faʻalua
twin;Noun Adjective;A2;māsaga
two;number;A1;lua
type;Noun, Verb;A1, B1;lolomi
typical;Adjective;A2;pei lava
typically;Adverb;B1;e masani
tyre;Noun;B1;paʻu
ugly;Adjective;B1;lefu
ultimately;Adverb;B2;iu lava ina
umbrella;Noun;A1;faʻamalu
unable;Adjective;B1;mafai
uncle;Noun;A1;uso o le tamā
uncomfortable;Adjective;B1;lē mālū
unconscious;Adjective;B2;lē mālamalama
under;prep. Adj;A1;i lalo
underground;Adjective Adverb;A2;laloʻeleʻele
understand;Verb;A1;malamalama
understanding;Noun;A2;malamalama
underwear;Noun;B1;ofuloto
unemployed;Adjective;B1;lē galue
unemployment;Noun;B1;lē gāluega
unexpected;Adjective;B2;faʻateʻiteʻi
unfair;Adjective;B1;faʻaitūʻau
unfortunately;Adverb;A2;leaga 'ua
unhappy;Adjective;A2;faʻanoanoa
uniform;Noun;A2;tōgiga
union;Noun;B1;iuni
unique;Adjective;B2;tulaga ese
unit;Noun;A2;iunite
united;Adjective;A2;gātasitasi
universe;Noun;B2;lalolagi
university;Noun;A1;iunivesite
unknown;Adjective;B2;iloa
unless;conj.;B1;seia vagana
unlike;prep.;B1;pei
unlikely;Adjective;B1;ailoga
unnecessary;Adjective;B1;lē tatau
unpleasant;Adjective;B1;vale
until;conj./prep.;A1;seʻi
unusual;Adjective;A2;ese
up;Adverb proNoun;A1;aʻe
update;Verb Noun;B1;lata
upon;prep.;B1;i luga o
upper;Adjective;B2;i luga
upset;Adjective v;B1;fiafia
upstairs;Adverb , Adjective;A1, A2;sitepu 'i luga
upwards;Adverb;B2;agai i luga
urban;Adjective;B2;taulaga
urge;Verb;B2;uunaiga
us;proNoun;A1;tatou
use;Verb , Noun;A1, A2;faʻaaogā
used;Adjective;B1;faaaogaina
used to;modal Verb;A2;masani ai
useful;Adjective;A1;aogā
user;Noun;A2;tagata faʻaaogā
usual;Adjective;A2;māsani ai
usually;Adverb;A1;e masani lava ona
vacation;Noun;A1;tuʻuaga
valley;Noun;A2;vanu
valuable;Adjective;B1;tāua
value;Noun, Verb;B1, B2;tāua
van;Noun;A2;tafā
variety;Noun;A2;eseese
various;Adjective;B1;eseʻese
vary;Verb;B2;fetuunai
vast;Adjective;B2;lāpoʻa
vegetable;Noun;A1;fua
vehicle;Noun;A2;taavale
venue;Noun;B2;nofoaga
version;Noun;B1;faʻamatalaga
very;Adverb , Adjective;A1, B1;tele
via;prep.;B2;e ala i
victim;Noun;B1;tagata ua afaina
victory;Noun;B2;manumalo
video;Noun;A1;vitio
view;Noun, Verb;A2,;manatu
viewer;Noun;B1;Maimoaga
village;Noun;A1;nuʻu
violence;Noun;B2;sauaga
violent;Adjective;B1;mālosi
virtual;Adjective;B2;tafailagi
virus;Noun;A2;vairusi
vision;Noun;B2;faaaliga
visit;Verb Noun;A1;asiga
visitor;Noun;A1;mālō
visual;Adjective;B2;vaaia
vital;Adjective;B2;taua
vitamin;Noun;B2;vitamini
voice;Noun;A2;leo
volume;Noun;B2;fua
volunteer;Noun Verb;B1;tagata ofo
vote;Noun Verb;B1;palota
wage;Noun;B2;totogi
wait;Verb , Noun;A1, A2;faatalitali
waiter;Noun;A1;laulauʻaiga
wake;Verb;A1;tutupu ai
walk;Verb Noun;A1;savali
wall;Noun;A1;pā
want;Verb;A1;manaʻo
war;Noun;A2;taua
warm;Adjective , v;A1, B1;māfanafana
warn;Verb;B1;lapataʻi
warning;Noun;B1;lapataʻiga
wash;Verb , Noun;A1, A2;fuluga
washing;Noun;A2;fufuluina
waste;Noun v, Adjective;B1;faamaumauina
watch;Verb Noun;A1;mataala
water;Noun, Verb;A1, B1;vai
wave;Noun;A2, B1;galu
way;Noun;A1, B2;ala
we;proNoun;A1;tatou
weak;Adjective;A2;vāivai
weakness;Noun;B2;vaivaiga
wealth;Noun;B2;tamaoaiga
wealthy;Adjective;B2;maumea
weapon;Noun;B1;au
wear;Verb;A1;e laei
weather;Noun;A1;tau
web;Noun;A2;apogāleveleve
website;Noun;A1;website
wedding;Noun;A2;faaipoipopga
Wednesday;Noun;A1;Aso Lulu
week;Noun;A1;vaiaso
weekend;Noun;A1;aso mālōlō
weigh;Verb;B1;fua
weight;Noun;A2;mamafa
welcome;exclam. Verb Adjective , n;A1, A2;Afio mai
well;Adverb , Adjective , exclam.;A1;lelei
west;Noun Adjective Adverb;A1;sisifo
western;Adjective;B1;sisifo
wet;Adjective;A2;susū
what;proNoun/det.;A1;ā
whatever;det./proNoun;B1;soo se mea lava
wheel;Noun;A2;uili
when;Adverb proNounconj.;A1;a
whenever;conj.;B1;soʻo se taimi
where;Adverb conj.;A1;le mea
whereas;conj.;B2;ae
wherever;conj.;B2;po o fea lava
whether;conj.;B1;pe
which;proNoun/det.;A1;lea
while;conj., Noun;A2, B1;aʻo
whisper;Verb Noun;B2;musumusu
white;Adjective Noun;A1;lanu paʻepaʻe
who;proNoun;A1;WHO
whole;Adjective , n;A2, B1;atoa
whom;proNoun;B2;ai
whose;det./proNoun;A2;o lona
why;Adverb;A1;Aisea
wide;Adjective;A2;lautele
widely;Adverb;B2;lautele
wife;Noun;A1;faletua
wild;Adjective;A2;āivao
wildlife;Noun;B2;meaola
will;modal, Noun Verb;A1,;o le a
willing;Adjective;B2;malie
win;Verb , Noun;A1, B1;mānumālō
wind1;Noun;A2;wind1
wind2;Verb;B2;wind2
window;Noun;A1;faʻamalama
wine;Noun;A1;uaina
wing;Noun;B1;apaʻau
winner;Noun;A2;tagata mānumālō
winter;Noun;A1;tau mālūlū
wire;Noun;B2;uaea
wise;Adjective;B2;poto
wish;Verb Noun;A2;moomooga
with;prep.;A1;i
within;prep.;B1;i totonu
without;prep.;A1;e aunoa ma
witness;Noun Verb;B2;molimau
woman;Noun;A1;fafine
wonder;Verb Noun;B1;ofo
wonderful;Adjective;A1;ofoofogia
wood;Noun;A2;fafie
wooden;Adjective;A2;lāʻau
wool;Noun;B1;fulufulu
word;Noun;A1;upu
work;Verb Noun;A1;galue
worker;Noun;A1;tagata faigaluega
working;Adjective;A2;faigaluega
world;Noun;A1;lalolagi
worldwide;Adjective Adverb;B1;i le lalolagi atoa
worried;Adjective;A2;popole
worry;Verb Noun;A2, B1;popole
worse;Adjective, AdVerb Noun;A2,B1, B2;leaga i lō le
worst;Adjective, AdVerb;A2,B1, B2;sili ona leaga
worth;Adjective, Noun;B1, B2;tāua
would;modal, Verb;A1;Pe
wound;Noun Verb;B2;manuʻa
wow;exclam.;A2;Oka
wrap;Verv;B2;afifi
write;Verb;A1;tusi
writer;Noun;A1;tusitala
writing;Noun;A1;tusiga
written;Adjective;B1;tusia
wrong;Adjective, AdVerb Noun;A1, B1, B2;sesē
yard;Noun;B1;lotoā
yeah;exclam.;A1;Ioe
year;Noun;A1;tausaga
yellow;Adjective, Noun;A1;lanu samasama
yes;exclam.;A1;ioe
yesterday;AdVerb Noun;A1;ananafi
yet;AdVerb conj.;A2, B2;ae
you;proNoun;A1;oe
young;Adjective, Noun;A1, B1;talavou
your;det.;A1;lau
yours;proNoun;A2;outou
yourself;proNoun;A1;oe lava
youth;Noun;B1;tupulaga
zero;number;A2;o
zone;Noun;B2;vāega
