a, an;indefinite, article;A1;එය, යම්
abandon;Verb;B2;අතහැර
ability;Noun;A2;හැකියාව
able;Adjective;A2;පුළුවන්
about;prep. Adverb;A1;පිළිබඳව
above;prep. Adverb;A1;ඉහත
abroad;Adverb;A2;විදේශ
absolute;Adjective;B2;නිරපේක්ෂ
absolutely;Adverb;B1;පරම
academic;adj, Noun;B1, B2;අධ්යයන
accept;Verb;A2;පිළිගැනීමට
acceptable;Adjective;B2;පිළිගත හැකි
access;Noun Verb;B1;ප්රවේශ
accident;Noun;A2;රිය අනතුරකින්
accommodation;Noun;B1;නවාතැන් පහසුකම්
accompany;Verb;B2;සමග
according to;prep.;A2;අනුව
account;Noun Verb;B1, B2;ගිණුම
accurate;Adjective;B2;නිවැරදි
accuse;Verb;B2;චෝදනා
achieve;Verb;A2;සාක්ෂාත් කර
achievement;Noun;B1;ජයග්රහණය
acknowledge;Verb;B2;පිලිගැනීමට
acquire;Verb;B2;ලබාගැනීම
across;prep. Adverb;A1;පුරා
act;Verb Noun;A2,B1;පනත
action;Noun;A1;කටයුතු
active;Adjective;A2;ක්රියාකාරී
activity;Noun;A1;ක්රියාකාරකම්
actor;Noun;A1;නළුවා
actress;Noun;A1;නිළිය
actual;Adjective;B2;සැබෑ
actually;Adverb;A2;ඇත්තටම
ad;Noun;B1;දැන්වීම
adapt;Verb;B2;අනුවර්තනය
add;Verb;A1;එකතු
addition;Noun;B1;ඊට අමතරව
additional;Adjective;B2;අමතර
address;Noun Verb;A1,B2;ලිපිනය
administration;Noun;B2;පරිපාලනය
admire;Verb;B1;අගය
admit;Verb;B1;පිළිගන්න
adopt;Verb;B2;සම්මත
adult;Noun adj;A1,A2;වැඩිහිටි
Advance;Noun Verb adj;B2;අත්තිකාරම්
Advanced;Adjective;B1;උසස්
Advantage;Noun;A2;වාසිය
Adventure;Noun;A2;වීර චාරිකා
Advertise;Verb;A2;දැන්වීම් පළ
Advertisement;Noun;A2;දැන්වීමක්
Advertising;Noun;A2;වෙළඳ දැන්වීම්
Advice;Noun Verb;A1, B1;උපදෙස්
affair;Noun;B2;අනියම්
affect;Verb;A2;බලපාන
afford;Verb;B1;දැරිය
afraid;Adjective;A1;බිය
after;prep. conj. Adverb;A1,A2;අනතුරුව
afternoon;Noun;A1;දහවල්
afterwards;Adverb;B2;පසුව
again;Adverb;A1;යළි
against;prep;A2;එරෙහි
age;Noun Verb;A1, B1;වයස
aged;Adjective;B1;වයස අවුරුදු
agency;Noun;B2;නියෝජිතායතනය
agenda;Noun;B2;න්යාය පත්රය
agent;Noun;B1;නියෝජිතයා
aggressive;Adjective;B2;ආක්රමණශීලී
ago;Adverb;A1;පෙර
agree;Verb;A1;එකඟ
agreement;Noun;B1;ගිවිසුම
ah;exclam.;A2;ආහ්
ahead;Adverb;B1;ඉදිරියෙන්
aid;Noun Verb;B2;ආධාර
aim;Verb Noun;B1;අරමුණ
air;Noun;A1;වායු
aircraft;Noun;B2;ගුවන් යානා
airline;Noun;A2;ගුවන්
airport;Noun;A1;ගුවන් තොටුපළ
alarm;Noun Verb;B1, B2;එලාම්
album;Noun;B1;ඇල්බමය
alcohol;Noun;B1;මත්පැන්
alcoholic;Adjective;B1;මධ්යසාර
alive;Adjective;A2;ජීවතුන්
all;det. pron, Adverb;A1, A2;සියළු
all right;Adjective, Adverb exclam;A2;කමක් නැහැ
allow;Verb;A2;ඉඩ
almost;Adverb;A2;පාහේ
alone;Adjective, Adverb;A2;පමණක්
along;prep. Adverb;A2;දිගේ
already;Adverb;A2;දැනටමත්
also;Adverb;A1;තවද
alter;Verb;B2;ශරීර ඇතියෙක්
alternative;Noun Adjective;A2, B1;විකල්ප
although;conj;A2;නමුත්
always;Adverb;A1;සැමවිටම
amazed;Adjective;B1;පුදුම
amazing;Adjective;A1;අරුම පුදුම
ambition;Noun;B1;අභිලාෂය
ambitious;Adjective;B1;බලාපොරොත්තු සහගත
among;prep.;A2;අතර
amount;Noun Verb;A2, B2;ප්රමාණය
analyse;Verb;B1;විශ්ලේෂණය
analysis;Noun;B1;විශ්ලේෂණය
ancient;Adjective;A2;පුරාණ
and;conj;A1;සහ
anger;Noun;B2;කෝපය
angle;Noun;B2;කෝණය
angry;Adjective;A1;කෝපයට
animal;Noun;A1;සත්ව
ankle;Noun;A2;වළලුකර
anniversary;Noun;B2;සංවත්සරය
announce;Verb;B1;නිවේදනය
announcement;Noun;B1;නිවේදනය
annoy;Verb;B1;මූනත්තහඩුව
annoyed;Adjective;B1;කේන්ති ගිය
annoying;Adjective;B1;කරදර කාරී
annual;Adjective;B2;වාර්ෂික
another;det. proNoun;A1;තවත්
answer;Noun Verb;A1;පිළිතුර
anxious;Adjective;B2;කනස්සලු
any;det. proNoun, Adverb;A1, A2;ඕනෑම
anybody;pron;A2;කාටවත්
any more;Adverb;A2;තවත්
anyone;pron;A1;ඕනෑම කෙනෙකුට
anything;pron;A1;කිසිවක්
anyway;Adverb;A2;කෙසේ හෝ
anywhere;AdVerb proNoun;A2;ඕනෑම තැනක
apart;Adverb;B1;ලකුණින් බැහැරව භාවිතය සඳහා
apartment;Noun;A1;මෙම මහල් නිවාස
apologize;Verb;B1;සමාව ඉල්ලන්න
app;Noun;A2;යෙදුම
apparent;Adjective;B2;පැහැදිලි
apparently;Adverb;B2;පැහැදිලිවම
appeal;Noun Verb;B2;අභියාචනයක්
appear;Verb;A2;පෙනී
appearance;Noun;A2;පෙනුම
apple;Noun;A1;ඇපල්
application;Noun;B1;අයදුම්පත
apply;Verb;A2;අදාළ
appointment;Noun;B1;පත්
appreciate;Verb;B1;අගය
approach;Noun Verb;B2;ප්රවේශය
appropriate;Adjective;B2;සුදුසු
approval;Noun;B2;අනුමතිය
approve;Verb;B2;අනුමත
approximately;Adverb;B1;ආසන්න වශයෙන්
April;Noun;A1;අප්රේල්
architect;Noun;A2;ගෘහ නිර්මාණ ශිල්පියා
architecture;Noun;A2;නිර්මාණ ශිල්පය
area;Noun;A1;ප්රදේශයේ
argue;Verb;A2;වාද කරනවා
argument;Noun;A2;තර්කය
arise;Verb;B2;මතු
arm;Noun;A1;අත
armed;Adjective;B2;සන්නද්ධ
arms;Noun;B2;අවි ආයුධ
army;Noun;A2;හමුදාව
around;prep. Adverb;A1;අවට
arrange;Verb;A2;සංවිධානය
arrangement;Noun;A2;සැලැස්මට
arrest;Verb Noun;B1;අත් අඩංගුවට ගැනීම
arrival;Noun;B1;පැමිණීම
arrive;Verb;A1;පැමිණීමට
art;Noun;A1;කලාව
article;Noun;A1;ලිපිය
artificial;Adjective;B2;කෘතිම
artist;Noun;A1;කලාකරු
artistic;Adjective;B2;කලාත්මක
as;prep., Adverb conj.;A1, A2;පරිදි
ashamed;Adjective;B2;ලැජ්ජාවට පත්
asleep;Adjective;A2;නින්ද
ask;Verb;A1;ඉල්ලා
aspect;Noun;B2;අංශයක්
assess;Verb;B2;තක්සේරු
assessment;Noun;B2;තක්සේරු
assignment;Noun;B1;පැවරුම
assist;Verb;B1;සහාය
assistant;Noun Adjective;A2;සහකාර
associate;Verb;B2;ආශ්රිත
associated;Adjective;B2;අනුබද්ධ
association;Noun;B2;සංගමයේ
assume;Verb;B2;උපකල්පනය
at;prep.;A1;හිදී
athlete;Noun;A2;මලල ක්රීඩා
atmosphere;Noun;B1;වායුගෝලය
attach;Verb;B1;අනුයුක්ත
attack;Noun Verb;A2;ප්රහාරය
attempt;Noun Verb;B2;උත්සාහයක්
attend;Verb;A2;ආරාධි
attention;Noun exclam.;A2;අවධානය
attitude;Noun;B1;ආකල්පය
attract;Verb;B1;ආකර්ෂණය
attraction;Noun;B1;ආකර්ෂණය
attractive;Adjective;A2;ආකර්ෂණීය
audience;Noun;A2;ප්රේක්ෂක
August;Noun;A1;අගෝස්තු
aunt;Noun;A1;නැන්දා
author;Noun;A2;කර්තෘ
authority;Noun;B1;අධිකාරිය
autumn;Noun;A1;සරත් සෘතුවේ
available;Adjective;A2;පවතින
average;Adjective, Noun Verb;A2, B1;සාමාන්ය
avoid;Verb;A2;වැලැක්විමට
award;Noun Verb;A2, B1;සම්මානය
aware;Adjective;B1;දැනුවත්
away;Adverb;A1;අභාවප්රාප්ත
awful;Adjective;A2;භයංකර
baby;Noun;A1;ළදරු
back;Noun AdVerb Adjective, Verb;A1, A2, B2;ආපසු
background;Noun;A2;පසුබිම
backwards;Adverb;B1;ආපස්සට
bacteria;Noun;B2;බැක්ටීරියාව
bad;Adjective;A1;නරක
badly;Adverb;A2;දරුණු ලෙස
bag;Noun;A1;මල්ලක්
bake;Verb;B1;රවුම් කේක්
balance;Noun Verb;B1;ඉතිරි
ball;Noun;A1;පන්දුව
ban;Verb Noun;B1;තහනම
banana;Noun;A1;කෙසෙල්
band;Noun;A1;සංගීත කණ්ඩායම
bank (money);Noun;A1;බැංකු (මුදල්)
bank (river);Noun;B1;බැංකු (ගඟ)
bar;Noun Verb;A2, B2;බාර්
barrier;Noun;B2;බාධකයක්
base;Noun Verb;B1;පදනම
baseball;Noun;A2;බේස්බෝල්
based;Adjective;A2;පදනම්
basketball;Noun;A2;පැසිපන්දු
basic;Adjective;B1;මූලික
basically;Adverb;B2;මූලික වශයෙන්
basis;Noun;B1;පදනම
bath;Noun;A1;නාන
bathroom;Noun;A1;නාන කාමරය
battery;Noun;B1;බැටරි
battle;Noun Verb;B1, B2;සටන
be;Verb auxiliary Verb;A1;වේවා
beach;Noun;A1;වෙරළ
bean;Noun;A2;බෝංචි
bear (deal with);Verb;B2;වලසා (සමග ගනුදෙනු)
bear (animal);Noun;A2;වලසා (සත්ව)
beat;Verb Noun;A2, B2;ගුටි
beautiful;Adjective;A1;ලස්සන
beauty;Noun;B1;සුන්දරත්වය
because;conj.;A1;නිසා
become;Verb;A1;බවට පත්
bed;Noun;A1;ඇඳ
bedroom;Noun;A1;නිදන
bee;Noun;B1;මී
beef;Noun;A2;හරක් මස්
beer;Noun;A1;බියර්
before;prep., conj. Adverb;A1, A2;කලින්
beg;Verb;B2;පිඬුසිඟා
begin;Verb;A1;ආරම්භය
beginning;Noun;A1;පටන්
behave;Verb;A2;හැසිරෙනවා
behaviour;Noun;A2;හැසිරීම
behind;prep. Adverb;A1;පිටුපස
being;Noun;B2;පැවැත්ම
belief;Noun;B1;විශ්වාසය
believe;Verb;A1;විශ්වාස
bell;Noun;B1;සීනුව
belong;Verb;A2;අනිකුත්
below;Adverb prep.;A1;පහත
belt;Noun;A2;තීරය
bend;Verb Noun;B1;වංගුව
benefit;Verb NouNoun;A2, B1;ප්රතිලාභ
bent;Adjective;B2;නැවුණු
best;Adjective, AdVerb Noun;A1, A2;හොඳම
bet;Verb Noun;B2;ඔට්ටු
better;Adjective , Adverb , Noun;A1, A2, B1;වඩා හොඳ
between;prep., Adverb;A1, A2;අතර
beyond;prep. Adverb;B2;ඔබ්බට
bicycle;Noun;A1;බයිසිකල්
big;Adjective;A1;මහා
bike;Noun;A1;බයිසිකලයක්
bill;Noun Verb;A1, B2;බිල්පත්
billion number; ;A2;බිලියන අංකය
bin;Noun;A2;බින්
biology;Noun;A2;ජීව විද්යාව
bird;Noun;A1;කුරුළු
birth;Noun;A2;උපත
birthday;Noun;A1;උපන් දිනය
biscuit;Noun;A2;බිස්කට්
bit;Noun;A2;ටිකක්
bite;Verb Noun;B1;දෂ්ට
bitter;Adjective;B2;කටුක
black;Adjective, Noun;A1;කලු
blame;Verb Noun;B2;වරද
blank;Adjective, Noun;A2;හිස්
blind;Adjective;B2;අ න් ධ
block;Noun Verb;B1;වාරණ
blog;Noun;A1;බ්ලොග්
blonde;Adjective;A1;සුදු හම
blood;Noun;A2;ලේ
blow;Verb;A2;පිඹීම
blue;Adjective, Noun;A1;නිල්
board;Noun Verb;A2, B1;මණ්ඩලය
boat;Noun;A1;බෝට්ටු
body;Noun;A1;සිරුර
boil;Verb;A2;ගෙඩියක්
bomb;Noun Verb;B1;බෝම්බ
bond;Noun;B2;බැඳුම්කර
bone;Noun;A2;අස්ථි
book;Noun Verb;A1, A2;පොත
boot;Noun;A1;ඇරඹුම්
border;Noun Verb;B1, B2;දේශ සීමා
bored;Adjective;A1;කම්මැලි
boring;Adjective;A1;කම්මැලි
born;Verb;A1;උපත
borrow;Verb;A2;ණයට
boss;Noun;A2;ලොක්කා
both;det./proNoun;A1;දෙකම
bother;Verb;B1;කරදර
bottle;Noun;A1;බෝතලයක්
bottom;NouNoun Adjective;A2;පහළ
bowl;Noun;A2;අහාර වළඳන පාත්රය,
box;Noun;A1;කොටුව
boy;Noun;A1;පිරිමි ළමයා
boyfriend;Noun;A1;පෙම්වතා
brain;Noun;A2;මොළයේ
branch;Noun;B1;ශාඛාව
brand;Noun Verb;B1;වෙළඳ නාමය
brave;Adjective;B1;නිර්භීත
bread;Noun;A1;පාන්
break;Verb Noun;A1;විවේකයක්
breakfast;Noun;A1;උදේ කෑම
breast;Noun;B2;පියයුරු
breath;Noun;B1;හුස්ම
breathe;Verb;B1;හුස්ම ගන්න
breathing;Noun;B1;හුස්ම
bride;Noun;B1;මනමාලිය
bridge;Noun;A2;පාලම
brief;Adjective;B2;කෙටි
bright;Adjective;A2;දීප්තිමත්
brilliant;Adjective;A2;දීප්තිමත්
bring;Verb;A1;ගෙන
broad;Adjective;B2;පුළුල්
broadcast;Verb Noun;B2;විකාශනය
broken;Adjective;A2;බිඳ
brother;Noun;A1;සහෝදරයා
brown;Adjective, Noun;A1;දුඹුරු
brush;Verb Noun;A2;බුරුසුවක්
bubble;Noun;B1;බුබුල
budget;Noun;B2;අයවැය
build;Verb;A1;ගොඩ නැඟීමට
building;Noun;A1;ගොඩනැගිල්ල
bullet;Noun;B2;වෙඩි
bunch;Noun;B2;පොකුරක්
burn;Verb Noun;A2, B2;පිළිස්සුම්
bury;Verb;B1;භූමදාන
bus;Noun;A1;බස්
bush;Noun;B2;පඳුර
business;Noun;A1;ව්යාපාරික
businessman;Noun;A2;ව්යාපාරිකයා
busy;Adjective;A1;කාර්යබහුලයි
but;conj. prep;A1, B2;ඒත්
butter;Noun;A1;බටර්
button;Noun;A2;බොත්තම
buy;Verb;A1;මිලදී ගැනීමේ
by;prep. Adverb;A1, B1;විසින්
bye;exclam;A1;බායි
cable;Noun;B2;කේබල්
cafe;Noun;A1;කැෆේ
cake;Noun;A1;කේක්
calculate;Verb;B2;ගණනය
call;Verb Noun;A1;ඇමතුම්
calm;Adjective Verb Noun;B1;සන්සුන්
camera;Noun;A1;කැමරා
camp;Noun Verb;A2;කඳවුරේ
campaign;Noun Verb;B1;ව්යාපාරය
camping;Noun;A2;කඳවුරු
campus;Noun;B1;විශ්ව විද්යාල
can1;modal Verb;A1;can1
can2;Noun;A2;can2
cancel;Verb;B2;අවලංගු
cancer;Noun;B2;පිළිකා
candidate;Noun;B1;අපේක්ෂක
cannot;Verb;A1;බෑ
cap;Noun;B1;තොප්පිය
capable;Adjective;B2;හැකි
capacity;Noun;B2;ධාරිතාව
capital;Noun Adjective;A1;ප්රාග්ධන
captain;Noun;B1;නායක
capture;Verb Noun;B2;ග්රහණ
car;Noun;A1;මෝටර් රථ
card;Noun;A1;කාඩ්
care;Noun Verb;A2;සේවා
career;Noun;A1;වෘත්තීය
careful;Adjective;A2;ප්රවේශම්
carefully;Adverb;A2;ප්රවේශමෙන්
careless;Adjective;B1;නොසැලකිලිමත්
carpet;Noun;A2;කාපට්
carrot;Noun;A1;කැරට්
carry;Verb;A1;ගෙන යෑම
cartoon;Noun;A2;කාටුන්
case;Noun;A2;නඩුව
cash;Noun;A2;මුදල්
cast;Noun Verb;B2;වාත්තු
castle;Noun;A2;කාසල්
cat;Noun;A1;බළලා
catch;Verb Noun;A2, B2;අතට උඩ පන්දුවක්
category;Noun;B1;වර්ගය
cause;Noun Verb;A2;හේතුව
CD;Noun;A1;සංයුක්ත තැටි
ceiling;Noun;B1;සිවිලිම
celebrate;Verb;A2;සැමරීමට
celebration;Noun;B1;උත්සව
celebrity;Noun;A2;කීර්තිමත්
cell;Noun;B2;සෛල
cent;Noun;A1;සියයට
central;Adjective;B1;මධ්යම
centre;Noun Verb;A1, B1;මධ්යස්ථානයක්
century;Noun;A1;සියවස
ceremony;Noun;B1;උත්සවය
certain;Adjective;A2;සමහර
certainly;Adverb;A2;නිසැකව
chain;Noun Verb;B1, B2;දාම
chair;Noun Verb;A1, B2;පුටුවක්
chairman;Noun;B2;සභාපති
challenge;Noun Verb;B1, B2;අභියෝගය
champion;Noun;B1;ශූර
chance;Noun;A2;අවස්ථාවක්
change;Verb Noun;A1;වෙනස්
channel;Noun;B1;නාලිකාව
chapter;Noun;B1;පරිච්ඡේදය
character;Noun;A2;ස්වභාවය
characteristic;Noun Adjective;B2;ලාක්ෂණික
charge;Noun Verb;B1;භාර
charity;Noun;A2;පුණ්ය
chart;Noun Verb;A1, B2;සටහන
chat;Verb Noun;A2;චැට්
cheap;Adjective , Adverb;A1, B1;ලාභ
cheat;Verb Noun;B1;වංචාකාරයෙක්
check;Verb Noun;A1, A2;චෙක් පත
chef;Noun;A2;චෙෆ්
cheerful;Adjective;B1;සතුටු සිතින්
cheese;Noun;A1;චීස්
chemical;Adjective, Noun;B1;රසායනික
chemistry;Noun;A2;රසායන විද්යාව
chest;Noun;B1;පපුව
chicken;Noun;A1;කුකුල් මස්
chief;Adjective, Noun;B2;ප්රධාන
child;Noun;A1;ළමා
childhood;Noun;B1;ළමා කාලය
chip;Noun;A2;චිප
chocolate;Noun;A1;චොක්ලට්
choice;Noun;A2;තෝරා
choose;Verb;A1;තෝරා
church;Noun;A2;සභාව
cigarette;Noun;A2;සිගරට්
cinema;Noun;A1;සිනමා
circle;Noun Verb;A2;රවුම
circumstance;Noun;B2;අවස්ථාවක
cite;Verb;B2;දක්වති
citizen;Noun;B2;පුරවැසියෙකු
city;Noun;A1;නගරය
civil;Adjective;B2;සිවිල්
claim;Verb Noun;B1;හිමිකම
class;Noun;A1;පන්තිය
classic;Adjective, Noun;B2;සම්භාව්ය
classical;Adjective;A2;සම්භාව්ය
classroom;Noun;A1;පන්ති කාමර
clause;Noun;B1;වගන්තිය
clean;Adjective, Verb;A1;පිරිසිදු
clear;Adjective, Verb;A2, B1;පැහැදිලිව
clearly;Adverb;A2;පැහැදිලිව
clever;Adjective;A2;දක්ෂ
click;Verb Noun;B1;ක්ලික් කරන්න
client;Noun;B1;සේවාදායකයා
climate;Noun;A2;දේශගුණික
climb;Verb Noun;A1, B1;නැගීමක්
clock;Noun;A1;ඔරලෝසුව
close1;Verb Noun;A1, B2;close1
close2;Adjective , Adverb;A2, B1;close2
closed;Adjective;A2;වසා දමා
closely;Adverb;B2;සමීපව
cloth;Noun;B1;රෙදි
clothes;Noun;A1;ඇඳුම්
clothing;Noun;A2;ඇඳුම්
cloud;Noun;A2;වලාකුළු
club;Noun;A1;සමාජය
clue;Noun;B1;ඉඟියක්
coach;Noun Verb;A2, B1;පුහුණුකරුවා
coal;Noun;B1;ගල් අඟුරු
coast;Noun;A2;වෙරළ තීරයේ
coat;Noun;A1;කබාය
code;Noun;A2;කේතය
coffee;Noun;A1;කෝපි
coin;Noun;B1;කාසිය
cold;Adjective Noun;A1;සීතල
collapse;Verb Noun;B2;බිඳ වැටීම
colleague;Noun;A2;සගයා
collect;Verb;A2;එකතු
collection;Noun;B1;එකතු
college;Noun;A1;විදුහල
colour;Noun;A1;වර්ණ
coloured;Adjective;B1;වර්ණ
column;Noun;A2;තීරුව
combination;Noun;B2;එකතුවක්
combine;Verb;B1;ඒකාබද්ධ
come;Verb;A1;එන්න
comedy;Noun;A2;ප්රහසනයක්
comfort;Noun Verb;B2;සුවපහසුව
comfortable;Adjective;A2;සැප පහසු
command;Noun Verb;B2;විධානය
comment;Noun Verb;A2, B1;අදහස්
commercial;Adjective Noun;B1;වෙළඳ
commission;Noun Verb;B2;කොමිසම
commit;Verb;B1;සිදු
commitment;Noun;B2;කැපවීම
committee;Noun;B2;කමිටුවක්
common;Adjective Noun;A1;පොදු
commonly;Adverb;B2;පොදුවේ
communicate;Verb;A2;සන්නිවේදනය
communication;Noun;B1;සන්නිවේදන
community;Noun;A2;ප්රජාව
company;Noun;A1;සමාගම
compare;Verb;A1;සංසන්දනය
comparison;Noun;B1;සංසන්දනය
compete;Verb;A2;ඔලිම්පික් සඳහා
competition;Noun;A2;තරඟ
competitor;Noun;B1;තරඟකරුවා
competitive;Adjective;B1;තරඟකාරී
complain;Verb;A2;පැමිණිලි
complaint;Noun;B1;පැමිණිල්ලක්
complete;Adjective Verb;A1;සම්පූර්ණ
completely;Adverb;A2;සම්පූර්ණයෙන්ම
complex;Adjective, Noun;B1, B2;සංකීර්ණ
complicated;Adjective;B2;සංකීර්ණ
component;Noun;B2;සංරචකය
computer;Noun;A1;පරිගණක
concentrate;Verb;B1;වැඩි අවධානය යොමු
concentration;Noun;B2;සාන්ද්රණය
concept;Noun;B2;සංකල්පය
concern;Noun Verb;B2;කනස්සල්ල
concerned;Adjective;B2;අදාළ
concert;Noun;A1;ප්රසංගය
conclude;Verb;B1;නිගමනය
conclusion;Noun;B1;නිගමනය
condition;Noun;A2;තත්ත්වය
conduct;Verb Noun;B2;හැසිරීම
conference;Noun;A2;සමුළුව
confidence;Noun;B2;විශ්වාසය
confident;Adjective;B1;විශ්වාස
confirm;Verb;B1;තහවුරු
conflict;Noun Verb;B2;ගැටුම
confuse;Verb;B1;ව්යාකූල
confused;Adjective;B1;ව්යාකූල
confusing;Adjective;B2;වැට්ටවීමට
connect;Verb;A2;සම්බන්ධ කිරීම
connected;Adjective;A2;සම්බන්ධ
connection;Noun;B1;සම්බන්ධයක්
conscious;Adjective;B2;දැනුවත්
consequence;Noun;B1;ප්රතිවිපාකය
conservative;Adjective, Noun;B2;ගතානුගතික
consider;Verb;A2;සලකා
consideration;Noun;B2;සලකා
consist;Verb;B1;සමන්විත
consistent;Adjective;B2;ස්ථාවර
constant;Adjective;B2;නිරන්තර
constantly;Adverb;B2;නිරන්තරයෙන්
construct;Verb;B2;ඉදිකිරීමක්
construction;Noun;B2;ඉදිකිරීම
consume;Verb;B1;පරිභෝජනය
consumer;Noun;B1;පාරිභෝගික
contact;Noun Verb;B1;අමතන්න
contain;Verb;A2;අඩංගු
container;Noun;B1;රුවනයකි
contemporary;Adjective;B2;සමකාලීන
content;Noun;B1;අන්තර්ගතය
contest;Noun Verb;B2;තරගයට
context;Noun;A2;සන්දර්භය
continent;Noun;A2;මහාද්වීපය
continue;Verb;A2;දිගටම
continuous;Adjective;B1;අඛණ්ඩ
contract;Noun Verb;B2;කොන්ත්රාත්
contrast;Noun Verb;B1;ඊට වෙනස්ව
contribute;Verb;B2;දායක
contribution;Noun;B2;දායකත්වය
control;Noun Verb;A2;පාලනය
convenient;Adjective;B1;පහසු
conversation;Noun;A1;සාකච්ඡාව
convert;Verb;B2;ආගමට හරවා
convince;Verb;B1;ඒත්තු
convinced;Adjective;B2;ඒත්තු
cook;Verb Noun;A1, A2;කුක්
cooker;Noun;A2;උදුන
cooking;Noun;A1;ආහාර පිසීම
cool;Adjective, Verb;A1, B1;සිසිල්
copy;Noun Verb;A2;පිටපතක්
core;Noun Adjective;B2;හරය
corner;Noun;A2;කෙළවරේ
corporate;Adjective;B2;ආයතනික
correct;Adjective Verb;A1;නිවැරදි
correctly;Adverb;A2;නිවැරදිව
cost;Noun Verb;A1;පිරිවැය
costume;Noun;B1;ඇඳුම්
cottage;Noun;B1;ගෘහ
cotton;Noun;B1;කපු
could;Verb;A1;හැකි
council;Noun;B2;සභා
count;Verb Noun;A2, B1;ගණන්
country;Noun;A1;රට
countryside;Noun;B1;පිටිසර
county;Noun;B2;ප්රාන්ත
couple;Noun;A2;යුවලක්
courage;Noun;B2;ධෛර්යය
course;Noun;A1;පාඨමාලාව
court;Noun;B1;අධිකරණය
cousin;Noun;A1;ඥාති සහෝදරයා
cover;Verb Noun;A2, B1;ආවරණය
covered;Adjective;B1;ආවරණය
cow;Noun;A1;ගව
crash;Noun Verb;B2;කඩා වැටීමෙන්
crazy;Adjective;A2;පිස්සු
cream;Noun Adjective;A1, B1;ක්රීම්
create;Verb;A1;නිර්මාණය
creation;Noun;B2;නිර්මාණය
creative;Adjective;A2;නිර්මාණාත්මක
creature;Noun;B2;සත්වයෙක්
credit;Noun Verb;A2, B2;ණය
crew;Noun;B2;කාර්ය මණ්ඩලය
crime;Noun;A2;අපරාධය
criminal;Noun Adjective;A2, B1;අපරාධ
crisis;Noun;B2;අර්බුදය
criterion;Noun;B2;මිනුම් දණ්ඩ
critic;Noun;B2;විචාරකයකු
critical;Adjective;B2;විවේචනාත්මක
criticism;Noun;B2;විවේචන
criticize;Verb;B2;විචාරණය
crop;Noun;B2;බෝග
cross;Verb Noun;A2;හරස්
crowd;Noun;A2;පිරිසක්
crowded;Adjective;A2;පිරී ඉතිරී ගිය
crucial;Adjective;B2;තීරණාත්මක
cruel;Adjective;B1;කෲර
cry;Verb Noun;A2, B2;කන්නලව්
cultural;Adjective;B1;සංස්කෘතික
culture;Noun;A1;සංස්කෘතිය
cup;Noun;A1;කුසලාන
cupboard;Noun;A2;කබඩ්
cure;Verb Noun;B2;බෙහෙත
curly;Adjective;A2;රැලි සහිත
currency;Noun;B1;මුදල්
current;Adjective, Noun;B1, B2;වත්මන්
currently;Adverb;B1;දැන්
curtain;Noun;B1;මුල් පිටුව තිරෙන් පිටුපස කසු කුසු
curve;Noun Verb;B2;වක්රය
curved;Adjective;B2;වක්ර
custom;Noun;B1;අභිරුචි
customer;Noun;A1;පාරිභෝගික
cut;Verb , Noun;A1, B1;සැපයුම අත්හිටුවන
cycle;Noun Verb;A2, B1;චක්රය
dad;Noun;A1;තාත්තා
daily;Adjective, Adverb;A2, B1;දිනපතා
damage;Noun Verb;B1;හානි
dance;Noun Verb;A1;නර්තන
dancer;Noun;A1;නර්තන ශිල්පිනියක්
dancing;Noun;A1;නැටුම්
danger;Noun;A2;අනතුර
dangerous;Adjective;A1;භයානක
dark;Adjective, Noun;A1, A2;අඳුරු
data;Noun;A2;දත්ත
date;Noun Verb;A1, B2;දිනය
daughter;Noun;A1;දියණිය
day;Noun;A1;දවස
dead;Adjective;A2;මිය ගිය
deal;Verb Noun;A2, B1;ගනුදෙනුව
dear;Adjective, exclam;A1, A2;ආදරණීය
death;Noun;A2;මරණ
debate;Noun Verb;B2;විවාදය
debt;Noun;B2;ණය
decade;Noun;B1;දශකය
December;Noun;A1;දෙසැම්බර්
decent;Adjective;B2;යහපත්
decide;Verb;A1;තීරණය
decision;Noun;A2;තීරණ
declare;Verb;B2;ප්රකාශ
decline;Verb Noun;B2;පහත වැටීම
decorate;Verb;B1;අලංකාර
decoration;Noun;B2;සැරසිලි
decrease;Verb Noun;B2;අඩු
deep;Adjective, Adverb;A2, B1;ගැඹුරු
deeply;Adverb;B2;ගැඹුරින්
defeat;Verb Noun;B2;පරාජය
defence;Noun;B2;ආරක්ෂක
defend;Verb;B2;ආරක්ෂා
define;Verb;B1;නිර්වචනය
definite;Adjective;B1;නිශ්චිත
definitely;Adverb;A2;අනිවාර්යයෙන්ම
definition;Noun;B1;අර්ථ දැක්වීම
degree;Noun;A2;උපාධිය
delay;Verb Noun;B2;ප්රමාද
deliberate;Adjective;B2;හිතාමතා
deliberately;Adverb;B2;හිතා මතාම
delicious;Adjective;A1;රසවත්
delight;Verb Noun;B2;ප්රීති
delighted;Adjective;B2;සතුටුයි
deliver;Verb;B1;භාර
delivery;Noun;B2;බෙදාහැරීමේ
demand;Noun Verb;B2;ඉල්ලුම
demonstrate;Verb;B2;පෙන්නුම්
dentist;Noun;A2;දන්ත වෛද්යවරයෙකු
deny;Verb;B2;ප්රතික්ෂේප
department;Noun;A2;ෙදපාර්තෙම්න්තුෙව්
departure;Noun;B1;පිටත්
depend;Verb;A2;රඳා පවතී
depressed;Adjective;B2;අසහනකාරී ස්වභාවයක්
depressing;Adjective;B2;වැටීමේ
depth;Noun;B2;ගැඹුර
describe;Verb;A1;විස්තර
description;Noun;A1;විස්තර
desert;Noun Verb;A2, B2;කාන්තාර
deserve;Verb;B2;ලැබිය යුතු
design;Noun Verb;A1;නිර්මාණ
designer;Noun;A2;නිර්මාණ
desire;Noun Verb;B2;ආශාව
desk;Noun;A1;මේසය
desperate;Adjective;B2;මංමුලා සහගත
despite;prep;B1;තිබියදීත්
destination;Noun;B1;ගමනාන්තය
destroy;Verb;A2;විනාශ
detail;Noun Verb;A1, B2;විස්තර
detailed;Adjective;B2;විස්තරාත්මක
detect;Verb;B2;හඳුනා
detective;Noun;A2;රහස් පරීක්ෂකයා
determine;Verb;B1;තීරණය
determined;Adjective;B1;අධිෂ්ඨාන
develop;Verb;A2;සංවර්ධනය
development;Noun;B1;වර්ධනය
device;Noun;A2;උපාංගය
diagram;Noun;B1;රූප සටහන
dialogue;Noun;A1;සංවාදයක්
diamond;Noun;B1;දියමන්ති
diary;Noun;A2;දිනපොත
dictionary;Noun;A1;ශබ්ද කෝෂය
die;Verb;A1;මැරෙන්න
diet;Noun;A1;ආහාර
difference;Noun;A1;වෙනස
different;Adjective;A1;විවිධ
differently;Adverb;A2;වෙනස්
difficult;Adjective;A1;දුෂ්කර
difficulty;Noun;B1;අමාරුවෙන්
dig;Verb;B2;කැණීම්
digital;Adjective;A2;ඩිජිටල්
dinner;Noun;A1;රාත්රී ආහාරය
direct;Adjective, Verb Adverb;A2, B1;සෘජු
direction;Noun;A2;දිශාව
directly;Adverb;B1;සෘජුවම
director;Noun;A2;අධ්යක්ෂ
dirt;Noun;B1;කුණු
dirty;Adjective;A1;අපිරිසිදු
Dis Adverbantage;Noun;B1;නිර් Adverbantage
disagree;Verb;A2;එකඟ
disappear;Verb;A2;අතුරුදහන්
disappointed;Adjective;B1;බලාපොරොත්තු සුන්
disappointing;Adjective;B1;සිංහරාජයේ
disaster;Noun;A2;ආපදා
disc;Noun;B2;තැටි
discipline;Noun;B2;විනය
discount;Noun Verb;B1, B2;වට්ටම්
discover;Verb;A2;සොයා ගැනීම
discovery;Noun;A2;සොයා ගැනීම
discuss;Verb;A1;සාකච්ඡා
discussion;Noun;A2;සාකච්ඡා
disease;Noun;A2;රෝගය
dish;Noun;A1;කෑමක්
dishonest;Adjective;B2;වංක
dislike;Verb Noun;B1;අකමැත්තක්
dismiss;Verb;B2;සේවයෙන් ඉවත්
display;Verb Noun;B2;ප්රදර්ශනය
distance;Noun;A2;දුර
distribute;Verb;B2;බෙදාහැරීම
distribution;Noun;B2;බෙදා හැරීම
district;Noun;B2;දිසා
divide;Verb Noun;B1, B2;බෙදනවා
division;Noun;B2;අංශයේ
divorced;Adjective;A2;දික්කසාද
do;Verb auxiliary verb;A1;කරන්න
doctor;Noun;A1;වෛද්යවරයා
document;Noun Verb;A2, B2;ලියවිල්ල
documentary;Noun;B1;වාර්තා
dog;Noun;A1;බල්ලා
dollar;Noun;A1;ඩොලර්
domestic;Adjective;B2;දේශීය
dominate;Verb;B2;මත ආධිපත්යය දරන
donate;Verb;B1;පරිත්යාග
door;Noun;A1;දොර
double;Adjective det. proNoun Verb , Adverb;A2, B1;ද්විත්ව
doubt;Noun Verb;B1;සැකයක්
down;Adverb Prep;A1;පහළ
download;Verb Noun;A2;බාගත
downstairs;Adverb , Adjective;A1, A2;පහත මාලයේ
downwards;Adverb;B2;දී පහතට
dozen;Noun det;B2;දුසිම්
draft;Noun Verb;B2;කෙටුම්පත
drag;Verb;B2;ඇද
drama;Noun;A2;නාට්ය
dramatic;Adjective;B2;නාට්යමය
draw;Verb;A1;දිනුම් ඇදීම
drawing;Noun;A2;ඇඳීම
dream;Noun Verb;A2;සිහිනය
dress;Noun Verb;A1;ඇඳුම
dressed;Adjective;B1;සැරසී
drink;Noun Verb;A1;බීම
drive;Verb Noun;A1, A2;තැටිය
driver;Noun;A1;රියදුරු
driving;Noun;A2;රියදුරු
drop;Verb Noun;A2, B1;පහත
drug;Noun;A2;මත්ද්රව්ය
drum;Noun;B1;බෙර
drunk;Adjective;B1;බීමත්ව
dry;Adjective, Verb;A2;වියළි
due;Adjective;B1;නිසා
during;prep;A1;තුළ
dust;Noun;B1;දුවිලි
duty;Noun;B1;බදු
DVD;Noun;A1;DVD
each;det./proNoun/Adverb;A1;සෑම
ear;Noun;A1;කන
early;Adjective Adverb;A1;මුල්
earn;Verb;A2;උපයා
earth;Noun;A2;පොළොවේ
earthquake;Noun;B1;භූමි කම්පාව
easily;Adverb;A2;පහසුවෙන්
east;Noun Adjective Adverb;A1;නැගෙනහිර
eastern;Adjective;B1;නැගෙනහිර
easy;Adjective;A1;පහසු
eat;Verb;A1;කන්න
economic;Adjective;B1;ආර්ථීක
economy;Noun;B1;ආර්ථිකය
edge;Noun;B1;නවීන
edit;Verb;B2;සංස්කරණය කරන්න
edition;Noun;B2;සංස්කරණය
editor;Noun;B1;සංස්කරණය හෝ
educate;Verb;B1;දැනුවත්
educated;Adjective;B1;උගත්
education;Noun;A2;අධ්යාපන
educational;Adjective;B1;අධ්යාපන
effect;Noun;A2;ක්රියාත්මක
effective;Adjective;B1;ඵලදායී
effectively;Adverb;B1;ඵලදායී
efficient;Adjective;B2;කාර්යක්ෂම
effort;Noun;B1;උත්සාහයක්
egg;Noun;A1;බිත්තර
eight;number;A1;අට
eighteen;number;A1;දහඅට
eighty;number;A1;අසූ
either;det./proNoun Adverb;A2;එක්කෝ
elderly;Adjective;B2;වැඩිහිටි
elect;Verb;B2;තෝරාගත්
election;Noun;B1;මැතිවරණ
electric;Adjective;A2;විද්යුත්
electrical;Adjective;A2;විදුලි
electricity;Noun;A2;විදුලිබල
electronic;Adjective;A2;ඉලෙක්ට්රොනික
element;Noun;B1;මූලද්රව්යය
elephant;Noun;A1;අලි
eleven;number;A1;එකොළොස්
else;Adverb;A1;වෙන
elsewhere;Adverb;B2;වෙනත් තැන්වල
email;Noun Verb;A1;විද්යුත් තැපෑල
embarrassed;Adjective;B1;අපහසුවටත්
embarrassing;Adjective;B1;අපහසුතාවට පත්
emerge;Verb;B2;මතු
emergency;Noun;B1;හදිසි
emotion;Noun;B1;හැඟීම්
emotional;Adjective;B2;මානසික
emphasis;Noun;B2;අවධාරණය
emphasize;Verb;B2;අවධාරණය
employ;Verb;A2;රැකියා කරන
employee;Noun;A2;සේවක
employer;Noun;A2;සේවායෝජකයා
employment;Noun;B1;රැකියා
empty;Adjective, Verb;A2, B1;හිස්
enable;Verb;B2;සක්රිය
encounter;Verb Noun;B2;තරගය
encourage;Verb;B1;දිරිමත්
end;Noun Verb;A1;අවසානය
ending;Noun;A2;අවසන්
enemy;Noun;B1;සතුරා
energy;Noun;A2;බලශක්ති
engage;Verb;B2;නිරත
engaged;Adjective;B1;නිරත
engine;Noun;A2;එන්ජිම
engineer;Noun;A2;ඉංජිනේරු
engineering;Noun;B1;ඉංජීනේරු
enhance;Verb;B2;වැඩි දියුණු
enjoy;Verb;A1;භුක්ති
enormous;Adjective;A2;දැවැන්ත
enough;det. proNoun Adverb;A1;ඇති
enquiry;Noun;B2;පරීක්ෂණයක්
ensure;Verb;B2;සහතික
enter;Verb;A2;ඇතුළු
entertain;Verb;B1;විනෝදාස්වාදය
entertainment;Noun;B1;විනෝදාස්වාදය
enthusiasm;Noun;B2;උද්යෝගය
enthusiastic;Adjective;B2;උද්යෝගිමත්
entire;Adjective;B2;සමස්ත
entirely;Adverb;B2;සම්පූර්ණයෙන්ම
entrance;Noun;B1;ඇතුල්වීම
entry;Noun;B1;පිවිසුම්
environment;Noun;A2;පරිසරය
environmental;Adjective;B1;පරිසර
episode;Noun;B1;සිද්ධිය
equal;Adjective, Verb Noun;B1, B2;සමාන
equally;Adverb;B1;සමානව
equipment;Noun;A2;උපකරණ
error;Noun;A2;දෝෂයක්
escape;Verb Noun;B1;පලා
especially;Adverb;A2;විශේෂයෙන්ම
essay;Noun;A2;රචනා
essential;Adjective;B1;අත්යවශ්ය
establish;Verb;B2;ස්ථාපිත
estate;Noun;B2;වතු
estimate;Verb Noun;B2;ඇස්තමේන්තු
ethical;Adjective;B2;සදාචාරාත්මක
euro;Noun;A1;යුරෝ
evaluate;Verb;B2;ඇගයීමට ලක්
even;AdVerb Adjective;A1, B2;පවා
evening;Noun;A1;සවස
event;Noun;A1;උත්සවය
eventually;Adverb;B1;අවසානයේ
ever;Adverb;A1;මෙතෙක්
every;det;A1;සෑම
everybody;proNoun;A1;සියලු දෙනාටම
everyday;Adjective;A2;සෑම දිනම
everyone;proNoun;A1;සෑම
everything;proNoun;A1;සියල්ල
everywhere;Adverb;A2;සෑම තැනකම
evidence;Noun;A2;සාක්ෂි
evil;Adjective, Noun;B2;නපුරු
exact;Adjective;A2;හරියටම
exactly;Adverb;A2;හරියටම
exam;Noun;A1;විභාගය
examination;Noun;B2;විභාගය
examine;Verb;B1;පරීක්ෂා
example;Noun;A1;උදාහරණයක්
excellent;Adjective;A2;විශිෂ්ට
except;prep, conj;A2, B1;හැර
exchange;Noun Verb;B1;හුවමාරුව
excited;Adjective;A1;කලබල
excitement;Noun;B1;ජනතා උද්යෝගය
exciting;Adjective;A1;ආකර්ෂණීය
excuse;Noun Verb;B2;නිදහසට කරුණක්
executive;Noun Adjective;B2;විධායක
exercise;Noun Verb;A1;අභ්යාස
exhibition;Noun;B1;ප්රදර්ශනය
exist;Verb;A2;පවතින්නා වූ
existence;Noun;B2;පැවැත්ම
expand;Verb;B1;පුළුල්
expect;Verb;A2;බලාපොරොත්තු
expectation;Noun;B2;අපේක්ෂාව
expected;Adjective;B1;අපේක්ෂා
expedition;Noun;B1;ගවේෂණ කණ්ඩායම
expense;Noun;B2;වියදම්
expensive;Adjective;A1;මිල අධික
experience;Noun Verb;A2, B1;අත්දැකීමක්
experienced;Adjective;B1;පළපුරුදු
experiment;Noun Verb;A2, B1;අත්හදා බැලීම
expert;Noun Adjective;A2;විශේෂඥ
explain;Verb;A1;පැහැදිලි
explanation;Noun;A2;පැහැදිලි කිරීමක්
explode;Verb;B1;පුපුරා
exploration;Noun;B2;ගවේෂණ
explore;Verb;B1;ගවේෂණය
explosion;Noun;B1;පිපිරීම
export;Noun Verb;B1;අපනයන
expose;Verb;B2;හෙළිදරව්
express;Verb;A2;අධිවේගී
expression;Noun;A2;ප්රකාශනය
extend;Verb;B2;දීර්ඝ
extent;Noun;B2;දුරට
external;Adjective;B2;බාහිර
extra;Adjective, Noun Adverb;A1, B1;අමතර
extraordinary;Adjective;B2;අසාමාන්ය
extreme;Adjective, Noun;A2, B2;අන්ත
extremely;Adverb;A2;ඉතා
eye;Noun;A1;ඇස
face;Noun Verb;A1, B1;මුහුණ
facility;Noun;B2;පහසුකම්
fact;Noun;A1;ඇත්ත
factor;Noun;A2;සාධකය
factory;Noun;A2;කර්මාන්ත ශාලාව
fail;Verb;A2;අනිවාර්යයෙන්ම
failure;Noun;B2;අසමත් වීම
fair;Adjective;A2;සාධාරණ
fairly;Adverb;B1;තරමක්
faith;Noun;B2;විශ්වාසය
fall;Verb Noun;A1, A2;වැටීම
FALSE;Adjective;A1;අසත්ය
familiar;Adjective;B1;හුරු පුරුදු
family;Noun Adjective;A1;පවුලේ
famous;Adjective;A1;ප්රසිද්ධ
fan;Noun;A2;රසිකයෙක්
fancy;Verb Adjective;B1;විසිතුරු
fantastic;Adjective;A1;අතිශය අසාමාන්ය
far;Adverb , Adjective;A1, B1;දුර
farm;Noun Verb;A1, A2;ගොවිපල
farmer;Noun;A1;ගොවියා
farming;Noun;A2;ගොවි
fascinating;Adjective;B1;චිත්තාකර්ෂණීය
fashion;Noun;A2;විලාසිතා
fashionable;Adjective;B1;විලාසිතාවක්
fast;Adjective, Adverb;A1;ඉක්මනින්
fasten;Verb;B1;පැලඳසිටිය යුතුයි
fat;Adjective, Noun;A1, A2;මේදය
father;Noun;A1;පියා
fault;Noun;B2;වරදක්
favour;Noun Verb;B1, B2;පක්ෂව
favourite;Adjective, Noun;A1;ප්රියතම
fear;Noun Verb;A2, B1;බිය
feather;Noun;B2;පිහාටු
feature;Noun Verb;A2, B1;ලක්ෂණය
February;Noun;A1;පෙබරවාරි
fee;Noun;B2;ගාස්තු
feed;Verb Noun;A2, B2;ආහාර
feedback;Noun;B2;ප්රතිචාර
feel;Verb Noun;A1, B2;හැගීම
feeling;Noun;A1;හැඟීම
fellow;Adjective;B2;සහෝදර
female;Adjective, Noun;A2;කාන්තා
fence;Noun;B1;වැට
festival;Noun;A1;උත්සවය
few;det./Adjective, proNoun;A1;කිහිපය
fiction;Noun;A2;ප්රබන්ධ
field;Noun;A2;ක්ෂේත්රයේ
fifteen;number;A1;පහළොව
fifth;number;A1;පස්වන
fifty;number;A1;පනස්
fight;Verb Noun;A2;සටන
fighting;Noun;B1;සටන්
figure;Noun Verb;A2, B2;රූපය
file;Noun Verb;B1, B2;ගොනුව
fill;Verb;A1;තෘප්තියට
film;Noun Verb;A1, A2;සිනමා
final;Adjective, Noun;A1, A2;අවසාන
finally;Adverb;A2;අවසාන
finance;Noun Verb;B2;මූල්ය
financial;Adjective;B1;මූල්ය
find;Verb;A1;සොයා
finding;Noun;B2;සොයා ගැනීම
fine;Adjective;A1;දඩ
finger;Noun;A2;ඇඟිල්ල
finish;Verb Noun;A1, A2;අවසන්
fire;Noun Verb;A1, B1;ගිනි
firm;Noun;B2;සමාගම
first;det./number.AdVerb Noun;A1, A2;පලමු
firstly;Adverb;A2;මුලින්ම
fish;Noun Verb;A1, A2;මාළු
fishing;Noun;A2;මාඵ ඇල්ලීම
fit;Verb Adjective;A2;සුදුසු
fitness;Noun;B1;යෝග්යතාවය
five;number;A1;පහ
fix;Verb Noun;A2, B2;විසඳුමක්
fixed;Adjective;B1;ස්ථාවර
flag;Noun;B1;ධජ
flame;Noun;B2;ගිනි සිළුව
flash;Noun Verb;B2;සැණෙළිය
flat;Noun Adjective;A1, A2;පැතලි
flexible;Adjective;B2;නම්යශීලී
flight;Noun;A1;ගුවන් යානය
float;Verb;B2;පාවෙන
flood;Noun Verb;B1;ගංවතුර
floor;Noun;A1;මහල
flour;Noun;B1;පිටි
flow;Verb Noun;B1;ගලනවා
flower;Noun;A1;මල
flu;Noun;A2;උණ
fly;Verb Noun;A1, A2;පියාසර තහනම්
flying;Noun Adjective;A2;පියාසර
focus;Verb Noun;A2;අවධානය යොමු
fold;Verb Noun;B1, B2;ගුණයකින්
folding;Adjective;B2;නවන
folk;Noun Adjective;B1;ජන
follow;Verb;A1;පසු
following;Adjective, Noun prep;A2, B1, B2;පහත සඳහන්
food;Noun;A1;ආහාර
foot;Noun;A1;අඩි
football;Noun;A1;පාපන්දු
for;prep.;A1;සඳහා
force;NounVerb;B1;බලය
foreign;Adjective;A2;විදේශ
forest;Noun;A2;වන
forever;Adverb;B1;සදහටම
forget;Verb;A1;අමතක කරනවා
forgive;Verb;B2;සමාව
fork;Noun;A2;දෙබලක
form;NounVerb;A1;ආකෘති
formal;Adjective;A2;විධිමත්
former;Adjective;B2;හිටපු
fortunately;Adverb;A2;වාසනාවකට
fortune;Noun;B2;වාසනාව
forty;number;A1;හතළිස්
forward;AdVerb Adjective;A2, B2;ඉදිරියට
found;Verb;B2;සොයා ගත්
four;number;A1;හතර
fourteen;number;A1;දහ හතරකට
fourth;number;A1;හතරවන
frame;NounVerb;B1;රාමුව
free;Adjective, AdVerb Verb;A1,A2,B2;නිදහස්
freedom;Noun;B2;නිදහස
freeze;Verb;B1;කැටි
frequency;Noun;B2;සංඛ්යාත
frequently;Adverb;B1;නිතර
fresh;Adjective;A2;නැවුම්
Friday;Noun;A1;සිකුරාදා
fridge;Noun;A2;ශීතකරණයේ
friend;Noun;A1;මිතුරා
friendly;Adjective;A1;හිතකාමී
friendship;Noun;B1;මිත්රත්වය
frighten;Verb;B1;බය
frightened;Adjective;B1;බියට පත්
frightening;Adjective;B1;භයානක
frog;Noun;A2;ගෙම්බා
from;prep;A1;සිට
front;Noun Adjective;A1;ඉදිරිපස
frozen;Adjective;B1;ශීත
fruit;Noun;A1;පලතුරු
fry;Verb;B1;ෆ්රයි
fuel;Noun Verb;B1, B2;ඉන්ධන
full;Adjective;A1;සම්පූර්ණ
fully;Adverb;B2;පූර්ණ
fun;Noun Adjective;A1, A2;විනෝද
function;Noun Verb;B1, B2;උත්සවය
fund;Noun Verb;B2;අරමුදල
fundamental;Adjective;B2;මූලික
funding;Noun;B2;අරමුදල්
funny;Adjective;A1;විහිළුවක්
fur;Noun;B1;ලොම්
furniture;Noun;A2;ගෘහභාණ්ඞ
further;Adjective, Adverb;A2, B1;තව දුරටත්
furthermore;Adverb;B2;තවද
future;Noun Adjective;A1, A2;අනාගතය
gain;Verb Noun;B2;වාසි
gallery;Noun;A2;ගැලරිය
game;Noun;A1;ක්රීඩාව
gang;Noun;B2;කල්ලියක්
gap;Noun;A2;පරතරය
garage;Noun;B1;ගරාජ්
garden;Noun;A1;වත්ත
gas;Noun;A2;ගෑස්
gate;Noun;A2;ගේට්ටුව
gather;Verb;B1;රැස්
general;Adjective;A2;ජනරාල්
generally;Adverb;B1;සාමාන්යයෙන්
generate;Verb;B2;උත්පාදනය
generation;Noun;B1;පරම්පරාව
generous;Adjective;B1;ත්යාගශීලී
genre;Noun;B2;ආරක
gentle;Adjective;B1;මෘදු
gentleman;Noun;B1;මහත්මයෙක්
geography;Noun;A1;භූගෝල විද්යාව
get;Verb;A1;හමුවීමක්
ghost;Noun;B1;අවතාරයක්
giant;Adjective, Noun;B1;යෝධ
gift;Noun;A2;තෑගි
girl;Noun;A1;දැරිය
girlfriend;Noun;A1;පෙම්වතිය
give;Verb;A1;ත්යාග
glad;Adjective;B1;සතුටු
glass;Noun;A1;වීදුරු
global;Adjective;B1;ගෝලීය
glove;Noun;B1;අත්වැස්ම
go;Verb Noun;A1, B1;යන්න
goal;Noun;A2;ඉලක්කය
God;Noun;A2;දෙවියන් වහන්සේ
gold;Noun Adjective;A2;රන්
golf;Noun;A2;ගොල්ෆ්
good;Adjective, Noun;A1, A2;හොඳ
goodbye;exclam. Noun;A1;ආයුබෝවන්
goods;Noun;B1;භාණ්ඩ
govern;Verb;B2;පාලනය
government;Noun;A2;රජය
grab;Verb;B2;ගැන කැක්කුමක් නැහැ
grade;Noun Verb;B1, B2;ශ්රේණියේ
gradually;Adverb;B2;ක්රමයෙන්
graduate;Noun Verb;B1;උපාධිධාරියා
grain;Noun;B1;ධාන්ය
grand;Adjective;B2;මහා
grandfather;Noun;A1;සීයා
grandmother;Noun;A1;ආච්චි
grandparent;Noun;A1;grandparent
grant;Verb Noun;B2;ප්රදානයක්
grass;Noun;A2;තණ කොළ
grateful;Adjective;B1;කෘතඥ
great;Adjective;A1;මහා
green;Adjective, Noun;A1;කොළ
greet;Verb;A2;ආචාර
grey;Adjective, Noun;A1;අළු
ground;Noun;A2;බිම
group;Noun;A1;සමූහය
grow;Verb;A1;පංගුව
growth;Noun;B1;වර්ධනය
guarantee;Verb Noun;B2;සහතිකයක්
guard;Noun Verb;B1;ආරක්ෂක
guess;Verb Noun;A1;අනුමාන
guest;Noun;A2;අමුත්තන්ගේ
guide;Noun Verb;A2;මගපෙන්වීම
guilty;Adjective;B1;වරද
guitar;Noun;A1;ගිටාරය
gun;Noun;A2;තුවක්කුවක්
guy;Noun;A2;මිනිහා
gym;Noun;A1;ජිම්
habit;Noun;A2;පුරුද්ද
hair;Noun;A1;කෙස්
half;Noundet.proNoun, Adverb;A1, A2;අර්ධ
hall;Noun;A2;ශාලාව
hand;Noun Verb;A1, B1;අත
handle;Verb Noun;B2;හසුරුව
hang;Verb;B1;එල්ලෙන
happen;Verb;A1;සිදු
happily;Adverb;A2;සතුටින්
happiness;Noun;B1;සතුට
happy;Adjective;A1;සතුටු
hard;Adjective, Adverb;A1;වෙහෙස මහන්සි වී
hardly;Adverb;B1;නැති තරම්ය
harm;Noun Verb;B2;හානියක්
harmful;Adjective;B2;හානිකර
hat;Noun;A1;තොප්පිය
hate;Verb Noun;A1, B1;වෛරය
have;Verb auxiliary Verb;A1, A2;ඇති
have to modal;Verb;A1;බහුවිධ ඇති
he;proNoun;A1;ඔහු
head;Noun Verb;A1, B1;හිස
headache;Noun;A2;හිසරදය
headline;Noun;B1;සිරස්තලය
health;Noun;A1;සෞඛ්ය
healthy;Adjective;A1;සෞඛ්ය සම්පන්න
hear;Verb;A1;සවන්
hearing;Noun;B2;නඩු විභාගය
heart;Noun;A2;හදවත
heat;Noun Verb;A2;තාපය
heating;Noun;B1;උණුසුම්
heaven;Noun;B2;ස්වර්ගයේ
heavily;Adverb;B1;දැඩි ලෙස
heavy;Adjective;A2;බර
heel;Noun;B2;විලුඹ
height;Noun;A2;උස
helicopter;Noun;B1;හෙලිකොප්ටර්
hell;Noun;B2;නිරයේ
hello;exclam./Noun;A1;හෙලෝ
help;Verb Noun;A1;උදව්
helpful;Adjective;A2;ප්රයෝජනවත්
her;proNoundet;A1;ඇගේ
here;Adverb;A1;මෙහි
hero;Noun;A2;වීරයෙක්
hers;proNoun;A2;ඊ නරුමයන්
herself;proNoun;A2;ඇය
hesitate;Verb;B2;පසුබට
hey;exclam;A1;හලෝ,
hi;exclam;A1;හායි,
hide;Verb;A2;සඟවන්න
high;Adjective, AdVerb Noun;A1, A2, B2;ඉහළ
highlight;Verb Noun;B1;කැපී පෙනෙන
highly;Adverb;B1;ඉතා
hill;Noun;A2;කඳු
him;proNoun;A1;ඔහුව
himself;proNoun;A2;තමා
hire;Verb Noun;B1, B2;කුලී
his;det. proNoun;A1, A2;ඔහුගේ
historic;Adjective;B1;ඓතිහාසික
historical;Adjective;B1;ඓතිහාසික
history;Noun;A1;ඉතිහාසය
hit;Verb Noun;A2;පහර
hobby;Noun;A1;විනෝදාංශ
hockey;Noun;A2;හොකී
hold;Verb Noun;A2, B2;අල්ලා
hole;Noun;A2;කුහරය
holiday;Noun;A1;නිවාඩු
hollow;Adjective;B2;හිස්
holy;Adjective;B2;ශුද්ධ
home;Noun AdVerb Adjective;A1, A2;නිවස
homework;Noun;A1;ගෙදර වැඩ
honest;Adjective;B1;අවංක
honour;Noun Verb;B2;ගෞරවය
hope;Verb Noun;A1, A2;බලාපොරොත්තුව
horrible;Adjective;B1;බිහිසුනු
horror;Noun;B1;බිය ජනක
horse;Noun;A1;අශ්වයා
hospital;Noun;A1;රෝහල
host;Noun Verb;B1, B2;සත්කාරක
hot;Adjective;A1;උණුසුම්
hotel;Noun;A1;හෝටල්
hour;Noun;A1;පැය
house;Noun Verb;A1, B2;නිවසක්
household;Noun;B2;ගෘහ
housing;Noun;B2;නිවාස
how;Adverb;A1;කෙසේද
however;Adverb;A1;කෙසේවෙතත්
huge;Adjective;A2;විශාල
human;Adjective, Noun;A2;මිනිස්
humorous;Adjective;B2;විෂුවල් ස්ටූඩියෝ
humour;Noun;B2;හාස්ය
hundred;number;A1;සිය
hungry;Adjective;A1;බඩගිනි
hunt;Verb Noun;B1, B2;දඩයම
hunting;Noun;B2;දඞයම
hurricane;Noun;B1;සුළි කුණාටු
hurry;Noun Verb;B1;කඩිමුඩියේ
hurt;Verb Adjective Noun;A2, B2;තුවාල
husband;Noun;A1;ස්වාමිපුරුෂයා
I;proNoun;A1;මම
ice;Noun;A1;අයිස්
ice cream;Noun;A1;අයිස් ක්රීම්
idea;Noun;A1;අදහස
ideal;Adjective , Noun;A2, B2;කදිම
identify;Verb;A2;හඳුනා
identity;Noun;B1;අනන්යතාව
if;conj.;A1;නම්
ignore;Verb;B1;නොසලකා හරිනවා
ill;Adjective;A2;රෝගාතුර
illegal;Adjective;B1;නීති විරෝධී
illness;Noun;A2;අසනීපය
illustrate;Verb;B2;පැහැදිලි
illustration;Noun;B2;නිදර්ශනයක්
image;Noun;A2;රූප
imaginary;Adjective;B1;අතාත්වික
imagination;Noun;B2;පරිකල්පනය
imagine;Verb;A1;හිතාගන්න
immediate;Adjective;B1;වහාම
immediately;Adverb;A2;වහාම
immigrant;Noun;B1;සංක්රමනික
impact;Noun Verb;B1;බලපෑම
impatient;Adjective;B2;නොඉවසිලිමත්
imply;Verb;B2;අදහස්
import;Noun Verb;B1;ආනයන
importance;Noun;B1;වැදගත්කම
important;Adjective;A1;වැදගත්
impose;Verb;B2;පැනවීමට
impossible;Adjective;A2;නොහැකි
impress;Verb;B2;සළකුණ
impressed;Adjective;B2;පුදුම
impression;Noun;B1;හැඟීම
impressive;Adjective;B1;ආකර්ෂණීය
improve;Verb;A1;වැඩි දියුණු කිරීම
improvement;Noun;B1;වැඩි දියුණු කිරීම
in;prep., Adverb;A1;තුල
inch;Noun;B2;අඟල්
incident;Noun;B2;සිද්ධිය
include;Verb;A1;ඇතුළත්
included;Adjective;A2;ඇතුළත්
including;prep.;A2;ඇතුළු
income;Noun;B2;ආදායම්
increase;Verb Noun;A2;ඉහළ
increasingly;Adverb;B2;වැඩි වැඩියෙන්
incredible;Adjective;A2;ඇදහිය නොහැකි
incredibly;Adverb;B1;ඇදහිය නොහැකි තරම්
indeed;Adverb;B1;ඇත්ත වශයෙන්ම
independent;Adjective;A2;ස්වාධීන
indicate;Verb;B1;සඳහන්
indirect;Adjective;B1;වක්ර
individual;Noun, adj;A2;තනි
indoor;Adjective;B1;ගෘහස්ථ
indoors;Adverb;B1;තරඟයක් ගෘහස්ථව
industrial;Adjective;B2;කර්මාන්ත
industry;Noun;A2;කර්මාන්ත
infection;Noun;B2;ආසාදන
influence;NounVerb;B1;බලපෑම
inform;Verb;B2;දැනුම්
informal;Adjective;A2;අනියම්
information;Noun;A1;විස්තර
ingredient;Noun;B1;අමුද්රව්යය
initial;Adjective;B2;මූලික
initially;Adverb;B2;මුලින්
initiative;Noun;B2;වැඩසටහන
injure;Verb;B1;තුවාල
injured;Adjective;B1;තුවාල
injury;Noun;A2;තුවාල
inner;Adjective;B2;අභ්යන්තර
innocent;Adjective;B1;අහිංසක
insect;Noun;A2;කෘමි
inside;prep.Adverb Noun Adjective;A2;තුල
insight;Noun;B2;අවබෝධයක්
insist;Verb;B2;අවධාරනය
inspire;Verb;B2;ගනීවි
install;Verb;B2;ස්ථාපනය
instance;Noun;B2;උදාහරණයක්
instead;Adverb;A2;වෙනුවට
institute;Noun;B2;ආයතනය
institution;Noun;B2;ආයතනය
instruction;Noun;A2;උපදෙස්
instructor;Noun;A2;උපදේශක
instrument;Noun;A2;මෙවලමක්
insurance;Noun;B2;රක්ෂණ
intelligence;Noun;B1;බුද්ධි
intelligent;Adjective;A2;බුද්ධිමත්
intend;Verb;B1;අදහස්
intended;Adjective;B2;අදහස්
intense;Adjective;B2;දැඩි
intention;Noun;B1;අරමුණ
interest;Noun Verb;A1;පොලී
interested;Adjective;A1;උනන්දුවක් දක්වන
interesting;Adjective;A1;රසවත්
internal;Adjective;B2;අභ්යන්තර
international;Adjective;A2;අන්තර්ජාතික
internet;Noun;A1;අන්තර්ජාල
interpret;Verb;B2;අර්ථ නිරූපණය
interrupt;Verb;B2;බාදා
interview;Noun Verb;A1;සම්මුඛ
into;prep.;A1;වෙත
introduce;Verb;A1;හඳුන්වා
introduction;Noun;A2;හැදින්වීම
invent;Verb;A2;නිර්මාණය
invention;Noun;A2;නව නිපැයුම්
invest;Verb;B1;අනාගත ආයෝජනයක්
investigate;Verb;B1;විමර්ශනය
investigation;Noun;B2;පරීක්ෂණයක්
investment;Noun;B2;ආයෝජනය
invitation;Noun;A2;ආරාධනය
invite;Verb;A2;ආරාධනා
involve;Verb;A2;සම්බන්ධ
involved;Adjective;B1;සම්බන්ධ
iron;Noun Verb;B1;යකඩ
island;Noun;A1;දිවයින
issue;Noun, Verb;B1, B2;නිකුත් කිරීම
IT;Noun;B1;එය
it;proNoun;A1;එය
item;Noun;A2;අයිතමය
its;det.;A1;එය
itself;proNoun;A2;ම
jacket;Noun;A1;ජැකට්
jam;Noun;A2;ජෑම්
January;Noun;A1;ජනවාරි
jazz;Noun;A2;ජෑස්
jeans;Noun;A1;ඩෙනිම්
jewellery;Noun;A2;ආභරණ
job;Noun;A1;රැකියා
join;Verb;A1;එක්වන
joke;Noun Verb;A2;විහිළුවක්
journal;Noun;B1;සඟරාව
journalist;Noun;A2;මාධ්යවේදී
journey;Noun;A1;ගමන
joy;Noun;B2;සතුට
judge;Noun Verb;B1;විනිසුරු
judgement;Noun;B2;විනිශ්චය
juice;Noun;A1;යුෂ
July;Noun;A1;ජුලි
jump;Verb Noun;A2;පැනීම
June;Noun;A1;ජූනි
junior;Adjective;B2;කණිෂ්ඨ
just;Adverb;A1;හුදෙක්
justice;Noun;B2;යුක්තිය
justify;Verb;B2;යුක්ති සහගත
keen;Adjective;B1;උනන්දුවක්
keep;Verb;A1;සිහි කරන්න
key;Noun, Adjective Verb;A1, B1;යතුර
keyboard;Noun;B1;යතුරු පුවරුව
kick;Verb Noun;B1;කික්
kid;Noun;A2;ළමයෙක්
kill;Verb;A2;ඝාතක
killing;Noun;B1;ඝාතනය
kilometre;Noun;A1;කිලෝ මීටර්
kind(type);Noun;A1;වගේ (වර්ගය)
kind(caring);Adjective;B1;වගේ (සංවේදි)
king;Noun;A2;රජ
kiss;Verb Noun;B1;හාදුවක්
kitchen;Noun;A1;මුළුතැන්ගෙයි
knee;Noun;A2;දණහිස
knife;Noun;A2;පිහියක්
knock;Verb , Noun;A2, B1;තට්ටු
know;Verb;A1;දැනුම
knowledge;Noun;A2;දැනුම
lab;Noun;A2;පරිගණක පුහුණු මධ්යස්ථානය
label;Noun Verb;B1;ලේබලය
laboratory;Noun;B1;රසායනාගාර
labour;Noun;B2;කම්කරු
lack;Noun Verb;B1;නොමැතිකම
lady;Noun;A2;කාන්තාව
lake;Noun;A2;විල
lamp;Noun;A2;පහන
land;Noun, Verb;A1, A2;ඉඞම්
landscape;Noun;B2;භූ
language;Noun;A1;භාෂාව
laptop;Noun;A2;ලැප්ටොප්
large;Adjective;A1;මහා
largely;Adverb;B2;විශාල වශයෙන්
last1 (final);det., Adverb n;A1, A2;last1 (අවසන්)
last1 (taking time);Verb;A2;last1 (කාලය ගැනීම)
late;Adjective Adverb;A1;නැසීගිය
later;Adverb , Adjective;A1, A2;පසු
latest;Adjective , Noun;B1, B2;නවතම
laugh;Verb Noun;A1;සිනාසෙන්න,
laughter;Noun;A2;සිනා
launch;Verb Noun;B2;දියත්
law;Noun;A2;නීතිය
lawyer;Noun;A2;නීතිඥයා
lay;Verb;B1;ගිහි
layer;Noun;B1;ස්ථරය
lazy;Adjective;A2;කම්මැලි
lead;Verb , Noun;A2, B1;ඊයම්
leader;Noun;A2;නායක
leadership;Noun;B2;නායකත්වය
leading;Adjective;B1;ප්රධාන පෙළේ
leaf;Noun;B1;කොළ
league;Noun;B2;ලීග්
lean;Verb;B2;කෙට්ටු
learn;Verb;A1;ඉගෙන
learning;Noun;A2;ඉගෙනුම්
least;det./proNoun Adverb;A2;අවම
leather;Noun;B1;සම්
leave;Verb , Noun;A1, B2;නිවාඩු
lecture;Noun Verb;A2;දේශනය
left;Adjective Adverb Verb;A1;වම්
leg;Noun;A1;කකුලක්
legal;Adjective;B1;නීතිමය
leisure;Noun;B1;සංචාරක
lemon;Noun;A2;දෙහි
lend;Verb;A2;ණයට
length;Noun;B1;දිග
less;det./pro Noun Adverb;A2;අඩු
lesson;Noun;A1;පාඩම
let;Verb;A1;ඉඩ
letter;Noun;A1;ලිපියක්
level;Noun, Adjective , Verb;A2, B1, B2;මට්ටමින්
library;Noun;A1;පුස්තකාලය
licence;Noun;B2;බලපත්රය
lie;Verb;A1;බොරුවක්
lie;Verb Noun;B2;බොරුවක්
life;Noun;A1;ජීවිතය
lifestyle;Noun;A2;ජීවන රටාව
lift;Verb;Noun;සෝපානය
light (from the sun/a lamp);Noun Adverb , Verb;A1, A2;(සූර්යයා / පහනක් සිට) ආලෝකය
light (not heavy);Adjective;A2;ආලෝකය (බර නැත)
like (similar);prep.;A1;(සමාන) වැනි
like (find sb/sth pleasant);Verb , n;A1, B1;(ප්රසන්න සොයා sb / sth) වැනි
Noun;B1; ;නාම පදයක්
likely;Adjective;A2;ඉඩ
limit;Noun Verb;B1;සීමාව
limited;Adjective;B2;සීමා
line;Noun, Verb;A1, B2;රේඛාව
link;Noun Verb;A2;ලින්ක්
lion;Noun;A1;සිංහයා
lip;Noun;B1;තොල්
liquid;Noun Adjective;B1;දියර
list;Noun Verb;A1;ලැයිස්තුව
listen;Verb;A1;සවන්
listener;Noun;A2;සවන්
literature;Noun;B1;සාහිත්ය
little;Adjective det./proNoun, Adverb;A1, A2;කුඩා
live1;Verb;A1;live1
live2;Adjective Adverb;B1;live2
lively;Adjective;B2;සජීවී
living;Adjective Noun;B1;ජීවන
load;Noun Verb;B2;බර
loan;Noun;B2;ණය
local;Adjective , Noun;A1, B1;දේශීය
locate;Verb;B1;සොයා
located;Adjective;B1;පිහිටා
location;Noun;B1;ස්ථානය
lock;Verb Noun;A2;අගුලු
logical;Adjective;B2;තාර්කික
lonely;Adjective;B1;පාළු
long;Adjective Adverb;A1;දිගු
long-term;Adjective Adverb;B2;දීර්ඝ කාලීන
look;Verb , Noun;A1, A2;පෙනුම
loose;Adjective;B2;ලිහිල්
lord;Noun;B2;සමිඳාණන්
lorry;Noun;A2;ලොරි
lose;Verb;A1;අහිමිවිය
loss;Noun;B1;අලාභය
lost;Adjective;A2;අහිමි
lot;proNoun det. Adverb;A1;ගොඩක්
loud;Adjective Adverb;A2;මහ හඬින්
loudly;Adverb;A2;හයියෙන්
love;Noun Verb;A1;ආදරය
lovely;Adjective;A2;සුන්දර
low;Adjective Adverb , n;A2, B2;අඩු
lower;Verb;B2;අඩු
luck;Noun;A2;වාසනාව
lucky;Adjective;A2;වාසනාවන්ත
lunch;Noun;A1;දිවා ආහාරය
lung;Noun;B2;පෙනහළු
luxury;Noun;B1;සුඛෝපභෝගී
machine;Noun;A1;යන්ත්රය
mad;Adjective;B1;පිස්සු
magazine;Noun;A1;සඟරාව
magic;Noun Adjective;B1;මැජික්
mail;Noun Verb;A2;තැපැල්
main;Adjective;A1;ප්රධාන
mainly;Adverb;B1;ප්රධාන වශයෙන්
maintain;Verb;B2;පවත්වා
major;Adjective;A2;ප්රධාන
majority;Noun;B2;බහුතරයක්
make;Verb , Noun;A1, B2;පසුබිම
male;Adjective Noun;A2;පිරිමි
mall;Noun;B1;වෙළඳ සංකීර්ණයක්
man;Noun;A1;මිනිසා
manage;Verb;A2;කළමනාකරණය
management;Noun;B1;කළමනාකරණය
manager;Noun;A2;කළමනාකරු
manner;Noun;A2;ආකාරයට
many;det./proNoun;A1;බොහෝ
map;Noun, Verb;A1, B2;සිතියම
March;Noun;A1;මාර්තු
mark;Verb Noun;A2;ලකුණ
market;Noun, Verb;A1, B1;වෙලඳපොල
marketing;Noun;B1;අලෙවි
marriage;Noun;B1;විවාහ
married;Adjective;A1;විවාහ
marry;Verb;A2;විවාහ
mass;Noun Adjective;B2;මහා
massive;Adjective;B2;දැවැන්ත
master;Noun Verb;B2;ස්වාමියා
match (contest/correspond);Noun Verb;A1;තරගය (තරගයට / අනුරූප)
matching;Adjective;B2;ගැලපෙන
material;Noun, Adjective;A2, B2;ද්රව්ය
mathematics;Noun;A2;ගණිතය
maths;Noun;A2;ගණිතය
matter;Noun Verb;A2;කාරණය
maximum;Adjective Noun;B2;උපරිම
May;Noun;A1;මැයි
may modal;Verb;A2;බහුවිධ හැක
maybe;Adverb;A1;සමහරවිට
me;proNoun;A1;මට
meal;Noun;A1;ආහාර වේලක්
mean;Verb;A1;අදහස්
meaning;Noun;A1;අර්ථය
means;Noun;B2;අදහස්
meanwhile;Adverb;B1;මේ අතර
measure;Verb Noun;B1;පියවරක්
measurement;Noun;B2;මිනුම්
meat;Noun;A1;මස්
media;Noun;A2;මාධ්ය
medical;Adjective;A2;වෛද්ය
medicine;Noun;A2;ඖෂධය
medium;Adjective , Noun;B1, B2;මධ්යම
meet;Verb;A1;තරග
meeting;Noun;A1;රැස්වීම
melt;Verb;B2;විලීන
member;Noun;A1;සාමාජික
memory;Noun;A2;මතකය
mental;Adjective;B1;මානසික
mention;Verb , Noun;A2, B1;සඳහන්
menu;Noun;A1;මෙනු
mess;Noun Verb;B1;අවුල්
message;Noun;A1;පණිවුඩය
metal;Noun;A2;ලෝහ
method;Noun;A2;ක්රමය
metre;Noun;A1;මීටර්
middle;Noun Adjective;A2;මැද
midnight;Noun;A1;මධ්යම රාත්රියේ
might modal;Verb;A2;ශක්තිය බහුවිධ
mild;Adjective;B1;මෘදු
mile;Noun;A1;සැතපුම්
military;Adjective Noun;B2;යුද
milk;Noun;A1;කිරි
million number; ;A1;මිලියන අංකය
mind;Noun Verb;A2;මනස
mine (belongs to me);proNoun;A2;මගේ (මට අයිති)
mine (hole in the ground);Noun;B1;මගේ (බිම කුහරය)
mineral;Noun;B2;ඛනිජ
minimum;Adjective Noun;B2;අවම
minister;Noun;B2;ඇමැති
minor;Adjective;B2;සුළු
minority;Noun;B2;සුළුතර
minute;Noun;A1;විනාඩි
mirror;Noun;A2;කැඩපත
miss;Verb;A1;මිස්
missing;Adjective;A2;අතුරුදහන්
mission;Noun;B2;මෙහෙවර
mistake;Noun, Verb;A1, B2;වරද
mix;Verb Noun;B1;මිශ්ර
mixed;Adjective;B2;මිශ්ර
mixture;Noun;B1;මිශ්රණය
mobile;Adjective Noun;A2;ජංගම දුරකථන
model;Noun, Verb;A1, B2;ආදර්ශ
modern;Adjective;A1;නූතන
modify;Verb;B2;Modify
moment;Noun;A1;මොහොත
Monday;Noun;A1;සඳුදා
money;Noun;A1;මුදල
monitor;Noun Verb;B2;මොනිටරය
monkey;Noun;A2;වඳුරා
month;Noun;A1;මාසය
mood;Noun;B1;මනෝභාවය
moon;Noun;A2;සඳ
moral;Adjective Noun;B2;සදාචාරාත්මක
more;det./proNoun Adverb;A1;තවත්
morning;Noun;A1;උදෑසන
most;det./proNoun Adverb;A1;බොහෝ
mostly;Adverb;A2;බොහෝ දුරට
mother;Noun;A1;මව
motor;Noun Adjective;B2;මෝටර්
motorcycle;Noun;A2;යතුරු පැදි
mount;Verb;B2;සවි
mountain;Noun;A1;කඳු
mouse;Noun;A1;මූසිකය
mouth;Noun;A1;කට
move;Verb , Noun;A1, B1;පියවර
movement;Noun;A2;ව්යාපාරය
movie;Noun;A1;සිනමා
much;det./proNoun Adverb;A1;බොහෝ
mud;Noun;B1;මඩ
multiple;Adjective;B2;බහු
multiply;Verb;B2;බොහෝ සෙයින් වැඩි
mum;Noun;A1;අම්මා
murder;NounVerb;B1;ඝාතනය
muscle;Noun;B1;මාංශ පේශි
museum;Noun;A1;කෞතුකාගාරය
music;Noun;A1;සංගීත
musical;Adjective , Noun;A2, B1;සංගීත
musician;Noun;A2;සංගීතඥ
must modal;Verb;A1;යුතු බහුවිධ
my;det.;A1;මගේ
myself;proNoun;A2;මා
mysterious;Adjective;B2;අභිරහස්
mystery;Noun;B1;අභිරහස
nail;Noun;B1;නිය
name;Noun Verb;A1;නාමය
narrative;Noun Adjective;B1;ආඛ්යානය
narrow;Adjective , Verb;A2, B2;පටු
nation;Noun;B1;ජාතිය
national;Adjective , Noun;A2, B2;ජාතික
native;Adjective Noun;B1;දේශීය
natural;Adjective;A1;ස්වාභාවික
naturally;Adverb;B1;ස්වභාවිකව
nature;Noun;A2;ස්වභාවය
near;prep. Adjective Adverb;A1;අසල
nearly;Adverb;A2;ආසන්න
neat;Adjective;B2;පිළිවෙළකට
necessarily;Adverb;B1;අවශ්යයෙන්ම
necessary;Adjective;A2;අවශ්ය
neck;Noun;A2;ගෙල
need;Verb , Noun, modal Verb;A1, A2, B1;අවශ්යතාව
needle;Noun;B1;ඉදිකටු
negative;Adjective , Noun;A1, B2;සෘණ
neighbour;Noun;A1;අසල්වැසියා
neighbourhood;Noun;B1;අසල්වාසී
neither;det./proNoun, Adverb;A2, B1;වත්
nerve;Noun;B2;ස්නායු
nervous;Adjective;A2;ස්නායු
net;Noun;B1;ශුද්ධ
network;Noun;A2;ජාල
never;Adverb;A1;කවදාවත්
nevertheless;Adverb;B2;ඒ කෙසේ වුවත්
new;Adjective;A1;නවතම
news;Noun;A1;පුවත්
newspaper;Noun;A1;පුවත්පත
next;Adjective Adverb , Noun;A1, B1;ඊලඟ
next to;prep.;A1;එහා පැත්තේ
nice;Adjective;A1;ලස්සන
night;Noun;A1;රෑ
nightmare;Noun;B2;නපුරු සිහිනයක්
nine;number;A1;නවය
nineteen;number;A1;දහනව
ninety;number;A1;අනූ
no;exclam. det.;A1;නැත
no one;proNoun;A1;කිසි කෙනෙක නැහැ
nobody;proNoun;A1;කිසිවෙක්
noise;Noun;A2;ශබ්දය
noisy;Adjective;A2;ඝෝෂාකාරී
none;pro Noun;A2;කිසිවක්
nor;conj./Adverb;B1;හෝ
normal;Adjective , Noun;A2, B1;සාමාන්ය
normally;Adverb;A2;සාමාන්යයෙන්
north;Noun Adjective Adverb;A1;උතුරු
northern;Adjective;B1;උතුරු
nose;Noun;A1;නාසය
not;Adverb;A1;නැහැ
note;Noun Verb;A1, B1;සටහන
nothing;proNoun;A1;කිසිවක්
notice;Verb Noun;A2;දැනුම් දීමකින්
notion;Noun;B2;සංකල්පය
novel;Noun;A2;නවකතාව
November;Noun;A1;නොවැම්බර්
now;Adverb , conj.;A1, B1;දැන්
nowhere;Adverb;A2;කොහේවත්
nuclear;Adjective;B1;න්යෂ්ටික
number;Noun, Verb;A1, A2;අංකය
numerous;Adjective;B2;බොහෝ
nurse;Noun;A1;හෙදියක්
nut;Noun;A2;නට්
obey;Verb;B2;කීකරු
object;Noun Verb;A1, B2;වස්තුව
objective;Noun Adjective;B2;අරමුණ
obligation;Noun;B2;වගකීමක්
observation;Noun;B2;නිරීක්ෂණ
observe;Verb;B2;නිරීක්ෂණය
obtain;Verb;B2;ලබා
obvious;Adjective;B1;පැහැදිලි
obviously;Adverb;B1;පැහැදිලිවම
occasion;Noun;B1;අවස්ථාවට
occasionally;Adverb;B2;ඉඳහිට
occur;Verb;B1;සිදු
ocean;Noun;A2;සාගර
o’clock;Adverb;A1;කණිසම
October;Noun;A1;ඔක්තෝම්බර්
odd;Adjective;B1;අමුතු
of;prep.;A1;වල
off;Adverb prep.;A1;ලකුණු
offence;Noun;B2;වරදක්
offend;Verb;B2;රිදවන
offensive;Adjective;B2;ප්රහාරය
offer;Verb Noun;A2;ඉදිරිපත්
office;Noun;A1;කාර්යාල
officer;Noun;A2;නිලධාරී
official;Adjective , Noun;B1, B2;නිල
often;Adverb;A1;බොහෝ විට
oh;exclam.;A1;අයියෝ
oil;Noun;A2;තෙල්
OK;exclam. Adjective /Adverb;A1;හරි
old;Adjective;A1;පැරණි
old-fashioned;Adjective;B1;පැරණි තාලයේ
on;prep. Adverb;A1;මත
once;Adverb , conj.;A1, B1;වරක්
one;number-det. proNoun;A1;එක
onion;Noun;A1;ලූනු
online;Adjective Adverb;A1;සමඟ අමුත්තන්
only;Adjective Adverb;A1;පමනි
onto;prep.;A2;මතට
open;Adjective Verb;A1;විවෘත
opening;Noun;B2;විවෘත
operate;Verb;B2;ක්රියාත්මක
operation;Noun;B1;මෙහෙයුම්
opinion;Noun;A1;මතය
opponent;Noun;B2;ප්රතිවාදියා
opportunity;Noun;A2;අවස්ථාවක්
oppose;Verb;B2;විරුද්ධ
opposed;Adjective;B2;විරුද්ධ
opposite;Adjective Adverb prep. Noun;A1;ප්රතිවිරුද්ධ
opposition;Noun;B2;විපක්ෂ
option;Noun;A2;විකල්පය
or;conj.;A1;හෝ
orange;Noun Adjective;A1;තැඹිලි
order;Noun Verb;A1;නියෝග
ordinary;Adjective;A2;සාමාන්ය
organ;Noun;B2;ඉන්ද්රිය
organization;Noun;A2;ආයතනය
organize;Verb;A2;සංවිධානය කරනවා
organized;Adjective;B1;සංවිධානාත්මක
organizer;Noun;B1;සංවිධායක
origin;Noun;B2;සම්භවය
original;Adjective , Noun;A2, B1;මුල්
originally;Adverb;B1;මුලින්
other;Adjective /proNoun;A1;අනික්
otherwise;Adverb;B2;වෙනත් ආකාරයකින්
ought;modal Verb;B1;යුතු
our;det.;A1;අපගේ
ours;proNoun;B1;අපේ
ourselves;proNoun;A2;අප
out;Adverb /prep.;A1;පිටතට
outcome;Noun;B2;ප්රතිඵලය
outdoor;Adjective;B1;එළිමහන්
outdoors;Adverb;B1;එළිමහනේ
outer;Adjective;B2;පිටත
outline;Noun Verb;B2;ලුහුඬු සටහන්
outside;Adverb , prep. nouNoun Adjective;A1, A2;පිටත
oven;Noun;A2;අවන්
over;prep. Adverb;A1;කට
overall;Adjective Adverb;B2;සමස්ත
owe;Verb;B2;ණයයි
own;Adjective /proNoun, Verb;A1, A2;ම
owner;Noun;A2;හිමිකරු
pace;Noun, Verb;B2;වේගය
pack;Verb , Noun;A2, B1;ඇසුරුම
package;Noun, Verb;B1, B2;පැකේජය
page;Noun;A1;පිටුව
pain;Noun;A2;වේදනාව
painful;Adjective;B1;වේදනාකාරී
paint;Verb Noun;A1;තීන්ත
painter;Noun;A2;චිත්ර ශිල්පියෙකු
painting;Noun;A1;සිතුවම්
pair;Noun;A1;යුගල
palace;Noun;A2;මාලිගාව
pale;Adjective;B1;සුදුමැලි
pan;Noun;B1;පෑන්
panel;Noun;B2;මණ්ඩලයක්
pants;Noun;A2;කලිසම්
paper;Noun;A1;කඩදාසි
paragraph;Noun;A1;ඡේදය
parent;Noun;A1;මව්
park;Noun Verb;A1;උද්යානය
parking;Noun;A2;වාහන නැවැත්වීමේ
parliament;Noun;B2;පාර්ලිමේන්තුව
part;Noun;A1;කොටස
participant;Noun;B2;සහභාගි
participate;Verb;B1;සහභාගී වෙනවා
particular;Adjective;A2;විශේෂයෙන්
particularly;Adverb;B1;විශේෂයෙන්ම
partly;Adverb;B2;අර්ධ වශයෙන්
partner;Noun;A1;සහකරු
party;Noun;A1;පක්ෂය
pass;Verb , Noun;A2, B1;සමත්
passage;Noun;B2;සම්මත
passenger;Noun;A2;මගී
passion;Noun;B1;ආශාව
passport;Noun;A1;ගමන් බලපත්ර
past;Adjective Noun prep., Adverb;A1, A2;පසුගිය
path;Noun;B1;මාර්ගය
patient;Noun, Adjective;A2, B2;රෝගියා
pattern;Noun;A2;රටාව
pay;Verb , Noun;A1, A2;වැටුප්
payment;Noun;B1;ගෙවීම
peace;Noun;A2;සාම
peaceful;Adjective;B1;සාමකාමී
pen;Noun;A1;පෑන
pencil;Noun;A1;පැන්සල්
penny;Noun;A2;සතයක්
pension;Noun;B2;විශ්රාම වැටුප්
people;Noun;A1;මිනිසුන්
pepper;Noun;A1;ගම්මිරිස්
per;prep.;A2;එක්
per cent;Noun Adjective /Adverb;A2;සියයට
percentage;Noun;B1;ප්රතිශතයක්
perfect;Adjective;A1;පරිපූර්ණ
perfectly;Adverb;B1;ඉතා හොඳින්
perform;Verb;A2;ඉටු
performance;Noun;B1;කාර්ය සාධනය
perhaps;Adverb;A2;සමහර විට
period;Noun;A1;කාලය
permanent;Adjective;B2;ස්ථිර
permission;Noun;A2;අවසර
permit;Verb Noun;B2;අවසර පත්රය
person;Noun;A1;පුද්ගලයා
personal;Adjective;A1;පුද්ගලික
personality;Noun;A2;පෞරුෂත්වය
personally;Adverb;B1;පුද්ගලිකව
perspective;Noun;B2;ඉදිරිදර්ශනය
persuade;Verb;B1;ඒත්තු
pet;Noun;A2;සුරතල්
petrol;Noun;A2;පෙට්රල්
phase;Noun;B2;අදියර
phenomenon;Noun;B2;සංසිද්ධිය
philosophy;Noun;B2;දර්ශනය
phone;Noun Verb;A1;දුරකථන
photo;Noun;A1;ඡායා රූප
photograph;Noun, Verb;A1, A2;ඡායාරූපයක්
photographer;Noun;B1;ඡායාරූප ශිල්පියා
photography;Noun;B1;ඡායාරූප ශිල්පය
phrase;Noun;A1;වැකිය
physical;Adjective;A2;භෞතික
physics;Noun;A2;භෞතික විද්යාව
piano;Noun;A1;පියානෝව
pick;Verb , Noun;A2, B2;පික්
picture;Noun, Verb;A1, B2;පින්තූරය
piece;Noun;A1;කෑල්ලක්
pig;Noun;A1;අමු
pile;Noun Verb;B2;ගොඩක්
pilot;Noun;A2;ගුවන් නියමුවා
pin;Noun Verb;B1;පින්
pink;Adjective Noun;A1;රෝස
pipe;Noun;B1;නල
pitch;Noun;B2;තණතීරුව
place;Noun Verb;A1, B1;ස්ථානය
plain;Adjective;B2;සරල
plan;Noun Verb;A1;සැලැස්ම
plane;Noun;A1;ගුවන් යානය
planet;Noun;A2;ග්රහ
planning;Noun;B1;සැලසුම්
plant;Noun Verb;A1, A2;බලාගාරය
plastic;Noun Adjective;A2;ප්ලාස්ටික්
plate;Noun;A2;තහඩුව
platform;Noun;A2;වේදිකාව
play;Verb Noun;A1;ක්රීඩා
player;Noun;A1;ක්රීඩකයා
pleasant;Adjective;B1;ප්රසන්න
please;exclam., Verb;A1, A2;කරුණාකර
pleased;Adjective;A2;සතුටු
pleasure;Noun;B1;සතුට
plenty;proNoun;B1;ඕනෑ තරම්
plot;Noun, Verb;B1, B2;කුමන්ත්රණයක්
plus;prep., Adjective conj., Noun;B1, B2;ප්ලස්
pocket;Noun;A2;සාක්කුවේ
poem;Noun;B1;කවිය
poet;Noun;B1;කවියෙකු
poetry;Noun;B1;කවි
point;Noun, Verb;A1, B1;ස්ථානය
pointed;Adjective;B2;උල්
poison;Noun Verb;B1;වස
poisonous;Adjective;B1;විෂ
police;Noun;A1;පොලිසිය
policeman;Noun;A1;පොලිස්
policy;Noun;B1;ප්රතිපත්ති
polite;Adjective;A2;ආචාරශීලී
political;Adjective;B1;දේශපාලන
politician;Noun;B1;දේශපාලනඥයා
politics;Noun;B1;දේශපාලනය
pollution;Noun;A2;දූෂණය
pool;Noun;A1;තටාකයක්
poor;Adjective;A1;දුප්පත්
pop;Noun Adjective;A2;පොප්
popular;Adjective;A1;ජනප්රිය
popularity;Noun;B2;ජනප්රියත්වය
population;Noun;A2;ජනගහනය
port;Noun;B1;වරාය
portrait;Noun;B1;චිත්රයක්
pose;Verb;B2;ඉරියව්ව
position;Noun, Verb;A2, B2;තත්ත්වය
positive;Adjective , Noun;A1, B2;ධනාත්මක
possess;Verb;B2;උරුම
possession;Noun;A2;සතුව
possibility;Noun;A2;හැකියාව
possible;Adjective;A1;හැකි
possibly;Adverb;B1;හැකි
post;Noun Verb;A1;තැපැල්
poster;Noun;A2;පෝස්ටර්
pot;Noun;B1;බඳුනක්
potato;Noun;A1;අල
potential;Adjective Noun;B2;විභව
pound;Noun;A1;රාත්තල්
pour;Verb;B1;වත්
poverty;Noun;B1;දරිද්රතා
powder;Noun;B1;කුඩු
power;Noun, Verb;A2, B2;බලය
powerful;Adjective;B1;බලවත්
practical;Adjective;B1;ප්රායෝගික
practice;Noun;A1;ප්රායෝගිකව
practise;Verb;A1;ප්රායෝගිකව
praise;Noun Verb;B2;ප්රශංසා
pray;Verb;B1;යාච්ඤා
prayer;Noun;B1;යාච්ඤාව
predict;Verb;A2;අනාවැකි
prediction;Noun;B1;අනාවැකිය
prefer;Verb;A1;කැමති
pregnant;Adjective;B2;ගර්භනී
preparation;Noun;B2;සකස්
prepare;Verb;A1;සූදානම්
prepared;Adjective;B1;සූදානම්
presence;Noun;B2;ඉදිරියේ
present;Adjective Noun, Verb;A1, A2;වර්තමාන
presentation;Noun;B1;ඉදිරිපත්
preserve;Verb;B2;සංරක්ෂණය
president;Noun;A2;සභාපති
press;Verb Noun;B1;මාධ්ය
pressure;Noun;B1;පීඩනය
pretend;Verb;B1;මවා පාන
pretty;Adjective Adverb;A1;ලස්සන
prevent;Verb;A2;ප්රවණතාව වළක්වා
previous;Adjective;B1;පෙර
previously;Adverb;B1;මීට පෙර
price;Noun, Verb;A1, B2;මිල
priest;Noun;B1;පූජක
primary;Adjective;B1;ප්රාථමික
prime;Adjective;B2;අගමැති
prince;Noun;B1;කුමරු
princess;Noun;B1;කුමරිය
principle;Noun;B2;මූලධර්මය
print;Verb , Noun;A2, B2;මුද්රණය
printer;Noun;A2;මුද්රණ
printing;Noun;B1;මුද්රණය
priority;Noun;B2;ප්රමුඛත්වය
prison;Noun;A2;බන්ධනාගාර
prisoner;Noun;B1;සිරකරුවකු
privacy;Noun;B2;පෞද්ගලිකත්වය
private;Adjective;B1;පුද්ගලික
prize;Noun;A2;ත්යාගය
probably;Adverb;A1;සමහරවිට
problem;Noun;A1;ගැටලුව
procedure;Noun;B2;පටිපාටිය
process;Noun, Verb;A2, B2;ක්රියාවලිය
produce;Verb , Verb;A2, B2;නිපැයුම
producer;Noun;B1;නිෂ්පාදකයා
product;Noun;A1;නිෂ්පාදන
production;Noun;B1;නිෂ්පාදනය
profession;Noun;B1;වෘත්තියෙන්
professional;Adjective , Noun;A2, B2;වෘත්තීය
professor;Noun;A2;මහාචාර්ය
profile;Noun;A2;පැතිකඩ
profit;Noun;B1;ලාභයක්
program;Noun, Verb;A2, B1;වැඩසටහන
programme;Noun;A1;වැඩසටහන
progress;Noun, Verb;A2, B2;ප්රගතිය
project;Noun, Verb;A1, B2;ව්යාපෘති
promise;Verb Noun;A2;පොරොන්දුව
promote;Verb;B1;ප්රවර්ධනය
pronounce;Verb;A2;ශ්රේෂ
proof;Noun;B2;සාක්ෂි
proper;Adjective;B1;නිසි
properly;Adverb;B1;නිසි
property;Noun;B1;දේපළ
proposal;Noun;B2;යෝජනාව
propose;Verb;B2;යෝජනා කරනවා
prospect;Noun;B2;අපේක්ෂාව
protect;Verb;A2;ඇහුනෙ
protection;Noun;B2;ආරක්ෂාව
protest;Noun Verb;B1;විරෝධතා
proud;Adjective;B1;ආඩම්බර
prove;Verb;B1;ඔප්පු
provide;Verb;A2;ලබා
psychologist;Noun;B2;මනෝ
psychology;Noun;B2;මනෝ විද්යාව
pub;Noun;A2;පබ්
public;Adjective Noun;A2;පොදු
publication;Noun;B2;ප්රකාශන
publish;Verb;A2;ප්රකාශයට පත් කරනු ලබයි
pull;Verb , Noun;A2, B1;අදින්න
punish;Verb;B1;දඬුවම්
punishment;Noun;B1;දඬුවම
pupil;Noun;B2;සිසුවකු
purchase;Noun Verb;B2;මිලදී
pure;Adjective;B2;පිරිසිදු
purple;Adjective Noun;A1;පාට, දම් පාට
purpose;Noun;A2;අරමුණ
pursue;Verb;B2;ඉදිරියට
push;Verb , Noun;A2, B1;තල්ලුව
put;Verb;A1;පුරවන්නේ
qualification;Noun;B1;සුදුසුකම්
qualified;Adjective;B1;සුදුසුකම් ලත්
qualify;Verb;B1;සුදුසුකම්
quality;Noun;A2;තත්ත්ව
quantity;Noun;A2;ප්රමාණය
quarter;Noun;A1;කාර්තුවේ
queen;Noun;A2;රැජින
question;Noun, Verb;A1, A2;ප්රශ්නය
queue;Noun Verb;B1;පෝලිමේ
quick;Adjective;A1;ඉක්මන්
quickly;Adverb;A1;ඉක්මනින්
quiet;Adjective;A1;නිහඬව
quietly;Adverb;A2;නිහඬව
quit;Verb;B1;ඉවත්
quite;Adverb;A1;තරමක්
quotation;Noun;B1;උද්ධෘත
quote;Verb Noun;B1;උපුටා
race (competition);NounVerb;A2;ජාතිය (තරගය)
race (people);Noun;B1;ජාතිය (ජනතාව)
racing;Noun;B1;ධාවන
radio;Noun;A1;ගුවන් විදුලි
railway;Noun;A2;දුම්රිය
rain;Noun Verb;A1;වැසි
raise;Verb;A2;ඉහළ දැමීමට කදිම
range;Noun, Verb;B1, B2;පරාසයක
rank;Noun Verb;B2;නිලය
rapid;Adjective;B2;වේගවත්
rapidly;Adverb;B2;වේගයෙන්
rare;Adjective;B1;දුර්ලභ
rarely;Adverb;B1;කලාතුරකින්
rate;Noun, Verb;A2, B2;අනුපාතය
rather;Adverb;A2;ඒ වෙනුවට
raw;Adjective;B2;අමු
reach;Verb , Noun;A2, B2;එබ
react;Verb;A2;ප්රතික්රියා
reaction;Noun;B1;ප්රතික්රියා
read;Verb;A1;කියවන්න
reader;Noun;A1;පාඨකයා
reading;Noun;A1;කියවීම
ready;Adjective;A1;සූදානම්
real;Adjective;A1;සැබෑ
realistic;Adjective;B2;යථාර්ථවාදී
reality;Noun;B1;යථාර්ථය
realize;Verb;A2;නිවන් අවබෝධ
really;Adverb;A1;ඇත්තටම
reason;Noun;A1;හේතුව
reasonable;Adjective;B2;සාධාරණ
recall;Verb;B2;මතක්
receipt;Noun;B1;කුවිතාන්සියක්
receive;Verb;A2;ලබා
recent;Adjective;A2;මෑත
recently;Adverb;A2;මෑතකදී
reception;Noun;A2;පිළිගැනීමේ
recipe;Noun;A2;වට්ටෝරුව
recognize;Verb;A2;හදුනාගන්නවා
recommend;Verb;A2;නිර්දේශ
recommendation;Noun;B1;නිර්දේශය
record;Noun Verb;A2;වාර්තාව
recording;Noun;A2;පටිගත
recover;Verb;B2;ආපසු අයකර
recycle;Verb;A2;ප්රතිචකී්රකරණ
red;Adjective Noun;A1;රතු
reduce;Verb;A2;අඩු කරන්න
reduction;Noun;B2;අඩු
refer;Verb;A2;යොමු
reference;Noun;B1;සමුද්දේශ
reflect;Verb;B1;පිළිබිඹු
refuse;Verb;A2;කසල
regard;Verb Noun;B2;සම්බන්ධයෙන්
region;Noun;A2;කලාපයේ
regional;Adjective;B2;කලාපීය
register;Verb Noun;B2;ලේඛනය
regret;Verb Noun;B2;කනගාටුව
regular;Adjective;A2;නිත්ය
regularly;Adverb;B1;නිතිපතා
regulation;Noun;B2;නියාමනය
reject;Verb;B1;ප්රතික්ෂේප
relate;Verb;B1;සම්බන්ධ
related;Adjective;B1;අදාළ
relation;Noun;B1;සම්බන්ධයෙන්
relationship;Noun;A2;සම්බන්ධතාවය
relative;Adjective Noun;B1;සාපේක්ෂ
relatively;Adverb;B2;සාපේක්ෂව
relax;Verb;A1;සන්සුන් වන්න
relaxed;Adjective;B1;සැහැල්ලුවෙන්
relaxing;Adjective;B1;ඔරුවක
release;Verb Noun;B1;නිදහස්
relevant;Adjective;B2;අදාල
reliable;Adjective;B1;විශ්වාස කටයුතු
relief;Noun;B2;සහන
religion;Noun;B1;ආගම
religious;Adjective;B1;ආගමික
rely;Verb;B2;විශ්වාසය තැබිය
remain;Verb;B1;පවතිනු
remark;Noun Verb;B2;අදහස් දැක්වීම්
remember;Verb;A1;මතක තබා ගන්න
remind;Verb;B1;මතක් කරනවා
remote;Adjective;B1;දුරස්ථ
remove;Verb;A2;ඉවත්
rent;Noun Verb;B1;කුලී
repair;Verb , Noun;A2, B1;අලුත්වැඩියා කරනවා
repeat;Verb , Noun;A1, B1;නැවත
repeated;Adjective;B1;නැවත නැවතත්
replace;Verb;A2;වෙනුවට
reply;Verb Noun;A2;පිලිතුරු
report;Noun, Verb;A1, A2;වාර්තාව
reporter;Noun;A2;වාර්තාකරු
represent;Verb;B1;නියෝජනය
representative;Noun Adjective;B2;නියෝජිත
reputation;Noun;B2;කීර්තිය
request;Noun, Verb;A2, B1;ඉල්ලීම
require;Verb;B1;අවශ්ය
requirement;Noun;B2;අවශ්යතාව
rescue;Verb Noun;B2;ගලවා ගැනීමේ
research;Noun Verb;A2;පර්යේෂණ
researcher;Noun;A2;පර්යේෂක
reservation;Noun;B1;වෙන්
reserve;Noun Verb;B2;සංචිත
resident;NounAdjective;B2;පදිංචි
resist;Verb;B2;විරුද්ධ
resolve;Verb;B2;අධිෂ්ඨානය
resort;Noun;B2;නිවාඩු නිකේතන
resource;Noun;B1;සම්පත්
respect;Noun Verb;B1;ගරු
respond;Verb;A2;ප්රතිචාර
response;Noun;A2;ප්රතිචාර
responsibility;Noun;B1;වගකීමක්
responsible;Adjective;B1;වගකිව
rest (remaining part);Noun;A2;ඉතිරි (ඉතිරි කොටස)
rest (sleep/relax);Noun Verb;A2;ඉතිරි (නින්ද / ලිහිල්)
restaurant;Noun;A1;ආපන
result;Noun, Verb;A1, B1;ප්රතිඵලය
retain;Verb;B2;රඳවා
retire;Verb;B1;විශ්රාම
retired;Adjective;B1;විශ්රාමික
return;Verb Noun;A1;ආපසු
reveal;Verb;B2;හෙළි
review;Noun Verb;A2;සමාලෝචනය
revise;Verb;B1;පරිශෝධනය
revolution;Noun;B2;විප්ලවය
reward;Noun Verb;B2;ත්යාගය
rhythm;Noun;B2;රිද්මය
rice;Noun;A1;සහල්
rich;Adjective;A1;පොහොසත්
rid;Verb;B2;බැහැර
ride;Verb , Noun;A1, A2;ගමන
right;Adjective Adverb Noun;A1;අයිතිය
ring;Noun;A2;මුද්ද
ring;Verb , Noun;A2, B1;මුද්ද
rise;Verb , Noun;A2, B1;ඉහළ
risk;Noun Verb;B1;අවදානම්
river;Noun;A1;ගඟ
road;Noun;A1;මාර්ග
robot;Noun;B1;රොබෝ
rock (stone);Noun;A2;ගල් (ගල්)
rock (music);Noun;A2;රොක් සංගීතය)
role;Noun;A2;කාර්යභාරය
roll;Verb Noun;B1;රෝල්
romantic;Adjective;B1;ආදර
roof;Noun;A2;වහල
room;Noun;A1;කාමරය
root;Noun;B2;මූල
rope;Noun;B1;කඹය
rough;Adjective;B1;රළු
round;Adjective Adverb prep., Noun;A2, B2;වටයේ
route;Noun;A2;මාර්ග
routine;Noun, Adjective;A1, B2;සාමාන්ය
row;Noun;B1;පේළියේ
royal;Adjective;B1;රාජකීය
rub;Verb;B2;රබර්
rubber;Noun Adjective;B2;රබර්
rubbish;Noun;A2;කුණු
rude;Adjective;A2;අකාරුණික
rugby;Noun;B1;රග්බි
rule;Noun, Verb;A1, B1;නීතිය
run;Verb , Noun;A1, A2;ලකුණු
runner;Noun;A2;දෙවන ස්ථානය
running;Noun;A2;ධාවනය
rural;Adjective;B2;ගම්බද
rush;Verb Noun;B2;සැරෙන්
sad;Adjective;A1;දුක
sadly;Adverb;A2;කනගාටුවට කරුණක් වන්නේ
safe;Adjective;A2;ආරක්ෂිත
safety;Noun;B1;ආරක්ෂාව
sail;Verb , Noun;A2, B1;යාත්රා
sailing;Noun;A2;යාත්රා
sailor;Noun;B1;නාවිකයා
salad;Noun;A1;සලාද
salary;Noun;A2;වැටුප
sale;Noun;A2;විකිණීමට
salt;Noun;A1;ලුණු
same;Adjective proNoun Adverb;A1;එකම
sample;Noun, Verb;B1, B2;ආදර්ශ
sand;Noun;B1;වැලි
sandwich;Noun;A1;සැන්ඩ්විච්
satellite;Noun;B2;චන්ද්රිකා
satisfied;Adjective;B2;සෑහීමට පත්
satisfy;Verb;B2;සෑහීමට
Saturday;Noun;A1;සෙනසුරාදා
sauce;Noun;A2;සෝස්
save;Verb;A2;ඉතිරි
saving;Noun;B2;ඉතිරි
say;Verb;A1;කියා
scale;Noun;B2;පරිමාණ
scan;Verb;B1;ස්කෑන්
scared;Adjective;A2;බය
scary;Adjective;A2;භයංකාර
scene;Noun;A2;දර්ශන
schedule;Noun, Verb;A2, B2;කාලසටහන
scheme;Noun;B2;යෝජනා ක්රමය
school;Noun;A1;පාසලේ
science;Noun;A1;විද්යාව
scientific;Adjective;B1;විද්යාත්මක
scientist;Noun;A1;විද්යාඥ
score;Verb Noun;A2;ලකුණු
scream;Verb Noun;B2;මෙලෝ රහක්
screen;NounVerb;A2, B2;තිරය
script;Noun;B1;තිර රචනය
sculpture;Noun;B1;මූර්ති
sea;Noun;A1;මුහුදු
search;Noun Verb;A2;සෙවීම
season;Noun;A2;සමය
seat;Noun Verb;A2, B2;ආසන
second1 (next after the first);et./ number, Adverb;A1, A2;second1 (ඊළඟ පළමු පසු)
second1 (unit of time);Noun;A1;second1 (ඒකක කාලයක්)
secondary;Adjective;B1;ද්විතීයික
secondly;Adverb;A2;දෙවනුව
secret;Adjective, Noun;A2;රහස්
secretary;Noun;A2;ලේකම්
section;Noun;A1;කොටස
sector;Noun;B2;අංශය
secure;Verb Adjective;B2;ආරක්ෂිත
security;Noun;B1;ආරක්ෂාව
see;Verb;A1;හාමිත් ඉන්නවා
seed;Noun;B1;බීජ
seek;Verb;B2;උත්සාහ
seem;Verb;A2;පෙනේ
select;Verb;B2;තෝරන්න
selection;Noun;B2;තෝරා
self;Noun;B2;ස්වයං
sell;Verb;A1;විකුනා
send;Verb;A1;යැවීමේ
senior;Adjective;B2;ජ්යෙෂ්ඨ
sense;Noun Verb;A2, B2;අර්ථයෙන්
sensible;Adjective;B1;සංවේදී
sensitive;Adjective;B2;සංවේදී
sentence;Noun Verb;A1, B2;දඬුවම
separate;Adjective, Verb;A2, B1;වෙනම
September;Noun;A1;සැප්තැම්බර්
sequence;Noun;B2;අනුක්රමය
series;Noun;A2;මාලාවක්
serious;Adjective;A2;බරපතල
seriously;Adverb;B1;බරපතල ලෙස
servant;Noun;B1;සේවකයා
serve;Verb;A2;සේවය
service;Noun;A2;සේවාව
session;Noun;B2;වාරය
set (put);Verb;B1;කට්ටලයක් (Put)
set (group);Noun;B1;කට්ටලයක් (කණ්ඩායම්)
setting;Noun;B1;සැකසුම
settle;Verb;B2;පදිංචි
seven;number;A1;හත
seventeen;number;A1;දාහතක්
seventy;number;A1;හැත්තෑ
several;det./proNoun;A2;කිහිපයක්
severe;Adjective;B2;දැඩි
sex;Noun;B1;ලිංගික
sexual;Adjective;B1;ලිංගික
shade;Noun;B2;සෙවන
shadow;Noun;B2;සෙවනැල්ල
shake;Verb Noun;A2, B1;ෂේක්
shall;modal Verb;A2;ය
shallow;Adjective;B2;නොගැඹුරු
shame;Noun;B2;ලජ්ජාව
shape;Noun Verb;A2, B2;හැඩය
share;Verb Noun;A1, B1;බෙදාගන්න
sharp;Adjective;B1;තියුණු
she;proNoun;A1;ඇය
sheep;Noun;A1;බැටළුවන්
sheet;Noun;A2;පත්රය
shelf;Noun;B1;තබා ගැනීෙම්
shell;Noun;B1;ෂෙල්
shelter;Noun Verb;B2;නවාතැන්
shift;Noun Verb;B1, B2;මාරුව
shine;Verb;B1;ඔප දමන
shiny;Adjective;B1;දිලිසෙන
ship;Noun Verb;A2, B2;නැව
shirt;Noun;A1;ෂර්ට්
shock;Noun Verb;B2;කම්පන
shocked;Adjective;B2;කම්පනයට පත්
shoe;Noun;A1;සපත්තු
shoot;Verb;B1;රූගත කිරීම්
shooting;Noun;B2;වෙඩි තැබීම
shop;Noun Verb;A1;වෙළඳ සැලක්
shopping;Noun;A1;සාප්පු සවාරි
short;Adjective;A1;කෙටි
shot;Noun;B2;වෙඩි
should;modal Verb;A1;කළ යුතුයි
shoulder;Noun;A2;උරහිස්
shout;Verb Noun;A2;: එන්න
show;Verb Noun;A1;පෙන්වන්න
shower;Noun;A1;ෂවර්
shut;Verb Adjective;A2;වසා
shy;Adjective;B1;ලැජ්ජයි
sick;Adjective;A1;ලෙඩ
side;Noun;A2;පැත්ත
sight;Noun;B1;පෙනීම
sign;Noun Verb;A2;ලකුණක්
signal;Noun Verb;B1;සංඥා
significant;Adjective;B2;සැලකිය යුතු
significantly;Adverb;B2;සැලකිය යුතු
silence;Noun;B2;නිශ්ශබ්දතාව
silent;Adjective;B1;නිහඬ
silk;Noun;B2;සේද
silly;Adjective;B1;මෝඩ
silver;Noun Adjective;A2;රිදී
similar;Adjective;A1;සමාන
similarity;Noun;B1;සමාන
similarly;Adverb;B1;ඒ හා සමානව
simple;Adjective;A2;සරල
simply;Adverb;B1;සරලවම
since;prep. conj., Adverb;A2, B1;පටන්
sincere;Adjective;B2;අවංක
sing;Verb;A1;ගී ගයති
singer;Noun;A1;ගායක
singing;Noun;A2;ගායනය
single;Adjective Noun;A2;තනි
sink;Verb;B1;බේසම
sir;Noun;A2;සර්
sister;Noun;A1;සහෝදරිය
sit;Verb;A1;වාඩි
site;Noun;A2;අඩවිය
situation;Noun;A1;තත්ත්වය
six;number;A1;හය
sixteen;number;A1;දහසය
sixty;number;A1;හැට
size;Noun;A2;විශාලත්වය
ski;Verb Noun;A2;වෙස්
skiing;Noun;A2;ස්කීං
skill;Noun;A1;නිපුණතා
skin;Noun;A2;සම
skirt;Noun;A1;සායක්
sky;Noun;A2;අහස
slave;Noun;B2;වහල්
sleep;Verb , Noun;A1, A2;නින්ද
slice;Noun Verb;B1;පෙත්තක්
slide;Verb Noun;B2;විනිවිදක
slight;Adjective;B2;සුළු
slightly;Adverb;B1;තරමක්
slip;Verb;B2;ස්ලිප්
slope;Noun Verb;B2;බෑවුම
slow;Adjective , Verb;A1, B1;මන්දගාමී
slowly;Adverb;A2;සෙමින්
small;Adjective;A1;කුඩා
smart;Adjective;B1;ස්මාර්ට්
smartphone;Noun;A2;ස්මාර්ට් ජංගම දුරකථනය
smell;Verb Noun;A2;සුවඳ
smile;Verb Noun;A2;සිනහව
smoke;Noun Verb;A2;දුම්
smoking;Noun;A2;දුම්පානය කරනව
smooth;Adjective;B1;සුමට
snake;Noun;A1;සර්ප
snow;Noun Verb;A1;හිම
so;Adverb conj.;A1;නිසා
soap;Noun;A2;සබන්
soccer;Noun;A2;පාපන්දු
social;Adjective;A2;සමාජ
society;Noun;A2;සමාජය
sock;Noun;A2;පාදයේ
soft;Adjective;A2;මෘදු
software;Noun;B1;මෘදුකාංග
soil;Noun;B1;පාංශු
solar;Adjective;B2;සූර්ය
soldier;Noun;A2;යුද හමුදා
solid;Adjective Noun;B1;ඝණ
solution;Noun;A2;විසඳුමක්
solve;Verb;A2;විසඳීමට
some;det. proNoun;A1;ඇතැම්
somebody;proNoun;A1;කවුරුහරි
someone;proNoun;A1;කෙනෙකු
something;proNoun;A1;යමක්
sometimes;Adverb;A1;සමහර විට
somewhat;Adverb;B2;තරමක්
somewhere;Adverb proNoun;A2;කොහේ හරි
son;Noun;A1;පුතා
song;Noun;A1;සිංදුව
soon;Adverb;A1;ඉක්මනින්
sorry;Adjective exclam.;A1;සමාවන්න
sort;Noun, Verb;A2, B1;ආකාරයක
soul;Noun;B2;ආත්මය
sound;Noun Verb;A1;ශබ්ද
soup;Noun;A1;සුප්
source;Noun;A2;මූලාශ්රය
south;Noun Adjective Adverb;A1;දකුණු
southern;Adjective;B1;දක්ෂිණ
space;Noun;A1;අවකාශය
speak;Verb;A1;කතා
speaker;Noun;A2;කථානායක
special;Adjective;A1;විශේෂ
specialist;Noun Adjective;B2;විශේෂඥ
species;Noun;B2;විශේෂ
specific;Adjective;A2;විශේෂිත
specifically;Adverb;B1;විශේෂයෙන්
speech;Noun;A2;කතාව
speed;Noun, Verb;A2, B2;වේගය
spell;Verb;A1;අක්ෂර වින්යාස
spelling;Noun;A1;අක්ෂර වින්යාසය
spend;Verb;A1;වියදම
spending;Noun;B1;වියදම්
spicy;Adjective;B1;සැර
spider;Noun;A2;මකුළු
spirit;Noun;B1;ආත්මය
spiritual;Adjective;B2;ආත්මික
split;Verb Noun;B2;බෙදුණු
spoken;Adjective;B1;කථා
sponsor;Verb Noun;B2;අනුග්රාහකයා
spoon;Noun;A2;හැන්දක්
sport;Noun;A1;ක්රීඩා
spot;Noun, Verb;B1, B2;ස්ථානයේදීම
spread;Verb , Noun;B1, B2;බෝ වීම
spring;Noun, Verb;A1, B1;වසන්ත
square;Adjective Noun;A2;වර්ග
stable;Adjective;B2;ස්ථාවර
stadium;Noun;B1;ක්රීඩාංගනය
staff;Noun;B1;කාර්ය මණ්ඩලය
stage;Noun, Verb;A2, B2;අදියර
stair;Noun;A2;නැගීමට පඩිපෙල
stamp;Noun;A2;මුද්දර
stand;Verb , Noun;A1, B2;ස්ථාවරය
standard;Noun Adjective;B1;සම්මත
star;Noun, Verb;A1, A2;තරු
stare;Verb;B2;රෝගියාගේ කටට උඩින්
start;Verb , Noun;A1, A2;ආරම්භයක්
state;Noun, Adjective , v;A2, B1;රජයේ
statement;Noun;A1;ප්රකාශය
station;Noun;A1;ස්ථානය
statistic;Noun;B1;සංඛ්යා ලේඛන
statue;Noun;B1;ප්රතිමාව
status;Noun;B2;තත්ත්වය
stay;Verb , Noun;A1, A2;රැඳී
steady;Adjective;B2;ස්ථාවර
steal;Verb;A2;සොරකම්
steel;Noun;B2;යකඩ
steep;Adjective;B2;ප්රපාතයෙන්
step;Noun, Verb;A2, B2;පියවර
stick (push into/attach);Verb;B1;දණ්ඩක් (බවට / අනුයුක්ත තල්ලුව)
stick (piece of wood);Noun;B1;දණ්ඩක් (ලී කැබැල්ලක්)
sticky;Adjective;B2;ඇලෙන සුළු
stiff;Adjective;B2;දැඩි
still;Adverb , Adjective;A1, B1;තවමත්
stock;Noun;B2;කොටස්
stomach;Noun;A2;බඩ
stone;Noun;A2;ගල්
stop;Verb Noun;A1;නවත්වන්න
store;Noun, Verb;A2, B1;ගබඩා
storm;Noun;A2;කුණාටුව
story;Noun;A1;කතාව
straight;Adverb Adjective;A2;කෙලින්ම
strange;Adjective;A2;අමුතු
stranger;Noun;B1;ආගන්තුක
strategy;Noun;A2;උපාය
stream;Noun;B2;විෂය ධාරාව
street;Noun;A1;වීදිය
strength;Noun;B1;ශක්තිය
stress;Noun Verb;A2;මානසික ආතතිය
stretch;Verb Noun;B2;දුර
strict;Adjective;B2;දැඩි
strike;Verb Noun;B2;වර්ජනය
string;Noun;B1;string
strong;Adjective;A1;ශක්තිමත්
strongly;Adverb;B1;දැඩි
structure;Noun, Verb;A2, B2;ව්යුහය
struggle;Verb Noun;B2;අරගලය
student;Noun;A1;ශිෂ්ය
studio;Noun;B1;ශබ්දාගාර
study;Noun Verb;A1;අධ්යයනය
stuff;Noun, Verb;B1, B2;දේවල්
stupid;Adjective;A2;මෝඩ
style;Noun;A1;ශෛලිය
subject;Noun, Adjective;A1, B2;විෂය
submit;Verb;B2;ඉදිරිපත්
substance;Noun;B1;ද්රව්යය
succeed;Verb;A2;සාර්ථක
success;Noun;A1;සාර්ථකත්වය
successful;Adjective;A2;සාර්ථක
successfully;Adverb;B1;සාර්ථකව
such;det./proNoun;A2;එබඳු
sudden;Adjective;B1;හදිසි
suddenly;Adverb;A2;හදිසියේ
suffer;Verb;B1;දුක්
sugar;Noun;A1;සීනි
suggest;Verb;A2;යෝජනා
suggestion;Noun;A2;යෝජනාව
suit;Noun, Verb;A2, B1;ඇඳුම
suitable;Adjective;B1;සුදුසු
sum;Noun Verb;B2;මුදලක්
summarize;Verb;B1;සාරාංශ
summary;Noun;B1;සාරාංශය
summer;Noun;A1;ගිම්හාන
sun;Noun;A1;හිරු
Sunday;Noun;A1;ඉරිදා
supermarket;Noun;A1;සුපිරිවෙළෙඳසැල
supply;Noun Verb;B1;සැපයුම්
support;Verb Noun;A2;සහාය
supporter;Noun;B1;ආධාරකරුවෙකු
suppose;Verb;A2;පීචං
sure;Adjective , Adverb;A1, A2;වග බලා ගන්න
surely;Adverb;B1;නියත වශයෙන්ම
surface;Noun;B1;මතුපිට
surgery;Noun;B2;සැත්කම්
surprise;Noun Verb;A2;පුදුම
surprised;Adjective;A2;පුදුමයට
surprising;Adjective;A2;පැවසීම විස්මයට කරුණක්
surround;Verb;B2;වගාවන් දැකිය හැක
surrounding;Adjective;B2;අවට
survey;Noun, Verb;A2, B2;මිනුම්
survive;Verb;B1;දිවි
suspect;Verb Noun;B2;සැකකරු
swear;Verb;B2;දිවුරනවා
sweater;Noun;A1;උණුසුම් ඇඳුම්
sweep;Verb;B2;පලසක්
sweet;Adjective Noun;A2;මිහිරි
swim;Verb , Noun;A1, B1;පිහිනුම්
swimming;Noun;A1;පිහිනුම්
switch;Verb , Noun;B1, B2;ස්විචය
symbol;Noun;A2;සංකේතය
sympathy;Noun;B2;අනුකම්පාව
symptom;Noun;B1;රෝග ලක්ෂණ
system;Noun;A2;පද්ධතියක්
table;Noun;A1;වගුව
tablet;Noun;A2;ටැබ්ලට්
tail;Noun;B1;වලිගය
take;Verb;A1;ගනිත්
tale;Noun;B2;කතාවක
talent;Noun;B1;දක්ෂතා
talented;Adjective;B1;දක්ෂ
talk;Verb , Noun;A1, A2;සාකච්ඡාව
tall;Adjective;A1;උස
tank;Noun;B2;වැව
tape;Noun;B1;ටේප්
target;Noun, Verb;A2, B2;ඉලක්කය
task;Noun;A2;කාර්ය
taste;Noun Verb;A2;රස
tax;Noun Verb;B1;බද්ද
taxi;Noun;A1;කුලී රථ
tea;Noun;A1;තේ
teach;Verb;A1;උගන්වනවා
teacher;Noun;A1;ගුරු
teaching;Noun;A2;ඉගැන්වීමේ
team;Noun;A1;කණ්ඩායම
tear1;Verb Noun;B2;tear1
tear2;Noun;B2;tear2
technical;Adjective;B1;කාර්මික
technique;Noun;B1;තාක්ෂණය
technology;Noun;A2;තාක්ෂණය
teenage;Adjective;A2;නව යොවුන් වියේ
teenager;Noun;A1;නව යොවුන්
telephone;Noun Verb;A1;දුරකථන
television;Noun;A1;රූපවාහිනී
tell;Verb;A1;අවන
temperature;Noun;A2;උෂ්ණත්වය
temporary;Adjective;B2;තාවකාලික
ten;number;A1;දස
tend;Verb;B1;නැඹුරු
tennis;Noun;A1;ටෙනිස්
tent;Noun;B1;කූඩාරම
term;Noun, Verb;A2, B2;කාලීන
terrible;Adjective;A1;දරුණු
test;Noun Verb;A1;ටෙස්ට්
text;Noun, Verb;A1, A2;පෙළ
than;conj.;A1;වඩා
thank;Verb;A1;ස්තුති
thanks;exclam. Noun;A1;ස්තුති
that;det. proNoun conj., Adverb;A1, B1;බව
the;definite article;A1;එම
theatre;Noun;A1;රංග ශාලාව
their;det.;A1;ඔවුන්ගේ
theirs;proNoun;B1;එයාලගෙ
them;proNoun;A1;ඔවුන්ට
theme;Noun;B1;තේමාව
themselves;proNoun;A2;තමන්
then;Adverb;A1;එවිට
theory;Noun;B1;න්යාය
therapy;Noun;B2;ප්රතිකාර
there;Adverb;A1;එතන
therefore;Adverb;B1;එබැවින්
they;proNoun;A1;ඔවුන්
thick;Adjective;A2;ඝන
thief;Noun;A2;හොරා
thin;Adjective;A2;සිහින්
thing;Noun;A1;දෙයක්
think;Verb;A1;හිතන්න
thinking;Noun;A2;චින්තනය
third;number, Noun;A1, A2;තුන්වන
thirsty;Adjective;A1;පිපාසය
thirteen;number;A1;දහතුන
thirty;number;A1;තිස්
this;det./proNoun, Adverb;A1, B1;මෙය
though;conj. Adverb;B1;නමුත්
thought;Noun;A2;චින්තනය
thousand;number;A1;දහසක්
threat;Noun;B2;තර්ජනයක්
threaten;Verb;B2;තර්ජනය
three;number;A1;තුන්
throat;Noun;B1;උගුර
through;prep. Adverb;A1;තුලින්
throughout;prep./Adverb;B1;පුරාම
throw;Verb;A2;විසි
Thursday;Noun;A1;බ්රහස්පතින්දා
thus;Adverb;B2;මේ අනුව
ticket;Noun;A1;ටිකට්
tidy;Adjective v;A2;නිසි පිළිවෙළට
tie;Verb Noun;A2;ටයි පටියක්
tight;Adjective;B1;දැඩි
till;conj./prep.;B1;දක්වා
time;Noun, Verb;A1, B2;කාලය
tin;Noun;B1;ටින්
tiny;Adjective;B1;ඉතා කුඩා
tip;Noun, Verb;A2, B1;තොරතුරක්
tired;Adjective;A1;වෙහෙසට පත්ව
title;Noun;A1, B2;ශීර්ෂය
to;prep., infinitive marker;A1;වෙත
today;Adverb Noun;A1;අද
toe;Noun;B1;ටුයි
together;Adverb;A1;එක්ව
toilet;Noun;A1;වැසිකිළි
tomato;Noun;A1;තක්කාලි
tomorrow;Adverb Noun;A1;හෙට
tone;Noun;B2;තානය
tongue;Noun;B1;දිව
tonight;Adverb n;A1;අද රෑ
too;Adverb;A1;ද
tool;Noun;A2;මෙවලම
tooth;Noun;A1;දත
top;Noun, Adjective;A2;ඉහල
topic;Noun;A1;මාතෘකාව
total;Adjective Noun;B1;සමස්ත
totally;Adverb;B1;මුළුමනින්ම
touch;Verb , Noun;A2, B1;ස්පර්ශ
tough;Adjective;B2;දැඩි
tour;Noun, Verb;A2, B1;සැරිය
tourism;Noun;A2;සංචාරක
tourist;Noun;A1;සංචාරක
towards;prep.;A2;දෙසට
towel;Noun;A2;තුවායක්
tower;Noun;A2;කුළුණ
town;Noun;A1;නගරය
toy;Noun, Adjective;A2;සෙල්ලම් බඩු
track;Noun, Verb;A2, B2;මාර්ගය
trade;Noun, Verb;B1;වෙළඳ
tradition;Noun;A2;සම්ප්රදාය
traditional;Adjective;A2;සම්ප්රදායික
traffic;Noun;A1;රථවාහන
train;Noun, Verb;A1, A2;දුම්රිය
trainer;Noun;A2;පුහුණුකරු
training;Noun;A2;පුහුණුව
transfer;Verb Noun;B2;මාරු
transform;Verb;B2;පරිණාමනය කිරීම
transition;Noun;B2;සංක්රමණය
translate;Verb;B1;පරිවර්තනය
translation;Noun;B1;පරිවර්තනය
transport;Noun, Verb;A2, B1;ප්රවාහන
travel;Verb Noun;A1;ගමන්
traveller;Noun;A2;සංචාරකයාගේ
treat;Verb;B1;සංග්රහ
treatment;Noun;B1;ප්රතිකාර
tree;Noun;A1;ගස
trend;Noun;B1;ප්රවණතාවක්
trial;Noun;B2;නඩු
trick;Noun Verb;B1;උපක්රමය
trip;Noun, Verb;A1, B2;සංචාරය
tropical;Adjective;B2;නිවර්තන
trouble;Noun, Verb;A2, B2;කරදර
trousers;Noun;A1;කලිසම්
truck;Noun;A2;ට්රක් රථ
TRUE;Adjective;A1;සැබෑ
truly;Adverb;B2;සැබවින්ම
trust;Noun Verb;B2;විශ්වාසය
truth;Noun;B1;සත්යය
try;Verb , Noun;A1, B2;උත්සාහක
T-shirt;Noun;A1;ටී-ෂර්ට්
tube;Noun;B1;නල
Tuesday;Noun;A1;අඟහරුවාදා
tune;Noun;B2;පදයට
tunnel;Noun;B2;උමග
turn;Verb Noun;A1;අනෙක් අතට
TV;Noun;A1;රෑපවාහිණි
twelve;number;A1;දොළොස්
twenty;number;A1;විසි
twice;Adverb;A1;දෙවරක්
twin;Noun Adjective;A2;නිවුන්
two;number;A1;දෙක
type;Noun, Verb;A1, B1;වර්ගය
typical;Adjective;A2;සාමාන්ය
typically;Adverb;B1;සාමාන්යයෙන්
tyre;Noun;B1;ටයරය
ugly;Adjective;B1;කැත
ultimately;Adverb;B2;අවසානයේ
umbrella;Noun;A1;කුඩයක්
unable;Adjective;B1;නොහැකි
uncle;Noun;A1;මාමා
uncomfortable;Adjective;B1;බලවත් අපහසුතාවයට
unconscious;Adjective;B2;සිහිසුන්ව
under;prep. Adj;A1;යටතේ
underground;Adjective Adverb;A2;භූගත
understand;Verb;A1;තේරුම්
understanding;Noun;A2;අවබෝධය
underwear;Noun;B1;යට ඇඳුම්
unemployed;Adjective;B1;රැකියා විරහිත
unemployment;Noun;B1;විරැකියාව
unexpected;Adjective;B2;අනපේක්ෂිත
unfair;Adjective;B1;අසාධාරණ
unfortunately;Adverb;A2;අවාසනාවකට මෙන්
unhappy;Adjective;A2;අසතුටින්
uniform;Noun;A2;නිල ඇඳුම
union;Noun;B1;සංගමය
unique;Adjective;B2;අද්විතීය
unit;Noun;A2;ඒකකය
united;Adjective;A2;එක්සත්
universe;Noun;B2;විශ්වය
university;Noun;A1;විශ්වවිද්යාල
unknown;Adjective;B2;නොදන්නා
unless;conj.;B1;නම් මිස
unlike;prep.;B1;මෙන් නොව
unlikely;Adjective;B1;අසම්භාව්ය
unnecessary;Adjective;B1;අනවශ්ය
unpleasant;Adjective;B1;අප්රසන්න
until;conj./prep.;A1;තුරු
unusual;Adjective;A2;අසාමාන්ය
up;Adverb proNoun;A1;දක්වා
update;Verb Noun;B1;යාවත්කාලීන
upon;prep.;B1;මත
upper;Adjective;B2;ඉහළ
upset;Adjective v;B1;කලබලය
upstairs;Adverb , Adjective;A1, A2;උඩු මහලේ
upwards;Adverb;B2;උඩහට
urban;Adjective;B2;නාගරික
urge;Verb;B2;දැඩි ආශාව
us;proNoun;A1;අප
use;Verb , Noun;A1, A2;භාවිත
used;Adjective;B1;භාවිතා
used to;modal Verb;A2;පුරුදුව සිටියා
useful;Adjective;A1;ප්රයෝජනවත්
user;Noun;A2;පරිශීලක
usual;Adjective;A2;සුපුරුදු
usually;Adverb;A1;සාමාන්යයෙන්
vacation;Noun;A1;පාසල් නිවාඩු
valley;Noun;A2;නිම්නය
valuable;Adjective;B1;වටිනා
value;Noun, Verb;B1, B2;අගය
van;Noun;A2;වෑන් රථයක්
variety;Noun;A2;විවිධ
various;Adjective;B1;විවිධ
vary;Verb;B2;වෙනස් විය
vast;Adjective;B2;අති විශාල
vegetable;Noun;A1;එළවළු
vehicle;Noun;A2;වාහන
venue;Noun;B2;ස්ථානය
version;Noun;B1;පිටපත
very;Adverb , Adjective;A1, B1;ඉතාම
via;prep.;B2;හරහා
victim;Noun;B1;ගොදුරක්
victory;Noun;B2;ජයග්රහණය
video;Noun;A1;වීඩියෝ
view;Noun, Verb;A2,;දැක්ම
viewer;Noun;B1;නරඹන්නාට
village;Noun;A1;ගමේ
violence;Noun;B2;ප්රචණ්ඩත්වය
violent;Adjective;B1;ප්රචණ්ඩ
virtual;Adjective;B2;අථත්ය
virus;Noun;A2;වයිරසය
vision;Noun;B2;දැක්ම
visit;Verb Noun;A1;සංචාරය
visitor;Noun;A1;නරඹන්නන්
visual;Adjective;B2;දෘශ්ය
vital;Adjective;B2;වැදගත්
vitamin;Noun;B2;විටමින්
voice;Noun;A2;හඬ
volume;Noun;B2;පරිමාව
volunteer;Noun Verb;B1;ස්වේච්ඡා
vote;Noun Verb;B1;ඡන්ද
wage;Noun;B2;වැටුප්
wait;Verb , Noun;A1, A2;රැක
waiter;Noun;A1;වේටර්
wake;Verb;A1;ඉක්බිතිව
walk;Verb Noun;A1;ඇවිදින්න
wall;Noun;A1;බිත්ති
want;Verb;A1;අගහිඟකම්
war;Noun;A2;යුද්ධය
warm;Adjective , v;A1, B1;උණුසුම්
warn;Verb;B1;අනතුරු ඇඟවීමට
warning;Noun;B1;අනතුරු ඇඟවීමක්
wash;Verb , Noun;A1, A2;වොෂ්
washing;Noun;A2;සෝදන
waste;Noun v, Adjective;B1;කසළ
watch;Verb Noun;A1;ඔරලෝසුවක්
water;Noun, Verb;A1, B1;ජලය
wave;Noun;A2, B1;තරංග
way;Noun;A1, B2;මාර්ගය
we;proNoun;A1;අප
weak;Adjective;A2;දුර්වල
weakness;Noun;B2;දුර්වල
wealth;Noun;B2;ධනය
wealthy;Adjective;B2;ධනවත්
weapon;Noun;B1;ගිනි අවියක්
wear;Verb;A1;ඇඳුම්
weather;Noun;A1;කාලගුණ
web;Noun;A2;වෙබ්
website;Noun;A1;වෙබ් අඩවිය
wedding;Noun;A2;විවාහ
Wednesday;Noun;A1;බදාදා
week;Noun;A1;සතියේ
weekend;Noun;A1;සති අන්තයේ
weigh;Verb;B1;බර
weight;Noun;A2;බර
welcome;exclam. Verb Adjective , n;A1, A2;පිළිගැනීමේ
well;Adverb , Adjective , exclam.;A1;හොඳින්
west;Noun Adjective Adverb;A1;බටහිර
western;Adjective;B1;බටහිර
wet;Adjective;A2;තෙත්
what;proNoun/det.;A1;මොනවාද
whatever;det./proNoun;B1;කුමක් වුවත්
wheel;Noun;A2;රෝද
when;Adverb proNounconj.;A1;කවදා ද
whenever;conj.;B1;සෑම විටම
where;Adverb conj.;A1;එහිදී
whereas;conj.;B2;ඇති ෙහයින්ද
wherever;conj.;B2;ඕනෑම තැනක
whether;conj.;B1;යන්න
which;proNoun/det.;A1;කුමන
while;conj., Noun;A2, B1;අතර
whisper;Verb Noun;B2;කනට කොඳුරන
white;Adjective Noun;A1;සුදු
who;proNoun;A1;WHO
whole;Adjective , n;A2, B1;සමස්ත
whom;proNoun;B2;කවුරුන්
whose;det./proNoun;A2;කාගේ
why;Adverb;A1;ඇයි
wide;Adjective;A2;පුළුල්
widely;Adverb;B2;පුළුල් ලෙස
wife;Noun;A1;බිරිඳ
wild;Adjective;A2;වල්
wildlife;Noun;B2;වනජීවී
will;modal, Noun Verb;A1,;කැමැත්ත
willing;Adjective;B2;කැමති
win;Verb , Noun;A1, B1;ජය
wind1;Noun;A2;wind1
wind2;Verb;B2;wind2
window;Noun;A1;කවුළුව
wine;Noun;A1;වයින්
wing;Noun;B1;තටු
winner;Noun;A2;ජයග්රාහකයා
winter;Noun;A1;ශීත
wire;Noun;B2;කම්බි
wise;Adjective;B2;නැණවත්
wish;Verb Noun;A2;කැමැත්ත
with;prep.;A1;සමග
within;prep.;B1;තුළ
without;prep.;A1;තොරව
witness;Noun Verb;B2;සාක්ෂි
woman;Noun;A1;කාන්තාවක්
wonder;Verb Noun;B1;පුදුමයක්
wonderful;Adjective;A1;පුදුම
wood;Noun;A2;දැව
wooden;Adjective;A2;ලී
wool;Noun;B1;ලොම්
word;Noun;A1;වචනය
work;Verb Noun;A1;කාර්යය
worker;Noun;A1;කම්කරුවෙකු
working;Adjective;A2;කම්කරු
world;Noun;A1;ලෝකය
worldwide;Adjective Adverb;B1;ලොව පුරා
worried;Adjective;A2;කනස්සල්ලට පත්ව සිටිති
worry;Verb Noun;A2, B1;කනස්සල්ල
worse;Adjective, AdVerb Noun;A2,B1, B2;වඩාත් නරක අතට
worst;Adjective, AdVerb;A2,B1, B2;නරකම
worth;Adjective, Noun;B1, B2;වටිනා
would;modal, Verb;A1;කනගාටුයි
wound;Noun Verb;B2;තුවාලය
wow;exclam.;A2;වොව්
wrap;Verv;B2;එතුම
write;Verb;A1;ලිවීම්
writer;Noun;A1;ලේඛකයා
writing;Noun;A1;ලේඛන
written;Adjective;B1;ලියා
wrong;Adjective, AdVerb Noun;A1, B1, B2;වැරදි
yard;Noun;B1;මිදුලේ
yeah;exclam.;A1;ඔව්
year;Noun;A1;වර්ෂය
yellow;Adjective, Noun;A1;කහ
yes;exclam.;A1;ඔව්
yesterday;AdVerb Noun;A1;ඊයේ
yet;AdVerb conj.;A2, B2;තවම
you;proNoun;A1;ඔබ
young;Adjective, Noun;A1, B1;තරුණ
your;det.;A1;ඔබේ
yours;proNoun;A2;ඔබේ
yourself;proNoun;A1;ඔබ
youth;Noun;B1;තරුණ
zero;number;A2;ශුන්ය
zone;Noun;B2;කලාපය
