a, an;indefinite, article;A1;un, una
abandon;Verb;B2;abandonar
ability;Noun;A2;capacidad
able;Adjective;A2;poder
about;prep. Adverb;A1;acerca de
above;prep. Adverb;A1;encima
abroad;Adverb;A2;extranjero
absolute;Adjective;B2;absoluto
absolutely;Adverb;B1;absolutamente
academic;adj, Noun;B1, B2;académico
accept;Verb;A2;aceptar
acceptable;Adjective;B2;aceptable
access;Noun Verb;B1;acceso
accident;Noun;A2;accidente
accommodation;Noun;B1;alojamiento
accompany;Verb;B2;acompañar
according to;prep.;A2;de acuerdo a
account;Noun Verb;B1, B2;cuenta
accurate;Adjective;B2;preciso
accuse;Verb;B2;acusar
achieve;Verb;A2;lograr
achievement;Noun;B1;logro
acknowledge;Verb;B2;reconocer
acquire;Verb;B2;adquirir
across;prep. Adverb;A1;a través de
act;Verb Noun;A2,B1;Actuar
action;Noun;A1;acción
active;Adjective;A2;activo
activity;Noun;A1;actividad
actor;Noun;A1;actor
actress;Noun;A1;Actriz
actual;Adjective;B2;real
actually;Adverb;A2;Realmente
ad;Noun;B1;anuncio
adapt;Verb;B2;adaptar
add;Verb;A1;añadir
addition;Noun;B1;adición
additional;Adjective;B2;adicional
address;Noun Verb;A1,B2;habla a
administration;Noun;B2;administración
admire;Verb;B1;admirar
admit;Verb;B1;admitir
adopt;Verb;B2;adoptar
adult;Noun adj;A1,A2;adulto
Advance;Noun Verb adj;B2;Avanzar
Advanced;Adjective;B1;Avanzado
Advantage;Noun;A2;Ventaja
Adventure;Noun;A2;Aventuras
Advertise;Verb;A2;Anunciar
Advertisement;Noun;A2;Anuncio
Advertising;Noun;A2;Publicidad
Advice;Noun Verb;A1, B1;Consejo
affair;Noun;B2;asunto
affect;Verb;A2;afectar
afford;Verb;B1;permitirse
afraid;Adjective;A1;temeroso
after;prep. conj. Adverb;A1,A2;después
afternoon;Noun;A1;tarde
afterwards;Adverb;B2;después
again;Adverb;A1;de nuevo
against;prep;A2;en contra
age;Noun Verb;A1, B1;años
aged;Adjective;B1;Envejecido
agency;Noun;B2;agencia
agenda;Noun;B2;agenda
agent;Noun;B1;agente
aggressive;Adjective;B2;agresivo
ago;Adverb;A1;hace
agree;Verb;A1;de acuerdo
agreement;Noun;B1;acuerdo
ah;exclam.;A2;ah
ahead;Adverb;B1;adelante
aid;Noun Verb;B2;ayuda
aim;Verb Noun;B1;objetivo
air;Noun;A1;aire
aircraft;Noun;B2;aeronave
airline;Noun;A2;aerolínea
airport;Noun;A1;aeropuerto
alarm;Noun Verb;B1, B2;alarma
album;Noun;B1;álbum
alcohol;Noun;B1;alcohol
alcoholic;Adjective;B1;alcohólico
alive;Adjective;A2;viva
all;det. pron, Adverb;A1, A2;todas
all right;Adjective, Adverb exclam;A2;todo bien
allow;Verb;A2;permitir
almost;Adverb;A2;casi
alone;Adjective, Adverb;A2;solo
along;prep. Adverb;A2;a lo largo
already;Adverb;A2;ya
also;Adverb;A1;además
alter;Verb;B2;alterar
alternative;Noun Adjective;A2, B1;alternativa
although;conj;A2;a pesar de que
always;Adverb;A1;siempre
amazed;Adjective;B1;asombrado
amazing;Adjective;A1;asombroso
ambition;Noun;B1;ambición
ambitious;Adjective;B1;ambicioso
among;prep.;A2;entre
amount;Noun Verb;A2, B2;cantidad
analyse;Verb;B1;analizar
analysis;Noun;B1;análisis
ancient;Adjective;A2;antiguo
and;conj;A1;y
anger;Noun;B2;enfado
angle;Noun;B2;ángulo
angry;Adjective;A1;enojado
animal;Noun;A1;animal
ankle;Noun;A2;tobillo
anniversary;Noun;B2;aniversario
announce;Verb;B1;anunciar
announcement;Noun;B1;anuncio
annoy;Verb;B1;molestar
annoyed;Adjective;B1;irritado
annoying;Adjective;B1;molesto
annual;Adjective;B2;anual
another;det. proNoun;A1;otro
answer;Noun Verb;A1;responder
anxious;Adjective;B2;ansioso
any;det. proNoun, Adverb;A1, A2;alguna
anybody;pron;A2;cualquiera
any more;Adverb;A2;nunca más
anyone;pron;A1;nadie
anything;pron;A1;cualquier cosa
anyway;Adverb;A2;de todas formas
anywhere;AdVerb proNoun;A2;en cualquier sitio
apart;Adverb;B1;aparte
apartment;Noun;A1;Departamento
apologize;Verb;B1;pedir disculpas
app;Noun;A2;aplicación
apparent;Adjective;B2;aparente
apparently;Adverb;B2;aparentemente
appeal;Noun Verb;B2;apelación
appear;Verb;A2;Aparecer
appearance;Noun;A2;apariencia
apple;Noun;A1;manzana
application;Noun;B1;solicitud
apply;Verb;A2;aplicar
appointment;Noun;B1;cita
appreciate;Verb;B1;apreciar
approach;Noun Verb;B2;Acercarse
appropriate;Adjective;B2;apropiado
approval;Noun;B2;aprobación
approve;Verb;B2;aprobar
approximately;Adverb;B1;aproximadamente
April;Noun;A1;abril
architect;Noun;A2;arquitecto
architecture;Noun;A2;arquitectura
area;Noun;A1;zona
argue;Verb;A2;discutir
argument;Noun;A2;argumento
arise;Verb;B2;surgir
arm;Noun;A1;brazo
armed;Adjective;B2;armado
arms;Noun;B2;brazos
army;Noun;A2;Ejército
around;prep. Adverb;A1;alrededor
arrange;Verb;A2;organizar
arrangement;Noun;A2;arreglo
arrest;Verb Noun;B1;arrestar
arrival;Noun;B1;llegada
arrive;Verb;A1;llegar
art;Noun;A1;Arte
article;Noun;A1;artículo
artificial;Adjective;B2;artificial
artist;Noun;A1;artista
artistic;Adjective;B2;artístico
as;prep., Adverb conj.;A1, A2;como
ashamed;Adjective;B2;avergonzado
asleep;Adjective;A2;dormido
ask;Verb;A1;pedir
aspect;Noun;B2;aspecto
assess;Verb;B2;evaluar
assessment;Noun;B2;evaluación
assignment;Noun;B1;asignación
assist;Verb;B1;ayudar
assistant;Noun Adjective;A2;asistente
associate;Verb;B2;asociar
associated;Adjective;B2;asociado
association;Noun;B2;asociación
assume;Verb;B2;asumir
at;prep.;A1;a
athlete;Noun;A2;atleta
atmosphere;Noun;B1;atmósfera
attach;Verb;B1;adjuntar
attack;Noun Verb;A2;ataque
attempt;Noun Verb;B2;intento
attend;Verb;A2;asistir
attention;Noun exclam.;A2;atención
attitude;Noun;B1;actitud
attract;Verb;B1;atraer
attraction;Noun;B1;atracción
attractive;Adjective;A2;atractivo
audience;Noun;A2;audiencia
August;Noun;A1;agosto
aunt;Noun;A1;tía
author;Noun;A2;autor
authority;Noun;B1;autoridad
autumn;Noun;A1;otoño
available;Adjective;A2;disponible
average;Adjective, Noun Verb;A2, B1;promedio
avoid;Verb;A2;evitar
award;Noun Verb;A2, B1;premio
aware;Adjective;B1;consciente
away;Adverb;A1;lejos
awful;Adjective;A2;horrible
baby;Noun;A1;bebé
back;Noun AdVerb Adjective, Verb;A1, A2, B2;espalda
background;Noun;A2;antecedentes
backwards;Adverb;B1;hacia atrás
bacteria;Noun;B2;bacterias
bad;Adjective;A1;malo
badly;Adverb;A2;mal
bag;Noun;A1;bolso
bake;Verb;B1;hornear
balance;Noun Verb;B1;equilibrar
ball;Noun;A1;pelota
ban;Verb Noun;B1;prohibición
banana;Noun;A1;plátano
band;Noun;A1;banda
bank (money);Noun;A1;banco (dinero)
bank (river);Noun;B1;banco (río)
bar;Noun Verb;A2, B2;bar
barrier;Noun;B2;barrera
base;Noun Verb;B1;base
baseball;Noun;A2;béisbol
based;Adjective;A2;establecido
basketball;Noun;A2;baloncesto
basic;Adjective;B1;básico
basically;Adverb;B2;básicamente
basis;Noun;B1;base
bath;Noun;A1;bañera
bathroom;Noun;A1;baño
battery;Noun;B1;batería
battle;Noun Verb;B1, B2;batalla
be;Verb auxiliary Verb;A1;ser
beach;Noun;A1;playa
bean;Noun;A2;frijol
bear (deal with);Verb;B2;oso (trato con)
bear (animal);Noun;A2;oso (animal)
beat;Verb Noun;A2, B2;golpear
beautiful;Adjective;A1;hermoso
beauty;Noun;B1;belleza
because;conj.;A1;porque
become;Verb;A1;volverse
bed;Noun;A1;cama
bedroom;Noun;A1;dormitorio
bee;Noun;B1;abeja
beef;Noun;A2;carne de vaca
beer;Noun;A1;cerveza
before;prep., conj. Adverb;A1, A2;antes de
beg;Verb;B2;mendigar
begin;Verb;A1;empezar
beginning;Noun;A1;comenzando
behave;Verb;A2;comportarse
behaviour;Noun;A2;comportamiento
behind;prep. Adverb;A1;detrás
being;Noun;B2;siendo
belief;Noun;B1;creencia
believe;Verb;A1;creer
bell;Noun;B1;campana
belong;Verb;A2;pertenecer a
below;Adverb prep.;A1;abajo
belt;Noun;A2;cinturón
bend;Verb Noun;B1;curva
benefit;Verb NouNoun;A2, B1;beneficio
bent;Adjective;B2;doblado
best;Adjective, AdVerb Noun;A1, A2;mejor
bet;Verb Noun;B2;apuesta
better;Adjective , Adverb , Noun;A1, A2, B1;mejor
between;prep., Adverb;A1, A2;Entre
beyond;prep. Adverb;B2;más allá
bicycle;Noun;A1;bicicleta
big;Adjective;A1;grande
bike;Noun;A1;bicicleta
bill;Noun Verb;A1, B2;cuenta
billion number; ;A2;número mil millones
bin;Noun;A2;compartimiento
biology;Noun;A2;biología
bird;Noun;A1;pájaro
birth;Noun;A2;nacimiento
birthday;Noun;A1;cumpleaños
biscuit;Noun;A2;galleta
bit;Noun;A2;poco
bite;Verb Noun;B1;mordedura
bitter;Adjective;B2;amargo
black;Adjective, Noun;A1;negro
blame;Verb Noun;B2;culpa
blank;Adjective, Noun;A2;blanco
blind;Adjective;B2;ciego
block;Noun Verb;B1;bloquear
blog;Noun;A1;Blog
blonde;Adjective;A1;rubia
blood;Noun;A2;sangre
blow;Verb;A2;soplo
blue;Adjective, Noun;A1;azul
board;Noun Verb;A2, B1;tablero
boat;Noun;A1;barco
body;Noun;A1;cuerpo
boil;Verb;A2;hervir
bomb;Noun Verb;B1;bomba
bond;Noun;B2;enlace
bone;Noun;A2;hueso
book;Noun Verb;A1, A2;libro
boot;Noun;A1;bota
border;Noun Verb;B1, B2;frontera
bored;Adjective;A1;aburrido
boring;Adjective;A1;aburrido
born;Verb;A1;nacido
borrow;Verb;A2;pedir prestado
boss;Noun;A2;jefe
both;det./proNoun;A1;ambos
bother;Verb;B1;molestia
bottle;Noun;A1;botella
bottom;NouNoun Adjective;A2;fondo
bowl;Noun;A2;cuenco
box;Noun;A1;caja
boy;Noun;A1;chico
boyfriend;Noun;A1;novio
brain;Noun;A2;cerebro
branch;Noun;B1;rama
brand;Noun Verb;B1;marca
brave;Adjective;B1;valiente
bread;Noun;A1;pan de molde
break;Verb Noun;A1;descanso
breakfast;Noun;A1;desayuno
breast;Noun;B2;pecho
breath;Noun;B1;respiración
breathe;Verb;B1;respirar
breathing;Noun;B1;respiración
bride;Noun;B1;novia
bridge;Noun;A2;puente
brief;Adjective;B2;breve
bright;Adjective;A2;brillante
brilliant;Adjective;A2;brillante
bring;Verb;A1;traer
broad;Adjective;B2;ancho
broadcast;Verb Noun;B2;transmitir
broken;Adjective;A2;roto
brother;Noun;A1;hermano
brown;Adjective, Noun;A1;marrón
brush;Verb Noun;A2;cepillo
bubble;Noun;B1;burbuja
budget;Noun;B2;presupuesto
build;Verb;A1;construir
building;Noun;A1;edificio
bullet;Noun;B2;bala
bunch;Noun;B2;manojo
burn;Verb Noun;A2, B2;quemar
bury;Verb;B1;enterrar
bus;Noun;A1;autobús
bush;Noun;B2;arbusto
business;Noun;A1;negocio
businessman;Noun;A2;empresario
busy;Adjective;A1;ocupado
but;conj. prep;A1, B2;pero
butter;Noun;A1;mantequilla
button;Noun;A2;botón
buy;Verb;A1;comprar
by;prep. Adverb;A1, B1;por
bye;exclam;A1;adiós
cable;Noun;B2;cable
cafe;Noun;A1;cafetería
cake;Noun;A1;pastel
calculate;Verb;B2;calcular
call;Verb Noun;A1;llamada
calm;Adjective Verb Noun;B1;calma
camera;Noun;A1;cámara
camp;Noun Verb;A2;acampar
campaign;Noun Verb;B1;Campaña
camping;Noun;A2;cámping
campus;Noun;B1;instalaciones
can1;modal Verb;A1;CAN1
can2;Noun;A2;can2
cancel;Verb;B2;cancelar
cancer;Noun;B2;cáncer
candidate;Noun;B1;candidato
cannot;Verb;A1;no puedo
cap;Noun;B1;gorra
capable;Adjective;B2;capaz
capacity;Noun;B2;capacidad
capital;Noun Adjective;A1;capital
captain;Noun;B1;capitán
capture;Verb Noun;B2;capturar
car;Noun;A1;coche
card;Noun;A1;tarjeta
care;Noun Verb;A2;cuidado
career;Noun;A1;carrera
careful;Adjective;A2;Cuidado
carefully;Adverb;A2;cuidadosamente
careless;Adjective;B1;descuidado
carpet;Noun;A2;alfombra
carrot;Noun;A1;Zanahoria
carry;Verb;A1;llevar
cartoon;Noun;A2;dibujos animados
case;Noun;A2;caso
cash;Noun;A2;efectivo
cast;Noun Verb;B2;emitir
castle;Noun;A2;castillo
cat;Noun;A1;gato
catch;Verb Noun;A2, B2;captura
category;Noun;B1;categoría
cause;Noun Verb;A2;porque
CD;Noun;A1;discos compactos
ceiling;Noun;B1;techo
celebrate;Verb;A2;celebrar
celebration;Noun;B1;celebracion
celebrity;Noun;A2;celebridad
cell;Noun;B2;célula
cent;Noun;A1;centavo
central;Adjective;B1;central
centre;Noun Verb;A1, B1;centrar
century;Noun;A1;siglo
ceremony;Noun;B1;ceremonia
certain;Adjective;A2;cierto
certainly;Adverb;A2;ciertamente
chain;Noun Verb;B1, B2;cadena
chair;Noun Verb;A1, B2;silla
chairman;Noun;B2;presidente
challenge;Noun Verb;B1, B2;desafío
champion;Noun;B1;campeón
chance;Noun;A2;oportunidad
change;Verb Noun;A1;cambio
channel;Noun;B1;canal
chapter;Noun;B1;capítulo
character;Noun;A2;personaje
characteristic;Noun Adjective;B2;característica
charge;Noun Verb;B1;cargar
charity;Noun;A2;caridad
chart;Noun Verb;A1, B2;gráfico
chat;Verb Noun;A2;charla
cheap;Adjective , Adverb;A1, B1;barato
cheat;Verb Noun;B1;engañar
check;Verb Noun;A1, A2;cheque
chef;Noun;A2;cocinero
cheerful;Adjective;B1;alegre
cheese;Noun;A1;queso
chemical;Adjective, Noun;B1;químico
chemistry;Noun;A2;química
chest;Noun;B1;cofre
chicken;Noun;A1;pollo
chief;Adjective, Noun;B2;jefe
child;Noun;A1;niño
childhood;Noun;B1;infancia
chip;Noun;A2;chip
chocolate;Noun;A1;chocolate
choice;Noun;A2;elección
choose;Verb;A1;escoger
church;Noun;A2;Iglesia
cigarette;Noun;A2;cigarrillo
cinema;Noun;A1;cine
circle;Noun Verb;A2;circulo
circumstance;Noun;B2;circunstancia
cite;Verb;B2;citar
citizen;Noun;B2;ciudadano
city;Noun;A1;ciudad
civil;Adjective;B2;civil
claim;Verb Noun;B1;Reclamación
class;Noun;A1;clase
classic;Adjective, Noun;B2;clásico
classical;Adjective;A2;clásico
classroom;Noun;A1;salón de clases
clause;Noun;B1;cláusula
clean;Adjective, Verb;A1;limpiar
clear;Adjective, Verb;A2, B1;claro
clearly;Adverb;A2;claramente
clever;Adjective;A2;inteligente
click;Verb Noun;B1;hacer clic
client;Noun;B1;cliente
climate;Noun;A2;clima
climb;Verb Noun;A1, B1;subida
clock;Noun;A1;reloj
close1;Verb Noun;A1, B2;close1
close2;Adjective , Adverb;A2, B1;Close2
closed;Adjective;A2;cerrado
closely;Adverb;B2;cercanamente
cloth;Noun;B1;paño
clothes;Noun;A1;ropa
clothing;Noun;A2;ropa
cloud;Noun;A2;nube
club;Noun;A1;club
clue;Noun;B1;pista
coach;Noun Verb;A2, B1;entrenador
coal;Noun;B1;carbón
coast;Noun;A2;costa
coat;Noun;A1;Saco
code;Noun;A2;código
coffee;Noun;A1;café
coin;Noun;B1;moneda
cold;Adjective Noun;A1;frío
collapse;Verb Noun;B2;colapso
colleague;Noun;A2;colega
collect;Verb;A2;recoger
collection;Noun;B1;colección
college;Noun;A1;Universidad
colour;Noun;A1;color
coloured;Adjective;B1;de colores
column;Noun;A2;columna
combination;Noun;B2;combinación
combine;Verb;B1;combinar
come;Verb;A1;ven
comedy;Noun;A2;comedia
comfort;Noun Verb;B2;comodidad
comfortable;Adjective;A2;cómodo
command;Noun Verb;B2;mando
comment;Noun Verb;A2, B1;comentario
commercial;Adjective Noun;B1;comercial
commission;Noun Verb;B2;comisión
commit;Verb;B1;cometer
commitment;Noun;B2;compromiso
committee;Noun;B2;comité
common;Adjective Noun;A1;común
commonly;Adverb;B2;comúnmente
communicate;Verb;A2;comunicar
communication;Noun;B1;comunicación
community;Noun;A2;comunidad
company;Noun;A1;empresa
compare;Verb;A1;comparar
comparison;Noun;B1;comparación
compete;Verb;A2;competir
competition;Noun;A2;competencia
competitor;Noun;B1;competidor
competitive;Adjective;B1;competitivo
complain;Verb;A2;quejar
complaint;Noun;B1;queja
complete;Adjective Verb;A1;completar
completely;Adverb;A2;completamente
complex;Adjective, Noun;B1, B2;complejo
complicated;Adjective;B2;Complicado
component;Noun;B2;componente
computer;Noun;A1;computadora
concentrate;Verb;B1;concentrado
concentration;Noun;B2;concentración
concept;Noun;B2;concepto
concern;Noun Verb;B2;preocupación
concerned;Adjective;B2;preocupado
concert;Noun;A1;concierto
conclude;Verb;B1;concluir
conclusion;Noun;B1;conclusión
condition;Noun;A2;condición
conduct;Verb Noun;B2;conducta
conference;Noun;A2;conferencia
confidence;Noun;B2;confianza
confident;Adjective;B1;confidente
confirm;Verb;B1;confirmar
conflict;Noun Verb;B2;conflicto
confuse;Verb;B1;confundir
confused;Adjective;B1;confuso
confusing;Adjective;B2;confuso
connect;Verb;A2;conectar
connected;Adjective;A2;conectado
connection;Noun;B1;conexión
conscious;Adjective;B2;consciente
consequence;Noun;B1;consecuencia
conservative;Adjective, Noun;B2;conservador
consider;Verb;A2;considerar
consideration;Noun;B2;consideración
consist;Verb;B1;consistir
consistent;Adjective;B2;consistente
constant;Adjective;B2;constante
constantly;Adverb;B2;constantemente
construct;Verb;B2;construir
construction;Noun;B2;construcción
consume;Verb;B1;consumir
consumer;Noun;B1;consumidor
contact;Noun Verb;B1;contacto
contain;Verb;A2;Contiene
container;Noun;B1;envase
contemporary;Adjective;B2;contemporáneo
content;Noun;B1;contenido
contest;Noun Verb;B2;concurso
context;Noun;A2;contexto
continent;Noun;A2;continente
continue;Verb;A2;Seguir
continuous;Adjective;B1;continuo
contract;Noun Verb;B2;contrato
contrast;Noun Verb;B1;contraste
contribute;Verb;B2;contribuir
contribution;Noun;B2;contribución
control;Noun Verb;A2;controlar
convenient;Adjective;B1;conveniente
conversation;Noun;A1;conversacion
convert;Verb;B2;convertir
convince;Verb;B1;convencer
convinced;Adjective;B2;convencido
cook;Verb Noun;A1, A2;cocinar
cooker;Noun;A2;Horno
cooking;Noun;A1;Cocinando
cool;Adjective, Verb;A1, B1;frio
copy;Noun Verb;A2;Copiar
core;Noun Adjective;B2;núcleo
corner;Noun;A2;esquina
corporate;Adjective;B2;corporativo
correct;Adjective Verb;A1;correcto
correctly;Adverb;A2;correctamente
cost;Noun Verb;A1;costo
costume;Noun;B1;disfraz
cottage;Noun;B1;cabaña
cotton;Noun;B1;algodón
could;Verb;A1;podría
council;Noun;B2;Consejo
count;Verb Noun;A2, B1;contar
country;Noun;A1;país
countryside;Noun;B1;campo
county;Noun;B2;condado
couple;Noun;A2;Pareja
courage;Noun;B2;valor
course;Noun;A1;curso
court;Noun;B1;Corte
cousin;Noun;A1;prima
cover;Verb Noun;A2, B1;cubrir
covered;Adjective;B1;cubierto
cow;Noun;A1;vaca
crash;Noun Verb;B2;choque
crazy;Adjective;A2;loco
cream;Noun Adjective;A1, B1;crema
create;Verb;A1;crear
creation;Noun;B2;creación
creative;Adjective;A2;creativo
creature;Noun;B2;criatura
credit;Noun Verb;A2, B2;crédito
crew;Noun;B2;tripulación
crime;Noun;A2;crimen
criminal;Noun Adjective;A2, B1;delincuente
crisis;Noun;B2;crisis
criterion;Noun;B2;criterio
critic;Noun;B2;crítico
critical;Adjective;B2;crítico
criticism;Noun;B2;crítica
criticize;Verb;B2;criticar
crop;Noun;B2;cosecha
cross;Verb Noun;A2;cruzar
crowd;Noun;A2;multitud
crowded;Adjective;A2;lleno de gente
crucial;Adjective;B2;crucial
cruel;Adjective;B1;cruel
cry;Verb Noun;A2, B2;llorar
cultural;Adjective;B1;cultural
culture;Noun;A1;cultura
cup;Noun;A1;taza
cupboard;Noun;A2;alacena
cure;Verb Noun;B2;cura
curly;Adjective;A2;Rizado
currency;Noun;B1;moneda
current;Adjective, Noun;B1, B2;Actual
currently;Adverb;B1;actualmente
curtain;Noun;B1;cortina
curve;Noun Verb;B2;curva
curved;Adjective;B2;curvo
custom;Noun;B1;personalizado
customer;Noun;A1;cliente
cut;Verb , Noun;A1, B1;cortar
cycle;Noun Verb;A2, B1;ciclo
dad;Noun;A1;papá
daily;Adjective, Adverb;A2, B1;diario
damage;Noun Verb;B1;dañar
dance;Noun Verb;A1;baile
dancer;Noun;A1;bailarín
dancing;Noun;A1;bailando
danger;Noun;A2;peligro
dangerous;Adjective;A1;peligroso
dark;Adjective, Noun;A1, A2;oscuro
data;Noun;A2;datos
date;Noun Verb;A1, B2;fecha
daughter;Noun;A1;hija
day;Noun;A1;día
dead;Adjective;A2;muerto
deal;Verb Noun;A2, B1;acuerdo
dear;Adjective, exclam;A1, A2;querido
death;Noun;A2;muerte
debate;Noun Verb;B2;debate
debt;Noun;B2;deuda
decade;Noun;B1;década
December;Noun;A1;diciembre
decent;Adjective;B2;bueno
decide;Verb;A1;decidir
decision;Noun;A2;decisión
declare;Verb;B2;declarar
decline;Verb Noun;B2;disminución
decorate;Verb;B1;Decorar
decoration;Noun;B2;decoración
decrease;Verb Noun;B2;disminución
deep;Adjective, Adverb;A2, B1;profundo
deeply;Adverb;B2;profundamente
defeat;Verb Noun;B2;derrota
defence;Noun;B2;defensa
defend;Verb;B2;defender
define;Verb;B1;definir
definite;Adjective;B1;definido
definitely;Adverb;A2;seguro
definition;Noun;B1;definición
degree;Noun;A2;la licenciatura
delay;Verb Noun;B2;retrasar
deliberate;Adjective;B2;deliberar
deliberately;Adverb;B2;deliberadamente
delicious;Adjective;A1;delicioso
delight;Verb Noun;B2;deleite
delighted;Adjective;B2;Encantado
deliver;Verb;B1;entregar
delivery;Noun;B2;entrega
demand;Noun Verb;B2;demanda
demonstrate;Verb;B2;demostrar
dentist;Noun;A2;dentista
deny;Verb;B2;negar
department;Noun;A2;Departamento
departure;Noun;B1;salida
depend;Verb;A2;depender
depressed;Adjective;B2;Deprimido
depressing;Adjective;B2;deprimente
depth;Noun;B2;profundidad
describe;Verb;A1;describir
description;Noun;A1;descripción
desert;Noun Verb;A2, B2;Desierto
deserve;Verb;B2;merecer
design;Noun Verb;A1;diseño
designer;Noun;A2;diseñador
desire;Noun Verb;B2;deseo
desk;Noun;A1;escritorio
desperate;Adjective;B2;desesperado
despite;prep;B1;A pesar de
destination;Noun;B1;destino
destroy;Verb;A2;destruir
detail;Noun Verb;A1, B2;detalle
detailed;Adjective;B2;detallado
detect;Verb;B2;detectar
detective;Noun;A2;detective
determine;Verb;B1;determinar
determined;Adjective;B1;determinado
develop;Verb;A2;desarrollar
development;Noun;B1;desarrollo
device;Noun;A2;dispositivo
diagram;Noun;B1;diagrama
dialogue;Noun;A1;diálogo
diamond;Noun;B1;diamante
diary;Noun;A2;diario
dictionary;Noun;A1;diccionario
die;Verb;A1;morir
diet;Noun;A1;dieta
difference;Noun;A1;diferencia
different;Adjective;A1;diferente
differently;Adverb;A2;diferentemente
difficult;Adjective;A1;difícil
difficulty;Noun;B1;dificultad
dig;Verb;B2;cavar
digital;Adjective;A2;digital
dinner;Noun;A1;cena
direct;Adjective, Verb Adverb;A2, B1;directo
direction;Noun;A2;dirección
directly;Adverb;B1;directamente
director;Noun;A2;director
dirt;Noun;B1;suciedad
dirty;Adjective;A1;sucio
Dis Adverbantage;Noun;B1;Dis Adverbantage
disagree;Verb;A2;discrepar
disappear;Verb;A2;desaparecer
disappointed;Adjective;B1;decepcionado
disappointing;Adjective;B1;decepcionante
disaster;Noun;A2;desastre
disc;Noun;B2;Dto
discipline;Noun;B2;disciplina
discount;Noun Verb;B1, B2;descuento
discover;Verb;A2;descubrir
discovery;Noun;A2;descubrimiento
discuss;Verb;A1;discutir
discussion;Noun;A2;discusión
disease;Noun;A2;enfermedad
dish;Noun;A1;plato
dishonest;Adjective;B2;deshonesto
dislike;Verb Noun;B1;disgusto
dismiss;Verb;B2;descartar
display;Verb Noun;B2;monitor
distance;Noun;A2;distancia
distribute;Verb;B2;distribuir
distribution;Noun;B2;distribución
district;Noun;B2;distrito
divide;Verb Noun;B1, B2;dividir
division;Noun;B2;división
divorced;Adjective;A2;divorciado
do;Verb auxiliary verb;A1;hacer
doctor;Noun;A1;médico
document;Noun Verb;A2, B2;documento
documentary;Noun;B1;documental
dog;Noun;A1;perro
dollar;Noun;A1;dólar
domestic;Adjective;B2;Doméstico
dominate;Verb;B2;dominar
donate;Verb;B1;donar
door;Noun;A1;puerta
double;Adjective det. proNoun Verb , Adverb;A2, B1;doble
doubt;Noun Verb;B1;duda
down;Adverb Prep;A1;abajo
download;Verb Noun;A2;descargar
downstairs;Adverb , Adjective;A1, A2;abajo
downwards;Adverb;B2;hacia abajo
dozen;Noun det;B2;docena
draft;Noun Verb;B2;sequía
drag;Verb;B2;arrastrar
drama;Noun;A2;drama
dramatic;Adjective;B2;dramático
draw;Verb;A1;dibujar
drawing;Noun;A2;dibujo
dream;Noun Verb;A2;sueño
dress;Noun Verb;A1;vestido
dressed;Adjective;B1;vestido
drink;Noun Verb;A1;beber
drive;Verb Noun;A1, A2;manejar
driver;Noun;A1;conductor
driving;Noun;A2;conducción
drop;Verb Noun;A2, B1;soltar
drug;Noun;A2;droga
drum;Noun;B1;tambor
drunk;Adjective;B1;borracho
dry;Adjective, Verb;A2;seco
due;Adjective;B1;debido
during;prep;A1;durante
dust;Noun;B1;polvo
duty;Noun;B1;deber
DVD;Noun;A1;DVD
each;det./proNoun/Adverb;A1;cada
ear;Noun;A1;oído
early;Adjective Adverb;A1;temprano
earn;Verb;A2;ganar
earth;Noun;A2;tierra
earthquake;Noun;B1;terremoto
easily;Adverb;A2;fácilmente
east;Noun Adjective Adverb;A1;este
eastern;Adjective;B1;oriental
easy;Adjective;A1;fácil
eat;Verb;A1;comer
economic;Adjective;B1;económico
economy;Noun;B1;economía
edge;Noun;B1;borde
edit;Verb;B2;editar
edition;Noun;B2;edición
editor;Noun;B1;editor
educate;Verb;B1;educar
educated;Adjective;B1;educado
education;Noun;A2;educación
educational;Adjective;B1;educativo
effect;Noun;A2;efecto
effective;Adjective;B1;eficaz
effectively;Adverb;B1;efectivamente
efficient;Adjective;B2;eficiente
effort;Noun;B1;esfuerzo
egg;Noun;A1;huevo
eight;number;A1;ocho
eighteen;number;A1;Dieciocho
eighty;number;A1;ochenta
either;det./proNoun Adverb;A2;ya sea
elderly;Adjective;B2;mayor
elect;Verb;B2;electo
election;Noun;B1;elección
electric;Adjective;A2;eléctrico
electrical;Adjective;A2;eléctrico
electricity;Noun;A2;electricidad
electronic;Adjective;A2;electrónico
element;Noun;B1;elemento
elephant;Noun;A1;elefante
eleven;number;A1;once
else;Adverb;A1;más
elsewhere;Adverb;B2;en otra parte
email;Noun Verb;A1;correo electrónico
embarrassed;Adjective;B1;desconcertado
embarrassing;Adjective;B1;embarazoso
emerge;Verb;B2;surgir
emergency;Noun;B1;emergencia
emotion;Noun;B1;emoción
emotional;Adjective;B2;emocional
emphasis;Noun;B2;énfasis
emphasize;Verb;B2;enfatizar
employ;Verb;A2;emplear
employee;Noun;A2;empleado
employer;Noun;A2;empleador
employment;Noun;B1;empleo
empty;Adjective, Verb;A2, B1;vacío
enable;Verb;B2;habilitar
encounter;Verb Noun;B2;encuentro
encourage;Verb;B1;alentar
end;Noun Verb;A1;final
ending;Noun;A2;finalizando
enemy;Noun;B1;enemigo
energy;Noun;A2;energía
engage;Verb;B2;contratar
engaged;Adjective;B1;comprometido
engine;Noun;A2;motor
engineer;Noun;A2;ingeniero
engineering;Noun;B1;Ingenieria
enhance;Verb;B2;mejorar
enjoy;Verb;A1;disfrutar
enormous;Adjective;A2;enorme
enough;det. proNoun Adverb;A1;suficiente
enquiry;Noun;B2;investigación
ensure;Verb;B2;asegurar
enter;Verb;A2;entrar
entertain;Verb;B1;entretener
entertainment;Noun;B1;entretenimiento
enthusiasm;Noun;B2;entusiasmo
enthusiastic;Adjective;B2;entusiasta
entire;Adjective;B2;todo
entirely;Adverb;B2;enteramente
entrance;Noun;B1;Entrada
entry;Noun;B1;entrada
environment;Noun;A2;ambiente
environmental;Adjective;B1;ambiental
episode;Noun;B1;episodio
equal;Adjective, Verb Noun;B1, B2;igual
equally;Adverb;B1;Igualmente
equipment;Noun;A2;equipo
error;Noun;A2;error
escape;Verb Noun;B1;escapar
especially;Adverb;A2;especialmente
essay;Noun;A2;ensayo
essential;Adjective;B1;esencial
establish;Verb;B2;establecer
estate;Noun;B2;inmuebles
estimate;Verb Noun;B2;estimar
ethical;Adjective;B2;ético
euro;Noun;A1;euro
evaluate;Verb;B2;evaluar
even;AdVerb Adjective;A1, B2;incluso
evening;Noun;A1;noche
event;Noun;A1;evento
eventually;Adverb;B1;finalmente
ever;Adverb;A1;nunca
every;det;A1;cada
everybody;proNoun;A1;todos
everyday;Adjective;A2;todos los días
everyone;proNoun;A1;todo el mundo
everything;proNoun;A1;todo
everywhere;Adverb;A2;En todas partes
evidence;Noun;A2;evidencia
evil;Adjective, Noun;B2;mal
exact;Adjective;A2;exacto
exactly;Adverb;A2;exactamente
exam;Noun;A1;examen
examination;Noun;B2;examen
examine;Verb;B1;examinar
example;Noun;A1;ejemplo
excellent;Adjective;A2;excelente
except;prep, conj;A2, B1;excepto
exchange;Noun Verb;B1;intercambiar
excited;Adjective;A1;emocionado
excitement;Noun;B1;emoción
exciting;Adjective;A1;emocionante
excuse;Noun Verb;B2;excusa
executive;Noun Adjective;B2;ejecutivo
exercise;Noun Verb;A1;ejercicio
exhibition;Noun;B1;exposición
exist;Verb;A2;existe
existence;Noun;B2;existencia
expand;Verb;B1;expandir
expect;Verb;A2;esperar
expectation;Noun;B2;expectativa
expected;Adjective;B1;esperado
expedition;Noun;B1;expedición
expense;Noun;B2;gastos
expensive;Adjective;A1;costoso
experience;Noun Verb;A2, B1;experiencia
experienced;Adjective;B1;experimentado
experiment;Noun Verb;A2, B1;experimentar
expert;Noun Adjective;A2;experto
explain;Verb;A1;explique
explanation;Noun;A2;explicación
explode;Verb;B1;explotar
exploration;Noun;B2;exploración
explore;Verb;B1;explorar
explosion;Noun;B1;explosión
export;Noun Verb;B1;exportar
expose;Verb;B2;exponer
express;Verb;A2;Rápido
expression;Noun;A2;expresión
extend;Verb;B2;ampliar
extent;Noun;B2;grado
external;Adjective;B2;externo
extra;Adjective, Noun Adverb;A1, B1;extra
extraordinary;Adjective;B2;extraordinario
extreme;Adjective, Noun;A2, B2;extremo
extremely;Adverb;A2;extremadamente
eye;Noun;A1;ojo
face;Noun Verb;A1, B1;cara
facility;Noun;B2;instalaciones
fact;Noun;A1;hecho
factor;Noun;A2;factor
factory;Noun;A2;fábrica
fail;Verb;A2;fallar
failure;Noun;B2;fracaso
fair;Adjective;A2;justa
fairly;Adverb;B1;bastante
faith;Noun;B2;fe
fall;Verb Noun;A1, A2;otoño
FALSE;Adjective;A1;FALSO
familiar;Adjective;B1;familiar
family;Noun Adjective;A1;familia
famous;Adjective;A1;famoso
fan;Noun;A2;ventilador
fancy;Verb Adjective;B1;lujoso
fantastic;Adjective;A1;fantástico
far;Adverb , Adjective;A1, B1;lejos
farm;Noun Verb;A1, A2;granja
farmer;Noun;A1;granjero
farming;Noun;A2;agricultura
fascinating;Adjective;B1;fascinante
fashion;Noun;A2;Moda
fashionable;Adjective;B1;de moda
fast;Adjective, Adverb;A1;rápido
fasten;Verb;B1;sujetar
fat;Adjective, Noun;A1, A2;grasa
father;Noun;A1;padre
fault;Noun;B2;culpa
favour;Noun Verb;B1, B2;favor
favourite;Adjective, Noun;A1;favorito
fear;Noun Verb;A2, B1;miedo
feather;Noun;B2;pluma
feature;Noun Verb;A2, B1;característica
February;Noun;A1;febrero
fee;Noun;B2;cuota
feed;Verb Noun;A2, B2;alimentar
feedback;Noun;B2;realimentación
feel;Verb Noun;A1, B2;sensación
feeling;Noun;A1;sensación
fellow;Adjective;B2;compañero
female;Adjective, Noun;A2;hembra
fence;Noun;B1;cerca
festival;Noun;A1;festival
few;det./Adjective, proNoun;A1;pocos
fiction;Noun;A2;ficción
field;Noun;A2;campo
fifteen;number;A1;quince
fifth;number;A1;quinto
fifty;number;A1;cincuenta
fight;Verb Noun;A2;lucha
fighting;Noun;B1;luchando
figure;Noun Verb;A2, B2;figura
file;Noun Verb;B1, B2;expediente
fill;Verb;A1;llenar
film;Noun Verb;A1, A2;película
final;Adjective, Noun;A1, A2;final
finally;Adverb;A2;finalmente
finance;Noun Verb;B2;Finanzas
financial;Adjective;B1;financiero
find;Verb;A1;encontrar
finding;Noun;B2;hallazgo
fine;Adjective;A1;multa
finger;Noun;A2;dedo
finish;Verb Noun;A1, A2;terminar
fire;Noun Verb;A1, B1;fuego
firm;Noun;B2;firma
first;det./number.AdVerb Noun;A1, A2;primero
firstly;Adverb;A2;en primer lugar
fish;Noun Verb;A1, A2;pez
fishing;Noun;A2;pescar
fit;Verb Adjective;A2;ajuste
fitness;Noun;B1;aptitud
five;number;A1;cinco
fix;Verb Noun;A2, B2;reparar
fixed;Adjective;B1;fijo
flag;Noun;B1;bandera
flame;Noun;B2;fuego
flash;Noun Verb;B2;destello
flat;Noun Adjective;A1, A2;plano
flexible;Adjective;B2;flexible
flight;Noun;A1;vuelo
float;Verb;B2;flotador
flood;Noun Verb;B1;inundar
floor;Noun;A1;piso
flour;Noun;B1;harina
flow;Verb Noun;B1;fluir
flower;Noun;A1;flor
flu;Noun;A2;gripe
fly;Verb Noun;A1, A2;volar
flying;Noun Adjective;A2;volador
focus;Verb Noun;A2;atención
fold;Verb Noun;B1, B2;doblez
folding;Adjective;B2;plegable
folk;Noun Adjective;B1;gente
follow;Verb;A1;seguir
following;Adjective, Noun prep;A2, B1, B2;siguiendo
food;Noun;A1;comida
foot;Noun;A1;pie
football;Noun;A1;fútbol americano
for;prep.;A1;para
force;NounVerb;B1;fuerza
foreign;Adjective;A2;exterior
forest;Noun;A2;bosque
forever;Adverb;B1;Siempre
forget;Verb;A1;olvidar
forgive;Verb;B2;perdonar
fork;Noun;A2;tenedor
form;NounVerb;A1;formar
formal;Adjective;A2;formal
former;Adjective;B2;ex
fortunately;Adverb;A2;por suerte
fortune;Noun;B2;fortuna
forty;number;A1;cuarenta
forward;AdVerb Adjective;A2, B2;adelante
found;Verb;B2;encontró
four;number;A1;cuatro
fourteen;number;A1;catorce
fourth;number;A1;cuarto
frame;NounVerb;B1;cuadro
free;Adjective, AdVerb Verb;A1,A2,B2;gratis
freedom;Noun;B2;libertad
freeze;Verb;B1;congelar
frequency;Noun;B2;frecuencia
frequently;Adverb;B1;frecuentemente
fresh;Adjective;A2;Fresco
Friday;Noun;A1;viernes
fridge;Noun;A2;refrigerador
friend;Noun;A1;amigo
friendly;Adjective;A1;amistoso
friendship;Noun;B1;amistad
frighten;Verb;B1;asustar
frightened;Adjective;B1;asustado
frightening;Adjective;B1;aterrador
frog;Noun;A2;rana
from;prep;A1;de
front;Noun Adjective;A1;frente
frozen;Adjective;B1;congelado
fruit;Noun;A1;Fruta
fry;Verb;B1;freír
fuel;Noun Verb;B1, B2;combustible
full;Adjective;A1;completo
fully;Adverb;B2;completamente
fun;Noun Adjective;A1, A2;divertido
function;Noun Verb;B1, B2;función
fund;Noun Verb;B2;fondo
fundamental;Adjective;B2;fundamental
funding;Noun;B2;fondos
funny;Adjective;A1;gracioso
fur;Noun;B1;pelaje
furniture;Noun;A2;mueble
further;Adjective, Adverb;A2, B1;más lejos
furthermore;Adverb;B2;además
future;Noun Adjective;A1, A2;futuro
gain;Verb Noun;B2;ganancia
gallery;Noun;A2;galería
game;Noun;A1;juego
gang;Noun;B2;pandilla
gap;Noun;A2;brecha
garage;Noun;B1;garaje
garden;Noun;A1;jardín
gas;Noun;A2;gas
gate;Noun;A2;portón
gather;Verb;B1;reunir
general;Adjective;A2;general
generally;Adverb;B1;generalmente
generate;Verb;B2;generar
generation;Noun;B1;Generacion
generous;Adjective;B1;generoso
genre;Noun;B2;género
gentle;Adjective;B1;amable
gentleman;Noun;B1;Caballero
geography;Noun;A1;geografía
get;Verb;A1;obtener
ghost;Noun;B1;fantasma
giant;Adjective, Noun;B1;gigante
gift;Noun;A2;regalo
girl;Noun;A1;niña
girlfriend;Noun;A1;Novia
give;Verb;A1;dar
glad;Adjective;B1;alegre
glass;Noun;A1;vaso
global;Adjective;B1;global
glove;Noun;B1;guante
go;Verb Noun;A1, B1;Vamos
goal;Noun;A2;objetivo
God;Noun;A2;Dios
gold;Noun Adjective;A2;oro
golf;Noun;A2;golf
good;Adjective, Noun;A1, A2;bueno
goodbye;exclam. Noun;A1;adiós
goods;Noun;B1;bienes
govern;Verb;B2;regir
government;Noun;A2;gobierno
grab;Verb;B2;agarrar
grade;Noun Verb;B1, B2;grado
gradually;Adverb;B2;gradualmente
graduate;Noun Verb;B1;graduado
grain;Noun;B1;grano
grand;Adjective;B2;grandioso
grandfather;Noun;A1;abuelo
grandmother;Noun;A1;abuela
grandparent;Noun;A1;abuelo
grant;Verb Noun;B2;conceder
grass;Noun;A2;césped
grateful;Adjective;B1;agradecido
great;Adjective;A1;Excelente
green;Adjective, Noun;A1;verde
greet;Verb;A2;saludar
grey;Adjective, Noun;A1;gris
ground;Noun;A2;suelo
group;Noun;A1;grupo
grow;Verb;A1;crecer
growth;Noun;B1;crecimiento
guarantee;Verb Noun;B2;garantía
guard;Noun Verb;B1;Guardia
guess;Verb Noun;A1;adivinar
guest;Noun;A2;invitado
guide;Noun Verb;A2;guía
guilty;Adjective;B1;culpable
guitar;Noun;A1;guitarra
gun;Noun;A2;pistola
guy;Noun;A2;chico
gym;Noun;A1;gimnasio
habit;Noun;A2;hábito
hair;Noun;A1;cabello
half;Noundet.proNoun, Adverb;A1, A2;medio
hall;Noun;A2;salón
hand;Noun Verb;A1, B1;mano
handle;Verb Noun;B2;encargarse de
hang;Verb;B1;colgar
happen;Verb;A1;ocurrir
happily;Adverb;A2;felizmente
happiness;Noun;B1;felicidad
happy;Adjective;A1;contento
hard;Adjective, Adverb;A1;difícil
hardly;Adverb;B1;apenas
harm;Noun Verb;B2;daño
harmful;Adjective;B2;perjudicial
hat;Noun;A1;sombrero
hate;Verb Noun;A1, B1;odio
have;Verb auxiliary Verb;A1, A2;tener
have to modal;Verb;A1;Tienes a modal
he;proNoun;A1;él
head;Noun Verb;A1, B1;cabeza
headache;Noun;A2;dolor de cabeza
headline;Noun;B1;titular
health;Noun;A1;salud
healthy;Adjective;A1;saludable
hear;Verb;A1;oír
hearing;Noun;B2;escuchando
heart;Noun;A2;corazón
heat;Noun Verb;A2;calor
heating;Noun;B1;calefacción
heaven;Noun;B2;cielo
heavily;Adverb;B1;fuertemente
heavy;Adjective;A2;pesado
heel;Noun;B2;tacón
height;Noun;A2;altura
helicopter;Noun;B1;helicóptero
hell;Noun;B2;infierno
hello;exclam./Noun;A1;Hola
help;Verb Noun;A1;ayuda
helpful;Adjective;A2;servicial
her;proNoundet;A1;su
here;Adverb;A1;aquí
hero;Noun;A2;héroe
hers;proNoun;A2;suyo
herself;proNoun;A2;sí misma
hesitate;Verb;B2;vacilar
hey;exclam;A1;Oye
hi;exclam;A1;Hola
hide;Verb;A2;esconder
high;Adjective, AdVerb Noun;A1, A2, B2;alto
highlight;Verb Noun;B1;realce
highly;Adverb;B1;altamente
hill;Noun;A2;colina
him;proNoun;A1;él
himself;proNoun;A2;él mismo
hire;Verb Noun;B1, B2;alquiler
his;det. proNoun;A1, A2;su
historic;Adjective;B1;histórico
historical;Adjective;B1;histórico
history;Noun;A1;historia
hit;Verb Noun;A2;golpear
hobby;Noun;A1;pasatiempo
hockey;Noun;A2;hockey
hold;Verb Noun;A2, B2;sostener
hole;Noun;A2;agujero
holiday;Noun;A1;fiesta
hollow;Adjective;B2;hueco
holy;Adjective;B2;santo
home;Noun AdVerb Adjective;A1, A2;hogar
homework;Noun;A1;deberes
honest;Adjective;B1;honesto
honour;Noun Verb;B2;honor
hope;Verb Noun;A1, A2;esperanza
horrible;Adjective;B1;horrible
horror;Noun;B1;horror
horse;Noun;A1;caballo
hospital;Noun;A1;hospital
host;Noun Verb;B1, B2;anfitrión
hot;Adjective;A1;caliente
hotel;Noun;A1;hotel
hour;Noun;A1;hora
house;Noun Verb;A1, B2;casa
household;Noun;B2;casa
housing;Noun;B2;alojamiento
how;Adverb;A1;cómo
however;Adverb;A1;sin embargo
huge;Adjective;A2;enorme
human;Adjective, Noun;A2;humano
humorous;Adjective;B2;humorístico
humour;Noun;B2;humor
hundred;number;A1;cien
hungry;Adjective;A1;hambriento
hunt;Verb Noun;B1, B2;cazar
hunting;Noun;B2;caza
hurricane;Noun;B1;huracán
hurry;Noun Verb;B1;prisa
hurt;Verb Adjective Noun;A2, B2;herir
husband;Noun;A1;marido
I;proNoun;A1;yo
ice;Noun;A1;hielo
ice cream;Noun;A1;helado
idea;Noun;A1;idea
ideal;Adjective , Noun;A2, B2;ideal
identify;Verb;A2;identificar
identity;Noun;B1;identidad
if;conj.;A1;Si
ignore;Verb;B1;ignorar
ill;Adjective;A2;enfermo
illegal;Adjective;B1;ilegal
illness;Noun;A2;enfermedad
illustrate;Verb;B2;ilustrar
illustration;Noun;B2;ilustración
image;Noun;A2;imagen
imaginary;Adjective;B1;imaginario
imagination;Noun;B2;imaginación
imagine;Verb;A1;imagina
immediate;Adjective;B1;inmediato
immediately;Adverb;A2;inmediatamente
immigrant;Noun;B1;inmigrante
impact;Noun Verb;B1;impacto
impatient;Adjective;B2;impaciente
imply;Verb;B2;implicar
import;Noun Verb;B1;importar
importance;Noun;B1;importancia
important;Adjective;A1;importante
impose;Verb;B2;imponer
impossible;Adjective;A2;imposible
impress;Verb;B2;impresionar
impressed;Adjective;B2;impresionado
impression;Noun;B1;impresión
impressive;Adjective;B1;impresionante
improve;Verb;A1;mejorar
improvement;Noun;B1;mejora
in;prep., Adverb;A1;en
inch;Noun;B2;pulgada
incident;Noun;B2;incidente
include;Verb;A1;incluir
included;Adjective;A2;incluido
including;prep.;A2;incluso
income;Noun;B2;ingresos
increase;Verb Noun;A2;incrementar
increasingly;Adverb;B2;cada vez más
incredible;Adjective;A2;increíble
incredibly;Adverb;B1;increíblemente
indeed;Adverb;B1;en efecto
independent;Adjective;A2;independiente
indicate;Verb;B1;indicar
indirect;Adjective;B1;indirecto
individual;Noun, adj;A2;individual
indoor;Adjective;B1;interior
indoors;Adverb;B1;adentro
industrial;Adjective;B2;industrial
industry;Noun;A2;industria
infection;Noun;B2;infección
influence;NounVerb;B1;influencia
inform;Verb;B2;informar
informal;Adjective;A2;informal
information;Noun;A1;información
ingredient;Noun;B1;ingrediente
initial;Adjective;B2;inicial
initially;Adverb;B2;inicialmente
initiative;Noun;B2;iniciativa
injure;Verb;B1;lesionar
injured;Adjective;B1;lesionado
injury;Noun;A2;lesión
inner;Adjective;B2;interior
innocent;Adjective;B1;inocente
insect;Noun;A2;insecto
inside;prep.Adverb Noun Adjective;A2;dentro
insight;Noun;B2;visión
insist;Verb;B2;insistir
inspire;Verb;B2;inspirar
install;Verb;B2;Instalar en pc
instance;Noun;B2;ejemplo
instead;Adverb;A2;en lugar
institute;Noun;B2;instituto
institution;Noun;B2;institución
instruction;Noun;A2;instrucción
instructor;Noun;A2;instructor
instrument;Noun;A2;instrumento
insurance;Noun;B2;seguro
intelligence;Noun;B1;inteligencia
intelligent;Adjective;A2;inteligente
intend;Verb;B1;intentar
intended;Adjective;B2;destinado a
intense;Adjective;B2;intenso
intention;Noun;B1;intención
interest;Noun Verb;A1;interesar
interested;Adjective;A1;interesado
interesting;Adjective;A1;interesante
internal;Adjective;B2;interno
international;Adjective;A2;internacional
internet;Noun;A1;Internet
interpret;Verb;B2;interpretar
interrupt;Verb;B2;interrumpir
interview;Noun Verb;A1;entrevista
into;prep.;A1;dentro
introduce;Verb;A1;introducir
introduction;Noun;A2;Introducción
invent;Verb;A2;inventar
invention;Noun;A2;invención
invest;Verb;B1;invertir
investigate;Verb;B1;investigar
investigation;Noun;B2;investigación
investment;Noun;B2;inversión
invitation;Noun;A2;invitación
invite;Verb;A2;invitación
involve;Verb;A2;involucrar
involved;Adjective;B1;involucrado
iron;Noun Verb;B1;hierro
island;Noun;A1;isla
issue;Noun, Verb;B1, B2;problema
IT;Noun;B1;ESO
it;proNoun;A1;eso
item;Noun;A2;articulo
its;det.;A1;sus
itself;proNoun;A2;sí mismo
jacket;Noun;A1;chaqueta
jam;Noun;A2;mermelada
January;Noun;A1;enero
jazz;Noun;A2;jazz
jeans;Noun;A1;pantalones
jewellery;Noun;A2;joyería
job;Noun;A1;trabajo
join;Verb;A1;unirse
joke;Noun Verb;A2;broma
journal;Noun;B1;diario
journalist;Noun;A2;periodista
journey;Noun;A1;viaje
joy;Noun;B2;alegría
judge;Noun Verb;B1;juez
judgement;Noun;B2;juicio
juice;Noun;A1;jugo
July;Noun;A1;julio
jump;Verb Noun;A2;saltar
June;Noun;A1;junio
junior;Adjective;B2;júnior
just;Adverb;A1;sólo
justice;Noun;B2;justicia
justify;Verb;B2;justificar
keen;Adjective;B1;afilado
keep;Verb;A1;mantener
key;Noun, Adjective Verb;A1, B1;llave
keyboard;Noun;B1;teclado
kick;Verb Noun;B1;golpear
kid;Noun;A2;niño
kill;Verb;A2;matar
killing;Noun;B1;asesinato
kilometre;Noun;A1;kilómetro
kind(type);Noun;A1;tipo amable)
kind(caring);Adjective;B1;tipo (cuidar)
king;Noun;A2;Rey
kiss;Verb Noun;B1;Beso
kitchen;Noun;A1;cocina
knee;Noun;A2;rodilla
knife;Noun;A2;cuchillo
knock;Verb , Noun;A2, B1;golpe
know;Verb;A1;saber
knowledge;Noun;A2;conocimiento
lab;Noun;A2;laboratorio
label;Noun Verb;B1;etiqueta
laboratory;Noun;B1;laboratorio
labour;Noun;B2;labor
lack;Noun Verb;B1;carencia
lady;Noun;A2;dama
lake;Noun;A2;lago
lamp;Noun;A2;lámpara
land;Noun, Verb;A1, A2;tierra
landscape;Noun;B2;paisaje
language;Noun;A1;idioma
laptop;Noun;A2;ordenador portátil
large;Adjective;A1;grande
largely;Adverb;B2;en gran parte
last1 (final);det., Adverb n;A1, A2;last1 (final)
last1 (taking time);Verb;A2;last1 (tomando el tiempo)
late;Adjective Adverb;A1;tarde
later;Adverb , Adjective;A1, A2;luego
latest;Adjective , Noun;B1, B2;último
laugh;Verb Noun;A1;risa
laughter;Noun;A2;la risa
launch;Verb Noun;B2;lanzamiento
law;Noun;A2;ley
lawyer;Noun;A2;abogado
lay;Verb;B1;laico
layer;Noun;B1;capa
lazy;Adjective;A2;perezoso
lead;Verb , Noun;A2, B1;dirigir
leader;Noun;A2;líder
leadership;Noun;B2;liderazgo
leading;Adjective;B1;líder
leaf;Noun;B1;hoja
league;Noun;B2;liga
lean;Verb;B2;apoyarse
learn;Verb;A1;aprender
learning;Noun;A2;aprendizaje
least;det./proNoun Adverb;A2;menos
leather;Noun;B1;cuero
leave;Verb , Noun;A1, B2;salir
lecture;Noun Verb;A2;conferencia
left;Adjective Adverb Verb;A1;izquierda
leg;Noun;A1;pierna
legal;Adjective;B1;legal
leisure;Noun;B1;ocio
lemon;Noun;A2;limón
lend;Verb;A2;prestar
length;Noun;B1;longitud
less;det./pro Noun Adverb;A2;Menos
lesson;Noun;A1;lección
let;Verb;A1;dejar
letter;Noun;A1;letra
level;Noun, Adjective , Verb;A2, B1, B2;nivel
library;Noun;A1;biblioteca
licence;Noun;B2;licencia
lie;Verb;A1;mentira
lie;Verb Noun;B2;mentira
life;Noun;A1;vida
lifestyle;Noun;A2;estilo de vida
lift;Verb;Noun;ascensor
light (from the sun/a lamp);Noun Adverb , Verb;A1, A2;la luz (del sol / una lámpara)
light (not heavy);Adjective;A2;luz (no pesada)
like (similar);prep.;A1;como (similar)
like (find sb/sth pleasant);Verb , n;A1, B1;como (Encontrar algn / algo agradable)
Noun;B1; ;Sustantivo
likely;Adjective;A2;probable
limit;Noun Verb;B1;límite
limited;Adjective;B2;limitado
line;Noun, Verb;A1, B2;línea
link;Noun Verb;A2;enlace
lion;Noun;A1;león
lip;Noun;B1;labio
liquid;Noun Adjective;B1;líquido
list;Noun Verb;A1;lista
listen;Verb;A1;escucha
listener;Noun;A2;oyente
literature;Noun;B1;literatura
little;Adjective det./proNoun, Adverb;A1, A2;pequeño
live1;Verb;A1;live1
live2;Adjective Adverb;B1;live2
lively;Adjective;B2;animado
living;Adjective Noun;B1;vivo
load;Noun Verb;B2;carga
loan;Noun;B2;préstamo
local;Adjective , Noun;A1, B1;local
locate;Verb;B1;localizar
located;Adjective;B1;situado
location;Noun;B1;ubicación
lock;Verb Noun;A2;bloquear
logical;Adjective;B2;lógico
lonely;Adjective;B1;solitario
long;Adjective Adverb;A1;largo
long-term;Adjective Adverb;B2;a largo plazo
look;Verb , Noun;A1, A2;Mira
loose;Adjective;B2;suelto
lord;Noun;B2;señor
lorry;Noun;A2;camión
lose;Verb;A1;perder
loss;Noun;B1;pérdida
lost;Adjective;A2;perdió
lot;proNoun det. Adverb;A1;lote
loud;Adjective Adverb;A2;ruidoso
loudly;Adverb;A2;ruidosamente
love;Noun Verb;A1;amor
lovely;Adjective;A2;encantador
low;Adjective Adverb , n;A2, B2;bajo
lower;Verb;B2;inferior
luck;Noun;A2;suerte
lucky;Adjective;A2;suerte
lunch;Noun;A1;almuerzo
lung;Noun;B2;pulmón
luxury;Noun;B1;lujo
machine;Noun;A1;máquina
mad;Adjective;B1;enojado
magazine;Noun;A1;revista
magic;Noun Adjective;B1;magia
mail;Noun Verb;A2;correo
main;Adjective;A1;principal
mainly;Adverb;B1;principalmente
maintain;Verb;B2;mantener
major;Adjective;A2;mayor
majority;Noun;B2;mayoria
make;Verb , Noun;A1, B2;hacer
male;Adjective Noun;A2;masculino
mall;Noun;B1;centro comercial
man;Noun;A1;hombre
manage;Verb;A2;gestionar
management;Noun;B1;administración
manager;Noun;A2;gerente
manner;Noun;A2;conducta
many;det./proNoun;A1;muchos
map;Noun, Verb;A1, B2;mapa
March;Noun;A1;marzo
mark;Verb Noun;A2;marca
market;Noun, Verb;A1, B1;mercado
marketing;Noun;B1;márketing
marriage;Noun;B1;matrimonio
married;Adjective;A1;casado
marry;Verb;A2;casar
mass;Noun Adjective;B2;masa
massive;Adjective;B2;masivo
master;Noun Verb;B2;Maestro
match (contest/correspond);Noun Verb;A1;partido (concurso / corresponden)
matching;Adjective;B2;pareo
material;Noun, Adjective;A2, B2;material
mathematics;Noun;A2;matemáticas
maths;Noun;A2;matemáticas
matter;Noun Verb;A2;importar
maximum;Adjective Noun;B2;máximo
May;Noun;A1;Mayo
may modal;Verb;A2;puede modal
maybe;Adverb;A1;tal vez
me;proNoun;A1;yo
meal;Noun;A1;comida
mean;Verb;A1;media
meaning;Noun;A1;sentido
means;Noun;B2;medio
meanwhile;Adverb;B1;mientras tanto
measure;Verb Noun;B1;medida
measurement;Noun;B2;medición
meat;Noun;A1;carne
media;Noun;A2;medios de comunicación
medical;Adjective;A2;médico
medicine;Noun;A2;medicamento
medium;Adjective , Noun;B1, B2;medio
meet;Verb;A1;reunirse
meeting;Noun;A1;reunión
melt;Verb;B2;derretir
member;Noun;A1;miembro
memory;Noun;A2;memoria
mental;Adjective;B1;mental
mention;Verb , Noun;A2, B1;mencionar
menu;Noun;A1;menú
mess;Noun Verb;B1;lío
message;Noun;A1;mensaje
metal;Noun;A2;metal
method;Noun;A2;método
metre;Noun;A1;metro
middle;Noun Adjective;A2;medio
midnight;Noun;A1;medianoche
might modal;Verb;A2;podría modal
mild;Adjective;B1;leve
mile;Noun;A1;milla
military;Adjective Noun;B2;militar
milk;Noun;A1;Leche
million number; ;A1;millones de número
mind;Noun Verb;A2;mente
mine (belongs to me);proNoun;A2;mío (me pertenece)
mine (hole in the ground);Noun;B1;mina (agujero en el suelo)
mineral;Noun;B2;mineral
minimum;Adjective Noun;B2;mínimo
minister;Noun;B2;ministro
minor;Adjective;B2;menor
minority;Noun;B2;minoría
minute;Noun;A1;minuto
mirror;Noun;A2;espejo
miss;Verb;A1;perder
missing;Adjective;A2;desaparecido
mission;Noun;B2;misión
mistake;Noun, Verb;A1, B2;Error
mix;Verb Noun;B1;mezcla
mixed;Adjective;B2;mezclado
mixture;Noun;B1;mezcla
mobile;Adjective Noun;A2;móvil
model;Noun, Verb;A1, B2;modelo
modern;Adjective;A1;moderno
modify;Verb;B2;modificar
moment;Noun;A1;momento
Monday;Noun;A1;lunes
money;Noun;A1;dinero
monitor;Noun Verb;B2;monitor
monkey;Noun;A2;mono
month;Noun;A1;mes
mood;Noun;B1;estado animico
moon;Noun;A2;Luna
moral;Adjective Noun;B2;moral
more;det./proNoun Adverb;A1;más
morning;Noun;A1;Mañana
most;det./proNoun Adverb;A1;más
mostly;Adverb;A2;principalmente
mother;Noun;A1;madre
motor;Noun Adjective;B2;motor
motorcycle;Noun;A2;motocicleta
mount;Verb;B2;montar
mountain;Noun;A1;montaña
mouse;Noun;A1;ratón
mouth;Noun;A1;boca
move;Verb , Noun;A1, B1;moverse
movement;Noun;A2;movimiento
movie;Noun;A1;película
much;det./proNoun Adverb;A1;mucho
mud;Noun;B1;barro
multiple;Adjective;B2;múltiple
multiply;Verb;B2;multiplicar
mum;Noun;A1;mamá
murder;NounVerb;B1;asesinato
muscle;Noun;B1;músculo
museum;Noun;A1;museo
music;Noun;A1;música
musical;Adjective , Noun;A2, B1;musical
musician;Noun;A2;músico
must modal;Verb;A1;debe modal
my;det.;A1;mi
myself;proNoun;A2;yo mismo
mysterious;Adjective;B2;misterioso
mystery;Noun;B1;misterio
nail;Noun;B1;uña
name;Noun Verb;A1;nombre
narrative;Noun Adjective;B1;narrativa
narrow;Adjective , Verb;A2, B2;estrecho
nation;Noun;B1;nación
national;Adjective , Noun;A2, B2;nacional
native;Adjective Noun;B1;nativo
natural;Adjective;A1;natural
naturally;Adverb;B1;naturalmente
nature;Noun;A2;naturaleza
near;prep. Adjective Adverb;A1;cerca
nearly;Adverb;A2;casi
neat;Adjective;B2;ordenado
necessarily;Adverb;B1;necesariamente
necessary;Adjective;A2;necesario
neck;Noun;A2;cuello
need;Verb , Noun, modal Verb;A1, A2, B1;necesitar
needle;Noun;B1;aguja
negative;Adjective , Noun;A1, B2;negativo
neighbour;Noun;A1;vecino
neighbourhood;Noun;B1;barrio
neither;det./proNoun, Adverb;A2, B1;ninguno
nerve;Noun;B2;nervio
nervous;Adjective;A2;nervioso
net;Noun;B1;red
network;Noun;A2;red
never;Adverb;A1;Nunca
nevertheless;Adverb;B2;sin embargo
new;Adjective;A1;nuevo
news;Noun;A1;Noticias
newspaper;Noun;A1;periódico
next;Adjective Adverb , Noun;A1, B1;siguiente
next to;prep.;A1;cerca de
nice;Adjective;A1;bonito
night;Noun;A1;noche
nightmare;Noun;B2;pesadilla
nine;number;A1;nueve
nineteen;number;A1;diecinueve
ninety;number;A1;noventa
no;exclam. det.;A1;No
no one;proNoun;A1;Ninguno
nobody;proNoun;A1;nadie
noise;Noun;A2;ruido
noisy;Adjective;A2;ruidoso
none;pro Noun;A2;ninguna
nor;conj./Adverb;B1;ni
normal;Adjective , Noun;A2, B1;normal
normally;Adverb;A2;normalmente
north;Noun Adjective Adverb;A1;norte
northern;Adjective;B1;del Norte
nose;Noun;A1;nariz
not;Adverb;A1;no
note;Noun Verb;A1, B1;Nota
nothing;proNoun;A1;nada
notice;Verb Noun;A2;aviso
notion;Noun;B2;noción
novel;Noun;A2;novela
November;Noun;A1;noviembre
now;Adverb , conj.;A1, B1;ahora
nowhere;Adverb;A2;en ninguna parte
nuclear;Adjective;B1;nuclear
number;Noun, Verb;A1, A2;número
numerous;Adjective;B2;numeroso
nurse;Noun;A1;enfermera
nut;Noun;A2;nuez
obey;Verb;B2;obedecer
object;Noun Verb;A1, B2;objeto
objective;Noun Adjective;B2;objetivo
obligation;Noun;B2;obligación
observation;Noun;B2;observación
observe;Verb;B2;observar
obtain;Verb;B2;obtener
obvious;Adjective;B1;obvio
obviously;Adverb;B1;obviamente
occasion;Noun;B1;ocasión
occasionally;Adverb;B2;de vez en cuando
occur;Verb;B1;ocurrir
ocean;Noun;A2;Oceano
o’clock;Adverb;A1;en punto
October;Noun;A1;octubre
odd;Adjective;B1;impar
of;prep.;A1;de
off;Adverb prep.;A1;apagado
offence;Noun;B2;ofensa
offend;Verb;B2;ofender
offensive;Adjective;B2;ofensiva
offer;Verb Noun;A2;oferta
office;Noun;A1;oficina
officer;Noun;A2;oficial
official;Adjective , Noun;B1, B2;oficial
often;Adverb;A1;a menudo
oh;exclam.;A1;Oh
oil;Noun;A2;petróleo
OK;exclam. Adjective /Adverb;A1;Okay
old;Adjective;A1;antiguo
old-fashioned;Adjective;B1;Anticuado
on;prep. Adverb;A1;en
once;Adverb , conj.;A1, B1;una vez
one;number-det. proNoun;A1;uno
onion;Noun;A1;cebolla
online;Adjective Adverb;A1;en línea
only;Adjective Adverb;A1;solamente
onto;prep.;A2;sobre
open;Adjective Verb;A1;abierto
opening;Noun;B2;apertura
operate;Verb;B2;funcionar
operation;Noun;B1;operación
opinion;Noun;A1;opinión
opponent;Noun;B2;adversario
opportunity;Noun;A2;oportunidad
oppose;Verb;B2;oponerse a
opposed;Adjective;B2;opuesto
opposite;Adjective Adverb prep. Noun;A1;opuesto
opposition;Noun;B2;oposición
option;Noun;A2;opción
or;conj.;A1;o
orange;Noun Adjective;A1;naranja
order;Noun Verb;A1;orden
ordinary;Adjective;A2;ordinario
organ;Noun;B2;Organo
organization;Noun;A2;organización
organize;Verb;A2;organizar
organized;Adjective;B1;organizado
organizer;Noun;B1;organizador
origin;Noun;B2;origen
original;Adjective , Noun;A2, B1;original
originally;Adverb;B1;originalmente
other;Adjective /proNoun;A1;otro
otherwise;Adverb;B2;de otra manera
ought;modal Verb;B1;debería
our;det.;A1;nuestro
ours;proNoun;B1;la nuestra
ourselves;proNoun;A2;Nosotros mismos
out;Adverb /prep.;A1;fuera
outcome;Noun;B2;Salir
outdoor;Adjective;B1;al aire libre
outdoors;Adverb;B1;al aire libre
outer;Adjective;B2;exterior
outline;Noun Verb;B2;contorno
outside;Adverb , prep. nouNoun Adjective;A1, A2;fuera de
oven;Noun;A2;horno
over;prep. Adverb;A1;encima
overall;Adjective Adverb;B2;en general
owe;Verb;B2;deber
own;Adjective /proNoun, Verb;A1, A2;propio
owner;Noun;A2;propietario
pace;Noun, Verb;B2;paso
pack;Verb , Noun;A2, B1;paquete
package;Noun, Verb;B1, B2;paquete
page;Noun;A1;página
pain;Noun;A2;dolor
painful;Adjective;B1;doloroso
paint;Verb Noun;A1;pintar
painter;Noun;A2;pintor
painting;Noun;A1;pintura
pair;Noun;A1;par
palace;Noun;A2;palacio
pale;Adjective;B1;pálido
pan;Noun;B1;pan
panel;Noun;B2;panel
pants;Noun;A2;pantalones
paper;Noun;A1;papel
paragraph;Noun;A1;párrafo
parent;Noun;A1;padre
park;Noun Verb;A1;parque
parking;Noun;A2;estacionamiento
parliament;Noun;B2;parlamento
part;Noun;A1;parte
participant;Noun;B2;partícipe
participate;Verb;B1;participar
particular;Adjective;A2;especial
particularly;Adverb;B1;particularmente
partly;Adverb;B2;parcialmente
partner;Noun;A1;compañero
party;Noun;A1;partido
pass;Verb , Noun;A2, B1;pasar
passage;Noun;B2;paso
passenger;Noun;A2;pasajero
passion;Noun;B1;pasión
passport;Noun;A1;pasaporte
past;Adjective Noun prep., Adverb;A1, A2;pasado
path;Noun;B1;camino
patient;Noun, Adjective;A2, B2;paciente
pattern;Noun;A2;patrón
pay;Verb , Noun;A1, A2;pagar
payment;Noun;B1;pago
peace;Noun;A2;paz
peaceful;Adjective;B1;pacífico
pen;Noun;A1;bolígrafo
pencil;Noun;A1;lápiz
penny;Noun;A2;centavo
pension;Noun;B2;pensión
people;Noun;A1;personas
pepper;Noun;A1;pimienta
per;prep.;A2;por
per cent;Noun Adjective /Adverb;A2;por ciento
percentage;Noun;B1;porcentaje
perfect;Adjective;A1;Perfecto
perfectly;Adverb;B1;perfectamente
perform;Verb;A2;realizar
performance;Noun;B1;actuación
perhaps;Adverb;A2;quizás
period;Noun;A1;período
permanent;Adjective;B2;permanente
permission;Noun;A2;permiso
permit;Verb Noun;B2;permiso
person;Noun;A1;persona
personal;Adjective;A1;personal
personality;Noun;A2;personalidad
personally;Adverb;B1;personalmente
perspective;Noun;B2;perspectiva
persuade;Verb;B1;persuadir
pet;Noun;A2;mascota
petrol;Noun;A2;gasolina
phase;Noun;B2;fase
phenomenon;Noun;B2;fenómeno
philosophy;Noun;B2;filosofía
phone;Noun Verb;A1;teléfono
photo;Noun;A1;foto
photograph;Noun, Verb;A1, A2;fotografía
photographer;Noun;B1;fotógrafo
photography;Noun;B1;fotografía
phrase;Noun;A1;frase
physical;Adjective;A2;físico
physics;Noun;A2;física
piano;Noun;A1;piano
pick;Verb , Noun;A2, B2;recoger
picture;Noun, Verb;A1, B2;imagen
piece;Noun;A1;trozo
pig;Noun;A1;cerdo
pile;Noun Verb;B2;pila
pilot;Noun;A2;piloto
pin;Noun Verb;B1;alfiler
pink;Adjective Noun;A1;rosado
pipe;Noun;B1;tubo
pitch;Noun;B2;tono
place;Noun Verb;A1, B1;sitio
plain;Adjective;B2;llanura
plan;Noun Verb;A1;plan
plane;Noun;A1;avión
planet;Noun;A2;planeta
planning;Noun;B1;planificación
plant;Noun Verb;A1, A2;planta
plastic;Noun Adjective;A2;el plastico
plate;Noun;A2;plato
platform;Noun;A2;plataforma
play;Verb Noun;A1;jugar
player;Noun;A1;jugador
pleasant;Adjective;B1;agradable
please;exclam., Verb;A1, A2;Por favor
pleased;Adjective;A2;satisfecho
pleasure;Noun;B1;Placer
plenty;proNoun;B1;mucho
plot;Noun, Verb;B1, B2;trama
plus;prep., Adjective conj., Noun;B1, B2;más
pocket;Noun;A2;bolsillo
poem;Noun;B1;poema
poet;Noun;B1;poeta
poetry;Noun;B1;poesía
point;Noun, Verb;A1, B1;punto
pointed;Adjective;B2;puntiagudo
poison;Noun Verb;B1;veneno
poisonous;Adjective;B1;venenoso
police;Noun;A1;policía
policeman;Noun;A1;policía
policy;Noun;B1;política
polite;Adjective;A2;Cortés
political;Adjective;B1;político
politician;Noun;B1;político
politics;Noun;B1;política
pollution;Noun;A2;contaminación
pool;Noun;A1;piscina
poor;Adjective;A1;pobre
pop;Noun Adjective;A2;popular
popular;Adjective;A1;popular
popularity;Noun;B2;popularidad
population;Noun;A2;población
port;Noun;B1;Puerto
portrait;Noun;B1;retrato
pose;Verb;B2;pose
position;Noun, Verb;A2, B2;posición
positive;Adjective , Noun;A1, B2;positivo
possess;Verb;B2;poseer
possession;Noun;A2;posesión
possibility;Noun;A2;posibilidad
possible;Adjective;A1;posible
possibly;Adverb;B1;posiblemente
post;Noun Verb;A1;enviar
poster;Noun;A2;póster
pot;Noun;B1;maceta
potato;Noun;A1;patata
potential;Adjective Noun;B2;potencial
pound;Noun;A1;libra
pour;Verb;B1;verter
poverty;Noun;B1;pobreza
powder;Noun;B1;polvo
power;Noun, Verb;A2, B2;poder
powerful;Adjective;B1;poderoso
practical;Adjective;B1;práctico
practice;Noun;A1;práctica
practise;Verb;A1;práctica
praise;Noun Verb;B2;alabanza
pray;Verb;B1;orar
prayer;Noun;B1;oración
predict;Verb;A2;predecir
prediction;Noun;B1;predicción
prefer;Verb;A1;preferir
pregnant;Adjective;B2;embarazada
preparation;Noun;B2;preparación
prepare;Verb;A1;preparar
prepared;Adjective;B1;preparado
presence;Noun;B2;presencia
present;Adjective Noun, Verb;A1, A2;presente
presentation;Noun;B1;presentación
preserve;Verb;B2;preservar
president;Noun;A2;presidente
press;Verb Noun;B1;prensa
pressure;Noun;B1;presión
pretend;Verb;B1;fingir
pretty;Adjective Adverb;A1;bonita
prevent;Verb;A2;evitar
previous;Adjective;B1;anterior
previously;Adverb;B1;previamente
price;Noun, Verb;A1, B2;precio
priest;Noun;B1;sacerdote
primary;Adjective;B1;primario
prime;Adjective;B2;principal
prince;Noun;B1;Príncipe
princess;Noun;B1;princesa
principle;Noun;B2;principio
print;Verb , Noun;A2, B2;impresión
printer;Noun;A2;impresora
printing;Noun;B1;impresión
priority;Noun;B2;prioridad
prison;Noun;A2;prisión
prisoner;Noun;B1;prisionero
privacy;Noun;B2;intimidad
private;Adjective;B1;privado
prize;Noun;A2;premio
probably;Adverb;A1;probablemente
problem;Noun;A1;problema
procedure;Noun;B2;procedimiento
process;Noun, Verb;A2, B2;proceso
produce;Verb , Verb;A2, B2;Produce
producer;Noun;B1;productor
product;Noun;A1;producto
production;Noun;B1;producción
profession;Noun;B1;profesión
professional;Adjective , Noun;A2, B2;profesional
professor;Noun;A2;profesor
profile;Noun;A2;perfil
profit;Noun;B1;lucro
program;Noun, Verb;A2, B1;programa
programme;Noun;A1;programa
progress;Noun, Verb;A2, B2;Progreso
project;Noun, Verb;A1, B2;proyecto
promise;Verb Noun;A2;promesa
promote;Verb;B1;promover
pronounce;Verb;A2;pronunciar
proof;Noun;B2;prueba
proper;Adjective;B1;apropiado
properly;Adverb;B1;correctamente
property;Noun;B1;propiedad
proposal;Noun;B2;propuesta
propose;Verb;B2;proponer
prospect;Noun;B2;perspectiva
protect;Verb;A2;proteger
protection;Noun;B2;proteccion
protest;Noun Verb;B1;protesta
proud;Adjective;B1;orgulloso
prove;Verb;B1;probar
provide;Verb;A2;proporcionar
psychologist;Noun;B2;psicólogo
psychology;Noun;B2;psicología
pub;Noun;A2;pub
public;Adjective Noun;A2;público
publication;Noun;B2;publicación
publish;Verb;A2;publicar
pull;Verb , Noun;A2, B1;Halar
punish;Verb;B1;castigar
punishment;Noun;B1;castigo
pupil;Noun;B2;alumno
purchase;Noun Verb;B2;compra
pure;Adjective;B2;puro
purple;Adjective Noun;A1;púrpura
purpose;Noun;A2;propósito
pursue;Verb;B2;perseguir
push;Verb , Noun;A2, B1;empujar
put;Verb;A1;poner
qualification;Noun;B1;calificación
qualified;Adjective;B1;calificado
qualify;Verb;B1;calificar
quality;Noun;A2;calidad
quantity;Noun;A2;cantidad
quarter;Noun;A1;trimestre
queen;Noun;A2;reina
question;Noun, Verb;A1, A2;pregunta
queue;Noun Verb;B1;cola
quick;Adjective;A1;rápido
quickly;Adverb;A1;con rapidez
quiet;Adjective;A1;tranquilo
quietly;Adverb;A2;tranquilamente
quit;Verb;B1;dejar
quite;Adverb;A1;bastante
quotation;Noun;B1;cotización
quote;Verb Noun;B1;citar
race (competition);NounVerb;A2;carrera (la competencia)
race (people);Noun;B1;carrera (personas)
racing;Noun;B1;carreras
radio;Noun;A1;radio
railway;Noun;A2;ferrocarril
rain;Noun Verb;A1;lluvia
raise;Verb;A2;aumento
range;Noun, Verb;B1, B2;rango
rank;Noun Verb;B2;rango
rapid;Adjective;B2;rápido
rapidly;Adverb;B2;rápidamente
rare;Adjective;B1;raro
rarely;Adverb;B1;raramente
rate;Noun, Verb;A2, B2;Velocidad
rather;Adverb;A2;más bien
raw;Adjective;B2;crudo
reach;Verb , Noun;A2, B2;alcanzar
react;Verb;A2;reaccionar
reaction;Noun;B1;reacción
read;Verb;A1;leer
reader;Noun;A1;lector
reading;Noun;A1;leyendo
ready;Adjective;A1;Listo
real;Adjective;A1;real
realistic;Adjective;B2;realista
reality;Noun;B1;realidad
realize;Verb;A2;darse cuenta de
really;Adverb;A1;De Verdad
reason;Noun;A1;razón
reasonable;Adjective;B2;razonable
recall;Verb;B2;recordar
receipt;Noun;B1;recibo
receive;Verb;A2;recibir
recent;Adjective;A2;reciente
recently;Adverb;A2;recientemente
reception;Noun;A2;recepción
recipe;Noun;A2;receta
recognize;Verb;A2;reconocer
recommend;Verb;A2;recomendar
recommendation;Noun;B1;recomendación
record;Noun Verb;A2;grabar
recording;Noun;A2;grabación
recover;Verb;B2;recuperar
recycle;Verb;A2;reciclar
red;Adjective Noun;A1;rojo
reduce;Verb;A2;reducir
reduction;Noun;B2;reducción
refer;Verb;A2;referir
reference;Noun;B1;referencia
reflect;Verb;B1;reflejar
refuse;Verb;A2;negar
regard;Verb Noun;B2;considerar
region;Noun;A2;región
regional;Adjective;B2;regional
register;Verb Noun;B2;Registrarse
regret;Verb Noun;B2;lamentar
regular;Adjective;A2;regular
regularly;Adverb;B1;regularmente
regulation;Noun;B2;regulación
reject;Verb;B1;rechazar
relate;Verb;B1;relacionar
related;Adjective;B1;relacionado
relation;Noun;B1;relación
relationship;Noun;A2;relación
relative;Adjective Noun;B1;relativo
relatively;Adverb;B2;relativamente
relax;Verb;A1;relajarse
relaxed;Adjective;B1;relajado
relaxing;Adjective;B1;relajante
release;Verb Noun;B1;lanzamiento
relevant;Adjective;B2;pertinente
reliable;Adjective;B1;de confianza
relief;Noun;B2;alivio
religion;Noun;B1;religión
religious;Adjective;B1;religioso
rely;Verb;B2;confiar
remain;Verb;B1;permanecer
remark;Noun Verb;B2;observación
remember;Verb;A1;recuerda
remind;Verb;B1;recordar
remote;Adjective;B1;remoto
remove;Verb;A2;eliminar
rent;Noun Verb;B1;alquilar
repair;Verb , Noun;A2, B1;reparar
repeat;Verb , Noun;A1, B1;repetir
repeated;Adjective;B1;repetido
replace;Verb;A2;reemplazar
reply;Verb Noun;A2;respuesta
report;Noun, Verb;A1, A2;reporte
reporter;Noun;A2;reportero
represent;Verb;B1;representar
representative;Noun Adjective;B2;representante
reputation;Noun;B2;reputación
request;Noun, Verb;A2, B1;solicitud
require;Verb;B1;exigir
requirement;Noun;B2;requisito
rescue;Verb Noun;B2;rescate
research;Noun Verb;A2;investigación
researcher;Noun;A2;investigador
reservation;Noun;B1;reserva
reserve;Noun Verb;B2;reserva
resident;NounAdjective;B2;residente
resist;Verb;B2;resistirse
resolve;Verb;B2;resolver
resort;Noun;B2;recurso
resource;Noun;B1;recurso
respect;Noun Verb;B1;el respeto
respond;Verb;A2;responder
response;Noun;A2;respuesta
responsibility;Noun;B1;responsabilidad
responsible;Adjective;B1;responsable
rest (remaining part);Noun;A2;descansar (parte restante)
rest (sleep/relax);Noun Verb;A2;descanso (sueño / relax)
restaurant;Noun;A1;restaurante
result;Noun, Verb;A1, B1;resultado
retain;Verb;B2;conservar
retire;Verb;B1;jubilarse
retired;Adjective;B1;retirado
return;Verb Noun;A1;regreso
reveal;Verb;B2;revelar
review;Noun Verb;A2;revisión
revise;Verb;B1;revisar
revolution;Noun;B2;revolución
reward;Noun Verb;B2;recompensa
rhythm;Noun;B2;ritmo
rice;Noun;A1;arroz
rich;Adjective;A1;Rico
rid;Verb;B2;eliminar
ride;Verb , Noun;A1, A2;paseo
right;Adjective Adverb Noun;A1;Derecha
ring;Noun;A2;anillo
ring;Verb , Noun;A2, B1;anillo
rise;Verb , Noun;A2, B1;subir
risk;Noun Verb;B1;riesgo
river;Noun;A1;río
road;Noun;A1;la carretera
robot;Noun;B1;robot
rock (stone);Noun;A2;roca (piedra)
rock (music);Noun;A2;la música rock)
role;Noun;A2;papel
roll;Verb Noun;B1;rodar
romantic;Adjective;B1;romántico
roof;Noun;A2;techo
room;Noun;A1;habitación
root;Noun;B2;raíz
rope;Noun;B1;cuerda
rough;Adjective;B1;áspero
round;Adjective Adverb prep., Noun;A2, B2;redondo
route;Noun;A2;ruta
routine;Noun, Adjective;A1, B2;rutina
row;Noun;B1;fila
royal;Adjective;B1;real
rub;Verb;B2;frotar
rubber;Noun Adjective;B2;caucho
rubbish;Noun;A2;basura
rude;Adjective;A2;grosero
rugby;Noun;B1;rugby
rule;Noun, Verb;A1, B1;regla
run;Verb , Noun;A1, A2;correr
runner;Noun;A2;corredor
running;Noun;A2;corriendo
rural;Adjective;B2;rural
rush;Verb Noun;B2;prisa
sad;Adjective;A1;triste
sadly;Adverb;A2;tristemente
safe;Adjective;A2;seguro
safety;Noun;B1;la seguridad
sail;Verb , Noun;A2, B1;vela
sailing;Noun;A2;navegación
sailor;Noun;B1;marinero
salad;Noun;A1;ensalada
salary;Noun;A2;salario
sale;Noun;A2;rebaja
salt;Noun;A1;sal
same;Adjective proNoun Adverb;A1;mismo
sample;Noun, Verb;B1, B2;muestra
sand;Noun;B1;arena
sandwich;Noun;A1;emparedado
satellite;Noun;B2;satélite
satisfied;Adjective;B2;satisfecho
satisfy;Verb;B2;satisfacer
Saturday;Noun;A1;sábado
sauce;Noun;A2;salsa
save;Verb;A2;salvar
saving;Noun;B2;ahorro
say;Verb;A1;decir
scale;Noun;B2;escala
scan;Verb;B1;escanear
scared;Adjective;A2;asustado
scary;Adjective;A2;de miedo
scene;Noun;A2;escena
schedule;Noun, Verb;A2, B2;calendario
scheme;Noun;B2;esquema
school;Noun;A1;colegio
science;Noun;A1;Ciencias
scientific;Adjective;B1;científico
scientist;Noun;A1;científico
score;Verb Noun;A2;Puntuación
scream;Verb Noun;B2;gritar
screen;NounVerb;A2, B2;pantalla
script;Noun;B1;guión
sculpture;Noun;B1;escultura
sea;Noun;A1;mar
search;Noun Verb;A2;buscar
season;Noun;A2;temporada
seat;Noun Verb;A2, B2;asiento
second1 (next after the first);et./ number, Adverb;A1, A2;segundo1 (siguiente después de la primera)
second1 (unit of time);Noun;A1;segundo1 (unidad de tiempo)
secondary;Adjective;B1;secundario
secondly;Adverb;A2;en segundo lugar
secret;Adjective, Noun;A2;secreto
secretary;Noun;A2;secretario
section;Noun;A1;sección
sector;Noun;B2;sector
secure;Verb Adjective;B2;seguro
security;Noun;B1;seguridad
see;Verb;A1;ver
seed;Noun;B1;semilla
seek;Verb;B2;buscar
seem;Verb;A2;parecer
select;Verb;B2;Seleccione
selection;Noun;B2;selección
self;Noun;B2;yo
sell;Verb;A1;vender
send;Verb;A1;enviar
senior;Adjective;B2;mayor
sense;Noun Verb;A2, B2;sentido
sensible;Adjective;B1;sensato
sensitive;Adjective;B2;sensible
sentence;Noun Verb;A1, B2;frase
separate;Adjective, Verb;A2, B1;separar
September;Noun;A1;septiembre
sequence;Noun;B2;secuencia
series;Noun;A2;serie
serious;Adjective;A2;grave
seriously;Adverb;B1;seriamente
servant;Noun;B1;servidor
serve;Verb;A2;servir
service;Noun;A2;Servicio
session;Noun;B2;sesión
set (put);Verb;B1;conjunto (opción de venta)
set (group);Noun;B1;conjunto (grupo)
setting;Noun;B1;ajuste
settle;Verb;B2;asentar
seven;number;A1;Siete
seventeen;number;A1;de diecisiete
seventy;number;A1;setenta
several;det./proNoun;A2;varios
severe;Adjective;B2;grave
sex;Noun;B1;sexo
sexual;Adjective;B1;sexual
shade;Noun;B2;sombra
shadow;Noun;B2;sombra
shake;Verb Noun;A2, B1;sacudir
shall;modal Verb;A2;deberá
shallow;Adjective;B2;superficial
shame;Noun;B2;vergüenza
shape;Noun Verb;A2, B2;forma
share;Verb Noun;A1, B1;compartir
sharp;Adjective;B1;agudo
she;proNoun;A1;ella
sheep;Noun;A1;oveja
sheet;Noun;A2;sábana
shelf;Noun;B1;estante
shell;Noun;B1;cáscara
shelter;Noun Verb;B2;abrigo
shift;Noun Verb;B1, B2;cambio
shine;Verb;B1;brillar
shiny;Adjective;B1;brillante
ship;Noun Verb;A2, B2;Embarcacion
shirt;Noun;A1;camisa
shock;Noun Verb;B2;conmoción
shocked;Adjective;B2;conmocionado
shoe;Noun;A1;zapato
shoot;Verb;B1;disparar
shooting;Noun;B2;disparo
shop;Noun Verb;A1;tienda
shopping;Noun;A1;compras
short;Adjective;A1;corto
shot;Noun;B2;Disparo
should;modal Verb;A1;debería
shoulder;Noun;A2;hombro
shout;Verb Noun;A2;gritar
show;Verb Noun;A1;espectáculo
shower;Noun;A1;ducha
shut;Verb Adjective;A2;cerrar
shy;Adjective;B1;tímido
sick;Adjective;A1;enfermo
side;Noun;A2;lado
sight;Noun;B1;visión
sign;Noun Verb;A2;firmar
signal;Noun Verb;B1;señal
significant;Adjective;B2;significativo
significantly;Adverb;B2;significativamente
silence;Noun;B2;silencio
silent;Adjective;B1;silencio
silk;Noun;B2;seda
silly;Adjective;B1;tonto
silver;Noun Adjective;A2;plata
similar;Adjective;A1;similar
similarity;Noun;B1;semejanza
similarly;Adverb;B1;similar
simple;Adjective;A2;sencillo
simply;Adverb;B1;simplemente
since;prep. conj., Adverb;A2, B1;ya que
sincere;Adjective;B2;sincero
sing;Verb;A1;canta
singer;Noun;A1;cantante
singing;Noun;A2;canto
single;Adjective Noun;A2;soltero
sink;Verb;B1;lavabo
sir;Noun;A2;señor
sister;Noun;A1;hermana
sit;Verb;A1;sentar
site;Noun;A2;sitio
situation;Noun;A1;situación
six;number;A1;seis
sixteen;number;A1;dieciséis
sixty;number;A1;sesenta
size;Noun;A2;Talla
ski;Verb Noun;A2;esquí
skiing;Noun;A2;esquí
skill;Noun;A1;habilidad
skin;Noun;A2;piel
skirt;Noun;A1;falda
sky;Noun;A2;cielo
slave;Noun;B2;esclavo
sleep;Verb , Noun;A1, A2;dormir
slice;Noun Verb;B1;rebanada
slide;Verb Noun;B2;diapositiva
slight;Adjective;B2;leve
slightly;Adverb;B1;ligeramente
slip;Verb;B2;resbalón
slope;Noun Verb;B2;Pendiente
slow;Adjective , Verb;A1, B1;lento
slowly;Adverb;A2;despacio
small;Adjective;A1;pequeña
smart;Adjective;B1;inteligente
smartphone;Noun;A2;teléfono inteligente
smell;Verb Noun;A2;oler
smile;Verb Noun;A2;sonreír
smoke;Noun Verb;A2;fumar
smoking;Noun;A2;de fumar
smooth;Adjective;B1;suave
snake;Noun;A1;serpiente
snow;Noun Verb;A1;nieve
so;Adverb conj.;A1;entonces
soap;Noun;A2;jabón
soccer;Noun;A2;fútbol
social;Adjective;A2;social
society;Noun;A2;sociedad
sock;Noun;A2;calcetín
soft;Adjective;A2;suave
software;Noun;B1;software
soil;Noun;B1;suelo
solar;Adjective;B2;solar
soldier;Noun;A2;soldado
solid;Adjective Noun;B1;sólido
solution;Noun;A2;solución
solve;Verb;A2;resolver
some;det. proNoun;A1;algunos
somebody;proNoun;A1;alguien
someone;proNoun;A1;alguien
something;proNoun;A1;alguna cosa
sometimes;Adverb;A1;algunas veces
somewhat;Adverb;B2;algo
somewhere;Adverb proNoun;A2;algun lado
son;Noun;A1;hijo
song;Noun;A1;canción
soon;Adverb;A1;pronto
sorry;Adjective exclam.;A1;lo siento
sort;Noun, Verb;A2, B1;ordenar
soul;Noun;B2;alma
sound;Noun Verb;A1;sonido
soup;Noun;A1;sopa
source;Noun;A2;fuente
south;Noun Adjective Adverb;A1;sur
southern;Adjective;B1;del Sur
space;Noun;A1;espacio
speak;Verb;A1;hablar
speaker;Noun;A2;altavoz
special;Adjective;A1;especial
specialist;Noun Adjective;B2;especialista
species;Noun;B2;especies
specific;Adjective;A2;específico
specifically;Adverb;B1;específicamente
speech;Noun;A2;habla
speed;Noun, Verb;A2, B2;velocidad
spell;Verb;A1;deletrear
spelling;Noun;A1;ortografía
spend;Verb;A1;gastar
spending;Noun;B1;gasto
spicy;Adjective;B1;picante
spider;Noun;A2;araña
spirit;Noun;B1;espíritu
spiritual;Adjective;B2;espiritual
split;Verb Noun;B2;división
spoken;Adjective;B1;hablado
sponsor;Verb Noun;B2;patrocinador
spoon;Noun;A2;cuchara
sport;Noun;A1;deporte
spot;Noun, Verb;B1, B2;Mancha
spread;Verb , Noun;B1, B2;propagar
spring;Noun, Verb;A1, B1;primavera
square;Adjective Noun;A2;cuadrado
stable;Adjective;B2;estable
stadium;Noun;B1;estadio
staff;Noun;B1;personal
stage;Noun, Verb;A2, B2;etapa
stair;Noun;A2;escalera
stamp;Noun;A2;sello
stand;Verb , Noun;A1, B2;estar
standard;Noun Adjective;B1;estándar
star;Noun, Verb;A1, A2;estrella
stare;Verb;B2;mirar fijamente
start;Verb , Noun;A1, A2;comienzo
state;Noun, Adjective , v;A2, B1;estado
statement;Noun;A1;declaración
station;Noun;A1;estación
statistic;Noun;B1;estadística
statue;Noun;B1;estatua
status;Noun;B2;estado
stay;Verb , Noun;A1, A2;permanecer
steady;Adjective;B2;estable
steal;Verb;A2;robar
steel;Noun;B2;acero
steep;Adjective;B2;escarpado
step;Noun, Verb;A2, B2;paso
stick (push into/attach);Verb;B1;stick (push en / attach)
stick (piece of wood);Noun;B1;palo (pieza de madera)
sticky;Adjective;B2;pegajoso
stiff;Adjective;B2;rígido
still;Adverb , Adjective;A1, B1;todavía
stock;Noun;B2;valores
stomach;Noun;A2;estómago
stone;Noun;A2;Roca
stop;Verb Noun;A1;detener
store;Noun, Verb;A2, B1;Tienda
storm;Noun;A2;tormenta
story;Noun;A1;historia
straight;Adverb Adjective;A2;Derecho
strange;Adjective;A2;extraño
stranger;Noun;B1;desconocido
strategy;Noun;A2;estrategia
stream;Noun;B2;corriente
street;Noun;A1;calle
strength;Noun;B1;fuerza
stress;Noun Verb;A2;estrés
stretch;Verb Noun;B2;tramo
strict;Adjective;B2;estricto
strike;Verb Noun;B2;Huelga
string;Noun;B1;cuerda
strong;Adjective;A1;fuerte
strongly;Adverb;B1;fuertemente
structure;Noun, Verb;A2, B2;estructura
struggle;Verb Noun;B2;dificil
student;Noun;A1;estudiante
studio;Noun;B1;estudio
study;Noun Verb;A1;estudiar
stuff;Noun, Verb;B1, B2;cosas
stupid;Adjective;A2;estúpido
style;Noun;A1;estilo
subject;Noun, Adjective;A1, B2;tema
submit;Verb;B2;enviar
substance;Noun;B1;sustancia
succeed;Verb;A2;tener éxito
success;Noun;A1;éxito
successful;Adjective;A2;exitoso
successfully;Adverb;B1;exitosamente
such;det./proNoun;A2;tal
sudden;Adjective;B1;repentino
suddenly;Adverb;A2;repentinamente
suffer;Verb;B1;sufrir
sugar;Noun;A1;azúcar
suggest;Verb;A2;sugerir
suggestion;Noun;A2;sugerencia
suit;Noun, Verb;A2, B1;traje
suitable;Adjective;B1;adecuado
sum;Noun Verb;B2;suma
summarize;Verb;B1;resumir
summary;Noun;B1;resumen
summer;Noun;A1;verano
sun;Noun;A1;Dom
Sunday;Noun;A1;domingo
supermarket;Noun;A1;supermercado
supply;Noun Verb;B1;suministro
support;Verb Noun;A2;apoyo
supporter;Noun;B1;seguidor
suppose;Verb;A2;suponer
sure;Adjective , Adverb;A1, A2;Por supuesto
surely;Adverb;B1;seguramente
surface;Noun;B1;superficie
surgery;Noun;B2;cirugía
surprise;Noun Verb;A2;sorpresa
surprised;Adjective;A2;sorprendido
surprising;Adjective;A2;sorprendente
surround;Verb;B2;rodear
surrounding;Adjective;B2;rodeando
survey;Noun, Verb;A2, B2;encuesta
survive;Verb;B1;sobrevivir
suspect;Verb Noun;B2;sospechar
swear;Verb;B2;jurar
sweater;Noun;A1;suéter
sweep;Verb;B2;barrer
sweet;Adjective Noun;A2;dulce
swim;Verb , Noun;A1, B1;nadar
swimming;Noun;A1;nadando
switch;Verb , Noun;B1, B2;cambiar
symbol;Noun;A2;símbolo
sympathy;Noun;B2;simpatía
symptom;Noun;B1;síntoma
system;Noun;A2;sistema
table;Noun;A1;mesa
tablet;Noun;A2;tableta
tail;Noun;B1;cola
take;Verb;A1;tomar
tale;Noun;B2;cuento
talent;Noun;B1;talento
talented;Adjective;B1;talentoso
talk;Verb , Noun;A1, A2;hablar
tall;Adjective;A1;alto
tank;Noun;B2;tanque
tape;Noun;B1;cinta
target;Noun, Verb;A2, B2;objetivo
task;Noun;A2;tarea
taste;Noun Verb;A2;gusto
tax;Noun Verb;B1;impuesto
taxi;Noun;A1;Taxi
tea;Noun;A1;té
teach;Verb;A1;enseñar
teacher;Noun;A1;profesor
teaching;Noun;A2;enseñando
team;Noun;A1;equipo
tear1;Verb Noun;B2;tear1
tear2;Noun;B2;tear2
technical;Adjective;B1;técnico
technique;Noun;B1;técnica
technology;Noun;A2;tecnología
teenage;Adjective;A2;Adolescente
teenager;Noun;A1;adolescente
telephone;Noun Verb;A1;teléfono
television;Noun;A1;televisión
tell;Verb;A1;contar
temperature;Noun;A2;temperatura
temporary;Adjective;B2;temporal
ten;number;A1;diez
tend;Verb;B1;tender
tennis;Noun;A1;tenis
tent;Noun;B1;tienda
term;Noun, Verb;A2, B2;término
terrible;Adjective;A1;terrible
test;Noun Verb;A1;prueba
text;Noun, Verb;A1, A2;texto
than;conj.;A1;que
thank;Verb;A1;gracias
thanks;exclam. Noun;A1;Gracias
that;det. proNoun conj., Adverb;A1, B1;ese
the;definite article;A1;el
theatre;Noun;A1;teatro
their;det.;A1;su
theirs;proNoun;B1;suyo
them;proNoun;A1;ellos
theme;Noun;B1;tema
themselves;proNoun;A2;sí mismos
then;Adverb;A1;luego
theory;Noun;B1;teoría
therapy;Noun;B2;terapia
there;Adverb;A1;ahí
therefore;Adverb;B1;por lo tanto
they;proNoun;A1;ellos
thick;Adjective;A2;grueso
thief;Noun;A2;ladrón
thin;Adjective;A2;Delgado
thing;Noun;A1;cosa
think;Verb;A1;pensar
thinking;Noun;A2;pensando
third;number, Noun;A1, A2;tercero
thirsty;Adjective;A1;sediento
thirteen;number;A1;trece
thirty;number;A1;treinta
this;det./proNoun, Adverb;A1, B1;esta
though;conj. Adverb;B1;aunque
thought;Noun;A2;pensamiento
thousand;number;A1;mil
threat;Noun;B2;amenaza
threaten;Verb;B2;amenazar
three;number;A1;Tres
throat;Noun;B1;garganta
through;prep. Adverb;A1;mediante
throughout;prep./Adverb;B1;en todo
throw;Verb;A2;lanzar
Thursday;Noun;A1;jueves
thus;Adverb;B2;así
ticket;Noun;A1;boleto
tidy;Adjective v;A2;ordenado
tie;Verb Noun;A2;Corbata
tight;Adjective;B1;apretado
till;conj./prep.;B1;hasta que
time;Noun, Verb;A1, B2;hora
tin;Noun;B1;estaño
tiny;Adjective;B1;minúsculo
tip;Noun, Verb;A2, B1;propina
tired;Adjective;A1;cansado
title;Noun;A1, B2;título
to;prep., infinitive marker;A1;a
today;Adverb Noun;A1;hoy
toe;Noun;B1;dedo del pie
together;Adverb;A1;juntos
toilet;Noun;A1;baño
tomato;Noun;A1;tomate
tomorrow;Adverb Noun;A1;mañana
tone;Noun;B2;tono
tongue;Noun;B1;lengua
tonight;Adverb n;A1;esta noche
too;Adverb;A1;también
tool;Noun;A2;herramienta
tooth;Noun;A1;diente
top;Noun, Adjective;A2;parte superior
topic;Noun;A1;tema
total;Adjective Noun;B1;total
totally;Adverb;B1;totalmente
touch;Verb , Noun;A2, B1;toque
tough;Adjective;B2;difícil
tour;Noun, Verb;A2, B1;excursión
tourism;Noun;A2;turismo
tourist;Noun;A1;turista
towards;prep.;A2;hacia
towel;Noun;A2;toalla
tower;Noun;A2;torre
town;Noun;A1;pueblo
toy;Noun, Adjective;A2;juguete
track;Noun, Verb;A2, B2;pista
trade;Noun, Verb;B1;comercio
tradition;Noun;A2;tradicion
traditional;Adjective;A2;tradicional
traffic;Noun;A1;tráfico
train;Noun, Verb;A1, A2;entrenar
trainer;Noun;A2;entrenador
training;Noun;A2;formación
transfer;Verb Noun;B2;transferir
transform;Verb;B2;transformar
transition;Noun;B2;transición
translate;Verb;B1;traducir
translation;Noun;B1;Traducción
transport;Noun, Verb;A2, B1;transporte
travel;Verb Noun;A1;viaje
traveller;Noun;A2;viajero
treat;Verb;B1;tratar
treatment;Noun;B1;tratamiento
tree;Noun;A1;árbol
trend;Noun;B1;tendencia
trial;Noun;B2;juicio
trick;Noun Verb;B1;truco
trip;Noun, Verb;A1, B2;viaje
tropical;Adjective;B2;tropical
trouble;Noun, Verb;A2, B2;problema
trousers;Noun;A1;pantalones
truck;Noun;A2;camión
TRUE;Adjective;A1;CIERTO
truly;Adverb;B2;verdaderamente
trust;Noun Verb;B2;confiar
truth;Noun;B1;verdad
try;Verb , Noun;A1, B2;tratar
T-shirt;Noun;A1;camiseta
tube;Noun;B1;tubo
Tuesday;Noun;A1;martes
tune;Noun;B2;melodía
tunnel;Noun;B2;túnel
turn;Verb Noun;A1;giro
TV;Noun;A1;televisión
twelve;number;A1;doce
twenty;number;A1;veinte
twice;Adverb;A1;dos veces
twin;Noun Adjective;A2;gemelo
two;number;A1;dos
type;Noun, Verb;A1, B1;tipo
typical;Adjective;A2;típico
typically;Adverb;B1;típicamente
tyre;Noun;B1;neumático
ugly;Adjective;B1;feo
ultimately;Adverb;B2;por último
umbrella;Noun;A1;paraguas
unable;Adjective;B1;incapaz
uncle;Noun;A1;tío
uncomfortable;Adjective;B1;incómodo
unconscious;Adjective;B2;inconsciente
under;prep. Adj;A1;debajo
underground;Adjective Adverb;A2;subterráneo
understand;Verb;A1;entender
understanding;Noun;A2;comprensión
underwear;Noun;B1;ropa interior
unemployed;Adjective;B1;desempleados
unemployment;Noun;B1;desempleo
unexpected;Adjective;B2;inesperado
unfair;Adjective;B1;injusto
unfortunately;Adverb;A2;Desafortunadamente
unhappy;Adjective;A2;infeliz
uniform;Noun;A2;uniforme
union;Noun;B1;Unión
unique;Adjective;B2;único
unit;Noun;A2;unidad
united;Adjective;A2;unido
universe;Noun;B2;universo
university;Noun;A1;Universidad
unknown;Adjective;B2;desconocido
unless;conj.;B1;a no ser que
unlike;prep.;B1;diferente a
unlikely;Adjective;B1;improbable
unnecessary;Adjective;B1;innecesario
unpleasant;Adjective;B1;desagradable
until;conj./prep.;A1;hasta
unusual;Adjective;A2;raro
up;Adverb proNoun;A1;arriba
update;Verb Noun;B1;actualizar
upon;prep.;B1;sobre
upper;Adjective;B2;Superior
upset;Adjective v;B1;trastornado
upstairs;Adverb , Adjective;A1, A2;piso de arriba
upwards;Adverb;B2;hacia arriba
urban;Adjective;B2;urbano
urge;Verb;B2;impulso
us;proNoun;A1;nos
use;Verb , Noun;A1, A2;utilizar
used;Adjective;B1;usado
used to;modal Verb;A2;Acostumbrado a
useful;Adjective;A1;útil
user;Noun;A2;usuario
usual;Adjective;A2;usual
usually;Adverb;A1;generalmente
vacation;Noun;A1;vacaciones
valley;Noun;A2;Valle
valuable;Adjective;B1;valioso
value;Noun, Verb;B1, B2;valor
van;Noun;A2;camioneta
variety;Noun;A2;variedad
various;Adjective;B1;varios
vary;Verb;B2;variar
vast;Adjective;B2;vasto
vegetable;Noun;A1;vegetal
vehicle;Noun;A2;vehículo
venue;Noun;B2;lugar de eventos
version;Noun;B1;versión
very;Adverb , Adjective;A1, B1;muy
via;prep.;B2;vía
victim;Noun;B1;víctima
victory;Noun;B2;victoria
video;Noun;A1;vídeo
view;Noun, Verb;A2,;ver
viewer;Noun;B1;espectador
village;Noun;A1;pueblo
violence;Noun;B2;violencia
violent;Adjective;B1;violento
virtual;Adjective;B2;virtual
virus;Noun;A2;virus
vision;Noun;B2;visión
visit;Verb Noun;A1;visitar
visitor;Noun;A1;visitante
visual;Adjective;B2;visual
vital;Adjective;B2;vital
vitamin;Noun;B2;vitamina
voice;Noun;A2;voz
volume;Noun;B2;volumen
volunteer;Noun Verb;B1;voluntario
vote;Noun Verb;B1;votar
wage;Noun;B2;salario
wait;Verb , Noun;A1, A2;Espere
waiter;Noun;A1;camarero
wake;Verb;A1;despertar
walk;Verb Noun;A1;caminar
wall;Noun;A1;pared
want;Verb;A1;querer
war;Noun;A2;guerra
warm;Adjective , v;A1, B1;calentar
warn;Verb;B1;advertir
warning;Noun;B1;advertencia
wash;Verb , Noun;A1, A2;lavar
washing;Noun;A2;Lavado
waste;Noun v, Adjective;B1;residuos
watch;Verb Noun;A1;reloj
water;Noun, Verb;A1, B1;agua
wave;Noun;A2, B1;ola
way;Noun;A1, B2;camino
we;proNoun;A1;nosotros
weak;Adjective;A2;débiles
weakness;Noun;B2;debilidad
wealth;Noun;B2;riqueza
wealthy;Adjective;B2;rico
weapon;Noun;B1;arma
wear;Verb;A1;vestir
weather;Noun;A1;clima
web;Noun;A2;web
website;Noun;A1;sitio web
wedding;Noun;A2;Boda
Wednesday;Noun;A1;miércoles
week;Noun;A1;semana
weekend;Noun;A1;fin de semana
weigh;Verb;B1;pesar
weight;Noun;A2;peso
welcome;exclam. Verb Adjective , n;A1, A2;bienvenidos
well;Adverb , Adjective , exclam.;A1;bien
west;Noun Adjective Adverb;A1;Oeste
western;Adjective;B1;occidental
wet;Adjective;A2;mojado
what;proNoun/det.;A1;qué
whatever;det./proNoun;B1;lo que sea
wheel;Noun;A2;rueda
when;Adverb proNounconj.;A1;cuando
whenever;conj.;B1;cuando
where;Adverb conj.;A1;dónde
whereas;conj.;B2;mientras
wherever;conj.;B2;donde quiera
whether;conj.;B1;ya sea
which;proNoun/det.;A1;cual
while;conj., Noun;A2, B1;mientras
whisper;Verb Noun;B2;susurro
white;Adjective Noun;A1;blanco
who;proNoun;A1;OMS
whole;Adjective , n;A2, B1;todo
whom;proNoun;B2;quién
whose;det./proNoun;A2;cuyo
why;Adverb;A1;por qué
wide;Adjective;A2;amplio
widely;Adverb;B2;extensamente
wife;Noun;A1;esposa
wild;Adjective;A2;salvaje
wildlife;Noun;B2;fauna silvestre
will;modal, Noun Verb;A1,;será
willing;Adjective;B2;complaciente
win;Verb , Noun;A1, B1;ganar
wind1;Noun;A2;wind1
wind2;Verb;B2;Wind2
window;Noun;A1;ventana
wine;Noun;A1;vino
wing;Noun;B1;ala
winner;Noun;A2;ganador
winter;Noun;A1;invierno
wire;Noun;B2;cable
wise;Adjective;B2;sabio
wish;Verb Noun;A2;deseo
with;prep.;A1;con
within;prep.;B1;dentro
without;prep.;A1;sin
witness;Noun Verb;B2;testigo
woman;Noun;A1;mujer
wonder;Verb Noun;B1;preguntarse
wonderful;Adjective;A1;maravilloso
wood;Noun;A2;madera
wooden;Adjective;A2;de madera
wool;Noun;B1;lana
word;Noun;A1;palabra
work;Verb Noun;A1;trabajo
worker;Noun;A1;trabajador
working;Adjective;A2;trabajando
world;Noun;A1;mundo
worldwide;Adjective Adverb;B1;en todo el mundo
worried;Adjective;A2;preocupado
worry;Verb Noun;A2, B1;preocupación
worse;Adjective, AdVerb Noun;A2,B1, B2;peor
worst;Adjective, AdVerb;A2,B1, B2;peor
worth;Adjective, Noun;B1, B2;valor
would;modal, Verb;A1;haría
wound;Noun Verb;B2;herida
wow;exclam.;A2;Guau
wrap;Verv;B2;envolver
write;Verb;A1;escribir
writer;Noun;A1;escritor
writing;Noun;A1;escritura
written;Adjective;B1;escrito
wrong;Adjective, AdVerb Noun;A1, B1, B2;incorrecto
yard;Noun;B1;yarda
yeah;exclam.;A1;Si
year;Noun;A1;año
yellow;Adjective, Noun;A1;amarillo
yes;exclam.;A1;si
yesterday;AdVerb Noun;A1;ayer
yet;AdVerb conj.;A2, B2;todavía
you;proNoun;A1;tú
young;Adjective, Noun;A1, B1;joven
your;det.;A1;tu
yours;proNoun;A2;tuya
yourself;proNoun;A1;usted mismo
youth;Noun;B1;juventud
zero;number;A2;cero
zone;Noun;B2;zona
