a, an;indefinite, article;A1;a,
abandon;Verb;B2;kuachana
ability;Noun;A2;uwezo
able;Adjective;A2;uwezo
about;prep. Adverb;A1;kuhusu
above;prep. Adverb;A1;juu
abroad;Adverb;A2;nje ya nchi
absolute;Adjective;B2;kabisa
absolutely;Adverb;B1;kabisa
academic;adj, Noun;B1, B2;kitaaluma
accept;Verb;A2;kukubali
acceptable;Adjective;B2;kukubalika
access;Noun Verb;B1;upatikanaji
accident;Noun;A2;ajali
accommodation;Noun;B1;malazi
accompany;Verb;B2;kuongozana
according to;prep.;A2;kulingana na
account;Noun Verb;B1, B2;akaunti
accurate;Adjective;B2;sahihi
accuse;Verb;B2;mashtaka
achieve;Verb;A2;kufikia
achievement;Noun;B1;mafanikio
acknowledge;Verb;B2;Tambua
acquire;Verb;B2;Jipatie
across;prep. Adverb;A1;katika
act;Verb Noun;A2,B1;hatua
action;Noun;A1;hatua
active;Adjective;A2;kazi
activity;Noun;A1;shughuli
actor;Noun;A1;muigizaji
actress;Noun;A1;mwigizaji
actual;Adjective;B2;halisi
actually;Adverb;A2;kweli
ad;Noun;B1;tangazo
adapt;Verb;B2;kukabiliana
add;Verb;A1;kuongeza
addition;Noun;B1;Aidha
additional;Adjective;B2;ziada
address;Noun Verb;A1,B2;mahali
administration;Noun;B2;Usimamizi
admire;Verb;B1;admire
admit;Verb;B1;kukubali
adopt;Verb;B2;kupitisha
adult;Noun adj;A1,A2;watu wazima
Advance;Noun Verb adj;B2;mapema
Advanced;Adjective;B1;Advanced
Advantage;Noun;A2;faida
Adventure;Noun;A2;Adventure
Advertise;Verb;A2;kutangaza
Advertisement;Noun;A2;tangazo
Advertising;Noun;A2;Utangazaji
Advice;Noun Verb;A1, B1;ushauri
affair;Noun;B2;jambo
affect;Verb;A2;kuathiri
afford;Verb;B1;kumudu
afraid;Adjective;A1;hofu
after;prep. conj. Adverb;A1,A2;baada
afternoon;Noun;A1;alasiri
afterwards;Adverb;B2;baadaye
again;Adverb;A1;tena
against;prep;A2;dhidi
age;Noun Verb;A1, B1;umri
aged;Adjective;B1;wenye umri wa miaka
agency;Noun;B2;wakala
agenda;Noun;B2;ajenda
agent;Noun;B1;wakala
aggressive;Adjective;B2;fujo
ago;Adverb;A1;iliyopita
agree;Verb;A1;kubali
agreement;Noun;B1;makubaliano
ah;exclam.;A2;ah
ahead;Adverb;B1;mbele
aid;Noun Verb;B2;misaada
aim;Verb Noun;B1;lengo
air;Noun;A1;hewa
aircraft;Noun;B2;Ndege
airline;Noun;A2;ndege
airport;Noun;A1;uwanja wa ndege
alarm;Noun Verb;B1, B2;kengele
album;Noun;B1;albamu
alcohol;Noun;B1;pombe
alcoholic;Adjective;B1;pombe
alive;Adjective;A2;hai
all;det. pron, Adverb;A1, A2;kila
all right;Adjective, Adverb exclam;A2;sawa
allow;Verb;A2;kuruhusu
almost;Adverb;A2;karibu
alone;Adjective, Adverb;A2;peke
along;prep. Adverb;A2;pamoja
already;Adverb;A2;tayari
also;Adverb;A1;pia
alter;Verb;B2;alter
alternative;Noun Adjective;A2, B1;mbadala
although;conj;A2;ingawa
always;Adverb;A1;kila mara
amazed;Adjective;B1;alishangaa
amazing;Adjective;A1;kushangaza
ambition;Noun;B1;tamaa
ambitious;Adjective;B1;kabambe
among;prep.;A2;kati
amount;Noun Verb;A2, B2;kiasi
analyse;Verb;B1;kuchambua
analysis;Noun;B1;uchambuzi
ancient;Adjective;A2;kale
and;conj;A1;na
anger;Noun;B2;hasira
angle;Noun;B2;angle
angry;Adjective;A1;hasira
animal;Noun;A1;mnyama
ankle;Noun;A2;ankle
anniversary;Noun;B2;maadhimisho ya miaka
announce;Verb;B1;kutangaza
announcement;Noun;B1;tangazo
annoy;Verb;B1;waudhi
annoyed;Adjective;B1;annoyed
annoying;Adjective;B1;annoying
annual;Adjective;B2;mwaka
another;det. proNoun;A1;mwingine
answer;Noun Verb;A1;jibu
anxious;Adjective;B2;wasiwasi
any;det. proNoun, Adverb;A1, A2;yoyote
anybody;pron;A2;mtu yeyote
any more;Adverb;A2;tena
anyone;pron;A1;yeyote
anything;pron;A1;chochote
anyway;Adverb;A2;anyway
anywhere;AdVerb proNoun;A2;mahali popote
apart;Adverb;B1;kando
apartment;Noun;A1;ghorofa
apologize;Verb;B1;kuomba msamaha
app;Noun;A2;programu
apparent;Adjective;B2;dhahiri
apparently;Adverb;B2;inaonekana
appeal;Noun Verb;B2;rufaa
appear;Verb;A2;onekana
appearance;Noun;A2;mwonekano
apple;Noun;A1;tofaa
application;Noun;B1;maombi
apply;Verb;A2;kuomba
appointment;Noun;B1;uteuzi
appreciate;Verb;B1;kufahamu
approach;Noun Verb;B2;mbinu
appropriate;Adjective;B2;sahihi
approval;Noun;B2;ruhusa
approve;Verb;B2;kupitisha
approximately;Adverb;B1;takriban
April;Noun;A1;Aprili
architect;Noun;A2;mbunifu
architecture;Noun;A2;usanifu
area;Noun;A1;eneo
argue;Verb;A2;wanasema
argument;Noun;A2;hoja
arise;Verb;B2;kutokea
arm;Noun;A1;mkono
armed;Adjective;B2;silaha
arms;Noun;B2;silaha
army;Noun;A2;jeshi
around;prep. Adverb;A1;karibu
arrange;Verb;A2;kupanga
arrangement;Noun;A2;mpangilio
arrest;Verb Noun;B1;kukamatwa
arrival;Noun;B1;kuwasili
arrive;Verb;A1;kuwasili
art;Noun;A1;sanaa
article;Noun;A1;makala
artificial;Adjective;B2;bandia
artist;Noun;A1;msanii
artistic;Adjective;B2;sanaa
as;prep., Adverb conj.;A1, A2;kama
ashamed;Adjective;B2;aibu
asleep;Adjective;A2;amelala
ask;Verb;A1;kuuliza
aspect;Noun;B2;kipengele
assess;Verb;B2;kutathmini
assessment;Noun;B2;tathmini
assignment;Noun;B1;kazi
assist;Verb;B1;kusaidia
assistant;Noun Adjective;A2;msaidizi
associate;Verb;B2;mshirika
associated;Adjective;B2;kuhusishwa
association;Noun;B2;chama
assume;Verb;B2;kudhani
at;prep.;A1;katika
athlete;Noun;A2;mwanamichezo
atmosphere;Noun;B1;anga
attach;Verb;B1;ambatisha
attack;Noun Verb;A2;mashambulizi
attempt;Noun Verb;B2;jaribio
attend;Verb;A2;hudhuria
attention;Noun exclam.;A2;tahadhari
attitude;Noun;B1;mtazamo
attract;Verb;B1;kuvutia
attraction;Noun;B1;kivutio
attractive;Adjective;A2;kuvutia
audience;Noun;A2;watazamaji
August;Noun;A1;Agosti
aunt;Noun;A1;shangazi
author;Noun;A2;mwandishi
authority;Noun;B1;mamlaka
autumn;Noun;A1;vuli
available;Adjective;A2;inapatikana
average;Adjective, Noun Verb;A2, B1;kila
avoid;Verb;A2;kuepuka
award;Noun Verb;A2, B1;tuzo
aware;Adjective;B1;ufahamu
away;Adverb;A1;mbali
awful;Adjective;A2;kutisha
baby;Noun;A1;mtoto
back;Noun AdVerb Adjective, Verb;A1, A2, B2;nyuma
background;Noun;A2;background
backwards;Adverb;B1;nyuma
bacteria;Noun;B2;bakteria
bad;Adjective;A1;mbaya
badly;Adverb;A2;vibaya
bag;Noun;A1;mfuko
bake;Verb;B1;bake
balance;Noun Verb;B1;usawa
ball;Noun;A1;mpira
ban;Verb Noun;B1;ban
banana;Noun;A1;ndizi
band;Noun;A1;band
bank (money);Noun;A1;benki (fedha)
bank (river);Noun;B1;benki (mto)
bar;Noun Verb;A2, B2;bar
barrier;Noun;B2;kizuizi
base;Noun Verb;B1;msingi
baseball;Noun;A2;baseball
based;Adjective;A2;kulingana
basketball;Noun;A2;mpira wa kikapu
basic;Adjective;B1;msingi
basically;Adverb;B2;kimsingi
basis;Noun;B1;msingi
bath;Noun;A1;kuoga
bathroom;Noun;A1;bafuni
battery;Noun;B1;betri
battle;Noun Verb;B1, B2;vita
be;Verb auxiliary Verb;A1;kuwa
beach;Noun;A1;beach
bean;Noun;A2;maharage
bear (deal with);Verb;B2;kubeba (mkataba na)
bear (animal);Noun;A2;kubeba (mnyama)
beat;Verb Noun;A2, B2;piga
beautiful;Adjective;A1;nzuri
beauty;Noun;B1;uzuri
because;conj.;A1;kwa sababu
become;Verb;A1;kuwa
bed;Noun;A1;kitanda
bedroom;Noun;A1;chumba cha kulala
bee;Noun;B1;nyuki
beef;Noun;A2;nyama
beer;Noun;A1;bia
before;prep., conj. Adverb;A1, A2;kabla
beg;Verb;B2;omba
begin;Verb;A1;kuanza
beginning;Noun;A1;mwanzo
behave;Verb;A2;mienendo
behaviour;Noun;A2;tabia
behind;prep. Adverb;A1;nyuma ya
being;Noun;B2;kuwa
belief;Noun;B1;imani
believe;Verb;A1;kuamini
bell;Noun;B1;kengele
belong;Verb;A2;ni mali
below;Adverb prep.;A1;chini
belt;Noun;A2;ukanda
bend;Verb Noun;B1;kona
benefit;Verb NouNoun;A2, B1;faida
bent;Adjective;B2;bent
best;Adjective, AdVerb Noun;A1, A2;bora
bet;Verb Noun;B2;bet
better;Adjective , Adverb , Noun;A1, A2, B1;bora
between;prep., Adverb;A1, A2;kati
beyond;prep. Adverb;B2;zaidi
bicycle;Noun;A1;baiskeli
big;Adjective;A1;kubwa
bike;Noun;A1;baiskeli
bill;Noun Verb;A1, B2;muswada
billion number; ;A2;bilioni idadi
bin;Noun;A2;bin
biology;Noun;A2;biolojia
bird;Noun;A1;ndege
birth;Noun;A2;kuzaliwa
birthday;Noun;A1;siku ya kuzaliwa
biscuit;Noun;A2;biskuti
bit;Noun;A2;bit
bite;Verb Noun;B1;kuuma
bitter;Adjective;B2;uchungu
black;Adjective, Noun;A1;nyeusi
blame;Verb Noun;B2;lawama
blank;Adjective, Noun;A2;tupu
blind;Adjective;B2;kipofu
block;Noun Verb;B1;block
blog;Noun;A1;blog
blonde;Adjective;A1;blonde
blood;Noun;A2;damu
blow;Verb;A2;pigo
blue;Adjective, Noun;A1;bluu
board;Noun Verb;A2, B1;bodi
boat;Noun;A1;mashua
body;Noun;A1;mwili
boil;Verb;A2;jipu
bomb;Noun Verb;B1;bomu
bond;Noun;B2;dhamana
bone;Noun;A2;mfupa
book;Noun Verb;A1, A2;kitabu
boot;Noun;A1;Boot
border;Noun Verb;B1, B2;mpaka
bored;Adjective;A1;kuchoka
boring;Adjective;A1;kuchosha
born;Verb;A1;kuzaliwa
borrow;Verb;A2;azima
boss;Noun;A2;bosi
both;det./proNoun;A1;wote
bother;Verb;B1;kujisumbua
bottle;Noun;A1;chupa
bottom;NouNoun Adjective;A2;chini
bowl;Noun;A2;bakuli
box;Noun;A1;sanduku
boy;Noun;A1;mvulana
boyfriend;Noun;A1;mpenzi
brain;Noun;A2;ubongo
branch;Noun;B1;tawi
brand;Noun Verb;B1;brand
brave;Adjective;B1;ujasiri
bread;Noun;A1;mkate
break;Verb Noun;A1;mapumziko
breakfast;Noun;A1;kifungua kinywa
breast;Noun;B2;Titi
breath;Noun;B1;pumzi
breathe;Verb;B1;kupumua
breathing;Noun;B1;kinga
bride;Noun;B1;bibi
bridge;Noun;A2;daraja
brief;Adjective;B2;kifupi
bright;Adjective;A2;mkali
brilliant;Adjective;A2;kipaji
bring;Verb;A1;kuleta
broad;Adjective;B2;pana
broadcast;Verb Noun;B2;matangazo
broken;Adjective;A2;kuvunjwa
brother;Noun;A1;kaka
brown;Adjective, Noun;A1;kahawia
brush;Verb Noun;A2;brashi
bubble;Noun;B1;Bubble
budget;Noun;B2;bajeti
build;Verb;A1;kujenga
building;Noun;A1;jengo
bullet;Noun;B2;risasi
bunch;Noun;B2;rundo
burn;Verb Noun;A2, B2;choma
bury;Verb;B1;kumzika
bus;Noun;A1;bus
bush;Noun;B2;Bush
business;Noun;A1;biashara
businessman;Noun;A2;mfanyabiashara
busy;Adjective;A1;busy
but;conj. prep;A1, B2;lakini
butter;Noun;A1;siagi
button;Noun;A2;kifungo
buy;Verb;A1;kununua
by;prep. Adverb;A1, B1;na
bye;exclam;A1;heri
cable;Noun;B2;cable
cafe;Noun;A1;mgahawa
cake;Noun;A1;keki
calculate;Verb;B2;mahesabu ya
call;Verb Noun;A1;wito
calm;Adjective Verb Noun;B1;shwari
camera;Noun;A1;kamera
camp;Noun Verb;A2;kambi
campaign;Noun Verb;B1;kampeni
camping;Noun;A2;kambi
campus;Noun;B1;chuo
can1;modal Verb;A1;can1
can2;Noun;A2;can2
cancel;Verb;B2;kufuta
cancer;Noun;B2;kansa
candidate;Noun;B1;mgombea
cannot;Verb;A1;haiwezi
cap;Noun;B1;cap
capable;Adjective;B2;uwezo
capacity;Noun;B2;uwezo
capital;Noun Adjective;A1;mji mkuu
captain;Noun;B1;nahodha
capture;Verb Noun;B2;kukamata
car;Noun;A1;gari
card;Noun;A1;kadi
care;Noun Verb;A2;huduma ya
career;Noun;A1;kazi
careful;Adjective;A2;makini
carefully;Adverb;A2;makini
careless;Adjective;B1;kutojali
carpet;Noun;A2;zulia
carrot;Noun;A1;karoti
carry;Verb;A1;kubeba
cartoon;Noun;A2;cartoon
case;Noun;A2;kesi
cash;Noun;A2;fedha
cast;Noun Verb;B2;kutupwa
castle;Noun;A2;ngome
cat;Noun;A1;paka
catch;Verb Noun;A2, B2;catch
category;Noun;B1;jamii
cause;Noun Verb;A2;sababu
CD;Noun;A1;CD
ceiling;Noun;B1;dari
celebrate;Verb;A2;kusherehekea
celebration;Noun;B1;sherehe
celebrity;Noun;A2;celebrity
cell;Noun;B2;kiini
cent;Noun;A1;asilimia
central;Adjective;B1;kati
centre;Noun Verb;A1, B1;kituo cha
century;Noun;A1;karne
ceremony;Noun;B1;sherehe
certain;Adjective;A2;baadhi
certainly;Adverb;A2;hakika
chain;Noun Verb;B1, B2;mlolongo
chair;Noun Verb;A1, B2;kiti
chairman;Noun;B2;mwenyekiti
challenge;Noun Verb;B1, B2;changamoto
champion;Noun;B1;bingwa
chance;Noun;A2;nafasi
change;Verb Noun;A1;mabadiliko
channel;Noun;B1;channel
chapter;Noun;B1;sura
character;Noun;A2;tabia
characteristic;Noun Adjective;B2;tabia
charge;Noun Verb;B1;malipo
charity;Noun;A2;upendo
chart;Noun Verb;A1, B2;chati
chat;Verb Noun;A2;kuzungumza
cheap;Adjective , Adverb;A1, B1;nafuu
cheat;Verb Noun;B1;kudanganya
check;Verb Noun;A1, A2;kuangalia
chef;Noun;A2;mpishi
cheerful;Adjective;B1;furaha
cheese;Noun;A1;jibini
chemical;Adjective, Noun;B1;kemikali
chemistry;Noun;A2;kemia
chest;Noun;B1;kifua
chicken;Noun;A1;kuku
chief;Adjective, Noun;B2;mkuu
child;Noun;A1;mtoto
childhood;Noun;B1;utoto
chip;Noun;A2;Chip
chocolate;Noun;A1;chocolate
choice;Noun;A2;uchaguzi
choose;Verb;A1;kuchagua
church;Noun;A2;kanisa
cigarette;Noun;A2;sigara
cinema;Noun;A1;sinema
circle;Noun Verb;A2;mzunguko
circumstance;Noun;B2;hali
cite;Verb;B2;wanaelezea
citizen;Noun;B2;raia
city;Noun;A1;mji
civil;Adjective;B2;kiraia
claim;Verb Noun;B1;madai
class;Noun;A1;darasa
classic;Adjective, Noun;B2;classic
classical;Adjective;A2;classical
classroom;Noun;A1;darasa
clause;Noun;B1;kifungu
clean;Adjective, Verb;A1;safi
clear;Adjective, Verb;A2, B1;wazi
clearly;Adverb;A2;wazi
clever;Adjective;A2;werevu
click;Verb Noun;B1;click
client;Noun;B1;mteja
climate;Noun;A2;hali ya hewa
climb;Verb Noun;A1, B1;kupanda
clock;Noun;A1;saa
close1;Verb Noun;A1, B2;close1
close2;Adjective , Adverb;A2, B1;close2
closed;Adjective;A2;C.
closely;Adverb;B2;karibu
cloth;Noun;B1;nguo
clothes;Noun;A1;nguo
clothing;Noun;A2;mavazi
cloud;Noun;A2;wingu
club;Noun;A1;klabu
clue;Noun;B1;kidokezo
coach;Noun Verb;A2, B1;kocha
coal;Noun;B1;makaa ya mawe
coast;Noun;A2;pwani
coat;Noun;A1;kanzu
code;Noun;A2;kanuni
coffee;Noun;A1;kahawa
coin;Noun;B1;sarafu
cold;Adjective Noun;A1;baridi
collapse;Verb Noun;B2;kuanguka
colleague;Noun;A2;mwenzake
collect;Verb;A2;kukusanya
collection;Noun;B1;ukusanyaji
college;Noun;A1;chuo
colour;Noun;A1;rangi
coloured;Adjective;B1;rangi
column;Noun;A2;safu
combination;Noun;B2;mchanganyiko
combine;Verb;B1;kuchanganya
come;Verb;A1;kuja
comedy;Noun;A2;vichekesho
comfort;Noun Verb;B2;faraja
comfortable;Adjective;A2;starehe
command;Noun Verb;B2;amri
comment;Noun Verb;A2, B1;maoni
commercial;Adjective Noun;B1;kibiashara
commission;Noun Verb;B2;tume
commit;Verb;B1;kufanya
commitment;Noun;B2;ahadi
committee;Noun;B2;kamati
common;Adjective Noun;A1;kawaida
commonly;Adverb;B2;kawaida
communicate;Verb;A2;kuwasiliana
communication;Noun;B1;mawasiliano
community;Noun;A2;jamii
company;Noun;A1;kampuni
compare;Verb;A1;kulinganisha
comparison;Noun;B1;kulinganisha
compete;Verb;A2;kushindana
competition;Noun;A2;ushindani
competitor;Noun;B1;mshindani
competitive;Adjective;B1;ushindani
complain;Verb;A2;kulalamika
complaint;Noun;B1;malalamiko
complete;Adjective Verb;A1;kamili
completely;Adverb;A2;kabisa
complex;Adjective, Noun;B1, B2;tata
complicated;Adjective;B2;ngumu
component;Noun;B2;sehemu
computer;Noun;A1;kompyuta
concentrate;Verb;B1;makini
concentration;Noun;B2;mkusanyiko
concept;Noun;B2;dhana
concern;Noun Verb;B2;wasiwasi
concerned;Adjective;B2;wasiwasi
concert;Noun;A1;tamasha
conclude;Verb;B1;kuhitimisha
conclusion;Noun;B1;hitimisho
condition;Noun;A2;hali
conduct;Verb Noun;B2;mwenendo
conference;Noun;A2;mkutano
confidence;Noun;B2;kujiamini
confident;Adjective;B1;ujasiri
confirm;Verb;B1;kuthibitisha
conflict;Noun Verb;B2;migogoro
confuse;Verb;B1;kuwachanganya
confused;Adjective;B1;changanyikiwa
confusing;Adjective;B2;utata
connect;Verb;A2;connect
connected;Adjective;A2;uhusiano
connection;Noun;B1;uhusiano
conscious;Adjective;B2;Fahamu
consequence;Noun;B1;matokeo
conservative;Adjective, Noun;B2;kihafidhina
consider;Verb;A2;kuzingatia
consideration;Noun;B2;kuzingatia
consist;Verb;B1;inajumuisha
consistent;Adjective;B2;thabiti
constant;Adjective;B2;mara kwa mara
constantly;Adverb;B2;mara kwa mara
construct;Verb;B2;kujenga
construction;Noun;B2;ujenzi
consume;Verb;B1;hutumia
consumer;Noun;B1;matumizi
contact;Noun Verb;B1;mawasiliano
contain;Verb;A2;vyenye
container;Noun;B1;chombo
contemporary;Adjective;B2;kisasa
content;Noun;B1;maudhui
contest;Noun Verb;B2;mashindano
context;Noun;A2;mazingira
continent;Noun;A2;bara
continue;Verb;A2;kuendelea
continuous;Adjective;B1;kuendelea
contract;Noun Verb;B2;mkataba
contrast;Noun Verb;B1;tofauti
contribute;Verb;B2;kuchangia
contribution;Noun;B2;mchango
control;Noun Verb;A2;kudhibiti
convenient;Adjective;B1;rahisi
conversation;Noun;A1;mazungumzo
convert;Verb;B2;kubadilisha
convince;Verb;B1;kuwashawishi
convinced;Adjective;B2;wanaamini
cook;Verb Noun;A1, A2;mpishi
cooker;Noun;A2;jiko
cooking;Noun;A1;kupikia
cool;Adjective, Verb;A1, B1;baridi
copy;Noun Verb;A2;nakala
core;Noun Adjective;B2;msingi
corner;Noun;A2;kona
corporate;Adjective;B2;ushirika
correct;Adjective Verb;A1;sahihi
correctly;Adverb;A2;usahihi
cost;Noun Verb;A1;gharama
costume;Noun;B1;Costume
cottage;Noun;B1;Cottage
cotton;Noun;B1;pamba
could;Verb;A1;inaweza
council;Noun;B2;halmashauri
count;Verb Noun;A2, B1;kuhesabu
country;Noun;A1;nchi
countryside;Noun;B1;mashambani
county;Noun;B2;kata
couple;Noun;A2;wanandoa
courage;Noun;B2;ujasiri
course;Noun;A1;kozi
court;Noun;B1;mahakama
cousin;Noun;A1;binamu
cover;Verb Noun;A2, B1;cover
covered;Adjective;B1;kufunikwa
cow;Noun;A1;ng'ombe
crash;Noun Verb;B2;ajali
crazy;Adjective;A2;wazimu
cream;Noun Adjective;A1, B1;cream
create;Verb;A1;kujenga
creation;Noun;B2;viumbe
creative;Adjective;A2;ubunifu
creature;Noun;B2;kiumbe
credit;Noun Verb;A2, B2;mikopo
crew;Noun;B2;wafanyakazi
crime;Noun;A2;uhalifu
criminal;Noun Adjective;A2, B1;jinai
crisis;Noun;B2;mgogoro
criterion;Noun;B2;kigezo
critic;Noun;B2;mkosoaji
critical;Adjective;B2;muhimu
criticism;Noun;B2;upinzani
criticize;Verb;B2;kukosoa
crop;Noun;B2;mazao
cross;Verb Noun;A2;msalaba
crowd;Noun;A2;umati
crowded;Adjective;A2;inaishi
crucial;Adjective;B2;muhimu
cruel;Adjective;B1;kikatili
cry;Verb Noun;A2, B2;kilio
cultural;Adjective;B1;utamaduni
culture;Noun;A1;utamaduni
cup;Noun;A1;kikombe
cupboard;Noun;A2;kabati
cure;Verb Noun;B2;tiba
curly;Adjective;A2;zilizojisokota
currency;Noun;B1;fedha
current;Adjective, Noun;B1, B2;sasa
currently;Adverb;B1;sasa
curtain;Noun;B1;pazia
curve;Noun Verb;B2;Curve
curved;Adjective;B2;ikiwa
custom;Noun;B1;desturi
customer;Noun;A1;mteja
cut;Verb , Noun;A1, B1;kata
cycle;Noun Verb;A2, B1;mzunguko
dad;Noun;A1;baba
daily;Adjective, Adverb;A2, B1;siku
damage;Noun Verb;B1;uharibifu
dance;Noun Verb;A1;ngoma
dancer;Noun;A1;mchezaji
dancing;Noun;A1;kucheza
danger;Noun;A2;hatari
dangerous;Adjective;A1;hatari
dark;Adjective, Noun;A1, A2;giza
data;Noun;A2;data
date;Noun Verb;A1, B2;tarehe
daughter;Noun;A1;binti
day;Noun;A1;siku
dead;Adjective;A2;wafu
deal;Verb Noun;A2, B1;mpango
dear;Adjective, exclam;A1, A2;dear
death;Noun;A2;kifo
debate;Noun Verb;B2;mjadala
debt;Noun;B2;madeni
decade;Noun;B1;muongo
December;Noun;A1;Desemba
decent;Adjective;B2;heshima
decide;Verb;A1;kuamua
decision;Noun;A2;uamuzi
declare;Verb;B2;kutangaza
decline;Verb Noun;B2;kushuka
decorate;Verb;B1;kupamba
decoration;Noun;B2;mapambo
decrease;Verb Noun;B2;kupungua
deep;Adjective, Adverb;A2, B1;kina
deeply;Adverb;B2;undani
defeat;Verb Noun;B2;kushindwa
defence;Noun;B2;ulinzi
defend;Verb;B2;kutetea
define;Verb;B1;kufafanua
definite;Adjective;B1;uhakika
definitely;Adverb;A2;dhahiri
definition;Noun;B1;ufafanuzi
degree;Noun;A2;shahada
delay;Verb Noun;B2;kuchelewa
deliberate;Adjective;B2;kujadili
deliberately;Adverb;B2;makusudi
delicious;Adjective;A1;ladha
delight;Verb Noun;B2;furaha
delighted;Adjective;B2;furaha
deliver;Verb;B1;kutoa
delivery;Noun;B2;utoaji
demand;Noun Verb;B2;mahitaji
demonstrate;Verb;B2;kuonyesha
dentist;Noun;A2;Daktari wa meno
deny;Verb;B2;kukana
department;Noun;A2;idara ya
departure;Noun;B1;kuondoka
depend;Verb;A2;hutegemea
depressed;Adjective;B2;unyogovu
depressing;Adjective;B2;tamaa
depth;Noun;B2;kina
describe;Verb;A1;kuelezea
description;Noun;A1;maelezo
desert;Noun Verb;A2, B2;jangwa
deserve;Verb;B2;stahili
design;Noun Verb;A1;kubuni
designer;Noun;A2;designer
desire;Noun Verb;B2;hamu
desk;Noun;A1;dawati
desperate;Adjective;B2;kukata tamaa
despite;prep;B1;licha
destination;Noun;B1;marudio
destroy;Verb;A2;kuharibu
detail;Noun Verb;A1, B2;undani
detailed;Adjective;B2;kina
detect;Verb;B2;kuchunguza
detective;Noun;A2;upelelezi
determine;Verb;B1;kuamua
determined;Adjective;B1;nia
develop;Verb;A2;kuendeleza
development;Noun;B1;maendeleo
device;Noun;A2;kifaa
diagram;Noun;B1;mchoro
dialogue;Noun;A1;mazungumzo
diamond;Noun;B1;Almasi
diary;Noun;A2;shajara
dictionary;Noun;A1;kamusi
die;Verb;A1;kufa
diet;Noun;A1;mlo
difference;Noun;A1;tofauti
different;Adjective;A1;tofauti
differently;Adverb;A2;tofauti
difficult;Adjective;A1;ngumu
difficulty;Noun;B1;ugumu
dig;Verb;B2;dig
digital;Adjective;A2;digital
dinner;Noun;A1;chajio
direct;Adjective, Verb Adverb;A2, B1;moja kwa moja
direction;Noun;A2;mwelekeo
directly;Adverb;B1;moja kwa moja
director;Noun;A2;mkurugenzi
dirt;Noun;B1;uchafu
dirty;Adjective;A1;chafu
Dis Adverbantage;Noun;B1;dis Adverbantage
disagree;Verb;A2;hawakubaliani
disappear;Verb;A2;kutoweka
disappointed;Adjective;B1;tamaa
disappointing;Adjective;B1;kuwakatisha tamaa
disaster;Noun;A2;janga
disc;Noun;B2;diski
discipline;Noun;B2;nidhamu
discount;Noun Verb;B1, B2;discount
discover;Verb;A2;Kugundua
discovery;Noun;A2;ugunduzi
discuss;Verb;A1;kujadili
discussion;Noun;A2;majadiliano
disease;Noun;A2;ugonjwa
dish;Noun;A1;sahani
dishonest;Adjective;B2;mwaminifu
dislike;Verb Noun;B1;chuki
dismiss;Verb;B2;kumfukuza
display;Verb Noun;B2;kuonyesha
distance;Noun;A2;umbali
distribute;Verb;B2;kusambaza
distribution;Noun;B2;usambazaji
district;Noun;B2;wilaya
divide;Verb Noun;B1, B2;mgawanyiko
division;Noun;B2;mgawanyiko
divorced;Adjective;A2;talaka
do;Verb auxiliary verb;A1;kufanya
doctor;Noun;A1;daktari
document;Noun Verb;A2, B2;hati
documentary;Noun;B1;documentary
dog;Noun;A1;mbwa
dollar;Noun;A1;dola
domestic;Adjective;B2;ndani
dominate;Verb;B2;kutawala
donate;Verb;B1;kuchangia
door;Noun;A1;mlango
double;Adjective det. proNoun Verb , Adverb;A2, B1;mara mbili
doubt;Noun Verb;B1;shaka
down;Adverb Prep;A1;chini
download;Verb Noun;A2;download
downstairs;Adverb , Adjective;A1, A2;chini
downwards;Adverb;B2;kwenda chini
dozen;Noun det;B2;kadhaa
draft;Noun Verb;B2;rasimu
drag;Verb;B2;buruta
drama;Noun;A2;mchezo wa kuigiza
dramatic;Adjective;B2;makubwa
draw;Verb;A1;kuteka
drawing;Noun;A2;kuchora
dream;Noun Verb;A2;ndoto
dress;Noun Verb;A1;nguo
dressed;Adjective;B1;wamevaa
drink;Noun Verb;A1;kunywa
drive;Verb Noun;A1, A2;gari
driver;Noun;A1;dereva
driving;Noun;A2;kuendesha gari
drop;Verb Noun;A2, B1;kushuka
drug;Noun;A2;madawa ya kulevya
drum;Noun;B1;ngoma
drunk;Adjective;B1;mlevi
dry;Adjective, Verb;A2;kavu
due;Adjective;B1;kutokana
during;prep;A1;wakati
dust;Noun;B1;vumbi
duty;Noun;B1;wajibu
DVD;Noun;A1;DVD
each;det./proNoun/Adverb;A1;kila
ear;Noun;A1;sikio
early;Adjective Adverb;A1;mapema
earn;Verb;A2;kupata
earth;Noun;A2;dunia
earthquake;Noun;B1;tetemeko la ardhi
easily;Adverb;A2;urahisi
east;Noun Adjective Adverb;A1;mashariki
eastern;Adjective;B1;mashariki
easy;Adjective;A1;rahisi
eat;Verb;A1;kula
economic;Adjective;B1;kiuchumi
economy;Noun;B1;uchumi
edge;Noun;B1;makali
edit;Verb;B2;hariri
edition;Noun;B2;toleo
editor;Noun;B1;mhariri
educate;Verb;B1;kuelimisha
educated;Adjective;B1;elimu
education;Noun;A2;elimu
educational;Adjective;B1;elimu
effect;Noun;A2;athari
effective;Adjective;B1;ufanisi
effectively;Adverb;B1;ufanisi
efficient;Adjective;B2;ufanisi
effort;Noun;B1;juhudi
egg;Noun;A1;yai
eight;number;A1;nane
eighteen;number;A1;kumi na nane
eighty;number;A1;themanini
either;det./proNoun Adverb;A2;ama
elderly;Adjective;B2;wazee
elect;Verb;B2;wateule
election;Noun;B1;uchaguzi
electric;Adjective;A2;umeme
electrical;Adjective;A2;umeme
electricity;Noun;A2;umeme
electronic;Adjective;A2;umeme
element;Noun;B1;kipengele
elephant;Noun;A1;tembo
eleven;number;A1;kumi na moja
else;Adverb;A1;mwingine
elsewhere;Adverb;B2;mahali pengine
email;Noun Verb;A1;email
embarrassed;Adjective;B1;aibu
embarrassing;Adjective;B1;aibu
emerge;Verb;B2;kuibuka
emergency;Noun;B1;dharura
emotion;Noun;B1;hisia
emotional;Adjective;B2;hisia
emphasis;Noun;B2;mkazo
emphasize;Verb;B2;kusisitiza
employ;Verb;A2;kuajiri
employee;Noun;A2;mfanyakazi
employer;Noun;A2;mwajiri
employment;Noun;B1;ajira
empty;Adjective, Verb;A2, B1;tupu
enable;Verb;B2;kuwawezesha
encounter;Verb Noun;B2;kukutana
encourage;Verb;B1;kuhamasisha
end;Noun Verb;A1;mwisho
ending;Noun;A2;kuishia
enemy;Noun;B1;adui
energy;Noun;A2;nishati
engage;Verb;B2;kushiriki
engaged;Adjective;B1;kushiriki
engine;Noun;A2;injini
engineer;Noun;A2;mhandisi
engineering;Noun;B1;Uhandisi
enhance;Verb;B2;kuongeza
enjoy;Verb;A1;kufurahia
enormous;Adjective;A2;kubwa
enough;det. proNoun Adverb;A1;kutosha
enquiry;Noun;B2;uchunguzi
ensure;Verb;B2;kuhakikisha
enter;Verb;A2;kuingia
entertain;Verb;B1;kuwakaribisha
entertainment;Noun;B1;burudani
enthusiasm;Noun;B2;shauku
enthusiastic;Adjective;B2;shauku
entire;Adjective;B2;nzima
entirely;Adverb;B2;kabisa
entrance;Noun;B1;Ingång
entry;Noun;B1;kuingia
environment;Noun;A2;mazingira
environmental;Adjective;B1;mazingira
episode;Noun;B1;sehemu
equal;Adjective, Verb Noun;B1, B2;sawa
equally;Adverb;B1;sawa
equipment;Noun;A2;vifaa
error;Noun;A2;makosa
escape;Verb Noun;B1;kutoroka
especially;Adverb;A2;hasa
essay;Noun;A2;insha
essential;Adjective;B1;muhimu
establish;Verb;B2;kuanzisha
estate;Noun;B2;mali
estimate;Verb Noun;B2;makisio
ethical;Adjective;B2;maadili
euro;Noun;A1;euro
evaluate;Verb;B2;kutathmini
even;AdVerb Adjective;A1, B2;hata
evening;Noun;A1;jioni
event;Noun;A1;tukio
eventually;Adverb;B1;hatimaye
ever;Adverb;A1;milele
every;det;A1;kila
everybody;proNoun;A1;kila mtu
everyday;Adjective;A2;kila siku
everyone;proNoun;A1;kila mtu
everything;proNoun;A1;kila kitu
everywhere;Adverb;A2;kila mahali
evidence;Noun;A2;ushahidi
evil;Adjective, Noun;B2;mabaya
exact;Adjective;A2;halisi
exactly;Adverb;A2;hasa
exam;Noun;A1;mtihani
examination;Noun;B2;uchunguzi
examine;Verb;B1;kuchunguza
example;Noun;A1;mfano
excellent;Adjective;A2;bora
except;prep, conj;A2, B1;ila
exchange;Noun Verb;B1;kubadilishana
excited;Adjective;A1;msisimko
excitement;Noun;B1;furaha
exciting;Adjective;A1;kusisimua
excuse;Noun Verb;B2;udhuru
executive;Noun Adjective;B2;mtendaji
exercise;Noun Verb;A1;zoezi
exhibition;Noun;B1;maonyesho
exist;Verb;A2;kuwepo
existence;Noun;B2;kuwepo
expand;Verb;B1;panua
expect;Verb;A2;kutarajia
expectation;Noun;B2;matarajio
expected;Adjective;B1;inatarajiwa
expedition;Noun;B1;safari
expense;Noun;B2;gharama
expensive;Adjective;A1;ghali
experience;Noun Verb;A2, B1;uzoefu
experienced;Adjective;B1;uzoefu
experiment;Noun Verb;A2, B1;majaribio
expert;Noun Adjective;A2;mtaalam
explain;Verb;A1;kueleza
explanation;Noun;A2;maelezo
explode;Verb;B1;kulipuka
exploration;Noun;B2;utafutaji wa
explore;Verb;B1;kuchunguza
explosion;Noun;B1;mlipuko
export;Noun Verb;B1;kuuza nje
expose;Verb;B2;nje
express;Verb;A2;kueleza
expression;Noun;A2;kujieleza
extend;Verb;B2;kupanua
extent;Noun;B2;kiasi
external;Adjective;B2;ya nje
extra;Adjective, Noun Adverb;A1, B1;ziada
extraordinary;Adjective;B2;ajabu
extreme;Adjective, Noun;A2, B2;uliokithiri
extremely;Adverb;A2;sana
eye;Noun;A1;jicho
face;Noun Verb;A1, B1;uso
facility;Noun;B2;kituo
fact;Noun;A1;ukweli
factor;Noun;A2;sababu
factory;Noun;A2;kiwanda
fail;Verb;A2;Fail
failure;Noun;B2;kushindwa
fair;Adjective;A2;haki
fairly;Adverb;B1;haki
faith;Noun;B2;imani
fall;Verb Noun;A1, A2;kuanguka
FALSE;Adjective;A1;FALSE
familiar;Adjective;B1;ukoo
family;Noun Adjective;A1;familia
famous;Adjective;A1;maarufu
fan;Noun;A2;shabiki
fancy;Verb Adjective;B1;dhana
fantastic;Adjective;A1;ajabu
far;Adverb , Adjective;A1, B1;mbali
farm;Noun Verb;A1, A2;mashamba
farmer;Noun;A1;mkulima
farming;Noun;A2;kilimo
fascinating;Adjective;B1;kuvutia
fashion;Noun;A2;mtindo
fashionable;Adjective;B1;mtindo
fast;Adjective, Adverb;A1;haraka
fasten;Verb;B1;fasten
fat;Adjective, Noun;A1, A2;mafuta
father;Noun;A1;baba
fault;Noun;B2;kosa
favour;Noun Verb;B1, B2;neema
favourite;Adjective, Noun;A1;favorite
fear;Noun Verb;A2, B1;hofu
feather;Noun;B2;unyoya
feature;Noun Verb;A2, B1;kipengele
February;Noun;A1;Februari
fee;Noun;B2;ada
feed;Verb Noun;A2, B2;kulisha
feedback;Noun;B2;maoni
feel;Verb Noun;A1, B2;kujisikia
feeling;Noun;A1;hisia
fellow;Adjective;B2;wenzake
female;Adjective, Noun;A2;kike
fence;Noun;B1;uzio
festival;Noun;A1;tamasha
few;det./Adjective, proNoun;A1;chache
fiction;Noun;A2;fiction
field;Noun;A2;uwanja
fifteen;number;A1;kumi na tano
fifth;number;A1;tano
fifty;number;A1;hamsini
fight;Verb Noun;A2;mapambano
fighting;Noun;B1;mapigano
figure;Noun Verb;A2, B2;takwimu
file;Noun Verb;B1, B2;file
fill;Verb;A1;kujaza
film;Noun Verb;A1, A2;filamu
final;Adjective, Noun;A1, A2;ya mwisho
finally;Adverb;A2;hatimaye
finance;Noun Verb;B2;fedha
financial;Adjective;B1;fedha
find;Verb;A1;kupata
finding;Noun;B2;kutafuta
fine;Adjective;A1;faini
finger;Noun;A2;kidole
finish;Verb Noun;A1, A2;kumaliza
fire;Noun Verb;A1, B1;moto
firm;Noun;B2;kampuni
first;det./number.AdVerb Noun;A1, A2;kwanza
firstly;Adverb;A2;kwanza
fish;Noun Verb;A1, A2;samaki
fishing;Noun;A2;uvuvi
fit;Verb Adjective;A2;fit
fitness;Noun;B1;fitness
five;number;A1;tano
fix;Verb Noun;A2, B2;fix
fixed;Adjective;B1;fasta
flag;Noun;B1;bendera
flame;Noun;B2;moto
flash;Noun Verb;B2;flash
flat;Noun Adjective;A1, A2;gorofa
flexible;Adjective;B2;rahisi
flight;Noun;A1;ndege
float;Verb;B2;kuelea
flood;Noun Verb;B1;mafuriko
floor;Noun;A1;sakafu
flour;Noun;B1;unga
flow;Verb Noun;B1;mtiririko
flower;Noun;A1;ua
flu;Noun;A2;mafua
fly;Verb Noun;A1, A2;kuruka
flying;Noun Adjective;A2;flying
focus;Verb Noun;A2;lengo
fold;Verb Noun;B1, B2;mara
folding;Adjective;B2;folding
folk;Noun Adjective;B1;watu
follow;Verb;A1;kufuata
following;Adjective, Noun prep;A2, B1, B2;zifuatazo
food;Noun;A1;chakula
foot;Noun;A1;mguu
football;Noun;A1;mpira wa miguu
for;prep.;A1;kwa
force;NounVerb;B1;nguvu
foreign;Adjective;A2;kigeni
forest;Noun;A2;msitu
forever;Adverb;B1;milele
forget;Verb;A1;kusahau
forgive;Verb;B2;kusamehe
fork;Noun;A2;uma
form;NounVerb;A1;aina
formal;Adjective;A2;rasmi
former;Adjective;B2;zamani
fortunately;Adverb;A2;kwa bahati nzuri
fortune;Noun;B2;bahati
forty;number;A1;arobaini
forward;AdVerb Adjective;A2, B2;mbele
found;Verb;B2;kupatikana
four;number;A1;nne
fourteen;number;A1;kumi na nne
fourth;number;A1;ya nne
frame;NounVerb;B1;sura
free;Adjective, AdVerb Verb;A1,A2,B2;bure
freedom;Noun;B2;uhuru
freeze;Verb;B1;kufungia
frequency;Noun;B2;frequency
frequently;Adverb;B1;mara kwa mara
fresh;Adjective;A2;safi
Friday;Noun;A1;Ijumaa
fridge;Noun;A2;friji
friend;Noun;A1;rafiki
friendly;Adjective;A1;kirafiki
friendship;Noun;B1;urafiki
frighten;Verb;B1;kuitisha
frightened;Adjective;B1;hofu
frightening;Adjective;B1;kutisha
frog;Noun;A2;chura
from;prep;A1;kutoka
front;Noun Adjective;A1;mbele
frozen;Adjective;B1;waliohifadhiwa
fruit;Noun;A1;matunda
fry;Verb;B1;kaanga
fuel;Noun Verb;B1, B2;mafuta
full;Adjective;A1;full
fully;Adverb;B2;kikamilifu
fun;Noun Adjective;A1, A2;furaha
function;Noun Verb;B1, B2;kazi
fund;Noun Verb;B2;mfuko
fundamental;Adjective;B2;msingi
funding;Noun;B2;fedha
funny;Adjective;A1;funny
fur;Noun;B1;manyoya
furniture;Noun;A2;samani
further;Adjective, Adverb;A2, B1;zaidi
furthermore;Adverb;B2;zaidi ya hapo
future;Noun Adjective;A1, A2;baadaye
gain;Verb Noun;B2;faida
gallery;Noun;A2;nyumba ya sanaa
game;Noun;A1;mchezo
gang;Noun;B2;kundi
gap;Noun;A2;pengo
garage;Noun;B1;karakana
garden;Noun;A1;bustani
gas;Noun;A2;gesi
gate;Noun;A2;mlango
gather;Verb;B1;kukusanya
general;Adjective;A2;ujumla
generally;Adverb;B1;ujumla
generate;Verb;B2;kuzalisha
generation;Noun;B1;kizazi
generous;Adjective;B1;mkarimu
genre;Noun;B2;Ghana
gentle;Adjective;B1;mpole
gentleman;Noun;B1;muungwana
geography;Noun;A1;jiografia
get;Verb;A1;kupata
ghost;Noun;B1;roho
giant;Adjective, Noun;B1;kubwa
gift;Noun;A2;zawadi
girl;Noun;A1;msichana
girlfriend;Noun;A1;mpenzi
give;Verb;A1;kutoa
glad;Adjective;B1;furahi
glass;Noun;A1;kioo
global;Adjective;B1;kimataifa
glove;Noun;B1;glove
go;Verb Noun;A1, B1;go
goal;Noun;A2;lengo
God;Noun;A2;Mungu
gold;Noun Adjective;A2;dhahabu
golf;Noun;A2;golf
good;Adjective, Noun;A1, A2;nzuri
goodbye;exclam. Noun;A1;kwaheri
goods;Noun;B1;vya
govern;Verb;B2;serikali
government;Noun;A2;serikali
grab;Verb;B2;kunyakua
grade;Noun Verb;B1, B2;daraja
gradually;Adverb;B2;hatua kwa hatua
graduate;Noun Verb;B1;Hitimu
grain;Noun;B1;nafaka
grand;Adjective;B2;kuu
grandfather;Noun;A1;babu
grandmother;Noun;A1;bibi
grandparent;Noun;A1;grandparent
grant;Verb Noun;B2;ruzuku
grass;Noun;A2;nyasi
grateful;Adjective;B1;shukrani
great;Adjective;A1;kubwa
green;Adjective, Noun;A1;kijani
greet;Verb;A2;kusalimiana
grey;Adjective, Noun;A1;kijivu
ground;Noun;A2;ardhi
group;Noun;A1;kundi
grow;Verb;A1;kukua
growth;Noun;B1;ukuaji
guarantee;Verb Noun;B2;dhamana
guard;Noun Verb;B1;mlinzi
guess;Verb Noun;A1;kukisia
guest;Noun;A2;mgeni
guide;Noun Verb;A2;mwongozo
guilty;Adjective;B1;hatia
guitar;Noun;A1;gitaa
gun;Noun;A2;bunduki
guy;Noun;A2;guy
gym;Noun;A1;mazoezi
habit;Noun;A2;tabia
hair;Noun;A1;nywele
half;Noundet.proNoun, Adverb;A1, A2;nusu
hall;Noun;A2;ukumbi
hand;Noun Verb;A1, B1;mkono
handle;Verb Noun;B2;kushughulikia
hang;Verb;B1;hang
happen;Verb;A1;kutokea
happily;Adverb;A2;kwa furaha
happiness;Noun;B1;furaha
happy;Adjective;A1;furaha
hard;Adjective, Adverb;A1;ngumu
hardly;Adverb;B1;vigumu
harm;Noun Verb;B2;madhara
harmful;Adjective;B2;madhara
hat;Noun;A1;kofia
hate;Verb Noun;A1, B1;chuki
have;Verb auxiliary Verb;A1, A2;kuwa na
have to modal;Verb;A1;Je, kwa modal
he;proNoun;A1;yeye
head;Noun Verb;A1, B1;kichwa
headache;Noun;A2;maumivu ya kichwa
headline;Noun;B1;kichwa cha habari
health;Noun;A1;afya
healthy;Adjective;A1;afya
hear;Verb;A1;sikia
hearing;Noun;B2;kusikia
heart;Noun;A2;moyo
heat;Noun Verb;A2;joto
heating;Noun;B1;joto
heaven;Noun;B2;mbinguni
heavily;Adverb;B1;sana
heavy;Adjective;A2;nzito
heel;Noun;B2;kisigino
height;Noun;A2;urefu
helicopter;Noun;B1;helikopta
hell;Noun;B2;kuzimu
hello;exclam./Noun;A1;hujambo
help;Verb Noun;A1;msaada
helpful;Adjective;A2;manufaa
her;proNoundet;A1;yake
here;Adverb;A1;hapa
hero;Noun;A2;shujaa
hers;proNoun;A2;hers
herself;proNoun;A2;yeye mwenyewe
hesitate;Verb;B2;usisite
hey;exclam;A1;hey
hi;exclam;A1;hi
hide;Verb;A2;kujificha
high;Adjective, AdVerb Noun;A1, A2, B2;high
highlight;Verb Noun;B1;kuonyesha
highly;Adverb;B1;yenye
hill;Noun;A2;kilima
him;proNoun;A1;naye
himself;proNoun;A2;mwenyewe
hire;Verb Noun;B1, B2;kukodisha
his;det. proNoun;A1, A2;yake
historic;Adjective;B1;kihistoria
historical;Adjective;B1;kihistoria
history;Noun;A1;historia
hit;Verb Noun;A2;hit
hobby;Noun;A1;hobby
hockey;Noun;A2;Hockey
hold;Verb Noun;A2, B2;umiliki
hole;Noun;A2;shimo
holiday;Noun;A1;Sikukuu
hollow;Adjective;B2;mashimo
holy;Adjective;B2;takatifu
home;Noun AdVerb Adjective;A1, A2;nyumba
homework;Noun;A1;kazi ya nyumbani
honest;Adjective;B1;waaminifu
honour;Noun Verb;B2;heshima
hope;Verb Noun;A1, A2;matumaini
horrible;Adjective;B1;kutisha
horror;Noun;B1;hofu
horse;Noun;A1;farasi
hospital;Noun;A1;hospitali
host;Noun Verb;B1, B2;jeshi
hot;Adjective;A1;moto
hotel;Noun;A1;hoteli
hour;Noun;A1;saa
house;Noun Verb;A1, B2;nyumba
household;Noun;B2;nyumbani
housing;Noun;B2;nyumba
how;Adverb;A1;vipi
however;Adverb;A1;hata hivyo
huge;Adjective;A2;kubwa
human;Adjective, Noun;A2;binadamu
humorous;Adjective;B2;ya kuchekesha
humour;Noun;B2;ucheshi
hundred;number;A1;mia
hungry;Adjective;A1;njaa
hunt;Verb Noun;B1, B2;kuwinda
hunting;Noun;B2;uwindaji
hurricane;Noun;B1;kimbunga
hurry;Noun Verb;B1;haraka
hurt;Verb Adjective Noun;A2, B2;madhara
husband;Noun;A1;mume
I;proNoun;A1;I
ice;Noun;A1;barafu
ice cream;Noun;A1;ice cream
idea;Noun;A1;wazo
ideal;Adjective , Noun;A2, B2;bora
identify;Verb;A2;kutambua
identity;Noun;B1;utambulisho
if;conj.;A1;kama
ignore;Verb;B1;kupuuza
ill;Adjective;A2;mgonjwa
illegal;Adjective;B1;haramu
illness;Noun;A2;ugonjwa
illustrate;Verb;B2;kuonyesha
illustration;Noun;B2;mfano
image;Noun;A2;picha
imaginary;Adjective;B1;imaginary
imagination;Noun;B2;mawazo
imagine;Verb;A1;kufikiria
immediate;Adjective;B1;haraka
immediately;Adverb;A2;mara
immigrant;Noun;B1;wahamiaji
impact;Noun Verb;B1;athari
impatient;Adjective;B2;papara
imply;Verb;B2;kuashiria
import;Noun Verb;B1;kuagiza
importance;Noun;B1;umuhimu
important;Adjective;A1;muhimu
impose;Verb;B2;kuweka
impossible;Adjective;A2;haiwezekani
impress;Verb;B2;kumvutia
impressed;Adjective;B2;hisia
impression;Noun;B1;hisia
impressive;Adjective;B1;kuvutia
improve;Verb;A1;kuboresha
improvement;Noun;B1;uboreshaji
in;prep., Adverb;A1;katika
inch;Noun;B2;inch
incident;Noun;B2;tukio hilo
include;Verb;A1;ni pamoja na
included;Adjective;A2;pamoja
including;prep.;A2;ikiwa ni pamoja na
income;Noun;B2;mapato
increase;Verb Noun;A2;Ongeza
increasingly;Adverb;B2;inazidi
incredible;Adjective;A2;ajabu
incredibly;Adverb;B1;incredibly
indeed;Adverb;B1;kweli
independent;Adjective;A2;kujitegemea
indicate;Verb;B1;zinaonyesha
indirect;Adjective;B1;moja kwa moja
individual;Noun, adj;A2;mtu binafsi
indoor;Adjective;B1;ndani
indoors;Adverb;B1;ndani ya nyumba
industrial;Adjective;B2;viwanda
industry;Noun;A2;sekta
infection;Noun;B2;maambukizi
influence;NounVerb;B1;ushawishi
inform;Verb;B2;kuwajulisha
informal;Adjective;A2;isiyo rasmi
information;Noun;A1;habari
ingredient;Noun;B1;ingredient
initial;Adjective;B2;awali
initially;Adverb;B2;awali
initiative;Noun;B2;mpango
injure;Verb;B1;kuwadhuru
injured;Adjective;B1;majeruhi
injury;Noun;A2;kuumia
inner;Adjective;B2;ndani
innocent;Adjective;B1;wasio na hatia
insect;Noun;A2;wadudu
inside;prep.Adverb Noun Adjective;A2;ndani
insight;Noun;B2;ufahamu
insist;Verb;B2;kusisitiza
inspire;Verb;B2;Inspire
install;Verb;B2;kufunga
instance;Noun;B2;mfano
instead;Adverb;A2;badala
institute;Noun;B2;taasisi
institution;Noun;B2;taasisi
instruction;Noun;A2;maelekezo
instructor;Noun;A2;mwalimu
instrument;Noun;A2;chombo
insurance;Noun;B2;bima
intelligence;Noun;B1;akili
intelligent;Adjective;A2;akili
intend;Verb;B1;nia
intended;Adjective;B2;lengo
intense;Adjective;B2;makali
intention;Noun;B1;nia
interest;Noun Verb;A1;hamu
interested;Adjective;A1;nia
interesting;Adjective;A1;kuvutia
internal;Adjective;B2;ndani
international;Adjective;A2;kimataifa
internet;Noun;A1;internet
interpret;Verb;B2;kutafsiri
interrupt;Verb;B2;kiingilio
interview;Noun Verb;A1;mahojiano
into;prep.;A1;katika
introduce;Verb;A1;kuanzisha
introduction;Noun;A2;kuanzishwa
invent;Verb;A2;kuvumbua
invention;Noun;A2;uvumbuzi
invest;Verb;B1;wekeza
investigate;Verb;B1;kuchunguza
investigation;Noun;B2;uchunguzi
investment;Noun;B2;uwekezaji
invitation;Noun;A2;mwaliko
invite;Verb;A2;kukaribisha
involve;Verb;A2;kuhusisha
involved;Adjective;B1;husika
iron;Noun Verb;B1;chuma
island;Noun;A1;kisiwa
issue;Noun, Verb;B1, B2;suala
IT;Noun;B1;IT
it;proNoun;A1;ni
item;Noun;A2;bidhaa
its;det.;A1;yake
itself;proNoun;A2;yenyewe
jacket;Noun;A1;koti
jam;Noun;A2;jam
January;Noun;A1;Januari
jazz;Noun;A2;jazz
jeans;Noun;A1;jeans
jewellery;Noun;A2;vito
job;Noun;A1;kazi
join;Verb;A1;kujiunga
joke;Noun Verb;A2;utani
journal;Noun;B1;journal
journalist;Noun;A2;mwandishi wa habari
journey;Noun;A1;safari
joy;Noun;B2;furaha
judge;Noun Verb;B1;Hakimu
judgement;Noun;B2;hukumu
juice;Noun;A1;juisi
July;Noun;A1;Julai
jump;Verb Noun;A2;kuruka
June;Noun;A1;Juni
junior;Adjective;B2;junior
just;Adverb;A1;tu
justice;Noun;B2;haki
justify;Verb;B2;kuhalalisha
keen;Adjective;B1;nia
keep;Verb;A1;Weka
key;Noun, Adjective Verb;A1, B1;ufunguo
keyboard;Noun;B1;keyboard
kick;Verb Noun;B1;kick
kid;Noun;A2;mtoto
kill;Verb;A2;kuua
killing;Noun;B1;mauaji
kilometre;Noun;A1;kilomita
kind(type);Noun;A1;aina (aina)
kind(caring);Adjective;B1;aina (kujali)
king;Noun;A2;mfalme
kiss;Verb Noun;B1;busu
kitchen;Noun;A1;jikoni
knee;Noun;A2;goti
knife;Noun;A2;kisu
knock;Verb , Noun;A2, B1;nabisha
know;Verb;A1;kujua
knowledge;Noun;A2;maarifa
lab;Noun;A2;maabara
label;Noun Verb;B1;studio
laboratory;Noun;B1;maabara
labour;Noun;B2;kazi
lack;Noun Verb;B1;ukosefu
lady;Noun;A2;mwanamke
lake;Noun;A2;Ziwa
lamp;Noun;A2;taa
land;Noun, Verb;A1, A2;ardhi
landscape;Noun;B2;mazingira
language;Noun;A1;lugha
laptop;Noun;A2;mbali
large;Adjective;A1;kubwa
largely;Adverb;B2;kwa kiasi kikubwa
last1 (final);det., Adverb n;A1, A2;last1 (ya mwisho)
last1 (taking time);Verb;A2;last1 (kuchukua muda)
late;Adjective Adverb;A1;marehemu
later;Adverb , Adjective;A1, A2;baadae
latest;Adjective , Noun;B1, B2;karibuni
laugh;Verb Noun;A1;Cheka
laughter;Noun;A2;kicheko
launch;Verb Noun;B2;uzinduzi
law;Noun;A2;sheria
lawyer;Noun;A2;Mwanasheria
lay;Verb;B1;walei
layer;Noun;B1;safu
lazy;Adjective;A2;wavivu
lead;Verb , Noun;A2, B1;risasi
leader;Noun;A2;kiongozi
leadership;Noun;B2;uongozi
leading;Adjective;B1;kuongoza
leaf;Noun;B1;jani
league;Noun;B2;ligi
lean;Verb;B2;konda
learn;Verb;A1;kujifunza
learning;Noun;A2;kujifunza
least;det./proNoun Adverb;A2;angalau
leather;Noun;B1;ngozi
leave;Verb , Noun;A1, B2;likizo
lecture;Noun Verb;A2;hotuba
left;Adjective Adverb Verb;A1;kushoto
leg;Noun;A1;mguu
legal;Adjective;B1;kisheria
leisure;Noun;B1;burudani
lemon;Noun;A2;limau
lend;Verb;A2;kutoa mikopo
length;Noun;B1;urefu
less;det./pro Noun Adverb;A2;chini
lesson;Noun;A1;somo
let;Verb;A1;basi
letter;Noun;A1;barua
level;Noun, Adjective , Verb;A2, B1, B2;kiwango cha
library;Noun;A1;maktaba
licence;Noun;B2;leseni
lie;Verb;A1;uwongo
lie;Verb Noun;B2;uwongo
life;Noun;A1;maisha
lifestyle;Noun;A2;maisha
lift;Verb;Noun;kuinua
light (from the sun/a lamp);Noun Adverb , Verb;A1, A2;mwanga (jua / taa)
light (not heavy);Adjective;A2;mwanga (si kubwa)
like (similar);prep.;A1;kama (sawa)
like (find sb/sth pleasant);Verb , n;A1, B1;kama (kupata sb / sth mazuri)
Noun;B1; ;nomino
likely;Adjective;A2;uwezekano
limit;Noun Verb;B1;kikomo
limited;Adjective;B2;mdogo
line;Noun, Verb;A1, B2;line
link;Noun Verb;A2;kiungo
lion;Noun;A1;simba
lip;Noun;B1;mdomo
liquid;Noun Adjective;B1;kioevu
list;Noun Verb;A1;orodha
listen;Verb;A1;kusikiliza
listener;Noun;A2;msikilizaji
literature;Noun;B1;fasihi
little;Adjective det./proNoun, Adverb;A1, A2;kidogo
live1;Verb;A1;live1
live2;Adjective Adverb;B1;live2
lively;Adjective;B2;kusisimua
living;Adjective Noun;B1;maisha
load;Noun Verb;B2;mzigo
loan;Noun;B2;mkopo
local;Adjective , Noun;A1, B1;mitaa
locate;Verb;B1;Machapisho
located;Adjective;B1;iko
location;Noun;B1;eneo
lock;Verb Noun;A2;lock
logical;Adjective;B2;mantiki
lonely;Adjective;B1;upweke
long;Adjective Adverb;A1;muda mrefu
long-term;Adjective Adverb;B2;muda mrefu
look;Verb , Noun;A1, A2;kuangalia
loose;Adjective;B2;huru
lord;Noun;B2;bwana
lorry;Noun;A2;lori
lose;Verb;A1;kupoteza
loss;Noun;B1;hasara
lost;Adjective;A2;potea
lot;proNoun det. Adverb;A1;mengi
loud;Adjective Adverb;A2;kubwa
loudly;Adverb;A2;kwa sauti
love;Noun Verb;A1;upendo
lovely;Adjective;A2;lovely
low;Adjective Adverb , n;A2, B2;chini
lower;Verb;B2;chini
luck;Noun;A2;bahati
lucky;Adjective;A2;bahati
lunch;Noun;A1;chakula cha mchana
lung;Noun;B2;uvimbe
luxury;Noun;B1;anasa
machine;Noun;A1;mashine
mad;Adjective;B1;kichaa
magazine;Noun;A1;magazine
magic;Noun Adjective;B1;uchawi
mail;Noun Verb;A2;mail
main;Adjective;A1;kuu
mainly;Adverb;B1;hasa
maintain;Verb;B2;kudumisha
major;Adjective;A2;kuu
majority;Noun;B2;wengi
make;Verb , Noun;A1, B2;fanya
male;Adjective Noun;A2;kiume
mall;Noun;B1;maduka
man;Noun;A1;mtu
manage;Verb;A2;kusimamia
management;Noun;B1;usimamizi
manager;Noun;A2;Meneja
manner;Noun;A2;namna
many;det./proNoun;A1;wengi
map;Noun, Verb;A1, B2;ramani
March;Noun;A1;Machi
mark;Verb Noun;A2;alama
market;Noun, Verb;A1, B1;soko
marketing;Noun;B1;masoko
marriage;Noun;B1;ndoa
married;Adjective;A1;ndoa
marry;Verb;A2;kuoa
mass;Noun Adjective;B2;habari
massive;Adjective;B2;mkubwa
master;Noun Verb;B2;bwana
match (contest/correspond);Noun Verb;A1;match (mashindano / yanahusiana)
matching;Adjective;B2;Vinavyolingana
material;Noun, Adjective;A2, B2;nyenzo
mathematics;Noun;A2;hisabati
maths;Noun;A2;hisabati
matter;Noun Verb;A2;jambo
maximum;Adjective Noun;B2;kiwango cha juu
May;Noun;A1;Mei
may modal;Verb;A2;huenda modal
maybe;Adverb;A1;labda
me;proNoun;A1;me
meal;Noun;A1;unga
mean;Verb;A1;wastani
meaning;Noun;A1;maana
means;Noun;B2;njia
meanwhile;Adverb;B1;wakati huo huo
measure;Verb Noun;B1;hatua
measurement;Noun;B2;kipimo
meat;Noun;A1;nyama
media;Noun;A2;vyombo vya habari
medical;Adjective;A2;matibabu
medicine;Noun;A2;dawa
medium;Adjective , Noun;B1, B2;kati
meet;Verb;A1;kukutana
meeting;Noun;A1;mkutano
melt;Verb;B2;melt
member;Noun;A1;mwanachama
memory;Noun;A2;kumbukumbu
mental;Adjective;B1;akili
mention;Verb , Noun;A2, B1;kutaja
menu;Noun;A1;orodha
mess;Noun Verb;B1;fujo
message;Noun;A1;ujumbe
metal;Noun;A2;chuma
method;Noun;A2;njia
metre;Noun;A1;mita
middle;Noun Adjective;A2;katikati
midnight;Noun;A1;usiku wa manane
might modal;Verb;A2;inaweza modal
mild;Adjective;B1;kali
mile;Noun;A1;maili
military;Adjective Noun;B2;kijeshi
milk;Noun;A1;maziwa
million number; ;A1;milioni idadi
mind;Noun Verb;A2;akili
mine (belongs to me);proNoun;A2;mgodi (ni yangu)
mine (hole in the ground);Noun;B1;mgodi (shimo ardhini)
mineral;Noun;B2;madini
minimum;Adjective Noun;B2;kima cha chini cha
minister;Noun;B2;waziri
minor;Adjective;B2;madogo
minority;Noun;B2;wachache
minute;Noun;A1;dakika
mirror;Noun;A2;kioo
miss;Verb;A1;miss
missing;Adjective;A2;kukosa
mission;Noun;B2;ujumbe
mistake;Noun, Verb;A1, B2;kosa
mix;Verb Noun;B1;mchanganyiko
mixed;Adjective;B2;mchanganyiko
mixture;Noun;B1;mchanganyiko
mobile;Adjective Noun;A2;rununu
model;Noun, Verb;A1, B2;mfano
modern;Adjective;A1;kisasa
modify;Verb;B2;Kurekebisha
moment;Noun;A1;wakati
Monday;Noun;A1;Jumatatu
money;Noun;A1;fedha
monitor;Noun Verb;B2;kufuatilia
monkey;Noun;A2;tumbili
month;Noun;A1;mwezi
mood;Noun;B1;mood
moon;Noun;A2;mwezi
moral;Adjective Noun;B2;maadili
more;det./proNoun Adverb;A1;zaidi
morning;Noun;A1;asubuhi
most;det./proNoun Adverb;A1;zaidi
mostly;Adverb;A2;zaidi
mother;Noun;A1;mama
motor;Noun Adjective;B2;motor
motorcycle;Noun;A2;pikipiki
mount;Verb;B2;mlima
mountain;Noun;A1;mlima
mouse;Noun;A1;panya
mouth;Noun;A1;kinywa
move;Verb , Noun;A1, B1;hoja
movement;Noun;A2;harakati
movie;Noun;A1;movie
much;det./proNoun Adverb;A1;mengi
mud;Noun;B1;matope
multiple;Adjective;B2;nyingi
multiply;Verb;B2;kuzidisha
mum;Noun;A1;mama
murder;NounVerb;B1;mauaji
muscle;Noun;B1;misuli
museum;Noun;A1;makumbusho
music;Noun;A1;muziki
musical;Adjective , Noun;A2, B1;vya muziki
musician;Noun;A2;mwanamuziki
must modal;Verb;A1;lazima modal
my;det.;A1;yangu
myself;proNoun;A2;Mimi mwenyewe
mysterious;Adjective;B2;siri
mystery;Noun;B1;siri
nail;Noun;B1;msumari
name;Noun Verb;A1;jina
narrative;Noun Adjective;B1;maelezo
narrow;Adjective , Verb;A2, B2;nyembamba
nation;Noun;B1;taifa
national;Adjective , Noun;A2, B2;kitaifa
native;Adjective Noun;B1;asili
natural;Adjective;A1;asili
naturally;Adverb;B1;kawaida
nature;Noun;A2;asili
near;prep. Adjective Adverb;A1;karibu
nearly;Adverb;A2;karibu
neat;Adjective;B2;nadhifu
necessarily;Adverb;B1;lazima
necessary;Adjective;A2;muhimu
neck;Noun;A2;shingo
need;Verb , Noun, modal Verb;A1, A2, B1;haja
needle;Noun;B1;sindano
negative;Adjective , Noun;A1, B2;hasi
neighbour;Noun;A1;jirani
neighbourhood;Noun;B1;jirani
neither;det./proNoun, Adverb;A2, B1;wala
nerve;Noun;B2;ujasiri
nervous;Adjective;A2;neva
net;Noun;B1;wavu
network;Noun;A2;mtandao
never;Adverb;A1;kamwe
nevertheless;Adverb;B2;hata hivyo
new;Adjective;A1;mpya
news;Noun;A1;habari
newspaper;Noun;A1;gazeti
next;Adjective Adverb , Noun;A1, B1;ya
next to;prep.;A1;karibu na
nice;Adjective;A1;nzuri
night;Noun;A1;usiku
nightmare;Noun;B2;jinamizi
nine;number;A1;tisa
nineteen;number;A1;kumi na tisa
ninety;number;A1;tisini
no;exclam. det.;A1;Hapana
no one;proNoun;A1;hakuna mtu
nobody;proNoun;A1;hakuna mtu
noise;Noun;A2;kelele
noisy;Adjective;A2;kelele
none;pro Noun;A2;hakuna
nor;conj./Adverb;B1;wala
normal;Adjective , Noun;A2, B1;kawaida
normally;Adverb;A2;kawaida
north;Noun Adjective Adverb;A1;kaskazini
northern;Adjective;B1;kaskazini
nose;Noun;A1;pua
not;Adverb;A1;si
note;Noun Verb;A1, B1;Kumbuka
nothing;proNoun;A1;kitu
notice;Verb Noun;A2;ilani
notion;Noun;B2;dhana
novel;Noun;A2;riwaya
November;Noun;A1;Novemba
now;Adverb , conj.;A1, B1;sasa
nowhere;Adverb;A2;mahali pa
nuclear;Adjective;B1;nyuklia
number;Noun, Verb;A1, A2;idadi
numerous;Adjective;B2;mbalimbali
nurse;Noun;A1;muuguzi
nut;Noun;A2;nati
obey;Verb;B2;obey
object;Noun Verb;A1, B2;kitu
objective;Noun Adjective;B2;lengo
obligation;Noun;B2;wajibu
observation;Noun;B2;uchunguzi
observe;Verb;B2;kuchunguza
obtain;Verb;B2;kupata
obvious;Adjective;B1;dhahiri
obviously;Adverb;B1;wazi
occasion;Noun;B1;tukio
occasionally;Adverb;B2;mara kwa mara
occur;Verb;B1;kutokea
ocean;Noun;A2;Bahari
o’clock;Adverb;A1;saa tatu
October;Noun;A1;Oktoba
odd;Adjective;B1;isiyo ya kawaida
of;prep.;A1;ya
off;Adverb prep.;A1;off
offence;Noun;B2;kosa
offend;Verb;B2;kuwaudhi
offensive;Adjective;B2;kukera
offer;Verb Noun;A2;kutoa
office;Noun;A1;ofisi
officer;Noun;A2;afisa
official;Adjective , Noun;B1, B2;rasmi
often;Adverb;A1;mara nyingi
oh;exclam.;A1;oh
oil;Noun;A2;mafuta
OK;exclam. Adjective /Adverb;A1;sawa
old;Adjective;A1;zamani
old-fashioned;Adjective;B1;mtindo wa zamani wa
on;prep. Adverb;A1;juu ya
once;Adverb , conj.;A1, B1;mara moja
one;number-det. proNoun;A1;moja
onion;Noun;A1;kitunguu
online;Adjective Adverb;A1;online
only;Adjective Adverb;A1;tu
onto;prep.;A2;kwenye
open;Adjective Verb;A1;wazi
opening;Noun;B2;ufunguzi
operate;Verb;B2;kazi
operation;Noun;B1;operesheni
opinion;Noun;A1;maoni
opponent;Noun;B2;mpinzani
opportunity;Noun;A2;nafasi
oppose;Verb;B2;kupinga
opposed;Adjective;B2;kinyume
opposite;Adjective Adverb prep. Noun;A1;kinyume
opposition;Noun;B2;upinzani
option;Noun;A2;chaguo
or;conj.;A1;au
orange;Noun Adjective;A1;machungwa
order;Noun Verb;A1;ili
ordinary;Adjective;A2;kawaida
organ;Noun;B2;chombo
organization;Noun;A2;shirika
organize;Verb;A2;kuandaa
organized;Adjective;B1;iliyoandaliwa
organizer;Noun;B1;mratibu
origin;Noun;B2;asili
original;Adjective , Noun;A2, B1;awali
originally;Adverb;B1;awali
other;Adjective /proNoun;A1;nyingine
otherwise;Adverb;B2;vinginevyo
ought;modal Verb;B1;wanapaswa
our;det.;A1;yetu
ours;proNoun;B1;yetu
ourselves;proNoun;A2;sisi wenyewe
out;Adverb /prep.;A1;nje
outcome;Noun;B2;matokeo
outdoor;Adjective;B1;nje
outdoors;Adverb;B1;nje
outer;Adjective;B2;nje
outline;Noun Verb;B2;muhtasari
outside;Adverb , prep. nouNoun Adjective;A1, A2;nje
oven;Noun;A2;tanuri
over;prep. Adverb;A1;zaidi
overall;Adjective Adverb;B2;ujumla
owe;Verb;B2;unadaiwa
own;Adjective /proNoun, Verb;A1, A2;mwenyewe
owner;Noun;A2;mmiliki
pace;Noun, Verb;B2;kasi
pack;Verb , Noun;A2, B1;pakiti
package;Noun, Verb;B1, B2;mfuko
page;Noun;A1;ukurasa
pain;Noun;A2;maumivu
painful;Adjective;B1;chungu
paint;Verb Noun;A1;rangi
painter;Noun;A2;mchoraji
painting;Noun;A1;uchoraji
pair;Noun;A1;jozi
palace;Noun;A2;ikulu
pale;Adjective;B1;rangi
pan;Noun;B1;pan
panel;Noun;B2;jopo
pants;Noun;A2;suruali
paper;Noun;A1;karatasi
paragraph;Noun;A1;aya
parent;Noun;A1;mzazi
park;Noun Verb;A1;Hifadhi
parking;Noun;A2;maegesho
parliament;Noun;B2;bunge
part;Noun;A1;sehemu
participant;Noun;B2;mshiriki
participate;Verb;B1;kushiriki
particular;Adjective;A2;hasa
particularly;Adverb;B1;hasa
partly;Adverb;B2;sehemu
partner;Noun;A1;mpenzi
party;Noun;A1;chama
pass;Verb , Noun;A2, B1;kupita
passage;Noun;B2;kifungu
passenger;Noun;A2;abiria
passion;Noun;B1;shauku
passport;Noun;A1;pasipoti
past;Adjective Noun prep., Adverb;A1, A2;siku za nyuma
path;Noun;B1;njia
patient;Noun, Adjective;A2, B2;mgonjwa
pattern;Noun;A2;muundo
pay;Verb , Noun;A1, A2;kulipa
payment;Noun;B1;malipo
peace;Noun;A2;amani
peaceful;Adjective;B1;amani
pen;Noun;A1;kalamu
pencil;Noun;A1;kalamu
penny;Noun;A2;senti
pension;Noun;B2;pensheni
people;Noun;A1;watu
pepper;Noun;A1;pilipili
per;prep.;A2;kwa
per cent;Noun Adjective /Adverb;A2;asilimia
percentage;Noun;B1;asilimia
perfect;Adjective;A1;kamili
perfectly;Adverb;B1;kikamilifu
perform;Verb;A2;kufanya
performance;Noun;B1;utendaji
perhaps;Adverb;A2;labda
period;Noun;A1;kipindi
permanent;Adjective;B2;kudumu
permission;Noun;A2;ruhusa
permit;Verb Noun;B2;kibali
person;Noun;A1;mtu
personal;Adjective;A1;binafsi
personality;Noun;A2;utu
personally;Adverb;B1;binafsi
perspective;Noun;B2;mtazamo
persuade;Verb;B1;kumshawishi
pet;Noun;A2;mnyama
petrol;Noun;A2;petroli
phase;Noun;B2;awamu
phenomenon;Noun;B2;jambo
philosophy;Noun;B2;falsafa
phone;Noun Verb;A1;simu
photo;Noun;A1;picha
photograph;Noun, Verb;A1, A2;picha
photographer;Noun;B1;mpiga picha
photography;Noun;B1;picha
phrase;Noun;A1;maneno
physical;Adjective;A2;kimwili
physics;Noun;A2;fizikia
piano;Noun;A1;piano
pick;Verb , Noun;A2, B2;pick
picture;Noun, Verb;A1, B2;picha
piece;Noun;A1;kipande
pig;Noun;A1;nguruwe
pile;Noun Verb;B2;rundo
pilot;Noun;A2;majaribio
pin;Noun Verb;B1;siri
pink;Adjective Noun;A1;pink
pipe;Noun;B1;mabomba
pitch;Noun;B2;lami
place;Noun Verb;A1, B1;mahali
plain;Adjective;B2;wazi
plan;Noun Verb;A1;mpango
plane;Noun;A1;ndege
planet;Noun;A2;sayari
planning;Noun;B1;mipango
plant;Noun Verb;A1, A2;mmea
plastic;Noun Adjective;A2;plastiki
plate;Noun;A2;sahani
platform;Noun;A2;jukwaa
play;Verb Noun;A1;kucheza
player;Noun;A1;mchezaji
pleasant;Adjective;B1;mazuri
please;exclam., Verb;A1, A2;tafadhali
pleased;Adjective;A2;furaha
pleasure;Noun;B1;furaha
plenty;proNoun;B1;mengi
plot;Noun, Verb;B1, B2;njama
plus;prep., Adjective conj., Noun;B1, B2;pamoja
pocket;Noun;A2;mfukoni
poem;Noun;B1;shairi
poet;Noun;B1;mshairi
poetry;Noun;B1;mashairi
point;Noun, Verb;A1, B1;hatua
pointed;Adjective;B2;ncha
poison;Noun Verb;B1;sumu
poisonous;Adjective;B1;sumu
police;Noun;A1;polisi
policeman;Noun;A1;polisi
policy;Noun;B1;sera
polite;Adjective;A2;heshima
political;Adjective;B1;kisiasa
politician;Noun;B1;mwanasiasa
politics;Noun;B1;siasa
pollution;Noun;A2;Uchafuzi
pool;Noun;A1;pool
poor;Adjective;A1;maskini
pop;Noun Adjective;A2;pop
popular;Adjective;A1;maarufu
popularity;Noun;B2;umaarufu
population;Noun;A2;idadi ya watu
port;Noun;B1;bandari
portrait;Noun;B1;picha
pose;Verb;B2;pose
position;Noun, Verb;A2, B2;nafasi
positive;Adjective , Noun;A1, B2;chanya
possess;Verb;B2;wamiliki
possession;Noun;A2;milki
possibility;Noun;A2;uwezekano
possible;Adjective;A1;inawezekana
possibly;Adverb;B1;uwezekano
post;Noun Verb;A1;baada
poster;Noun;A2;bango
pot;Noun;B1;sufuria
potato;Noun;A1;viazi
potential;Adjective Noun;B2;uwezo
pound;Noun;A1;pauni
pour;Verb;B1;pour
poverty;Noun;B1;umaskini
powder;Noun;B1;unga
power;Noun, Verb;A2, B2;nguvu
powerful;Adjective;B1;nguvu
practical;Adjective;B1;vitendo
practice;Noun;A1;mazoezi
practise;Verb;A1;mazoezi
praise;Noun Verb;B2;sifa
pray;Verb;B1;kuomba
prayer;Noun;B1;sala
predict;Verb;A2;kutabiri
prediction;Noun;B1;utabiri
prefer;Verb;A1;kupendelea
pregnant;Adjective;B2;mimba
preparation;Noun;B2;maandalizi
prepare;Verb;A1;kuandaa
prepared;Adjective;B1;tayari
presence;Noun;B2;uwepo
present;Adjective Noun, Verb;A1, A2;sasa
presentation;Noun;B1;presentation
preserve;Verb;B2;kuhifadhi
president;Noun;A2;rais
press;Verb Noun;B1;vyombo vya habari
pressure;Noun;B1;shinikizo
pretend;Verb;B1;kujifanya
pretty;Adjective Adverb;A1;mzuri
prevent;Verb;A2;ZUIA
previous;Adjective;B1;uliopita
previously;Adverb;B1;awali
price;Noun, Verb;A1, B2;bei
priest;Noun;B1;kuhani
primary;Adjective;B1;msingi
prime;Adjective;B2;mkuu
prince;Noun;B1;mkuu
princess;Noun;B1;binti mfalme
principle;Noun;B2;kanuni
print;Verb , Noun;A2, B2;magazeti
printer;Noun;A2;printa
printing;Noun;B1;uchapishaji
priority;Noun;B2;kipaumbele
prison;Noun;A2;gerezani
prisoner;Noun;B1;mfungwa
privacy;Noun;B2;faragha
private;Adjective;B1;Privat
prize;Noun;A2;tuzo
probably;Adverb;A1;pengine
problem;Noun;A1;tatizo
procedure;Noun;B2;utaratibu
process;Noun, Verb;A2, B2;mchakato
produce;Verb , Verb;A2, B2;kuzalisha
producer;Noun;B1;mzalishaji
product;Noun;A1;bidhaa
production;Noun;B1;uzalishaji
profession;Noun;B1;taaluma
professional;Adjective , Noun;A2, B2;mtaalamu
professor;Noun;A2;profesa
profile;Noun;A2;wasifu
profit;Noun;B1;faida
program;Noun, Verb;A2, B1;mpango
programme;Noun;A1;mpango
progress;Noun, Verb;A2, B2;maendeleo
project;Noun, Verb;A1, B2;mradi
promise;Verb Noun;A2;ahadi
promote;Verb;B1;kukuza
pronounce;Verb;A2;kutamka
proof;Noun;B2;ushahidi
proper;Adjective;B1;sahihi
properly;Adverb;B1;vizuri
property;Noun;B1;mali
proposal;Noun;B2;pendekezo
propose;Verb;B2;kupendekeza
prospect;Noun;B2;matarajio
protect;Verb;A2;kulinda
protection;Noun;B2;Ulinzi
protest;Noun Verb;B1;maandamano
proud;Adjective;B1;kiburi
prove;Verb;B1;kuthibitisha
provide;Verb;A2;kutoa
psychologist;Noun;B2;mwanasaikolojia
psychology;Noun;B2;saikolojia
pub;Noun;A2;baa
public;Adjective Noun;A2;umma
publication;Noun;B2;uchapishaji
publish;Verb;A2;kuchapisha
pull;Verb , Noun;A2, B1;kuvuta
punish;Verb;B1;kuadhibu
punishment;Noun;B1;adhabu
pupil;Noun;B2;mwanafunzi
purchase;Noun Verb;B2;kununua
pure;Adjective;B2;safi
purple;Adjective Noun;A1;zambarau
purpose;Noun;A2;madhumuni
pursue;Verb;B2;kujiingiza
push;Verb , Noun;A2, B1;kushinikiza
put;Verb;A1;kuweka
qualification;Noun;B1;kufuzu
qualified;Adjective;B1;wenye sifa
qualify;Verb;B1;kuhitimu
quality;Noun;A2;ubora
quantity;Noun;A2;wingi
quarter;Noun;A1;robo
queen;Noun;A2;malkia
question;Noun, Verb;A1, A2;swali
queue;Noun Verb;B1;foleni
quick;Adjective;A1;haraka
quickly;Adverb;A1;haraka
quiet;Adjective;A1;utulivu
quietly;Adverb;A2;kimya kimya
quit;Verb;B1;kuacha
quite;Adverb;A1;kabisa
quotation;Noun;B1;nukuu
quote;Verb Noun;B1;kunukuu
race (competition);NounVerb;A2;mbio (mashindano)
race (people);Noun;B1;mbio (watu)
racing;Noun;B1;racing
radio;Noun;A1;radio
railway;Noun;A2;reli
rain;Noun Verb;A1;mvua
raise;Verb;A2;kuongeza
range;Noun, Verb;B1, B2;mbalimbali
rank;Noun Verb;B2;cheo
rapid;Adjective;B2;haraka
rapidly;Adverb;B2;haraka
rare;Adjective;B1;nadra
rarely;Adverb;B1;nadra
rate;Noun, Verb;A2, B2;kiwango
rather;Adverb;A2;badala
raw;Adjective;B2;ghafi
reach;Verb , Noun;A2, B2;kufikia
react;Verb;A2;kuguswa
reaction;Noun;B1;majibu
read;Verb;A1;kusoma
reader;Noun;A1;msomaji
reading;Noun;A1;kusoma
ready;Adjective;A1;tayari
real;Adjective;A1;halisi
realistic;Adjective;B2;kweli
reality;Noun;B1;ukweli
realize;Verb;A2;kutambua
really;Adverb;A1;kweli
reason;Noun;A1;sababu
reasonable;Adjective;B2;busara
recall;Verb;B2;kukumbuka
receipt;Noun;B1;risiti
receive;Verb;A2;kupokea
recent;Adjective;A2;hivi karibuni
recently;Adverb;A2;hivi karibuni
reception;Noun;A2;mapokezi
recipe;Noun;A2;mapishi
recognize;Verb;A2;kutambua
recommend;Verb;A2;kupendekeza
recommendation;Noun;B1;mapendekezo
record;Noun Verb;A2;rekodi
recording;Noun;A2;kurekodi
recover;Verb;B2;kuokoa
recycle;Verb;A2;kusaga
red;Adjective Noun;A1;nyekundu
reduce;Verb;A2;kupunguza
reduction;Noun;B2;kupunguza
refer;Verb;A2;rejea
reference;Noun;B1;kumbukumbu
reflect;Verb;B1;kutafakari
refuse;Verb;A2;takataka
regard;Verb Noun;B2;kuhusu
region;Noun;A2;mkoa
regional;Adjective;B2;kikanda
register;Verb Noun;B2;kujiandikisha
regret;Verb Noun;B2;majuto
regular;Adjective;A2;mara kwa mara
regularly;Adverb;B1;mara kwa mara
regulation;Noun;B2;Taratibu
reject;Verb;B1;kukataa
relate;Verb;B1;yanahusiana
related;Adjective;B1;kuhusiana na
relation;Noun;B1;uhusiano
relationship;Noun;A2;uhusiano
relative;Adjective Noun;B1;jamaa
relatively;Adverb;B2;kiasi
relax;Verb;A1;kupumzika
relaxed;Adjective;B1;walishirikiana
relaxing;Adjective;B1;kufurahi
release;Verb Noun;B1;kutolewa
relevant;Adjective;B2;husika
reliable;Adjective;B1;kuaminika
relief;Noun;B2;misaada
religion;Noun;B1;dini
religious;Adjective;B1;kidini
rely;Verb;B2;kutegemea
remain;Verb;B1;kubaki
remark;Noun Verb;B2;remark
remember;Verb;A1;kumbuka
remind;Verb;B1;kuwakumbusha
remote;Adjective;B1;kijijini
remove;Verb;A2;kuondoa
rent;Noun Verb;B1;kukodisha
repair;Verb , Noun;A2, B1;kukarabati
repeat;Verb , Noun;A1, B1;kurudia
repeated;Adjective;B1;mara kwa mara
replace;Verb;A2;kuchukua nafasi ya
reply;Verb Noun;A2;jibu
report;Noun, Verb;A1, A2;ripoti
reporter;Noun;A2;mwandishi
represent;Verb;B1;kuwakilisha
representative;Noun Adjective;B2;mwakilishi
reputation;Noun;B2;sifa
request;Noun, Verb;A2, B1;ombi
require;Verb;B1;zinahitaji
requirement;Noun;B2;mahitaji
rescue;Verb Noun;B2;kuwaokoa
research;Noun Verb;A2;utafiti
researcher;Noun;A2;mtafiti
reservation;Noun;B1;reservation
reserve;Noun Verb;B2;hifadhi
resident;NounAdjective;B2;mkazi
resist;Verb;B2;kupinga
resolve;Verb;B2;kutatua
resort;Noun;B2;mapumziko
resource;Noun;B1;rasilimali
respect;Noun Verb;B1;heshima
respond;Verb;A2;kujibu
response;Noun;A2;majibu
responsibility;Noun;B1;wajibu
responsible;Adjective;B1;kuwajibika
rest (remaining part);Noun;A2;kupumzika (iliyobaki sehemu)
rest (sleep/relax);Noun Verb;A2;wengine (usingizi / kupumzika)
restaurant;Noun;A1;mgahawa
result;Noun, Verb;A1, B1;kusababisha
retain;Verb;B2;kuhifadhi
retire;Verb;B1;kustaafu
retired;Adjective;B1;wastaafu
return;Verb Noun;A1;kurudi
reveal;Verb;B2;Onyesha
review;Noun Verb;A2;ukaguzi
revise;Verb;B1;kurekebisha
revolution;Noun;B2;mapinduzi
reward;Noun Verb;B2;zawadi
rhythm;Noun;B2;rhythm
rice;Noun;A1;mchele
rich;Adjective;A1;tajiri
rid;Verb;B2;kuondoa
ride;Verb , Noun;A1, A2;safari
right;Adjective Adverb Noun;A1;haki
ring;Noun;A2;pete
ring;Verb , Noun;A2, B1;pete
rise;Verb , Noun;A2, B1;kupanda
risk;Noun Verb;B1;hatari
river;Noun;A1;Mto
road;Noun;A1;barabara
robot;Noun;B1;robot
rock (stone);Noun;A2;mwamba (jiwe)
rock (music);Noun;A2;mwamba (muziki)
role;Noun;A2;jukumu
roll;Verb Noun;B1;roll
romantic;Adjective;B1;kimapenzi
roof;Noun;A2;paa
room;Noun;A1;chumba
root;Noun;B2;mizizi
rope;Noun;B1;kamba
rough;Adjective;B1;mbaya
round;Adjective Adverb prep., Noun;A2, B2;pande zote
route;Noun;A2;njia
routine;Noun, Adjective;A1, B2;mara kwa mara
row;Noun;B1;mstari
royal;Adjective;B1;kifalme
rub;Verb;B2;RUB
rubber;Noun Adjective;B2;mpira
rubbish;Noun;A2;takataka
rude;Adjective;A2;jeuri
rugby;Noun;B1;raga
rule;Noun, Verb;A1, B1;utawala
run;Verb , Noun;A1, A2;kukimbia
runner;Noun;A2;mkimbiaji
running;Noun;A2;Kimbia
rural;Adjective;B2;vijijini
rush;Verb Noun;B2;kukimbilia
sad;Adjective;A1;kusikitisha
sadly;Adverb;A2;kwa huzuni
safe;Adjective;A2;salama
safety;Noun;B1;usalama
sail;Verb , Noun;A2, B1;meli
sailing;Noun;A2;meli
sailor;Noun;B1;baharia
salad;Noun;A1;saladi
salary;Noun;A2;mshahara
sale;Noun;A2;kuuza
salt;Noun;A1;chumvi
same;Adjective proNoun Adverb;A1;sawa
sample;Noun, Verb;B1, B2;sampuli
sand;Noun;B1;mchanga
sandwich;Noun;A1;sandwich
satellite;Noun;B2;satellite
satisfied;Adjective;B2;kuridhika
satisfy;Verb;B2;kukidhi
Saturday;Noun;A1;Jumamosi
sauce;Noun;A2;mchuzi
save;Verb;A2;save
saving;Noun;B2;kuokoa
say;Verb;A1;sema
scale;Noun;B2;wadogo
scan;Verb;B1;Scan
scared;Adjective;A2;hofu
scary;Adjective;A2;inatisha
scene;Noun;A2;eneo la tukio
schedule;Noun, Verb;A2, B2;ratiba
scheme;Noun;B2;mpango
school;Noun;A1;shule
science;Noun;A1;sayansi
scientific;Adjective;B1;kisayansi
scientist;Noun;A1;mwanasayansi
score;Verb Noun;A2;alama
scream;Verb Noun;B2;scream
screen;NounVerb;A2, B2;screen
script;Noun;B1;script
sculpture;Noun;B1;uchongaji
sea;Noun;A1;bahari
search;Noun Verb;A2;kutafuta
season;Noun;A2;msimu
seat;Noun Verb;A2, B2;kiti
second1 (next after the first);et./ number, Adverb;A1, A2;second1 (ya baada ya kwanza)
second1 (unit of time);Noun;A1;second1 (kitengo ya muda)
secondary;Adjective;B1;sekondari
secondly;Adverb;A2;pili
secret;Adjective, Noun;A2;siri
secretary;Noun;A2;katibu
section;Noun;A1;sehemu
sector;Noun;B2;sekta
secure;Verb Adjective;B2;kupata
security;Noun;B1;usalama
see;Verb;A1;kuona
seed;Noun;B1;mbegu
seek;Verb;B2;tafuta
seem;Verb;A2;kuonekana
select;Verb;B2;kuchagua
selection;Noun;B2;uteuzi
self;Noun;B2;binafsi
sell;Verb;A1;kuuza
send;Verb;A1;kutuma
senior;Adjective;B2;mwandamizi
sense;Noun Verb;A2, B2;maana
sensible;Adjective;B1;busara
sensitive;Adjective;B2;nyeti
sentence;Noun Verb;A1, B2;hukumu
separate;Adjective, Verb;A2, B1;tofauti
September;Noun;A1;Septemba
sequence;Noun;B2;mlolongo
series;Noun;A2;mfululizo
serious;Adjective;A2;kubwa
seriously;Adverb;B1;umakini
servant;Noun;B1;mtumishi
serve;Verb;A2;kutumika
service;Noun;A2;huduma ya
session;Noun;B2;kipindi
set (put);Verb;B1;kuweka (kuweka)
set (group);Noun;B1;seti (kundi)
setting;Noun;B1;mpangilio
settle;Verb;B2;tulia
seven;number;A1;saba
seventeen;number;A1;kumi na saba
seventy;number;A1;sabini
several;det./proNoun;A2;kadhaa
severe;Adjective;B2;kali
sex;Noun;B1;ngono
sexual;Adjective;B1;ngono
shade;Noun;B2;kivuli
shadow;Noun;B2;kivuli
shake;Verb Noun;A2, B1;kutikisa
shall;modal Verb;A2;atakuwa
shallow;Adjective;B2;kina
shame;Noun;B2;aibu
shape;Noun Verb;A2, B2;sura
share;Verb Noun;A1, B1;sehemu
sharp;Adjective;B1;mkali
she;proNoun;A1;yeye
sheep;Noun;A1;kondoo
sheet;Noun;A2;karatasi
shelf;Noun;B1;rafu
shell;Noun;B1;shell
shelter;Noun Verb;B2;makazi
shift;Noun Verb;B1, B2;mabadiliko
shine;Verb;B1;uangaze
shiny;Adjective;B1;shiny
ship;Noun Verb;A2, B2;meli
shirt;Noun;A1;shati
shock;Noun Verb;B2;mshtuko
shocked;Adjective;B2;mshtuko
shoe;Noun;A1;kiatu
shoot;Verb;B1;risasi
shooting;Noun;B2;risasi
shop;Noun Verb;A1;Duka
shopping;Noun;A1;ununuzi
short;Adjective;A1;short
shot;Noun;B2;risasi
should;modal Verb;A1;Lazima
shoulder;Noun;A2;bega
shout;Verb Noun;A2;kelele
show;Verb Noun;A1;show
shower;Noun;A1;kuoga
shut;Verb Adjective;A2;kufunga
shy;Adjective;B1;aibu
sick;Adjective;A1;wagonjwa
side;Noun;A2;upande
sight;Noun;B1;macho
sign;Noun Verb;A2;ishara
signal;Noun Verb;B1;ishara
significant;Adjective;B2;muhimu
significantly;Adverb;B2;kwa kiasi kikubwa
silence;Noun;B2;kimya
silent;Adjective;B1;kimya
silk;Noun;B2;hariri
silly;Adjective;B1;silly
silver;Noun Adjective;A2;fedha
similar;Adjective;A1;sawa
similarity;Noun;B1;mfanano
similarly;Adverb;B1;vile vile
simple;Adjective;A2;rahisi
simply;Adverb;B1;tu
since;prep. conj., Adverb;A2, B1;tangu
sincere;Adjective;B2;dhati
sing;Verb;A1;kuimba
singer;Noun;A1;mwimbaji
singing;Noun;A2;kuimba
single;Adjective Noun;A2;moja
sink;Verb;B1;kuzama
sir;Noun;A2;bwana
sister;Noun;A1;dada
sit;Verb;A1;wala
site;Noun;A2;tovuti
situation;Noun;A1;hali
six;number;A1;sita
sixteen;number;A1;kumi na sita
sixty;number;A1;sitini
size;Noun;A2;ukubwa
ski;Verb Noun;A2;Ski
skiing;Noun;A2;skiing
skill;Noun;A1;ujuzi
skin;Noun;A2;ngozi
skirt;Noun;A1;sketi
sky;Noun;A2;anga
slave;Noun;B2;mtumwa
sleep;Verb , Noun;A1, A2;usingizi
slice;Noun Verb;B1;kipande
slide;Verb Noun;B2;slide
slight;Adjective;B2;kidogo
slightly;Adverb;B1;kidogo
slip;Verb;B2;kuingizwa
slope;Noun Verb;B2;mteremko
slow;Adjective , Verb;A1, B1;polepole
slowly;Adverb;A2;polepole
small;Adjective;A1;ndogo
smart;Adjective;B1;smart
smartphone;Noun;A2;smartphone
smell;Verb Noun;A2;harufu
smile;Verb Noun;A2;tabasamu
smoke;Noun Verb;A2;moshi
smoking;Noun;A2;sigara
smooth;Adjective;B1;Nyororo
snake;Noun;A1;nyoka
snow;Noun Verb;A1;theluji
so;Adverb conj.;A1;hivyo
soap;Noun;A2;sabuni
soccer;Noun;A2;soka
social;Adjective;A2;kijamii
society;Noun;A2;jamii
sock;Noun;A2;soksi
soft;Adjective;A2;laini
software;Noun;B1;programu
soil;Noun;B1;udongo
solar;Adjective;B2;nishati ya jua
soldier;Noun;A2;askari
solid;Adjective Noun;B1;imara
solution;Noun;A2;ufumbuzi
solve;Verb;A2;kutatua
some;det. proNoun;A1;baadhi
somebody;proNoun;A1;mtu
someone;proNoun;A1;mtu
something;proNoun;A1;kitu
sometimes;Adverb;A1;mara nyingine
somewhat;Adverb;B2;kiasi fulani
somewhere;Adverb proNoun;A2;mahali fulani
son;Noun;A1;mwana
song;Noun;A1;wimbo
soon;Adverb;A1;mara
sorry;Adjective exclam.;A1;pole
sort;Noun, Verb;A2, B1;aina
soul;Noun;B2;roho
sound;Noun Verb;A1;sauti
soup;Noun;A1;supu
source;Noun;A2;chanzo
south;Noun Adjective Adverb;A1;kusini
southern;Adjective;B1;kusini
space;Noun;A1;nafasi
speak;Verb;A1;kusema
speaker;Noun;A2;msemaji
special;Adjective;A1;Maalum
specialist;Noun Adjective;B2;mtaalamu
species;Noun;B2;aina
specific;Adjective;A2;maalum
specifically;Adverb;B1;hasa
speech;Noun;A2;hotuba
speed;Noun, Verb;A2, B2;kasi
spell;Verb;A1;Spell
spelling;Noun;A1;spelling
spend;Verb;A1;kutumia
spending;Noun;B1;matumizi
spicy;Adjective;B1;spicy
spider;Noun;A2;buibui
spirit;Noun;B1;roho
spiritual;Adjective;B2;kiroho
split;Verb Noun;B2;mgawanyiko
spoken;Adjective;B1;amesema
sponsor;Verb Noun;B2;mdhamini
spoon;Noun;A2;kijiko
sport;Noun;A1;michezo
spot;Noun, Verb;B1, B2;doa
spread;Verb , Noun;B1, B2;kuenea
spring;Noun, Verb;A1, B1;spring
square;Adjective Noun;A2;mraba
stable;Adjective;B2;imara
stadium;Noun;B1;uwanja
staff;Noun;B1;wafanyakazi
stage;Noun, Verb;A2, B2;hatua
stair;Noun;A2;ngazi
stamp;Noun;A2;muhuri
stand;Verb , Noun;A1, B2;kusimama
standard;Noun Adjective;B1;kiwango
star;Noun, Verb;A1, A2;nyota
stare;Verb;B2;staré
start;Verb , Noun;A1, A2;kuanza
state;Noun, Adjective , v;A2, B1;hali
statement;Noun;A1;kauli
station;Noun;A1;kituo cha
statistic;Noun;B1;takwimu
statue;Noun;B1;sanamu
status;Noun;B2;hali
stay;Verb , Noun;A1, A2;kukaa
steady;Adjective;B2;kasi
steal;Verb;A2;kuiba
steel;Noun;B2;chuma
steep;Adjective;B2;mwinuko
step;Noun, Verb;A2, B2;hatua
stick (push into/attach);Verb;B1;fimbo (kushinikiza katika / ambatisha)
stick (piece of wood);Noun;B1;fimbo (sehemu ya mbao)
sticky;Adjective;B2;nata
stiff;Adjective;B2;ngumu
still;Adverb , Adjective;A1, B1;bado
stock;Noun;B2;hisa
stomach;Noun;A2;tumbo
stone;Noun;A2;jiwe
stop;Verb Noun;A1;kuacha
store;Noun, Verb;A2, B1;duka
storm;Noun;A2;dhoruba
story;Noun;A1;hadithi
straight;Adverb Adjective;A2;moja kwa moja
strange;Adjective;A2;ajabu
stranger;Noun;B1;mgeni
strategy;Noun;A2;mkakati
stream;Noun;B2;mkondo
street;Noun;A1;mitaani
strength;Noun;B1;nguvu
stress;Noun Verb;A2;stress
stretch;Verb Noun;B2;kunyoosha
strict;Adjective;B2;kali
strike;Verb Noun;B2;mgomo
string;Noun;B1;kamba
strong;Adjective;A1;nguvu
strongly;Adverb;B1;kwa nguvu
structure;Noun, Verb;A2, B2;muundo
struggle;Verb Noun;B2;mapambano
student;Noun;A1;mwanafunzi
studio;Noun;B1;studio
study;Noun Verb;A1;utafiti
stuff;Noun, Verb;B1, B2;mambo
stupid;Adjective;A2;mjinga
style;Noun;A1;style
subject;Noun, Adjective;A1, B2;somo
submit;Verb;B2;kuwasilisha
substance;Noun;B1;Dutu
succeed;Verb;A2;kufanikiwa
success;Noun;A1;mafanikio
successful;Adjective;A2;mafanikio
successfully;Adverb;B1;mafanikio
such;det./proNoun;A2;kama
sudden;Adjective;B1;ghafla
suddenly;Adverb;A2;ghafla
suffer;Verb;B1;kuteseka
sugar;Noun;A1;sukari
suggest;Verb;A2;zinaonyesha
suggestion;Noun;A2;pendekezo
suit;Noun, Verb;A2, B1;suti
suitable;Adjective;B1;kufaa
sum;Noun Verb;B2;Jumla
summarize;Verb;B1;muhtasari
summary;Noun;B1;muhtasari
summer;Noun;A1;majira
sun;Noun;A1;jua
Sunday;Noun;A1;Jumapili
supermarket;Noun;A1;maduka makubwa
supply;Noun Verb;B1;usambazaji
support;Verb Noun;A2;msaada
supporter;Noun;B1;msaidizi
suppose;Verb;A2;tuseme
sure;Adjective , Adverb;A1, A2;uhakika
surely;Adverb;B1;hakika
surface;Noun;B1;uso
surgery;Noun;B2;upasuaji
surprise;Noun Verb;A2;mshangao
surprised;Adjective;A2;kushangazwa
surprising;Adjective;A2;ajabu
surround;Verb;B2;ya mzunguko
surrounding;Adjective;B2;a
survey;Noun, Verb;A2, B2;utafiti
survive;Verb;B1;kuishi
suspect;Verb Noun;B2;mtuhumiwa
swear;Verb;B2;kuapa
sweater;Noun;A1;sweta
sweep;Verb;B2;sweep
sweet;Adjective Noun;A2;tamu
swim;Verb , Noun;A1, B1;kuogelea
swimming;Noun;A1;kuogelea
switch;Verb , Noun;B1, B2;kubadili
symbol;Noun;A2;ishara
sympathy;Noun;B2;huruma
symptom;Noun;B1;dalili
system;Noun;A2;mfumo
table;Noun;A1;meza
tablet;Noun;A2;kibao
tail;Noun;B1;mkia
take;Verb;A1;kuchukua
tale;Noun;B2;tale
talent;Noun;B1;vipaji
talented;Adjective;B1;vipaji
talk;Verb , Noun;A1, A2;majadiliano
tall;Adjective;A1;mrefu
tank;Noun;B2;tank
tape;Noun;B1;mkanda
target;Noun, Verb;A2, B2;Lengo
task;Noun;A2;kazi
taste;Noun Verb;A2;ladha
tax;Noun Verb;B1;Kodi
taxi;Noun;A1;teksi
tea;Noun;A1;chai
teach;Verb;A1;kufundisha
teacher;Noun;A1;mwalimu
teaching;Noun;A2;mafundisho
team;Noun;A1;timu
tear1;Verb Noun;B2;tear1
tear2;Noun;B2;tear2
technical;Adjective;B1;kiufundi
technique;Noun;B1;mbinu
technology;Noun;A2;teknolojia
teenage;Adjective;A2;vijana
teenager;Noun;A1;kijana
telephone;Noun Verb;A1;simu
television;Noun;A1;televisheni
tell;Verb;A1;kuwaambia
temperature;Noun;A2;joto
temporary;Adjective;B2;muda
ten;number;A1;kumi
tend;Verb;B1;huwa
tennis;Noun;A1;tenisi
tent;Noun;B1;hema
term;Noun, Verb;A2, B2;mrefu
terrible;Adjective;A1;kutisha
test;Noun Verb;A1;mtihani
text;Noun, Verb;A1, A2;Nakala
than;conj.;A1;kuliko
thank;Verb;A1;kuwashukuru
thanks;exclam. Noun;A1;shukrani
that;det. proNoun conj., Adverb;A1, B1;kwamba
the;definite article;A1;the
theatre;Noun;A1;ukumbi
their;det.;A1;wao
theirs;proNoun;B1;yao
them;proNoun;A1;yao
theme;Noun;B1;mandhari
themselves;proNoun;A2;wenyewe
then;Adverb;A1;kisha
theory;Noun;B1;nadharia
therapy;Noun;B2;tiba
there;Adverb;A1;kuna
therefore;Adverb;B1;kwa hiyo
they;proNoun;A1;wao
thick;Adjective;A2;nene
thief;Noun;A2;mwizi
thin;Adjective;A2;nyembamba
thing;Noun;A1;jambo
think;Verb;A1;kufikiri
thinking;Noun;A2;kufikiri
third;number, Noun;A1, A2;cha tatu
thirsty;Adjective;A1;kiu
thirteen;number;A1;kumi na tatu
thirty;number;A1;thelathini
this;det./proNoun, Adverb;A1, B1;hii
though;conj. Adverb;B1;ingawa
thought;Noun;A2;mawazo
thousand;number;A1;elfu
threat;Noun;B2;tishio
threaten;Verb;B2;kutishia
three;number;A1;tatu
throat;Noun;B1;koo
through;prep. Adverb;A1;kwa njia ya
throughout;prep./Adverb;B1;katika
throw;Verb;A2;kutupa
Thursday;Noun;A1;Alhamisi
thus;Adverb;B2;hivyo
ticket;Noun;A1;tiketi
tidy;Adjective v;A2;tidy
tie;Verb Noun;A2;tai
tight;Adjective;B1;tight
till;conj./prep.;B1;mpaka
time;Noun, Verb;A1, B2;wakati
tin;Noun;B1;bati
tiny;Adjective;B1;vidogo
tip;Noun, Verb;A2, B1;ncha
tired;Adjective;A1;uchovu
title;Noun;A1, B2;title
to;prep., infinitive marker;A1;kwa
today;Adverb Noun;A1;leo
toe;Noun;B1;toe
together;Adverb;A1;pamoja
toilet;Noun;A1;choo
tomato;Noun;A1;nyanya
tomorrow;Adverb Noun;A1;kesho
tone;Noun;B2;tone
tongue;Noun;B1;mama
tonight;Adverb n;A1;usiku wa leo
too;Adverb;A1;pia
tool;Noun;A2;chombo
tooth;Noun;A1;jino
top;Noun, Adjective;A2;juu
topic;Noun;A1;mada
total;Adjective Noun;B1;jumla
totally;Adverb;B1;kabisa
touch;Verb , Noun;A2, B1;kugusa
tough;Adjective;B2;mgumu
tour;Noun, Verb;A2, B1;tour
tourism;Noun;A2;utalii
tourist;Noun;A1;utalii
towards;prep.;A2;kuelekea
towel;Noun;A2;kitambaa
tower;Noun;A2;mnara
town;Noun;A1;mji
toy;Noun, Adjective;A2;toy
track;Noun, Verb;A2, B2;kufuatilia
trade;Noun, Verb;B1;biashara
tradition;Noun;A2;utamaduni
traditional;Adjective;A2;jadi
traffic;Noun;A1;trafiki
train;Noun, Verb;A1, A2;treni
trainer;Noun;A2;mkufunzi
training;Noun;A2;mafunzo
transfer;Verb Noun;B2;uhamisho
transform;Verb;B2;kubadilisha
transition;Noun;B2;mpito
translate;Verb;B1;kutafsiri
translation;Noun;B1;tafsiri
transport;Noun, Verb;A2, B1;usafirishaji
travel;Verb Noun;A1;usafiri
traveller;Noun;A2;msafiri
treat;Verb;B1;kutibu
treatment;Noun;B1;matibabu
tree;Noun;A1;mti
trend;Noun;B1;mwenendo
trial;Noun;B2;kesi
trick;Noun Verb;B1;hila
trip;Noun, Verb;A1, B2;safari
tropical;Adjective;B2;kitropiki
trouble;Noun, Verb;A2, B2;shida
trousers;Noun;A1;suruali
truck;Noun;A2;lori
TRUE;Adjective;A1;TRUE
truly;Adverb;B2;kweli
trust;Noun Verb;B2;uaminifu
truth;Noun;B1;ukweli
try;Verb , Noun;A1, B2;kujaribu
T-shirt;Noun;A1;T-shati
tube;Noun;B1;tube
Tuesday;Noun;A1;Jumanne
tune;Noun;B2;tune
tunnel;Noun;B2;handaki
turn;Verb Noun;A1;kugeuka
TV;Noun;A1;TV
twelve;number;A1;kumi na mbili
twenty;number;A1;ishirini
twice;Adverb;A1;mara mbili
twin;Noun Adjective;A2;pacha
two;number;A1;mbili
type;Noun, Verb;A1, B1;aina
typical;Adjective;A2;kawaida
typically;Adverb;B1;kawaida
tyre;Noun;B1;gurudumu
ugly;Adjective;B1;mbaya
ultimately;Adverb;B2;hatimaye
umbrella;Noun;A1;mwavuli
unable;Adjective;B1;hawawezi
uncle;Noun;A1;mjomba
uncomfortable;Adjective;B1;wasiwasi
unconscious;Adjective;B2;fahamu
under;prep. Adj;A1;chini ya
underground;Adjective Adverb;A2;chini ya ardhi
understand;Verb;A1;kuelewa
understanding;Noun;A2;uelewa
underwear;Noun;B1;chupi
unemployed;Adjective;B1;ajira
unemployment;Noun;B1;ukosefu wa ajira
unexpected;Adjective;B2;isiyotarajiwa
unfair;Adjective;B1;haki
unfortunately;Adverb;A2;kwa bahati mbaya
unhappy;Adjective;A2;furaha
uniform;Noun;A2;sare
union;Noun;B1;muungano
unique;Adjective;B2;kipekee
unit;Noun;A2;kitengo
united;Adjective;A2;umoja
universe;Noun;B2;ulimwengu
university;Noun;A1;chuo kikuu
unknown;Adjective;B2;haijulikani
unless;conj.;B1;isipokuwa
unlike;prep.;B1;tofauti na
unlikely;Adjective;B1;uwezekano
unnecessary;Adjective;B1;yasiyo ya lazima
unpleasant;Adjective;B1;unpleasant
until;conj./prep.;A1;mpaka
unusual;Adjective;A2;kawaida
up;Adverb proNoun;A1;up
update;Verb Noun;B1;update
upon;prep.;B1;juu ya
upper;Adjective;B2;juu
upset;Adjective v;B1;kasirika
upstairs;Adverb , Adjective;A1, A2;ghorofani
upwards;Adverb;B2;kwenda juu
urban;Adjective;B2;mijini
urge;Verb;B2;kuwaomba
us;proNoun;A1;sisi
use;Verb , Noun;A1, A2;matumizi
used;Adjective;B1;kutumika
used to;modal Verb;A2;inatumika kwa
useful;Adjective;A1;muhimu
user;Noun;A2;user
usual;Adjective;A2;kawaida
usually;Adverb;A1;kawaida
vacation;Noun;A1;likizo
valley;Noun;A2;bonde
valuable;Adjective;B1;thamani
value;Noun, Verb;B1, B2;thamani
van;Noun;A2;van
variety;Noun;A2;tofauti
various;Adjective;B1;mbalimbali
vary;Verb;B2;kutofautiana
vast;Adjective;B2;kubwa
vegetable;Noun;A1;mboga
vehicle;Noun;A2;gari
venue;Noun;B2;ukumbi
version;Noun;B1;toleo
very;Adverb , Adjective;A1, B1;sana
via;prep.;B2;kupitia
victim;Noun;B1;mwathirika
victory;Noun;B2;ushindi
video;Noun;A1;video
view;Noun, Verb;A2,;mtazamo
viewer;Noun;B1;mtazamaji
village;Noun;A1;kijiji
violence;Noun;B2;vurugu
violent;Adjective;B1;vurugu
virtual;Adjective;B2;virtual
virus;Noun;A2;virusi
vision;Noun;B2;maono
visit;Verb Noun;A1;ziara
visitor;Noun;A1;mgeni
visual;Adjective;B2;Visual
vital;Adjective;B2;muhimu
vitamin;Noun;B2;vitamini
voice;Noun;A2;sauti
volume;Noun;B2;kiasi
volunteer;Noun Verb;B1;kujitolea
vote;Noun Verb;B1;kura
wage;Noun;B2;mshahara
wait;Verb , Noun;A1, A2;kusubiri
waiter;Noun;A1;waiter
wake;Verb;A1;wake
walk;Verb Noun;A1;kutembea
wall;Noun;A1;ukuta
want;Verb;A1;wanataka
war;Noun;A2;vita
warm;Adjective , v;A1, B1;joto
warn;Verb;B1;kuonya
warning;Noun;B1;onyo
wash;Verb , Noun;A1, A2;osha
washing;Noun;A2;kuosha
waste;Noun v, Adjective;B1;kupoteza
watch;Verb Noun;A1;kuangalia
water;Noun, Verb;A1, B1;maji
wave;Noun;A2, B1;wimbi
way;Noun;A1, B2;njia
we;proNoun;A1;sisi
weak;Adjective;A2;dhaifu
weakness;Noun;B2;udhaifu
wealth;Noun;B2;mali
wealthy;Adjective;B2;tajiri
weapon;Noun;B1;silaha
wear;Verb;A1;kuvaa
weather;Noun;A1;hali ya hewa
web;Noun;A2;mtandao
website;Noun;A1;tovuti
wedding;Noun;A2;harusi
Wednesday;Noun;A1;Jumatano
week;Noun;A1;wiki
weekend;Noun;A1;mwishoni mwa wiki
weigh;Verb;B1;kupima
weight;Noun;A2;uzito
welcome;exclam. Verb Adjective , n;A1, A2;karibu
well;Adverb , Adjective , exclam.;A1;vizuri
west;Noun Adjective Adverb;A1;magharibi
western;Adjective;B1;magharibi
wet;Adjective;A2;mvua
what;proNoun/det.;A1;nini
whatever;det./proNoun;B1;Vyovyote
wheel;Noun;A2;gurudumu
when;Adverb proNounconj.;A1;lini
whenever;conj.;B1;wakati wowote
where;Adverb conj.;A1;ambapo
whereas;conj.;B2;wakati
wherever;conj.;B2;popote
whether;conj.;B1;kama
which;proNoun/det.;A1;ambayo
while;conj., Noun;A2, B1;wakati
whisper;Verb Noun;B2;mnong'ono
white;Adjective Noun;A1;nyeupe
who;proNoun;A1;WHO
whole;Adjective , n;A2, B1;zima
whom;proNoun;B2;ambaye
whose;det./proNoun;A2;ambao
why;Adverb;A1;kwa nini
wide;Adjective;A2;pana
widely;Adverb;B2;sana
wife;Noun;A1;mke
wild;Adjective;A2;pori
wildlife;Noun;B2;wanyamapori
will;modal, Noun Verb;A1,;itakuwa
willing;Adjective;B2;tayari
win;Verb , Noun;A1, B1;kushinda
wind1;Noun;A2;wind1
wind2;Verb;B2;wind2
window;Noun;A1;dirisha
wine;Noun;A1;mvinyo
wing;Noun;B1;mrengo
winner;Noun;A2;mshindi
winter;Noun;A1;majira ya baridi
wire;Noun;B2;Waya
wise;Adjective;B2;busara
wish;Verb Noun;A2;matakwa
with;prep.;A1;kwa
within;prep.;B1;ndani ya
without;prep.;A1;bila
witness;Noun Verb;B2;shahidi
woman;Noun;A1;mwanamke
wonder;Verb Noun;B1;ajabu
wonderful;Adjective;A1;ajabu
wood;Noun;A2;mbao
wooden;Adjective;A2;mbao
wool;Noun;B1;sufu
word;Noun;A1;neno
work;Verb Noun;A1;kazi
worker;Noun;A1;mfanyakazi
working;Adjective;A2;kazi
world;Noun;A1;dunia
worldwide;Adjective Adverb;B1;duniani kote
worried;Adjective;A2;wasiwasi
worry;Verb Noun;A2, B1;wasiwasi
worse;Adjective, AdVerb Noun;A2,B1, B2;mbaya
worst;Adjective, AdVerb;A2,B1, B2;mbaya zaidi
worth;Adjective, Noun;B1, B2;thamani
would;modal, Verb;A1;Je,
wound;Noun Verb;B2;jeraha
wow;exclam.;A2;wow
wrap;Verv;B2;wrap
write;Verb;A1;andika
writer;Noun;A1;mwandishi
writing;Noun;A1;kuandika
written;Adjective;B1;imeandikwa
wrong;Adjective, AdVerb Noun;A1, B1, B2;vibaya
yard;Noun;B1;yadi
yeah;exclam.;A1;yeah
year;Noun;A1;mwaka
yellow;Adjective, Noun;A1;njano
yes;exclam.;A1;ndiyo
yesterday;AdVerb Noun;A1;jana
yet;AdVerb conj.;A2, B2;bado
you;proNoun;A1;wewe
young;Adjective, Noun;A1, B1;vijana
your;det.;A1;yako
yours;proNoun;A2;wako
yourself;proNoun;A1;wewe mwenyewe
youth;Noun;B1;vijana
zero;number;A2;sufuri
zone;Noun;B2;eneo
