a, an;indefinite, article;A1;Як, як
abandon;Verb;B2;тарк
ability;Noun;A2;қобилияти
able;Adjective;A2;тавонист
about;prep. Adverb;A1;дар бораи
above;prep. Adverb;A1;боло
abroad;Adverb;A2;дар хориҷа
absolute;Adjective;B2;мутлақ
absolutely;Adverb;B1;пурра
academic;adj, Noun;B1, B2;академикӣ
accept;Verb;A2;қабул
acceptable;Adjective;B2;қабулшаванда
access;Noun Verb;B1;дастрасии
accident;Noun;A2;фалокат
accommodation;Noun;B1;хона
accompany;Verb;B2;ҳамоҳанг шудан
according to;prep.;A2;Бино бар
account;Noun Verb;B1, B2;ҳисоби
accurate;Adjective;B2;дақиқ
accuse;Verb;B2;айбдор кунанд
achieve;Verb;A2;даст
achievement;Noun;B1;ноилшавӣ
acknowledge;Verb;B2;эътироф
acquire;Verb;B2;даст овардани
across;prep. Adverb;A1;тамоми
act;Verb Noun;A2,B1;амал
action;Noun;A1;амал
active;Adjective;A2;фаъол
activity;Noun;A1;фаъолият
actor;Noun;A1;актер
actress;Noun;A1;актриса
actual;Adjective;B2;воќеии
actually;Adverb;A2;дар асл
ad;Noun;B1;рекламавии
adapt;Verb;B2;мутобиқ
add;Verb;A1;илова кардан
addition;Noun;B1;Илова бар ин
additional;Adjective;B2;иловагӣ
address;Noun Verb;A1,B2;суроғаи
administration;Noun;B2;маъмурият
admire;Verb;B1;ба ваьҳ омадан
admit;Verb;B1;эътироф
adopt;Verb;B2;ќабули
adult;Noun adj;A1,A2;калонсол
Advance;Noun Verb adj;B2;пешпардохт
Advanced;Adjective;B1;Advanced
Advantage;Noun;A2;бартарӣ
Adventure;Noun;A2;хатар
Advertise;Verb;A2;реклама кардан
Advertisement;Noun;A2;реклама
Advertising;Noun;A2;реклама
Advice;Noun Verb;A1, B1;маслиҳат
affair;Noun;B2;кор
affect;Verb;A2;таъсир
afford;Verb;B1;имконият
afraid;Adjective;A1;ҳаросон
after;prep. conj. Adverb;A1,A2;баъд аз
afternoon;Noun;A1;Нимаи
afterwards;Adverb;B2;баъд
again;Adverb;A1;аз нав
against;prep;A2;бар зидди
age;Noun Verb;A1, B1;синну сол
aged;Adjective;B1;сола
agency;Noun;B2;агентии
agenda;Noun;B2;рўзномаи
agent;Noun;B1;агенти
aggressive;Adjective;B2;таьовузкорона
ago;Adverb;A1;пеш
agree;Verb;A1;розӣ шудан
agreement;Noun;B1;созишнома
ah;exclam.;A2;Огоҳ
ahead;Adverb;B1;пештар
aid;Noun Verb;B2;кӯмаки
aim;Verb Noun;B1;ҳадаф
air;Noun;A1;ҳаво
aircraft;Noun;B2;ҳавопаймо
airline;Noun;A2;хатти ҳавоӣ
airport;Noun;A1;фурудгоҳ
alarm;Noun Verb;B1, B2;ҳушдор
album;Noun;B1;албом
alcohol;Noun;B1;машрубот
alcoholic;Adjective;B1;майзада
alive;Adjective;A2;зинда
all;det. pron, Adverb;A1, A2;ҳама
all right;Adjective, Adverb exclam;A2;ҳамааш нағз
allow;Verb;A2;имкон
almost;Adverb;A2;қариб
alone;Adjective, Adverb;A2;танҳо
along;prep. Adverb;A2;дар баробари
already;Adverb;A2;аллакай
also;Adverb;A1;ҳамчунин
alter;Verb;B2;Алтер
alternative;Noun Adjective;A2, B1;алтернативии
although;conj;A2;гарчанде
always;Adverb;A1;ҳамеша
amazed;Adjective;B1;дар ҳайрат афтоданд
amazing;Adjective;A1;ҳайратангез
ambition;Noun;B1;такаббур
ambitious;Adjective;B1;сертакаббур
among;prep.;A2;дар байни
amount;Noun Verb;A2, B2;маблағи
analyse;Verb;B1;таҳлил
analysis;Noun;B1;таҳлил
ancient;Adjective;A2;қадим
and;conj;A1;ва
anger;Noun;B2;хашм
angle;Noun;B2;кунҷи
angry;Adjective;A1;хашмгин
animal;Noun;A1;ҳайвон
ankle;Noun;A2;буьули пой
anniversary;Noun;B2;солгард
announce;Verb;B1;эълон
announcement;Noun;B1;эълон
annoy;Verb;B1;хашмгин кардан
annoyed;Adjective;B1;дарғазаб
annoying;Adjective;B1;цазабангез
annual;Adjective;B2;солона
another;det. proNoun;A1;дигар
answer;Noun Verb;A1;ҷавоби
anxious;Adjective;B2;ғам
any;det. proNoun, Adverb;A1, A2;ҳар як
anybody;pron;A2;ягон кас
any more;Adverb;A2;ҳеҷ зиёдатӣ
anyone;pron;A1;касе
anything;pron;A1;чизе
anyway;Adverb;A2;ба ҳар ҳол
anywhere;AdVerb proNoun;A2;дилхоҳ
apart;Adverb;B1;ҷудо
apartment;Noun;A1;квартира
apologize;Verb;B1;бахшидан
app;Noun;A2;барнома
apparent;Adjective;B2;ошкор
apparently;Adverb;B2;аз афташ
appeal;Noun Verb;B2;шикоят кардан
appear;Verb;A2;пайдо
appearance;Noun;A2;пайдоиш
apple;Noun;A1;себ
application;Noun;B1;ариза
apply;Verb;A2;мурољиат
appointment;Noun;B1;таъин
appreciate;Verb;B1;қадр
approach;Noun Verb;B2;усул
appropriate;Adjective;B2;мувофиқ
approval;Noun;B2;тасдиқ
approve;Verb;B2;тасдиқ
approximately;Adverb;B1;тахминан
April;Noun;A1;апрел
architect;Noun;A2;меъмор
architecture;Noun;A2;меъморӣ
area;Noun;A1;майдон
argue;Verb;A2;баҳс
argument;Noun;A2;далел
arise;Verb;B2;меоянд
arm;Noun;A1;мусаллаҳ
armed;Adjective;B2;мусаллаҳ
arms;Noun;B2;яроќ
army;Noun;A2;артиши
around;prep. Adverb;A1;дар гирди
arrange;Verb;A2;тартиб
arrangement;Noun;A2;ташкили
arrest;Verb Noun;B1;ҳабс кардан
arrival;Noun;B1;расидан
arrive;Verb;A1;меоянд
art;Noun;A1;санъат
article;Noun;A1;мақола
artificial;Adjective;B2;сунъӣ
artist;Noun;A1;ҳунарманд
artistic;Adjective;B2;бадеӣ
as;prep., Adverb conj.;A1, A2;мисли
ashamed;Adjective;B2;шарм
asleep;Adjective;A2;дар хоб
ask;Verb;A1;пурсидан
aspect;Noun;B2;ҷанбаи
assess;Verb;B2;баҳо додан
assessment;Noun;B2;баҳо
assignment;Noun;B1;таъиноти
assist;Verb;B1;мусоидат
assistant;Noun Adjective;A2;ёрдамчӣ
associate;Verb;B2;ҳамкор
associated;Adjective;B2;алоқаманд
association;Noun;B2;иттиҳод
assume;Verb;B2;фарз
at;prep.;A1;дар
athlete;Noun;A2;варзиш
atmosphere;Noun;B1;атмосфера
attach;Verb;B1;маҳкам кардан
attack;Noun Verb;A2;ҳамлаи
attempt;Noun Verb;B2;кўшиш
attend;Verb;A2;Иштироки
attention;Noun exclam.;A2;таваҷҷуҳи
attitude;Noun;B1;рафтор
attract;Verb;B1;ҷалб
attraction;Noun;B1;љалби
attractive;Adjective;A2;љолиб
audience;Noun;A2;аудитория
August;Noun;A1;август
aunt;Noun;A1;хола
author;Noun;A2;муаллиф
authority;Noun;B1;маќоми
autumn;Noun;A1;тирамоҳ
available;Adjective;A2;дастрас
average;Adjective, Noun Verb;A2, B1;миёна
avoid;Verb;A2;кўшиш
award;Noun Verb;A2, B1;мукофот
aware;Adjective;B1;огоҳ
away;Adverb;A1;дур
awful;Adjective;A2;воҳиманок
baby;Noun;A1;кӯдак
back;Noun AdVerb Adjective, Verb;A1, A2, B2;бозгашт
background;Noun;A2;замина
backwards;Adverb;B1;бозгашт
bacteria;Noun;B2;бактериа
bad;Adjective;A1;бад
badly;Adverb;A2;бад
bag;Noun;A1;болишти
bake;Verb;B1;пӯхтан
balance;Noun Verb;B1;мувозинат
ball;Noun;A1;тӯб
ban;Verb Noun;B1;манъ
banana;Noun;A1;банан
band;Noun;A1;гӯрӯҳ
bank (money);Noun;A1;бонкӣ (пул)
bank (river);Noun;B1;бонк (дарё)
bar;Noun Verb;A2, B2;бар
barrier;Noun;B2;монеа
base;Noun Verb;B1;асос
baseball;Noun;A2;бейсбол
based;Adjective;A2;дар асоси
basketball;Noun;A2;баскетбол
basic;Adjective;B1;асосӣ
basically;Adverb;B2;асосан
basis;Noun;B1;асос
bath;Noun;A1;ҳамом
bathroom;Noun;A1;ҳамом
battery;Noun;B1;батарея
battle;Noun Verb;B1, B2;мубориза
be;Verb auxiliary Verb;A1;бошад
beach;Noun;A1;соҳил
bean;Noun;A2;бощло
bear (deal with);Verb;B2;хирс (созишномаи бо)
bear (animal);Noun;A2;хирс (ҳайвонот)
beat;Verb Noun;A2, B2;задани
beautiful;Adjective;A1;зебо
beauty;Noun;B1;зебоӣ
because;conj.;A1;зеро
become;Verb;A1;шудан
bed;Noun;A1;кат
bedroom;Noun;A1;ьои хоб
bee;Noun;B1;занбур
beef;Noun;A2;гӯшти гов
beer;Noun;A1;оби ҷав
before;prep., conj. Adverb;A1, A2;пеш аз
beg;Verb;B2;хоҳиш кардан
begin;Verb;A1;Оғоз
beginning;Noun;A1;ибтидо
behave;Verb;A2;рафтор
behaviour;Noun;A2;рафтори
behind;prep. Adverb;A1;паси
being;Noun;B2;будан
belief;Noun;B1;боварӣ
believe;Verb;A1;ки имон
bell;Noun;B1;зангула
belong;Verb;A2;аз они
below;Adverb prep.;A1;дар поён
belt;Noun;A2;тасма
bend;Verb Noun;B1;щатъ кардан
benefit;Verb NouNoun;A2, B1;суд
bent;Adjective;B2;щатъшуда
best;Adjective, AdVerb Noun;A1, A2;беҳтарин
bet;Verb Noun;B2;гарав
better;Adjective , Adverb , Noun;A1, A2, B1;хубтар
between;prep., Adverb;A1, A2;миёни
beyond;prep. Adverb;B2;дуртар
bicycle;Noun;A1;велосипед
big;Adjective;A1;калон
bike;Noun;A1;дучархаи
bill;Noun Verb;A1, B2;ҳисоб
billion number; ;A2;миллиард шумораи
bin;Noun;A2;дул
biology;Noun;A2;биология
bird;Noun;A1;парранда
birth;Noun;A2;таваллуд
birthday;Noun;A1;рӯзи таваллуд
biscuit;Noun;A2;фатиркулча
bit;Noun;A2;каме
bite;Verb Noun;B1;нешзанӣ
bitter;Adjective;B2;талх
black;Adjective, Noun;A1;сиёҳ
blame;Verb Noun;B2;сарзаниш
blank;Adjective, Noun;A2;вараќаи
blind;Adjective;B2;кӯр
block;Noun Verb;B1;блок
blog;Noun;A1;блог
blonde;Adjective;A1;зардинамӯй
blood;Noun;A2;хун
blow;Verb;A2;пуф кардан
blue;Adjective, Noun;A1;кабуд
board;Noun Verb;A2, B1;Шӯрои
boat;Noun;A1;қаиқ
body;Noun;A1;бадан
boil;Verb;A2;ьӯшондан
bomb;Noun Verb;B1;бомба
bond;Noun;B2;вомбарг
bone;Noun;A2;устухон
book;Noun Verb;A1, A2;китоб
boot;Noun;A1;ботинка
border;Noun Verb;B1, B2;сарҳад
bored;Adjective;A1;дилгир
boring;Adjective;A1;пармакунанда
born;Verb;A1;таваллуд
borrow;Verb;A2;ищтибос
boss;Noun;A2;саркор
both;det./proNoun;A1;ҳарду
bother;Verb;B1;ташвиш
bottle;Noun;A1;шиша
bottom;NouNoun Adjective;A2;поёни
bowl;Noun;A2;косаи
box;Noun;A1;қуттии
boy;Noun;A1;писарбача
boyfriend;Noun;A1;дӯст
brain;Noun;A2;мағзи сар
branch;Noun;B1;филиал
brand;Noun Verb;B1;бренд
brave;Adjective;B1;далер
bread;Noun;A1;нон
break;Verb Noun;A1;танаффус
breakfast;Noun;A1;наҳорӣ
breast;Noun;B2;сина
breath;Noun;B1;нафаскашӣ
breathe;Verb;B1;нафас кашидан
breathing;Noun;B1;нафаскашии
bride;Noun;B1;арӯс
bridge;Noun;A2;пул
brief;Adjective;B2;мухтасар
bright;Adjective;A2;равшан
brilliant;Adjective;A2;ьилодиҳанда
bring;Verb;A1;меорад
broad;Adjective;B2;васеъ
broadcast;Verb Noun;B2;ахбор
broken;Adjective;A2;шикаста
brother;Noun;A1;бародар
brown;Adjective, Noun;A1;қаҳваранг
brush;Verb Noun;A2;дандоншӯяк
bubble;Noun;B1;ҳубобча
budget;Noun;B2;буљети
build;Verb;A1;сохтан
building;Noun;A1;бинои
bullet;Noun;B2;мацз
bunch;Noun;B2;хӯшаи
burn;Verb Noun;A2, B2;сӯзондан
bury;Verb;B1;дафн кардан
bus;Noun;A1;автобус
bush;Noun;B2;бутта
business;Noun;A1;бизнес
businessman;Noun;A2;марди корчалон
busy;Adjective;A1;банд
but;conj. prep;A1, B2;аммо
butter;Noun;A1;равған
button;Noun;A2;тугма
buy;Verb;A1;харидори
by;prep. Adverb;A1, B1;бо
bye;exclam;A1;хайрухуш
cable;Noun;B2;кабел
cafe;Noun;A1;кафе
cake;Noun;A1;торт
calculate;Verb;B2;ҳисоб кардан
call;Verb Noun;A1;тамос
calm;Adjective Verb Noun;B1;ором
camera;Noun;A1;камера
camp;Noun Verb;A2;ӯрдугоҳ
campaign;Noun Verb;B1;маъракаи
camping;Noun;A2;хаймазанӣ
campus;Noun;B1;шаҳраки
can1;modal Verb;A1;can1
can2;Noun;A2;can2
cancel;Verb;B2;бекор
cancer;Noun;B2;саратон
candidate;Noun;B1;номзад
cannot;Verb;A1;не
cap;Noun;B1;сарпӯш
capable;Adjective;B2;қодир
capacity;Noun;B2;имконият
capital;Noun Adjective;A1;пойтахт
captain;Noun;B1;капитан
capture;Verb Noun;B2;асир гирифтан
car;Noun;A1;мошин
card;Noun;A1;корт
care;Noun Verb;A2;нигоҳубини
career;Noun;A1;мансаб
careful;Adjective;A2;эҳтиёт
carefully;Adverb;A2;бодиққат
careless;Adjective;B1;беэътиёт
carpet;Noun;A2;щолин
carrot;Noun;A1;сабзӣ
carry;Verb;A1;бори дастӣ
cartoon;Noun;A2;карикатура
case;Noun;A2;мавриди
cash;Noun;A2;нақд
cast;Noun Verb;B2;андохт
castle;Noun;A2;щулф
cat;Noun;A1;гурба
catch;Verb Noun;A2, B2;гирифтан
category;Noun;B1;категория
cause;Noun Verb;A2;сабаб
CD;Noun;A1;CD
ceiling;Noun;B1;шифт
celebrate;Verb;A2;ҷашн
celebration;Noun;B1;таҷлили
celebrity;Noun;A2;машхур
cell;Noun;B2;ҳуҷайра
cent;Noun;A1;фоиз
central;Adjective;B1;марказӣ
centre;Noun Verb;A1, B1;марказ
century;Noun;A1;асри
ceremony;Noun;B1;маросим
certain;Adjective;A2;муайян
certainly;Adverb;A2;Ба ростӣ ба
chain;Noun Verb;B1, B2;занҷираи
chair;Noun Verb;A1, B2;кафедраи
chairman;Noun;B2;раис
challenge;Noun Verb;B1, B2;даъват
champion;Noun;B1;қаҳрамони
chance;Noun;A2;имконият
change;Verb Noun;A1;иваз
channel;Noun;B1;канал
chapter;Noun;B1;боб
character;Noun;A2;характер
characteristic;Noun Adjective;B2;характернҳй
charge;Noun Verb;B1;масъул
charity;Noun;A2;эҳсонкорӣ
chart;Noun Verb;A1, B2;харита
chat;Verb Noun;A2;сӯҳбат
cheap;Adjective , Adverb;A1, B1;арзон
cheat;Verb Noun;B1;фиреб додан
check;Verb Noun;A1, A2;санҷед
chef;Noun;A2;ошпази калон
cheerful;Adjective;B1;хушҳол
cheese;Noun;A1;панир
chemical;Adjective, Noun;B1;кимиёӣ
chemistry;Noun;A2;кимиё
chest;Noun;B1;сандущ
chicken;Noun;A1;чӯҷа
chief;Adjective, Noun;B2;сардори
child;Noun;A1;кӯдак
childhood;Noun;B1;бачагӣ
chip;Noun;A2;оҳанпора
chocolate;Noun;A1;шоколад
choice;Noun;A2;интихоб
choose;Verb;A1;интихоб кардан
church;Noun;A2;калисо
cigarette;Noun;A2;чилим
cinema;Noun;A1;кино
circle;Noun Verb;A2;давра
circumstance;Noun;B2;вазъият
cite;Verb;B2;даъват кардан
citizen;Noun;B2;шаҳрванд
city;Noun;A1;шаҳр
civil;Adjective;B2;шаҳрвандӣ
claim;Verb Noun;B1;Даъво
class;Noun;A1;синфи
classic;Adjective, Noun;B2;классикӣ
classical;Adjective;A2;классикӣ
classroom;Noun;A1;синфхона
clause;Noun;B1;банди
clean;Adjective, Verb;A1;тоза
clear;Adjective, Verb;A2, B1;равшан
clearly;Adverb;A2;равшан
clever;Adjective;A2;доно
click;Verb Noun;B1;ангуштзании
client;Noun;B1;муштарӣ
climate;Noun;A2;иқлим
climb;Verb Noun;A1, B1;баромадан
clock;Noun;A1;соат
close1;Verb Noun;A1, B2;close1
close2;Adjective , Adverb;A2, B1;close2
closed;Adjective;A2;пўшида
closely;Adverb;B2;зич
cloth;Noun;B1;матоъ
clothes;Noun;A1;либос
clothing;Noun;A2;пӯшок
cloud;Noun;A2;абр
club;Noun;A1;клуб
clue;Noun;B1;калид
coach;Noun Verb;A2, B1;мураббии
coal;Noun;B1;ангишт
coast;Noun;A2;соҳил
coat;Noun;A1;палто
code;Noun;A2;рамз
coffee;Noun;A1;қаҳва
coin;Noun;B1;тин
cold;Adjective Noun;A1;хунук
collapse;Verb Noun;B2;фурӯпошии
colleague;Noun;A2;ҳамкор
collect;Verb;A2;чамъ
collection;Noun;B1;коллексия
college;Noun;A1;коллеҷи
colour;Noun;A1;ранг
coloured;Adjective;B1;ранга
column;Noun;A2;сутун
combination;Noun;B2;комбинатсияи
combine;Verb;B1;ба ҳам пайваст кардан
come;Verb;A1;омад
comedy;Noun;A2;мазҳака
comfort;Noun Verb;B2;тасалло
comfortable;Adjective;A2;бароҳат
command;Noun Verb;B2;фармон
comment;Noun Verb;A2, B1;шарҳ
commercial;Adjective Noun;B1;тиҷоратӣ
commission;Noun Verb;B2;комиссияи
commit;Verb;B1;содир
commitment;Noun;B2;ӯҳдадорӣ
committee;Noun;B2;кумита
common;Adjective Noun;A1;умумӣ
commonly;Adverb;B2;одатан
communicate;Verb;A2;муошират
communication;Noun;B1;алоқа
community;Noun;A2;ҷомеа
company;Noun;A1;ширкат
compare;Verb;A1;нисбат ба
comparison;Noun;B1;нисбат ба
compete;Verb;A2;ращобат кардан
competition;Noun;A2;озмун
competitor;Noun;B1;ращиб
competitive;Adjective;B1;озмун
complain;Verb;A2;шикоят кардан
complaint;Noun;B1;шикоят
complete;Adjective Verb;A1;пурра
completely;Adverb;A2;тамоман
complex;Adjective, Noun;B1, B2;мураккаб
complicated;Adjective;B2;мушкил
component;Noun;B2;ќисмати
computer;Noun;A1;компютер
concentrate;Verb;B1;консентрат
concentration;Noun;B2;консентратсияи
concept;Noun;B2;консепсияи
concern;Noun Verb;B2;нигаронии
concerned;Adjective;B2;дахлдор
concert;Noun;A1;консерт
conclude;Verb;B1;хулоса баровардан
conclusion;Noun;B1;хулоса
condition;Noun;A2;шароит
conduct;Verb Noun;B2;рафтор
conference;Noun;A2;конференсия
confidence;Noun;B2;боварӣ
confident;Adjective;B1;дилпур
confirm;Verb;B1;тасдиқ
conflict;Noun Verb;B2;низоъ
confuse;Verb;B1;чигил
confused;Adjective;B1;ошуфтааст
confusing;Adjective;B2;бесару сомон
connect;Verb;A2;пайваст
connected;Adjective;A2;вобаста ба
connection;Noun;B1;Вобаста ба
conscious;Adjective;B2;бошуурона
consequence;Noun;B1;натиљаи
conservative;Adjective, Noun;B2;консервативии
consider;Verb;A2;дида бароем
consideration;Noun;B2;баррасии
consist;Verb;B1;иборат аст
consistent;Adjective;B2;мунтазам
constant;Adjective;B2;доимӣ
constantly;Adverb;B2;ҳамеша
construct;Verb;B2;сохтмони
construction;Noun;B2;сохтмон
consume;Verb;B1;истеъмол
consumer;Noun;B1;истеъмолкунанда
contact;Noun Verb;B1;тамос
contain;Verb;A2;дар бар гирад
container;Noun;B1;контейнер
contemporary;Adjective;B2;муосир
content;Noun;B1;мазмуни
contest;Noun Verb;B2;Озмуни
context;Noun;A2;матн
continent;Noun;A2;континент
continue;Verb;A2;давом додан
continuous;Adjective;B1;мунтазам
contract;Noun Verb;B2;шартнома
contrast;Noun Verb;B1;Баръакси
contribute;Verb;B2;мусоидат
contribution;Noun;B2;саҳми
control;Noun Verb;A2;идора
convenient;Adjective;B1;қулай
conversation;Noun;A1;гуфтугӯ
convert;Verb;B2;навимонон
convince;Verb;B1;бовар кунонад
convinced;Adjective;B2;боварӣ
cook;Verb Noun;A1, A2;ошпаз
cooker;Noun;A2;cooker
cooking;Noun;A1;хӯрокпазӣ
cool;Adjective, Verb;A1, B1;хунук
copy;Noun Verb;A2;нусха
core;Noun Adjective;B2;аслӣ
corner;Noun;A2;гӯшаи
corporate;Adjective;B2;корпоративӣ
correct;Adjective Verb;A1;дуруст
correctly;Adverb;A2;дуруст
cost;Noun Verb;A1;арзиш
costume;Noun;B1;костюм
cottage;Noun;B1;коттеь
cotton;Noun;B1;пахта
could;Verb;A1;метавонист
council;Noun;B2;шӯрои
count;Verb Noun;A2, B1;шумурдан
country;Noun;A1;кишвар
countryside;Noun;B1;деҳот
county;Noun;B2;шаҳристон
couple;Noun;A2;ҷуфти
courage;Noun;B2;далерӣ
course;Noun;A1;курс
court;Noun;B1;суд
cousin;Noun;A1;амакбача
cover;Verb Noun;A2, B1;пӯшидан
covered;Adjective;B1;фаро
cow;Noun;A1;гов
crash;Noun Verb;B2;садама
crazy;Adjective;A2;девона
cream;Noun Adjective;A1, B1;яхмос
create;Verb;A1;сохтан
creation;Noun;B2;офариниш
creative;Adjective;A2;эҷодӣ
creature;Noun;B2;ҷунбандае
credit;Noun Verb;A2, B2;қарзӣ
crew;Noun;B2;экипаж
crime;Noun;A2;ҷиноят
criminal;Noun Adjective;A2, B1;ҷиноятӣ
crisis;Noun;B2;бӯҳрони
criterion;Noun;B2;меъёри
critic;Noun;B2;мунаққиди
critical;Adjective;B2;муҳим
criticism;Noun;B2;танќиди
criticize;Verb;B2;танщид кардан
crop;Noun;B2;кишт
cross;Verb Noun;A2;салиб
crowd;Noun;A2;издиҳом
crowded;Adjective;A2;серодам
crucial;Adjective;B2;муњим
cruel;Adjective;B1;бераҳм
cry;Verb Noun;A2, B2;гиря кардан
cultural;Adjective;B1;маданӣ
culture;Noun;A1;маданият
cup;Noun;A1;коса
cupboard;Noun;A2;ьевон
cure;Verb Noun;B2;табобат
curly;Adjective;A2;ҷингила
currency;Noun;B1;бо пули
current;Adjective, Noun;B1, B2;ҷорӣ
currently;Adverb;B1;дар айни замон
curtain;Noun;B1;парда
curve;Noun Verb;B2;каь
curved;Adjective;B2;қубурӣ
custom;Noun;B1;урфу одат
customer;Noun;A1;фармоишгар
cut;Verb , Noun;A1, B1;набуред,
cycle;Noun Verb;A2, B1;давра
dad;Noun;A1;падар
daily;Adjective, Adverb;A2, B1;ҳаррӯза
damage;Noun Verb;B1;зарар
dance;Noun Verb;A1;рақс
dancer;Noun;A1;ращщос
dancing;Noun;A1;рақси
danger;Noun;A2;Хатар
dangerous;Adjective;A1;хатарнок
dark;Adjective, Noun;A1, A2;торик
data;Noun;A2;маълумот
date;Noun Verb;A1, B2;таърих
daughter;Noun;A1;духтар
day;Noun;A1;рӯз
dead;Adjective;A2;мурда
deal;Verb Noun;A2, B1;созишномаи
dear;Adjective, exclam;A1, A2;азиз
death;Noun;A2;марг
debate;Noun Verb;B2;баҳс
debt;Noun;B2;қарзи
decade;Noun;B1;даҳсола
December;Noun;A1;декабр
decent;Adjective;B2;арзанда
decide;Verb;A1;қарор
decision;Noun;A2;ҳалли
declare;Verb;B2;ҳабар
decline;Verb Noun;B2;таназзул
decorate;Verb;B1;зинат додан
decoration;Noun;B2;ороиш
decrease;Verb Noun;B2;кам
deep;Adjective, Adverb;A2, B1;чуқур
deeply;Adverb;B2;сахт
defeat;Verb Noun;B2;шикаст
defence;Noun;B2;муҳофизат
defend;Verb;B2;муҳофизат кардан
define;Verb;B1;муайян кардан
definite;Adjective;B1;анищ
definitely;Adverb;A2;бешубҳа
definition;Noun;B1;таърифи
degree;Noun;A2;дараҷаи
delay;Verb Noun;B2;таъхир
deliberate;Adjective;B2;барщасд
deliberately;Adverb;B2;щасдан
delicious;Adjective;A1;ки ошомандагон
delight;Verb Noun;B2;хурсандии
delighted;Adjective;B2;Хушҳол
deliver;Verb;B1;расонидани
delivery;Noun;B2;расонидани
demand;Noun Verb;B2;талаб
demonstrate;Verb;B2;нишон
dentist;Noun;A2;духтури дандон
deny;Verb;B2;инкор
department;Noun;A2;шӯъба
departure;Noun;B1;рафтан
depend;Verb;A2;вобаста аст
depressed;Adjective;B2;рӯҳафтодагӣ
depressing;Adjective;B2;фирқа
depth;Noun;B2;чуқурии
describe;Verb;A1;тасвир кардан
description;Noun;A1;Шарҳи
desert;Noun Verb;A2, B2;биёбон
deserve;Verb;B2;сазовори
design;Noun Verb;A1;лоиҳа
designer;Noun;A2;лоиҳакаш
desire;Noun Verb;B2;хоҳиш
desk;Noun;A1;стол
desperate;Adjective;B2;ноумед
despite;prep;B1;сарфи назар аз
destination;Noun;B1;таъинот
destroy;Verb;A2;несту нобуд
detail;Noun Verb;A1, B2;муфассал
detailed;Adjective;B2;муфассал
detect;Verb;B2;зоҳир кардан
detective;Noun;A2;муфаттиши махфӣ
determine;Verb;B1;муайян кардан
determined;Adjective;B1;муайян
develop;Verb;A2;инкишоф
development;Noun;B1;инкишоф
device;Noun;A2;дастгоҳ
diagram;Noun;B1;диаграмма
dialogue;Noun;A1;муколама
diamond;Noun;B1;алмаз
diary;Noun;A2;рӯзнома
dictionary;Noun;A1;луғат
die;Verb;A1;мурдан
diet;Noun;A1;парҳез
difference;Noun;A1;фарқияти
different;Adjective;A1;дигар
differently;Adverb;A2;гуногун
difficult;Adjective;A1;мураккаб
difficulty;Noun;B1;мушкилӣ
dig;Verb;B2;кандан
digital;Adjective;A2;рақамӣ
dinner;Noun;A1;хӯроки нисфирӯзӣ
direct;Adjective, Verb Adverb;A2, B1;мустақим
direction;Noun;A2;равона
directly;Adverb;B1;бевосита
director;Noun;A2;директор
dirt;Noun;B1;лой
dirty;Adjective;A1;лойолуд
Dis Adverbantage;Noun;B1;Dis Adverbantage
disagree;Verb;A2;ихтилоф
disappear;Verb;A2;гум шудан
disappointed;Adjective;B1;ноумед
disappointing;Adjective;B1;њаваси
disaster;Noun;A2;офатҳои табиӣ
disc;Noun;B2;Фитаи
discipline;Noun;B2;интизоми
discount;Noun Verb;B1, B2;тахфифи
discover;Verb;A2;кашф
discovery;Noun;A2;кушодашавӣ
discuss;Verb;A1;муҳокима
discussion;Noun;A2;мубоҳиса
disease;Noun;A2;беморӣ
dish;Noun;A1;таом
dishonest;Adjective;B2;бевиьдон
dislike;Verb Noun;B1;наёмад
dismiss;Verb;B2;кушодан
display;Verb Noun;B2;намоиш
distance;Noun;A2;масофа
distribute;Verb;B2;паҳн кардан
distribution;Noun;B2;тақсимоти
district;Noun;B2;ноњияи
divide;Verb Noun;B1, B2;тащсим кардан
division;Noun;B2;Воҳиди
divorced;Adjective;A2;ҷудошуда
do;Verb auxiliary verb;A1;кор
doctor;Noun;A1;духтур
document;Noun Verb;A2, B2;ҳуҷҷати
documentary;Noun;B1;ҳуҷҷатӣ
dog;Noun;A1;саг
dollar;Noun;A1;доллари ИМА
domestic;Adjective;B2;дохилӣ
dominate;Verb;B2;тасаллут
donate;Verb;B1;хайрия
door;Noun;A1;дари
double;Adjective det. proNoun Verb , Adverb;A2, B1;дукарата
doubt;Noun Verb;B1;бешубҳа
down;Adverb Prep;A1;поён
download;Verb Noun;A2;боргирӣ
downstairs;Adverb , Adjective;A1, A2;поин
downwards;Adverb;B2;ба поён
dozen;Noun det;B2;дувоздаҳ дона
draft;Noun Verb;B2;лоињаи
drag;Verb;B2;монеа шудан
drama;Noun;A2;фоьиҳа
dramatic;Adjective;B2;драмавӣ
draw;Verb;A1;кашидан
drawing;Noun;A2;нащша
dream;Noun Verb;A2;орзу
dress;Noun Verb;A1;либос
dressed;Adjective;B1;либоси
drink;Noun Verb;A1;нӯшидан
drive;Verb Noun;A1, A2;рондан
driver;Noun;A1;ронанда
driving;Noun;A2;ронандагӣ
drop;Verb Noun;A2, B1;тарки
drug;Noun;A2;дору
drum;Noun;B1;Драм
drunk;Adjective;B1;маст
dry;Adjective, Verb;A2;хушк
due;Adjective;B1;сабаби
during;prep;A1;дар муддати
dust;Noun;B1;хок
duty;Noun;B1;вазифа
DVD;Noun;A1;DVD
each;det./proNoun/Adverb;A1;ҳар як
ear;Noun;A1;гӯш
early;Adjective Adverb;A1;аввали
earn;Verb;A2;даст
earth;Noun;A2;замин
earthquake;Noun;B1;зилзила
easily;Adverb;A2;ба осонӣ
east;Noun Adjective Adverb;A1;дар шарқ
eastern;Adjective;B1;дар шарқи
easy;Adjective;A1;осон
eat;Verb;A1;хӯрдан
economic;Adjective;B1;иќтисодї
economy;Noun;B1;иқтисодиёт
edge;Noun;B1;канори
edit;Verb;B2;вироиш
edition;Noun;B2;Нашри
editor;Noun;B1;муҳаррири
educate;Verb;B1;таълим гирифтан
educated;Adjective;B1;таълим
education;Noun;A2;маълумот
educational;Adjective;B1;таълимї
effect;Noun;A2;таъсир
effective;Adjective;B1;самаранок
effectively;Adverb;B1;самаранок
efficient;Adjective;B2;самаранок
effort;Noun;B1;кӯшишҳои
egg;Noun;A1;тухм
eight;number;A1;ҳашт
eighteen;number;A1;ҳаждаҳ
eighty;number;A1;ҳаштод
either;det./proNoun Adverb;A2;ё
elderly;Adjective;B2;солхӯрда
elect;Verb;B2;интихоб кардан
election;Noun;B1;интихобот
electric;Adjective;A2;барқӣ
electrical;Adjective;A2;барқ
electricity;Noun;A2;барқ
electronic;Adjective;A2;электронӣ
element;Noun;B1;элемент
elephant;Noun;A1;фил
eleven;number;A1;ёздаҳ
else;Adverb;A1;боз
elsewhere;Adverb;B2;дигар
email;Noun Verb;A1;почтаи электронӣ
embarrassed;Adjective;B1;шарм
embarrassing;Adjective;B1;изохӯрда
emerge;Verb;B2;ба вуьуд омадан
emergency;Noun;B1;фавқулодда
emotion;Noun;B1;ҳиссиёт
emotional;Adjective;B2;эҳсосӣ
emphasis;Noun;B2;диќќати
emphasize;Verb;B2;таъкид кардан
employ;Verb;A2;щабул кардан
employee;Noun;A2;хизматчӣ
employer;Noun;A2;соҳибкор
employment;Noun;B1;кор
empty;Adjective, Verb;A2, B1;холӣ
enable;Verb;B2;имконият
encounter;Verb Noun;B2;вохӯрӣ
encourage;Verb;B1;ҳавасманд
end;Noun Verb;A1;Поён
ending;Noun;A2;моҳаи
enemy;Noun;B1;душман
energy;Noun;A2;энергетика
engage;Verb;B2;машғул
engaged;Adjective;B1;машғуланд
engine;Noun;A2;муҳаррик
engineer;Noun;A2;муҳандис
engineering;Noun;B1;муњандисї
enhance;Verb;B2;баланд бардоштани
enjoy;Verb;A1;ҳаловат бурдан
enormous;Adjective;A2;бузург
enough;det. proNoun Adverb;A1;кофӣ
enquiry;Noun;B2;пурсиш
ensure;Verb;B2;таъмин
enter;Verb;A2;даромадан
entertain;Verb;B1;машцул шудан
entertainment;Noun;B1;вақтхушӣ
enthusiasm;Noun;B2;цайрат
enthusiastic;Adjective;B2;боваьд
entire;Adjective;B2;тамоми
entirely;Adverb;B2;пурра
entrance;Noun;B1;Даромадгоҳ
entry;Noun;B1;даромад
environment;Noun;A2;муҳит
environmental;Adjective;B1;муњити зист
episode;Noun;B1;охирон
equal;Adjective, Verb Noun;B1, B2;баробар
equally;Adverb;B1;якхела
equipment;Noun;A2;таҷҳизоти
error;Noun;A2;хатогӣ
escape;Verb Noun;B1;гурехта
especially;Adverb;A2;махсусан
essay;Noun;A2;иншо
essential;Adjective;B1;асосӣ
establish;Verb;B2;таъсис
estate;Noun;B2;амволи ғайриманқул
estimate;Verb Noun;B2;баҳо додан
ethical;Adjective;B2;ахлоқӣ
euro;Noun;A1;евро
evaluate;Verb;B2;баҳо додан
even;AdVerb Adjective;A1, B2;ҳатто
evening;Noun;A1;шом
event;Noun;A1;ҳодиса
eventually;Adverb;B1;охиран
ever;Adverb;A1;бор
every;det;A1;ҳар
everybody;proNoun;A1;ҳама
everyday;Adjective;A2;ҳар рӯз
everyone;proNoun;A1;ҳама
everything;proNoun;A1;ҳама
everywhere;Adverb;A2;дар ҳама ҷо
evidence;Noun;A2;далелњои
evil;Adjective, Noun;B2;бад
exact;Adjective;A2;аниқи
exactly;Adverb;A2;маҳз
exam;Noun;A1;имтиҳон
examination;Noun;B2;ташхиси
examine;Verb;B1;дида бароем
example;Noun;A1;мисол
excellent;Adjective;A2;аъло
except;prep, conj;A2, B1;ғайри
exchange;Noun Verb;B1;мубодилаи асъор
excited;Adjective;A1;ба ҳаяҷон
excitement;Noun;B1;ҳаяьон
exciting;Adjective;A1;шавқовар
excuse;Noun Verb;B2;бахшиш
executive;Noun Adjective;B2;њокимияти иљроия
exercise;Noun Verb;A1;варзиш
exhibition;Noun;B1;намоишгоҳ
exist;Verb;A2;вуҷуд надорад
existence;Noun;B2;ҳастӣ
expand;Verb;B1;васеъ
expect;Verb;A2;интизор
expectation;Noun;B2;мунтазир
expected;Adjective;B1;интизор меравад
expedition;Noun;B1;экспедисия
expense;Noun;B2;аз њисоби
expensive;Adjective;A1;гарон
experience;Noun Verb;A2, B1;таљрибаи
experienced;Adjective;B1;ботаҷрибаи
experiment;Noun Verb;A2, B1;озмоиш
expert;Noun Adjective;A2;эксперт
explain;Verb;A1;баён
explanation;Noun;A2;шарҳ
explode;Verb;B1;таркондан
exploration;Noun;B2;тадщищот
explore;Verb;B1;омӯхтан
explosion;Noun;B1;таркиш
export;Noun Verb;B1;содирот
expose;Verb;B2;мубтало шудан
express;Verb;A2;экспресс
expression;Noun;A2;ибора
extend;Verb;B2;васеъ
extent;Noun;B2;андоза
external;Adjective;B2;берунӣ
extra;Adjective, Noun Adverb;A1, B1;иловагӣ
extraordinary;Adjective;B2;ғайринавбатии
extreme;Adjective, Noun;A2, B2;аз ҳад зиёд
extremely;Adverb;A2;хеле
eye;Noun;A1;чашм
face;Noun Verb;A1, B1;рӯй
facility;Noun;B2;муассисаи
fact;Noun;A1;он,
factor;Noun;A2;омили
factory;Noun;A2;завод
fail;Verb;A2;дучор мешаванд
failure;Noun;B2;нобарорӣ
fair;Adjective;A2;намоишгоҳ
fairly;Adverb;B1;одилона
faith;Noun;B2;имон
fall;Verb Noun;A1, A2;афтод
FALSE;Adjective;A1;козиб
familiar;Adjective;B1;шинос
family;Noun Adjective;A1;оила
famous;Adjective;A1;машҳур
fan;Noun;A2;мухлиси
fancy;Verb Adjective;B1;мепиндоред
fantastic;Adjective;A1;фантастикӣ
far;Adverb , Adjective;A1, B1;дур
farm;Noun Verb;A1, A2;ферма
farmer;Noun;A1;деҳқони
farming;Noun;A2;кишоварзӣ
fascinating;Adjective;B1;ьолиб
fashion;Noun;A2;муд
fashionable;Adjective;B1;муд
fast;Adjective, Adverb;A1;зуд
fasten;Verb;B1;маҳкам кардан
fat;Adjective, Noun;A1, A2;фарбеҳро
father;Noun;A1;падар
fault;Noun;B2;камбудӣ
favour;Noun Verb;B1, B2;неъматеро,
favourite;Adjective, Noun;A1;дӯстдоштаи
fear;Noun Verb;A2, B1;тарс
feather;Noun;B2;сарщалам
feature;Noun Verb;A2, B1;хусусияти
February;Noun;A1;феврал
fee;Noun;B2;Пардохти
feed;Verb Noun;A2, B2;хўроки
feedback;Noun;B2;алоќаи
feel;Verb Noun;A1, B2;фикр
feeling;Noun;A1;ҳиссиёт
fellow;Adjective;B2;ҳамимонон
female;Adjective, Noun;A2;занона
fence;Noun;B1;паньарабандӣ
festival;Noun;A1;фестивал
few;det./Adjective, proNoun;A1;якчанд
fiction;Noun;A2;бадеӣ
field;Noun;A2;соҳа
fifteen;number;A1;понздаҳ
fifth;number;A1;панҷум
fifty;number;A1;панҷоҳ
fight;Verb Noun;A2;мубориза
fighting;Noun;B1;ҷанг
figure;Noun Verb;A2, B2;рақам
file;Noun Verb;B1, B2;файл
fill;Verb;A1;пур
film;Noun Verb;A1, A2;филм
final;Adjective, Noun;A1, A2;ниҳоӣ
finally;Adverb;A2;дар охир
finance;Noun Verb;B2;молия
financial;Adjective;B1;молиявӣ
find;Verb;A1;пайдо кардани
finding;Noun;B2;хулосаи
fine;Adjective;A1;хуб
finger;Noun;A2;ангушт
finish;Verb Noun;A1, A2;тамом кардан
fire;Noun Verb;A1, B1;оташ
firm;Noun;B2;сахт
first;det./number.AdVerb Noun;A1, A2;аввал
firstly;Adverb;A2;нахуст
fish;Noun Verb;A1, A2;моҳӣ
fishing;Noun;A2;моҳидорӣ
fit;Verb Adjective;A2;онаш
fitness;Noun;B1;боб
five;number;A1;панҷ
fix;Verb Noun;A2, B2;ислоҳи
fixed;Adjective;B1;собит
flag;Noun;B1;парчам
flame;Noun;B2;аланга
flash;Noun Verb;B2;алангагирӣ
flat;Noun Adjective;A1, A2;ҳамвор
flexible;Adjective;B2;чандир
flight;Noun;A1;парвоз
float;Verb;B2;шино кардан
flood;Noun Verb;B1;обхезӣ
floor;Noun;A1;фарш
flour;Noun;B1;орд
flow;Verb Noun;B1;ҷорист,
flower;Noun;A1;гул
flu;Noun;A2;грипп
fly;Verb Noun;A1, A2;паридан
flying;Noun Adjective;A2;парвоз
focus;Verb Noun;A2;Маҳалли
fold;Verb Noun;B1, B2;ьобаьо гузоштан
folding;Adjective;B2;туморе
folk;Noun Adjective;B1;мардуми
follow;Verb;A1;пайравӣ
following;Adjective, Noun prep;A2, B1, B2;зерин
food;Noun;A1;таъом
foot;Noun;A1;по
football;Noun;A1;футбол
for;prep.;A1;барои
force;NounVerb;B1;эътибор
foreign;Adjective;A2;хориҷӣ
forest;Noun;A2;ҷангал
forever;Adverb;B1;ҳамеша
forget;Verb;A1;фаромӯш
forgive;Verb;B2;афв
fork;Noun;A2;дуроҳа
form;NounVerb;A1;шакл
formal;Adjective;A2;расмӣ
former;Adjective;B2;собиқ
fortunately;Adverb;A2;хушбахтона
fortune;Noun;B2;ҳолат
forty;number;A1;чил
forward;AdVerb Adjective;A2, B2;пеш
found;Verb;B2;ёфт
four;number;A1;чаҳор
fourteen;number;A1;чаҳорда
fourth;number;A1;чаҳорум
frame;NounVerb;B1;чорчӯбаи
free;Adjective, AdVerb Verb;A1,A2,B2;озод
freedom;Noun;B2;озодӣ
freeze;Verb;B1;ях кунонидан
frequency;Noun;B2;басомад
frequently;Adverb;B1;зуд-зуд
fresh;Adjective;A2;тару тоза
Friday;Noun;A1;Ҷумъа
fridge;Noun;A2;яхдон
friend;Noun;A1;дугона
friendly;Adjective;A1;дӯстона
friendship;Noun;B1;дӯстӣ
frighten;Verb;B1;тарсидан
frightened;Adjective;B1;тарсид
frightening;Adjective;B1;метарсонад
frog;Noun;A2;щурбощща
from;prep;A1;аз
front;Noun Adjective;A1;пеш
frozen;Adjective;B1;сармозада
fruit;Noun;A1;мева
fry;Verb;B1;доц кардан
fuel;Noun Verb;B1, B2;сӯзишворӣ
full;Adjective;A1;пур
fully;Adverb;B2;пурра
fun;Noun Adjective;A1, A2;шавковар
function;Noun Verb;B1, B2;функсия
fund;Noun Verb;B2;фонд
fundamental;Adjective;B2;асосии
funding;Noun;B2;маблаѓгузорї
funny;Adjective;A1;хандовар,
fur;Noun;B1;пӯст
furniture;Noun;A2;мебел
further;Adjective, Adverb;A2, B1;минбаъда
furthermore;Adverb;B2;зиёда аз ин
future;Noun Adjective;A1, A2;оянда
gain;Verb Noun;B2;афзоиш
gallery;Noun;A2;галерея
game;Noun;A1;бозӣ
gang;Noun;B2;маьмӯъ
gap;Noun;A2;фосила
garage;Noun;B1;гараж
garden;Noun;A1;боғ
gas;Noun;A2;газ
gate;Noun;A2;Дарвоза
gather;Verb;B1;гирд
general;Adjective;A2;генерал
generally;Adverb;B1;одатан
generate;Verb;B2;ҳосил кардан
generation;Noun;B1;насл
generous;Adjective;B1;саховатманд
genre;Noun;B2;жанр
gentle;Adjective;B1;мулоим
gentleman;Noun;B1;ьавонмард
geography;Noun;A1;ьуцрофия
get;Verb;A1;даст
ghost;Noun;B1;рӯҳ
giant;Adjective, Noun;B1;бузург
gift;Noun;A2;тӯҳфа
girl;Noun;A1;духтар
girlfriend;Noun;A1;маъшуща
give;Verb;A1;додан
glad;Adjective;B1;хурсандиовар
glass;Noun;A1;шиша
global;Adjective;B1;саросарӣ
glove;Noun;B1;дастпӯшак
go;Verb Noun;A1, B1;Гузаштан
goal;Noun;A2;Мақсади
God;Noun;A2;Худо
gold;Noun Adjective;A2;тилло
golf;Noun;A2;голф
good;Adjective, Noun;A1, A2;хуб
goodbye;exclam. Noun;A1;Хайр
goods;Noun;B1;молҳо
govern;Verb;B2;идора кардан
government;Noun;A2;ҳукумат
grab;Verb;B2;забт кардан
grade;Noun Verb;B1, B2;синфи
gradually;Adverb;B2;оҳиста-оҳиста
graduate;Noun Verb;B1;хатм кунанда
grain;Noun;B1;ғалла
grand;Adjective;B2;боҳашамат
grandfather;Noun;A1;бобо
grandmother;Noun;A1;модаркалон
grandparent;Noun;A1;БОБО
grant;Verb Noun;B2;гранти
grass;Noun;A2;алаф
grateful;Adjective;B1;миннатдорӣ
great;Adjective;A1;калон
green;Adjective, Noun;A1;сабз
greet;Verb;A2;салом
grey;Adjective, Noun;A1;хокистаранг
ground;Noun;A2;замин
group;Noun;A1;гурӯҳ
grow;Verb;A1;ба воя
growth;Noun;B1;афзоиш
guarantee;Verb Noun;B2;зомин
guard;Noun Verb;B1;посбон
guess;Verb Noun;A1;тахмин
guest;Noun;A2;меҳмон
guide;Noun Verb;A2;дастур
guilty;Adjective;B1;гунаҳкор
guitar;Noun;A1;гитара
gun;Noun;A2;таппончаи
guy;Noun;A2;бача
gym;Noun;A1;Варзишгоҳ
habit;Noun;A2;одат
hair;Noun;A1;мӯй
half;Noundet.proNoun, Adverb;A1, A2;нисф
hall;Noun;A2;толор
hand;Noun Verb;A1, B1;даст
handle;Verb Noun;B2;дастаки
hang;Verb;B1;овезон шудан
happen;Verb;A1;рӯй
happily;Adverb;A2;хушбахтона
happiness;Noun;B1;хушбахт
happy;Adjective;A1;хушбахтӣ
hard;Adjective, Adverb;A1;мушкил
hardly;Adverb;B1;базӯр
harm;Noun Verb;B2;зарар
harmful;Adjective;B2;зараровар
hat;Noun;A1;кулоҳ
hate;Verb Noun;A1, B1;душманї
have;Verb auxiliary Verb;A1, A2;доранд
have to modal;Verb;A1;ба modal
he;proNoun;A1;вай
head;Noun Verb;A1, B1;сар
headache;Noun;A2;сардард
headline;Noun;B1;сарлавҳа
health;Noun;A1;саломатӣ
healthy;Adjective;A1;саломат
hear;Verb;A1;гӯш кардан
hearing;Noun;B2;шунавоӣ
heart;Noun;A2;дил
heat;Noun Verb;A2;гармӣ
heating;Noun;B1;гармшавӣ
heaven;Noun;B2;осмон
heavily;Adverb;B1;сахт
heavy;Adjective;A2;вазнин
heel;Noun;B2;пошна
height;Noun;A2;баландӣ
helicopter;Noun;B1;вертолет
hell;Noun;B2;ҷаҳаннам
hello;exclam./Noun;A1;Салом
help;Verb Noun;A1;Кумак
helpful;Adjective;A2;фоиданок
her;proNoundet;A1;вай
here;Adverb;A1;Ин ҷо
hero;Noun;A2;щаҳрамон
hers;proNoun;A2;hers
herself;proNoun;A2;худаш
hesitate;Verb;B2;шарм
hey;exclam;A1;Эй
hi;exclam;A1;салом
hide;Verb;A2;пинҳон
high;Adjective, AdVerb Noun;A1, A2, B2;баланд
highlight;Verb Noun;B1;таъкид
highly;Adverb;B1;баланд
hill;Noun;A2;теппа
him;proNoun;A1;вай
himself;proNoun;A2;худро
hire;Verb Noun;B1, B2;кироя
his;det. proNoun;A1, A2;вай
historic;Adjective;B1;таърихӣ
historical;Adjective;B1;таърихӣ
history;Noun;A1;таърих
hit;Verb Noun;A2;Хит
hobby;Noun;A1;шавщ
hockey;Noun;A2;хоккейи
hold;Verb Noun;A2, B2;нигоҳ
hole;Noun;A2;сӯрохи
holiday;Noun;A1;ид
hollow;Adjective;B2;сӯрохдор
holy;Adjective;B2;муқаддас
home;Noun AdVerb Adjective;A1, A2;хона
homework;Noun;A1;вазифаи хонагӣ
honest;Adjective;B1;ростқавл
honour;Noun Verb;B2;шавкат
hope;Verb Noun;A1, A2;умед
horrible;Adjective;B1;воҳиманок
horror;Noun;B1;воҳима
horse;Noun;A1;асп
hospital;Noun;A1;бемористон
host;Noun Verb;B1, B2;мизбон
hot;Adjective;A1;гарм
hotel;Noun;A1;меҳмонхона
hour;Noun;A1;соат
house;Noun Verb;A1, B2;хона
household;Noun;B2;хонавода
housing;Noun;B2;манзил
how;Adverb;A1;Чӣ хел
however;Adverb;A1;Аммо
huge;Adjective;A2;калон
human;Adjective, Noun;A2;инсон
humorous;Adjective;B2;цалатӣ
humour;Noun;B2;мазҳака
hundred;number;A1;сад
hungry;Adjective;A1;гурусна
hunt;Verb Noun;B1, B2;шикор
hunting;Noun;B2;шикор
hurricane;Noun;B1;тӯфон
hurry;Noun Verb;B1;шитоб кардан
hurt;Verb Adjective Noun;A2, B2;дарду
husband;Noun;A1;шавҳар
I;proNoun;A1;ман
ice;Noun;A1;ях
ice cream;Noun;A1;яхмос
idea;Noun;A1;фикри
ideal;Adjective , Noun;A2, B2;беҳтарин
identify;Verb;A2;муайян
identity;Noun;B1;айният
if;conj.;A1;агар
ignore;Verb;B1;рад
ill;Adjective;A2;бемор
illegal;Adjective;B1;ғайриқонунӣ
illness;Noun;A2;касали
illustrate;Verb;B2;тасвир
illustration;Noun;B2;расм
image;Noun;A2;Садо
imaginary;Adjective;B1;хаёлӣ
imagination;Noun;B2;тасаввурот
imagine;Verb;A1;тасаввур кардан
immediate;Adjective;B1;фаврӣ
immediately;Adverb;A2;фавран
immigrant;Noun;B1;мӯҳоьир
impact;Noun Verb;B1;таъсир
impatient;Adjective;B2;бетощат
imply;Verb;B2;дар назар доштан
import;Noun Verb;B1;воридот
importance;Noun;B1;аҳамият
important;Adjective;A1;муҳим
impose;Verb;B2;љорї
impossible;Adjective;A2;имконнопазир
impress;Verb;B2;ба ҳайрат овардан
impressed;Adjective;B2;ба ҳайрат
impression;Noun;B1;таассурот
impressive;Adjective;B1;таассуротбахш
improve;Verb;A1;бењтар намудани
improvement;Noun;B1;беҳтаршавӣ
in;prep., Adverb;A1;дар
inch;Noun;B2;дюйм
incident;Noun;B2;ҳодиса
include;Verb;A1;дохил
included;Adjective;A2;дохил карда
including;prep.;A2;аз он ҷумла
income;Noun;B2;даромад
increase;Verb Noun;A2;афзоиш
increasingly;Adverb;B2;бештар
incredible;Adjective;A2;номумкин
incredibly;Adverb;B1;бениҳоят
indeed;Adverb;B1;ҳақиқатан
independent;Adjective;A2;мустақил
indicate;Verb;B1;нишон додан
indirect;Adjective;B1;бавосита
individual;Noun, adj;A2;шахсӣ
indoor;Adjective;B1;фоидаовар
indoors;Adverb;B1;барқҳоро дар даруни бино
industrial;Adjective;B2;саноатӣ
industry;Noun;A2;саноат
infection;Noun;B2;сирояти
influence;NounVerb;B1;таъсир
inform;Verb;B2;хабар
informal;Adjective;A2;ѓайрирасмї
information;Noun;A1;маълумот
ingredient;Noun;B1;щисмат
initial;Adjective;B2;аввал
initially;Adverb;B2;аввал
initiative;Noun;B2;ташаббуси
injure;Verb;B1;зарар расондан
injured;Adjective;B1;ҷабрдида
injury;Noun;A2;зарар
inner;Adjective;B2;дарун
innocent;Adjective;B1;бегуноҳ
insect;Noun;A2;хазанда
inside;prep.Adverb Noun Adjective;A2;дарун
insight;Noun;B2;фаҳмиш
insist;Verb;B2;соз кардан
inspire;Verb;B2;илҳом бахшидан
install;Verb;B2;насб
instance;Noun;B2;Масалан,
instead;Adverb;A2;ба ҷои
institute;Noun;B2;институт
institution;Noun;B2;муассисаи
instruction;Noun;A2;дастурамал
instructor;Noun;A2;дастурдиҳанда
instrument;Noun;A2;асбоби
insurance;Noun;B2;суғурта
intelligence;Noun;B1;разведка
intelligent;Adjective;A2;маънавӣ
intend;Verb;B1;ният
intended;Adjective;B2;пешбинӣ шудааст
intense;Adjective;B2;бошиддат
intention;Noun;B1;ният
interest;Noun Verb;A1;манфиат
interested;Adjective;A1;манфиатдор
interesting;Adjective;A1;шавқовар
internal;Adjective;B2;дохилӣ
international;Adjective;A2;байналмилалї
internet;Noun;A1;интернет
interpret;Verb;B2;шарҳ додан
interrupt;Verb;B2;вақфаи
interview;Noun Verb;A1;мусоҳиба
into;prep.;A1;дар
introduce;Verb;A1;љорї намудани
introduction;Noun;A2;љорї намудани
invent;Verb;A2;ба дурӯғ ба
invention;Noun;A2;ихтироъ
invest;Verb;B1;Инвест
investigate;Verb;B1;таҳқиқ
investigation;Noun;B2;тафтишот
investment;Noun;B2;сармоягузорӣ
invitation;Noun;A2;даъватнома
invite;Verb;A2;даъват кардан
involve;Verb;A2;дар бар мегирад
involved;Adjective;B1;ҷалб
iron;Noun Verb;B1;оҳан
island;Noun;A1;ҷазира
issue;Noun, Verb;B1, B2;чоп
IT;Noun;B1;IT
it;proNoun;A1;ин
item;Noun;A2;адад
its;det.;A1;худ
itself;proNoun;A2;худ
jacket;Noun;A1;болопӯш
jam;Noun;A2;ьем
January;Noun;A1;январ
jazz;Noun;A2;ҷаз
jeans;Noun;A1;ҷинс
jewellery;Noun;A2;заргарӣ
job;Noun;A1;кор
join;Verb;A1;ҳамроҳ
joke;Noun Verb;A2;мазоҳ
journal;Noun;B1;журнал
journalist;Noun;A2;рӯзноманигор
journey;Noun;A1;сафар
joy;Noun;B2;хурсандӣ
judge;Noun Verb;B1;суд
judgement;Noun;B2;доварӣ
juice;Noun;A1;шарбати
July;Noun;A1;июл
jump;Verb Noun;A2;Ҷаҳиш
June;Noun;A1;июн
junior;Adjective;B2;хурд
just;Adverb;A1;танҳо
justice;Noun;B2;адолати судї
justify;Verb;B2;сафед
keen;Adjective;B1;омода
keep;Verb;A1;доштан
key;Noun, Adjective Verb;A1, B1;калид
keyboard;Noun;B1;клавиатура
kick;Verb Noun;B1;зарба
kid;Noun;A2;кӯдак
kill;Verb;A2;бикушед
killing;Noun;B1;кушта
kilometre;Noun;A1;километри
kind(type);Noun;A1;намуди (навъи)
kind(caring);Adjective;B1;навъ (ғамхор)
king;Noun;A2;шоҳ
kiss;Verb Noun;B1;бӯсса
kitchen;Noun;A1;ошпазхона
knee;Noun;A2;зону
knife;Noun;A2;корд
knock;Verb , Noun;A2, B1;тащ-тащ кардан
know;Verb;A1;донистан
knowledge;Noun;A2;дониш
lab;Noun;A2;лабораторияи
label;Noun Verb;B1;нархнома
laboratory;Noun;B1;лаборатория
labour;Noun;B2;кор
lack;Noun Verb;B1;набудани
lady;Noun;A2;хонума
lake;Noun;A2;кул
lamp;Noun;A2;чароғе
land;Noun, Verb;A1, A2;замин
landscape;Noun;B2;манзара
language;Noun;A1;забон
laptop;Noun;A2;ноутбук
large;Adjective;A1;калон
largely;Adverb;B2;асосан
last1 (final);det., Adverb n;A1, A2;last1 (ниҳоӣ)
last1 (taking time);Verb;A2;last1 (бо назардошти вақти)
late;Adjective Adverb;A1;дер
later;Adverb , Adjective;A1, A2;баъдтар
latest;Adjective , Noun;B1, B2;охирин
laugh;Verb Noun;A1;хандидан
laughter;Noun;A2;ханда
launch;Verb Noun;B2;сар додан
law;Noun;A2;қонуни
lawyer;Noun;A2;ҳимоягар
lay;Verb;B1;Имондороне
layer;Noun;B1;қабати
lazy;Adjective;A2;танбал
lead;Verb , Noun;A2, B1;ба ӯҳда
leader;Noun;A2;пешво
leadership;Noun;B2;роҳбарият
leading;Adjective;B1;боиси
leaf;Noun;B1;барг
league;Noun;B2;лигаи
lean;Verb;B2;лоцар шудан
learn;Verb;A1;омӯхтан
learning;Noun;A2;омӯзиш
least;det./proNoun Adverb;A2;камтарин
leather;Noun;B1;пӯст
leave;Verb , Noun;A1, B2;рухсатии
lecture;Noun Verb;A2;маърӯза
left;Adjective Adverb Verb;A1;чап
leg;Noun;A1;по
legal;Adjective;B1;ҳуқуқӣ
leisure;Noun;B1;фароцат
lemon;Noun;A2;лимӯ
lend;Verb;A2;танг кардан
length;Noun;B1;дарозӣ
less;det./pro Noun Adverb;A2;Камтар
lesson;Noun;A1;дарс
let;Verb;A1;бигзор
letter;Noun;A1;ҳарф
level;Noun, Adjective , Verb;A2, B1, B2;сатњи
library;Noun;A1;китобхона
licence;Noun;B2;иҷозатнома
lie;Verb;A1;дурӯғ
lie;Verb Noun;B2;дурӯғ
life;Noun;A1;зиндагӣ
lifestyle;Noun;A2;тарзи
lift;Verb;Noun;бардоштан
light (from the sun/a lamp);Noun Adverb , Verb;A1, A2;сабук (аз офтоб / чароғе)
light (not heavy);Adjective;A2;сабук (вазнин надорад)
like (similar);prep.;A1;монанди (якхела)
like (find sb/sth pleasant);Verb , n;A1, B1;монанди (ёфт SB / sth гуворо)
Noun;B1; ;исм
likely;Adjective;A2;эҳтимол
limit;Noun Verb;B1;ҳудуд
limited;Adjective;B2;мањдуд
line;Noun, Verb;A1, B2;хати
link;Noun Verb;A2;пайванд
lion;Noun;A1;шер
lip;Noun;B1;лаб
liquid;Noun Adjective;B1;моеъ
list;Noun Verb;A1;рӯйхат
listen;Verb;A1;гӯш кардан
listener;Noun;A2;шунаванда
literature;Noun;B1;адабиёт
little;Adjective det./proNoun, Adverb;A1, A2;хурд
live1;Verb;A1;live1
live2;Adjective Adverb;B1;live2
lively;Adjective;B2;зӯр
living;Adjective Noun;B1;зиндагии
load;Noun Verb;B2;сарборӣ
loan;Noun;B2;қарз
local;Adjective , Noun;A1, B1;маҳаллӣ
locate;Verb;B1;ьо ба ьо кардан
located;Adjective;B1;ҷойгир
location;Noun;B1;макон
lock;Verb Noun;A2;Қулфи
logical;Adjective;B2;мантиќї
lonely;Adjective;B1;муьарадд
long;Adjective Adverb;A1;тӯлонӣ
long-term;Adjective Adverb;B2;дарозмуддат
look;Verb , Noun;A1, A2;назар
loose;Adjective;B2;воз
lord;Noun;B2;оғои
lorry;Noun;A2;боркаш
lose;Verb;A1;даст
loss;Noun;B1;зарар
lost;Adjective;A2;гумшуда
lot;proNoun det. Adverb;A1;бисёр
loud;Adjective Adverb;A2;баланд
loudly;Adverb;A2;бо овози баланд
love;Noun Verb;A1;муҳаббат
lovely;Adjective;A2;хушрӯ
low;Adjective Adverb , n;A2, B2;паст
lower;Verb;B2;пасттар
luck;Noun;A2;Барори
lucky;Adjective;A2;хушбахт
lunch;Noun;A1;хӯроки нисфирӯзӣ
lung;Noun;B2;сабук
luxury;Noun;B1;шукӯҳ
machine;Noun;A1;машина
mad;Adjective;B1;девона
magazine;Noun;A1;маҷалла
magic;Noun Adjective;B1;ҷодуи
mail;Noun Verb;A2;почта
main;Adjective;A1;асосӣ
mainly;Adverb;B1;асосан
maintain;Verb;B2;нигоҳ
major;Adjective;A2;асосї
majority;Noun;B2;Аксарияти
make;Verb , Noun;A1, B2;задан
male;Adjective Noun;A2;мард
mall;Noun;B1;фурӯшгоҳ
man;Noun;A1;одам
manage;Verb;A2;идора кардан
management;Noun;B1;идоракунии
manager;Noun;A2;мудири
manner;Noun;A2;ба таври
many;det./proNoun;A1;бисёр
map;Noun, Verb;A1, B2;Харитаи
March;Noun;A1;март
mark;Verb Noun;A2;щайд
market;Noun, Verb;A1, B1;бозор
marketing;Noun;B1;маркетинг
marriage;Noun;B1;никоҳ
married;Adjective;A1;оиладор
marry;Verb;A2;оиладор шудан
mass;Noun Adjective;B2;омма
massive;Adjective;B2;бузург
master;Noun Verb;B2;усто
match (contest/correspond);Noun Verb;A1;Бозии (Озмуни / мувофиқ)
matching;Adjective;B2;мущоисавӣ
material;Noun, Adjective;A2, B2;моддї
mathematics;Noun;A2;риёзиёт
maths;Noun;A2;maths
matter;Noun Verb;A2;новобаста аз
maximum;Adjective Noun;B2;максимум
May;Noun;A1;май
may modal;Verb;A2;метавонад modal
maybe;Adverb;A1;мумкин ки
me;proNoun;A1;ба ман
meal;Noun;A1;хӯрок
mean;Verb;A1;назар
meaning;Noun;A1;маънои
means;Noun;B2;воситаҳои
meanwhile;Adverb;B1;ҳол,
measure;Verb Noun;B1;ба андозаи
measurement;Noun;B2;саньиш
meat;Noun;A1;гӯшт
media;Noun;A2;ВАО
medical;Adjective;A2;тиббӣ
medicine;Noun;A2;дорувори
medium;Adjective , Noun;B1, B2;миёна
meet;Verb;A1;вохӯрӣ кардан
meeting;Noun;A1;мулоқоти
melt;Verb;B2;гудохтан
member;Noun;A1;аъзо
memory;Noun;A2;хотира
mental;Adjective;B1;равонӣ
mention;Verb , Noun;A2, B1;зикр
menu;Noun;A1;меню
mess;Noun Verb;B1;бесарусомон
message;Noun;A1;хабар
metal;Noun;A2;металл
method;Noun;A2;метод
metre;Noun;A1;метр
middle;Noun Adjective;A2;миёна
midnight;Noun;A1;нисфи шаб
might modal;Verb;A2;то modal
mild;Adjective;B1;мулоим
mile;Noun;A1;мил
military;Adjective Noun;B2;ҳарбӣ
milk;Noun;A1;шир
million number; ;A1;миллион рақам
mind;Noun Verb;A2;хотир
mine (belongs to me);proNoun;A2;минаҳо (аз они Ман аст)
mine (hole in the ground);Noun;B1;минаҳо (сӯрох дар замин)
mineral;Noun;B2;маъданӣ
minimum;Adjective Noun;B2;њадди аќали
minister;Noun;B2;вазир
minor;Adjective;B2;ноболиғ
minority;Noun;B2;ақаллияти
minute;Noun;A1;лаҳза
mirror;Noun;A2;оина
miss;Verb;A1;ба ҳадаф нарасидан
missing;Adjective;A2;гумшуда
mission;Noun;B2;Вазифа
mistake;Noun, Verb;A1, B2;хато
mix;Verb Noun;B1;омехтаи
mixed;Adjective;B2;омехта
mixture;Noun;B1;омехта
mobile;Adjective Noun;A2;мобилӣ
model;Noun, Verb;A1, B2;намуна
modern;Adjective;A1;муосир
modify;Verb;B2;Тағир
moment;Noun;A1;лаҳзаи
Monday;Noun;A1;душанбе
money;Noun;A1;пул
monitor;Noun Verb;B2;монитор
monkey;Noun;A2;маймун
month;Noun;A1;моҳ
mood;Noun;B1;таъб
moon;Noun;A2;моҳ
moral;Adjective Noun;B2;ахлоқӣ
more;det./proNoun Adverb;A1;Бештар
morning;Noun;A1;пагоҳирӯзӣ
most;det./proNoun Adverb;A1;бештар
mostly;Adverb;A2;асосан
mother;Noun;A1;модар
motor;Noun Adjective;B2;муҳаррик
motorcycle;Noun;A2;мотосикл
mount;Verb;B2;кӯҳи
mountain;Noun;A1;кӯҳ
mouse;Noun;A1;муш
mouth;Noun;A1;даҳон
move;Verb , Noun;A1, B1;ҳаракат
movement;Noun;A2;ҳаракат
movie;Noun;A1;филм
much;det./proNoun Adverb;A1;хеле
mud;Noun;B1;лой
multiple;Adjective;B2;якчанд
multiply;Verb;B2;зиёд кардан
mum;Noun;A1;модарам
murder;NounVerb;B1;куштор
muscle;Noun;B1;мушак
museum;Noun;A1;музей
music;Noun;A1;мусиқӣ
musical;Adjective , Noun;A2, B1;мусиқӣ
musician;Noun;A2;мусищачӣ
must modal;Verb;A1;бояд modal
my;det.;A1;аз ман
myself;proNoun;A2;худам
mysterious;Adjective;B2;муаммодор
mystery;Noun;B1;сирри
nail;Noun;B1;мех
name;Noun Verb;A1;ном
narrative;Noun Adjective;B1;тавсифӣ
narrow;Adjective , Verb;A2, B2;созед
nation;Noun;B1;миллат
national;Adjective , Noun;A2, B2;миллӣ
native;Adjective Noun;B1;модарӣ
natural;Adjective;A1;табиӣ
naturally;Adverb;B1;табиатан
nature;Noun;A2;табиат
near;prep. Adjective Adverb;A1;наздики
nearly;Adverb;A2;қариб
neat;Adjective;B2;хуб
necessarily;Adverb;B1;ҳатман
necessary;Adjective;A2;зарур
neck;Noun;A2;гардан
need;Verb , Noun, modal Verb;A1, A2, B1;бояд
needle;Noun;B1;сузан
negative;Adjective , Noun;A1, B2;манфӣ
neighbour;Noun;A1;ҳамсоя
neighbourhood;Noun;B1;Гузар
neither;det./proNoun, Adverb;A2, B1;на
nerve;Noun;B2;асаб
nervous;Adjective;A2;асабонӣ
net;Noun;B1;холиси
network;Noun;A2;шабака
never;Adverb;A1;ҳаргиз
nevertheless;Adverb;B2;Бо вуҷуди ин
new;Adjective;A1;нав
news;Noun;A1;ахбор
newspaper;Noun;A1;Рӯзномаи
next;Adjective Adverb , Noun;A1, B1;Баъдӣ
next to;prep.;A1;дар наздикии
nice;Adjective;A1;хуб
night;Noun;A1;шаб
nightmare;Noun;B2;даҳшат
nine;number;A1;нӯҳ
nineteen;number;A1;нуздаҳ
ninety;number;A1;навад
no;exclam. det.;A1;нест
no one;proNoun;A1;ҳеҷ кас
nobody;proNoun;A1;ҳеч кас
noise;Noun;A2;садои
noisy;Adjective;A2;серцавцо
none;pro Noun;A2;ҳеҷ
nor;conj./Adverb;B1;на
normal;Adjective , Noun;A2, B1;муқаррарӣ
normally;Adverb;A2;мӯътадил
north;Noun Adjective Adverb;A1;шимол
northern;Adjective;B1;шимолӣ
nose;Noun;A1;бинӣ
not;Adverb;A1;не
note;Noun Verb;A1, B1;Шарҳ
nothing;proNoun;A1;чизе
notice;Verb Noun;A2;огоҳинома
notion;Noun;B2;мафҳум
novel;Noun;A2;роман
November;Noun;A1;ноябр
now;Adverb , conj.;A1, B1;ҳозир
nowhere;Adverb;A2;ҳеь куьо
nuclear;Adjective;B1;ядроӣ
number;Noun, Verb;A1, A2;шумора
numerous;Adjective;B2;сершумори
nurse;Noun;A1;ҳамшираи шавщат
nut;Noun;A2;чормацз
obey;Verb;B2;итоат кунед
object;Noun Verb;A1, B2;объекти
objective;Noun Adjective;B2;обективӣ
obligation;Noun;B2;ӯҳдадорӣ
observation;Noun;B2;мушоҳида
observe;Verb;B2;риоя
obtain;Verb;B2;гирифтан
obvious;Adjective;B1;аён
obviously;Adverb;B1;баръало
occasion;Noun;B1;ба муносибати
occasionally;Adverb;B2;тассодуфан
occur;Verb;B1;меоянд
ocean;Noun;A2;ущёнус
o’clock;Adverb;A1;соати
October;Noun;A1;октябр
odd;Adjective;B1;зиёдатӣ
of;prep.;A1;аз
off;Adverb prep.;A1;хомӯш кардан
offence;Noun;B2;хафагӣ
offend;Verb;B2;раньондан
offensive;Adjective;B2;таҳщиромез
offer;Verb Noun;A2;пешниҳод
office;Noun;A1;офис
officer;Noun;A2;корманди
official;Adjective , Noun;B1, B2;мансабдор
often;Adverb;A1;зуд-зуд
oh;exclam.;A1;оҳ
oil;Noun;A2;нефт
OK;exclam. Adjective /Adverb;A1;Хуб
old;Adjective;A1;кӯҳна
old-fashioned;Adjective;B1;сола-ростқомат
on;prep. Adverb;A1;ба
once;Adverb , conj.;A1, B1;як бор
one;number-det. proNoun;A1;як
onion;Noun;A1;пиёз
online;Adjective Adverb;A1;онлайн
only;Adjective Adverb;A1;танҳо
onto;prep.;A2;биронанд
open;Adjective Verb;A1;кушодан
opening;Noun;B2;кушода
operate;Verb;B2;фаъолият
operation;Noun;B1;амалиёт
opinion;Noun;A1;андешаи
opponent;Noun;B2;ҳариф
opportunity;Noun;A2;имконият
oppose;Verb;B2;муқобилат
opposed;Adjective;B2;муқобил
opposite;Adjective Adverb prep. Noun;A1;муқобил
opposition;Noun;B2;мухолифин
option;Noun;A2;интихоб
or;conj.;A1;ё
orange;Noun Adjective;A1;норанҷӣ
order;Noun Verb;A1;тартибот
ordinary;Adjective;A2;оддӣ
organ;Noun;B2;маќомоти
organization;Noun;A2;ташкилот
organize;Verb;A2;ташкил кардан
organized;Adjective;B1;ташкил
organizer;Noun;B1;ташкилкунандаи
origin;Noun;B2;пайдоиш
original;Adjective , Noun;A2, B1;аввалин
originally;Adverb;B1;аз ибтидо
other;Adjective /proNoun;A1;дигар
otherwise;Adverb;B2;тартиби дигаре
ought;modal Verb;B1;бояд
our;det.;A1;мо
ours;proNoun;B1;мо
ourselves;proNoun;A2;худамон
out;Adverb /prep.;A1;берун аз
outcome;Noun;B2;натиҷаи
outdoor;Adjective;B1;ОРУ
outdoors;Adverb;B1;дар ҳавои кушод
outer;Adjective;B2;берунӣ
outline;Noun Verb;B2;мусаввадаи
outside;Adverb , prep. nouNoun Adjective;A1, A2;берун аз
oven;Noun;A2;танӯр
over;prep. Adverb;A1;дар болои
overall;Adjective Adverb;B2;умумии
owe;Verb;B2;вазифадор будан
own;Adjective /proNoun, Verb;A1, A2;худ
owner;Noun;A2;соҳиби
pace;Noun, Verb;B2;суръати
pack;Verb , Noun;A2, B1;бастабандӣ
package;Noun, Verb;B1, B2;бастаи
page;Noun;A1;саҳифа
pain;Noun;A2;дард
painful;Adjective;B1;дардовар
paint;Verb Noun;A1;бедардӣ
painter;Noun;A2;рассом
painting;Noun;A1;нащщошӣ
pair;Noun;A1;ҷуфти
palace;Noun;A2;қаср
pale;Adjective;B1;аҳамияти
pan;Noun;B1;ШМШ
panel;Noun;B2;панел
pants;Noun;A2;шим
paper;Noun;A1;коғаз
paragraph;Noun;A1;банди
parent;Noun;A1;падару модар
park;Noun Verb;A1;парк
parking;Noun;A2;ьои исти мошинҳо
parliament;Noun;B2;парлумон
part;Noun;A1;қисми
participant;Noun;B2;иштирокчӣ
participate;Verb;B1;иштирок кардан
particular;Adjective;A2;махсус
particularly;Adverb;B1;махсусан
partly;Adverb;B2;қисман
partner;Noun;A1;шарик
party;Noun;A1;ҳизб
pass;Verb , Noun;A2, B1;гузаштан
passage;Noun;B2;гузариш
passenger;Noun;A2;мусофир
passion;Noun;B1;оташи
passport;Noun;A1;гузарнома
past;Adjective Noun prep., Adverb;A1, A2;гузашта
path;Noun;B1;роҳ
patient;Noun, Adjective;A2, B2;босабр
pattern;Noun;A2;намуна
pay;Verb , Noun;A1, A2;пардохт
payment;Noun;B1;пардохт
peace;Noun;A2;сулҳ
peaceful;Adjective;B1;осоиштаи
pen;Noun;A1;перо
pencil;Noun;A1;щалам
penny;Noun;A2;Диноре
pension;Noun;B2;нафақа
people;Noun;A1;мардум
pepper;Noun;A1;филфил
per;prep.;A2;як
per cent;Noun Adjective /Adverb;A2;фоиз
percentage;Noun;B1;фоиз
perfect;Adjective;A1;пурра
perfectly;Adverb;B1;ба таври комил
perform;Verb;A2;иҷрои
performance;Noun;B1;иҷрои
perhaps;Adverb;A2;мумкин
period;Noun;A1;муддат
permanent;Adjective;B2;доимӣ
permission;Noun;A2;иљозат
permit;Verb Noun;B2;рухсатнома
person;Noun;A1;одам
personal;Adjective;A1;шахсӣ
personality;Noun;A2;шахсият
personally;Adverb;B1;шахсан
perspective;Noun;B2;оянда
persuade;Verb;B1;бовар кардан
pet;Noun;A2;Пет
petrol;Noun;A2;бензин
phase;Noun;B2;марҳала
phenomenon;Noun;B2;падидаи
philosophy;Noun;B2;фалсафа
phone;Noun Verb;A1;телефон
photo;Noun;A1;фото
photograph;Noun, Verb;A1, A2;сурат
photographer;Noun;B1;суратгир
photography;Noun;B1;аксбардорӣ
phrase;Noun;A1;ибора
physical;Adjective;A2;физикӣ
physics;Noun;A2;физика
piano;Noun;A1;фортепиано
pick;Verb , Noun;A2, B2;чинанд
picture;Noun, Verb;A1, B2;расм
piece;Noun;A1;порчаи
pig;Noun;A1;хуг
pile;Noun Verb;B2;тӯда
pilot;Noun;A2;озмоишӣ
pin;Noun Verb;B1;пайвандак
pink;Adjective Noun;A1;гулобӣ
pipe;Noun;B1;қубур
pitch;Noun;B2;қатрон
place;Noun Verb;A1, B1;ҷои
plain;Adjective;B2;ҳамвор
plan;Noun Verb;A1;нақшаи
plane;Noun;A1;ҳавопаймо
planet;Noun;A2;сайёра
planning;Noun;B1;банақшагирӣ
plant;Noun Verb;A1, A2;растанӣ
plastic;Noun Adjective;A2;пластмасӣ
plate;Noun;A2;судї
platform;Noun;A2;платформа
play;Verb Noun;A1;бозӣ кардан
player;Noun;A1;бозингар
pleasant;Adjective;B1;гуворо
please;exclam., Verb;A1, A2;Лутфан
pleased;Adjective;A2;хушнуд
pleasure;Noun;B1;хушнудии
plenty;proNoun;B1;фаровонӣ
plot;Noun, Verb;B1, B2;қитъаи
plus;prep., Adjective conj., Noun;B1, B2;плюс
pocket;Noun;A2;кисса
poem;Noun;B1;шеър
poet;Noun;B1;шоир
poetry;Noun;B1;назм
point;Noun, Verb;A1, B1;нуқтаи
pointed;Adjective;B2;панҷгӯша
poison;Noun Verb;B1;заҳр
poisonous;Adjective;B1;заҳролуд
police;Noun;A1;милиса
policeman;Noun;A1;полисия
policy;Noun;B1;сиёсати
polite;Adjective;A2;мулоим
political;Adjective;B1;сиёсӣ
politician;Noun;B1;сиёсатмадори
politics;Noun;B1;сиёсат
pollution;Noun;A2;ифлоскунӣ
pool;Noun;A1;ҳавз
poor;Adjective;A1;бечора
pop;Noun Adjective;A2;поп
popular;Adjective;A1;машҳур
popularity;Noun;B2;маъруфияти
population;Noun;A2;аҳолӣ
port;Noun;B1;бандаргоҳ
portrait;Noun;B1;портрет
pose;Verb;B2;тањдид
position;Noun, Verb;A2, B2;вазифа
positive;Adjective , Noun;A1, B2;мусбат
possess;Verb;B2;дорои
possession;Noun;A2;ихтиёри
possibility;Noun;A2;имконият
possible;Adjective;A1;имконпазир
possibly;Adverb;B1;эҳтимолан
post;Noun Verb;A1;мансаби
poster;Noun;A2;эълон
pot;Noun;B1;кӯза
potato;Noun;A1;картошка
potential;Adjective Noun;B2;потенсиал
pound;Noun;A1;фунт
pour;Verb;B1;рехт,
poverty;Noun;B1;камбизоатї
powder;Noun;B1;хока
power;Noun, Verb;A2, B2;ҳокимият
powerful;Adjective;B1;тавоно
practical;Adjective;B1;амалии
practice;Noun;A1;амал
practise;Verb;A1;амал
praise;Noun Verb;B2;таъриф
pray;Verb;B1;дуо кардан
prayer;Noun;B1;дуо
predict;Verb;A2;пешгӯй кардан
prediction;Noun;B1;пешг
prefer;Verb;A1;бартарӣ
pregnant;Adjective;B2;ҳомиладор
preparation;Noun;B2;тайёрӣ
prepare;Verb;A1;тайёр кардан
prepared;Adjective;B1;омода
presence;Noun;B2;иштирок
present;Adjective Noun, Verb;A1, A2;ҳузур
presentation;Noun;B1;пешкаш
preserve;Verb;B2;нигоҳ
president;Noun;A2;президент
press;Verb Noun;B1;матбуот
pressure;Noun;B1;фишор
pretend;Verb;B1;даъвогар шудан
pretty;Adjective Adverb;A1;зебо
prevent;Verb;A2;пешгирии
previous;Adjective;B1;гузашта
previously;Adverb;B1;пештар
price;Noun, Verb;A1, B2;нархи
priest;Noun;B1;саркоҳин
primary;Adjective;B1;ибтидоӣ
prime;Adjective;B2;сарвазири
prince;Noun;B1;шоҳзода
princess;Noun;B1;шоҳзода
principle;Noun;B2;асос
print;Verb , Noun;A2, B2;чоп
printer;Noun;A2;принтер
printing;Noun;B1;чоп
priority;Noun;B2;афзалиятнок
prison;Noun;A2;ҳабсхона
prisoner;Noun;B1;маҳбас
privacy;Noun;B2;махфӣ
private;Adjective;B1;хусусї
prize;Noun;A2;мукофот
probably;Adverb;A1;шояд
problem;Noun;A1;проблема
procedure;Noun;B2;тартиб
process;Noun, Verb;A2, B2;раванди
produce;Verb , Verb;A2, B2;офаридан
producer;Noun;B1;тавлидкунанда
product;Noun;A1;маҳсулот
production;Noun;B1;истеҳсолот
profession;Noun;B1;касб
professional;Adjective , Noun;A2, B2;касбӣ
professor;Noun;A2;профессор
profile;Noun;A2;намуди
profit;Noun;B1;фоида
program;Noun, Verb;A2, B1;барнома
programme;Noun;A1;барнома
progress;Noun, Verb;A2, B2;пешравӣ
project;Noun, Verb;A1, B2;лоиҳа
promise;Verb Noun;A2;ваъда
promote;Verb;B1;мусоидат
pronounce;Verb;A2;талаффус кардан
proof;Noun;B2;исбот
proper;Adjective;B1;дуруст
properly;Adverb;B1;дуруст
property;Noun;B1;молу мулк
proposal;Noun;B2;пешнињоди
propose;Verb;B2;пешниҳод кардан
prospect;Noun;B2;оянда
protect;Verb;A2;муҳофизат
protection;Noun;B2;ҳимоя
protest;Noun Verb;B1;эътироз
proud;Adjective;B1;ифтихор
prove;Verb;B1;исбот кардан
provide;Verb;A2;таъмин
psychologist;Noun;B2;рӯҳшинос
psychology;Noun;B2;психология
pub;Noun;A2;майхона
public;Adjective Noun;A2;умумӣ
publication;Noun;B2;нашр
publish;Verb;A2;нашр
pull;Verb , Noun;A2, B1;Кашидан
punish;Verb;B1;ҷазо
punishment;Noun;B1;ҷазо
pupil;Noun;B2;шогирд
purchase;Noun Verb;B2;харид
pure;Adjective;B2;тоза
purple;Adjective Noun;A1;арғувон
purpose;Noun;A2;мақсад
pursue;Verb;B2;аз паи
push;Verb , Noun;A2, B1;Тела
put;Verb;A1;гузошта
qualification;Noun;B1;ихтисос
qualified;Adjective;B1;ихтисоснок
qualify;Verb;B1;дараьаи ихтисосро муайн кардан
quality;Noun;A2;сифат
quantity;Noun;A2;шумора
quarter;Noun;A1;семоҳаи
queen;Noun;A2;Шоҳзода
question;Noun, Verb;A1, A2;савол
queue;Noun Verb;B1;навбат
quick;Adjective;A1;тез
quickly;Adverb;A1;зуд
quiet;Adjective;A1;ором
quietly;Adverb;A2;оромона
quit;Verb;B1;баромадан
quite;Adverb;A1;тамоман
quotation;Noun;B1;баҳо
quote;Verb Noun;B1;Иќтибос
race (competition);NounVerb;A2;нажод (озмун)
race (people);Noun;B1;нажод (нафар)
racing;Noun;B1;гонкиро
radio;Noun;A1;радио
railway;Noun;A2;роҳи оҳан
rain;Noun Verb;A1;борон
raise;Verb;A2;баланд бардоштани
range;Noun, Verb;B1, B2;диапазон
rank;Noun Verb;B2;рутба
rapid;Adjective;B2;тез
rapidly;Adverb;B2;зуд
rare;Adjective;B1;камёб
rarely;Adverb;B1;кам
rate;Noun, Verb;A2, B2;Меъёри
rather;Adverb;A2;на
raw;Adjective;B2;хом
reach;Verb , Noun;A2, B2;ниъам
react;Verb;A2;муносибат
reaction;Noun;B1;вокуниши
read;Verb;A1;хондан
reader;Noun;A1;хонанда
reading;Noun;A1;хониш
ready;Adjective;A1;тайёр
real;Adjective;A1;воқеӣ
realistic;Adjective;B2;воқеӣ
reality;Noun;B1;воқеият
realize;Verb;A2;дарк
really;Adverb;A1;дар ҳақиқат
reason;Noun;A1;сабаб
reasonable;Adjective;B2;асоснок
recall;Verb;B2;ёдовар шудан
receipt;Noun;B1;гирифтани
receive;Verb;A2;гирифтан
recent;Adjective;A2;наздикӣ
recently;Adverb;A2;ба наздикӣ
reception;Noun;A2;қабули
recipe;Noun;A2;ресепт
recognize;Verb;A2;эътироф
recommend;Verb;A2;тавсия
recommendation;Noun;B1;тавсиянома
record;Noun Verb;A2;рекорд
recording;Noun;A2;сабткунӣ
recover;Verb;B2;сиҳат шудан
recycle;Verb;A2;Истифодаи такрорӣ
red;Adjective Noun;A1;сурх
reduce;Verb;A2;кам
reduction;Noun;B2;паст кардани
refer;Verb;A2;ишора
reference;Noun;B1;ишора
reflect;Verb;B1;инъикос кардан
refuse;Verb;A2;ахлот
regard;Verb Noun;B2;Вобаста ба
region;Noun;A2;вилоят
regional;Adjective;B2;минтақавӣ
register;Verb Noun;B2;қайд
regret;Verb Noun;B2;пушаймон
regular;Adjective;A2;доимӣ
regularly;Adverb;B1;мунтазам
regulation;Noun;B2;танзим
reject;Verb;B1;рад кардан
relate;Verb;B1;ҳикоят
related;Adjective;B1;вобаста
relation;Noun;B1;нисбат ба
relationship;Noun;A2;муносибати
relative;Adjective Noun;B1;нисбӣ
relatively;Adverb;B2;нисбатан
relax;Verb;A1;Ором бошед
relaxed;Adjective;B1;осуда
relaxing;Adjective;B1;истироҳати
release;Verb Noun;B1;озод кардан
relevant;Adjective;B2;дахлдор
reliable;Adjective;B1;боэътимод
relief;Noun;B2;релеф
religion;Noun;B1;дин
religious;Adjective;B1;диндор
rely;Verb;B2;такя
remain;Verb;B1;боқӣ мемонад
remark;Noun Verb;B2;эрод гирифтан
remember;Verb;A1;дар хотир
remind;Verb;B1;хотиррасон
remote;Adjective;B1;дурдаст
remove;Verb;A2;тоза
rent;Noun Verb;B1;иҷора
repair;Verb , Noun;A2, B1;таъмир
repeat;Verb , Noun;A1, B1;такрор кардан
repeated;Adjective;B1;такрор
replace;Verb;A2;иваз кардан
reply;Verb Noun;A2;ҷавоб
report;Noun, Verb;A1, A2;маърӯза
reporter;Noun;A2;ХАБАРНИГОРИ
represent;Verb;B1;намояндагӣ мекунанд
representative;Noun Adjective;B2;намоянда
reputation;Noun;B2;эътибори
request;Noun, Verb;A2, B1;дархост
require;Verb;B1;талаб
requirement;Noun;B2;талаб
rescue;Verb Noun;B2;ҳифз кардан
research;Noun Verb;A2;тадқиқот
researcher;Noun;A2;тадќиќотчї
reservation;Noun;B1;брон
reserve;Noun Verb;B2;захиравӣ
resident;NounAdjective;B2;резидент
resist;Verb;B2;муқобилат
resolve;Verb;B2;хоҳиши
resort;Noun;B2;шитофтанд
resource;Noun;B1;захираҳо
respect;Noun Verb;B1;эҳтиром
respond;Verb;A2;эътиноӣ
response;Noun;A2;вокуниш ба
responsibility;Noun;B1;масъулияти
responsible;Adjective;B1;масъул
rest (remaining part);Noun;A2;истироҳат (қисми боқимондаи)
rest (sleep/relax);Noun Verb;A2;дигарон (хоб / истироҳат)
restaurant;Noun;A1;тарабхонаи
result;Noun, Verb;A1, B1;натиҷа
retain;Verb;B2;нигоҳ доштан
retire;Verb;B1;ба истеъфо баромадан
retired;Adjective;B1;нафақа
return;Verb Noun;A1;бозгашт
reveal;Verb;B2;ошкор
review;Noun Verb;A2;Шарҳи
revise;Verb;B1;саньидан
revolution;Noun;B2;инќилоби
reward;Noun Verb;B2;мукофот
rhythm;Noun;B2;ритм
rice;Noun;A1;биринҷ
rich;Adjective;A1;сарватманд
rid;Verb;B2;халос
ride;Verb , Noun;A1, A2;рафтан
right;Adjective Adverb Noun;A1;рост
ring;Noun;A2;ангуштарин
ring;Verb , Noun;A2, B1;ангуштарин
rise;Verb , Noun;A2, B1;эҳьё шавад
risk;Noun Verb;B1;хатар
river;Noun;A1;дарё
road;Noun;A1;роҳ
robot;Noun;B1;робот
rock (stone);Noun;A2;сахра (санг)
rock (music);Noun;A2;сахра (мусиқӣ)
role;Noun;A2;нақши
roll;Verb Noun;B1;лӯлапеч
romantic;Adjective;B1;романтикӣ
roof;Noun;A2;бом
room;Noun;A1;хона
root;Noun;B2;реша
rope;Noun;B1;арцамчин
rough;Adjective;B1;дацалона
round;Adjective Adverb prep., Noun;A2, B2;гирд
route;Noun;A2;маршрут
routine;Noun, Adjective;A1, B2;реҷаи
row;Noun;B1;сатр
royal;Adjective;B1;шоҳона
rub;Verb;B2;молидан
rubber;Noun Adjective;B2;резина
rubbish;Noun;A2;ьаньол
rude;Adjective;A2;безеб
rugby;Noun;B1;rugby
rule;Noun, Verb;A1, B1;волоияти
run;Verb , Noun;A1, A2;давидан
runner;Noun;A2;даванда
running;Noun;A2;иҷро
rural;Adjective;B2;деҳот
rush;Verb Noun;B2;шитоб
sad;Adjective;A1;ғамгин
sadly;Adverb;A2;мутаассифона
safe;Adjective;A2;бехатар
safety;Noun;B1;бехатарӣ
sail;Verb , Noun;A2, B1;бо бодбон ҳаракат кардан
sailing;Noun;A2;Итолия
sailor;Noun;B1;дарёнавард
salad;Noun;A1;салат
salary;Noun;A2;маош
sale;Noun;A2;фурӯш
salt;Noun;A1;намак
same;Adjective proNoun Adverb;A1;якхела
sample;Noun, Verb;B1, B2;намуна
sand;Noun;B1;рег
sandwich;Noun;A1;сандвич
satellite;Noun;B2;моҳвора
satisfied;Adjective;B2;қонеъ
satisfy;Verb;B2;щаноатманд кардан
Saturday;Noun;A1;шанбе
sauce;Noun;A2;соус
save;Verb;A2;ғайри
saving;Noun;B2;сарфаи
say;Verb;A1;Бигӯ
scale;Noun;B2;миқёси
scan;Verb;B1;скан
scared;Adjective;A2;тарс
scary;Adjective;A2;тарсовар
scene;Noun;A2;аз ҷойи ҳодиса
schedule;Noun, Verb;A2, B2;ҷадвали
scheme;Noun;B2;нақшаи
school;Noun;A1;мактаб
science;Noun;A1;илм
scientific;Adjective;B1;илмӣ
scientist;Noun;A1;олим
score;Verb Noun;A2;Ҳисоб
scream;Verb Noun;B2;бонге
screen;NounVerb;A2, B2;экран
script;Noun;B1;барномаи саҳнавӣ
sculpture;Noun;B1;скулптура
sea;Noun;A1;баҳр
search;Noun Verb;A2;ҷустуҷӯи
season;Noun;A2;мавсим
seat;Noun Verb;A2, B2;курсии
second1 (next after the first);et./ number, Adverb;A1, A2;second1 (оянда баъди аввал)
second1 (unit of time);Noun;A1;second1 (воҳиди вақт)
secondary;Adjective;B1;миёна
secondly;Adverb;A2;дуюм
secret;Adjective, Noun;A2;пинҳонӣ
secretary;Noun;A2;котиб
section;Noun;A1;ҷудокунӣ
sector;Noun;B2;бахши
secure;Verb Adjective;B2;таъмин
security;Noun;B1;амният
see;Verb;A1;дидан
seed;Noun;B1;тухмӣ
seek;Verb;B2;ҷустуҷӯ
seem;Verb;A2;назар
select;Verb;B2;ро интихоб кунед
selection;Noun;B2;интихоб
self;Noun;B2;худидоракунии
sell;Verb;A1;фурӯш
send;Verb;A1;Ирсол
senior;Adjective;B2;калонсол
sense;Noun Verb;A2, B2;маъно
sensible;Adjective;B1;маънодор
sensitive;Adjective;B2;ҳассос
sentence;Noun Verb;A1, B2;ҳукми суд
separate;Adjective, Verb;A2, B1;алоҳида
September;Noun;A1;сентябр
sequence;Noun;B2;пайдарпаӣ
series;Noun;A2;силсила
serious;Adjective;A2;ҷиддӣ
seriously;Adverb;B1;ҷиддӣ
servant;Noun;B1;хизматгор
serve;Verb;A2;хизмат
service;Noun;A2;хизматрасонӣ
session;Noun;B2;сессия
set (put);Verb;B1;маҷмӯи (гузошташударо)
set (group);Noun;B1;маҷмӯи (гурўњї)
setting;Noun;B1;танзимотӣ
settle;Verb;B2;ҳал
seven;number;A1;Ҳафт
seventeen;number;A1;ҳабдаҳ
seventy;number;A1;ҳафтод
several;det./proNoun;A2;якчанд
severe;Adjective;B2;сахт
sex;Noun;B1;љинс
sexual;Adjective;B1;шањвонї
shade;Noun;B2;сояҳо
shadow;Noun;B2;соя
shake;Verb Noun;A2, B1;ларза
shall;modal Verb;A2;хоҳанд
shallow;Adjective;B2;майда
shame;Noun;B2;шарм
shape;Noun Verb;A2, B2;шакл
share;Verb Noun;A1, B1;саҳм
sharp;Adjective;B1;якбора
she;proNoun;A1;вай
sheep;Noun;A1;гӯсфанд
sheet;Noun;A2;варақ
shelf;Noun;B1;раф
shell;Noun;B1;пӯст
shelter;Noun Verb;B2;ҳимоя
shift;Noun Verb;B1, B2;баст
shine;Verb;B1;пардоз
shiny;Adjective;B1;ьилодор
ship;Noun Verb;A2, B2;киштӣ
shirt;Noun;A1;куртаи мардона
shock;Noun Verb;B2;шах шудан
shocked;Adjective;B2;гаштанд
shoe;Noun;A1;кафш
shoot;Verb;B1;сессияи
shooting;Noun;B2;тирандозӣ
shop;Noun Verb;A1;сехи
shopping;Noun;A1;харид
short;Adjective;A1;кӯтоҳ
shot;Noun;B2;тирпаронӣ
should;modal Verb;A1;бояд
shoulder;Noun;A2;китф
shout;Verb Noun;A2;дод задан
show;Verb Noun;A1;нишон
shower;Noun;A1;душ
shut;Verb Adjective;A2;қатъ
shy;Adjective;B1;шарм
sick;Adjective;A1;касал
side;Noun;A2;тараф
sight;Noun;B1;биноӣ
sign;Noun Verb;A2;имзо
signal;Noun Verb;B1;сигнал
significant;Adjective;B2;назаррас
significantly;Adverb;B2;ба таври назаррас
silence;Noun;B2;хомӯшии
silent;Adjective;B1;ором
silk;Noun;B2;абрешим
silly;Adjective;B1;заифмизоҷеро
silver;Noun Adjective;A2;нуқра
similar;Adjective;A1;монанд
similarity;Noun;B1;шабоҳат
similarly;Adverb;B1;монанд
simple;Adjective;A2;содда
simply;Adverb;B1;танҳо
since;prep. conj., Adverb;A2, B1;соли
sincere;Adjective;B2;ихлос
sing;Verb;A1;суруд
singer;Noun;A1;сароянда
singing;Noun;A2;сурудхонӣ
single;Adjective Noun;A2;ягона
sink;Verb;B1;дастшӯяк
sir;Noun;A2;ьаноб
sister;Noun;A1;хоҳар
sit;Verb;A1;бинишинед
site;Noun;A2;сомона
situation;Noun;A1;вазъият
six;number;A1;шаш
sixteen;number;A1;шонздаҳ
sixty;number;A1;шаст
size;Noun;A2;андоза
ski;Verb Noun;A2;лижа
skiing;Noun;A2;лижаронӣ
skill;Noun;A1;маҳорат
skin;Noun;A2;пӯст
skirt;Noun;A1;доман
sky;Noun;A2;осмон
slave;Noun;B2;ғуломи
sleep;Verb , Noun;A1, A2;хоб
slice;Noun Verb;B1;буридан
slide;Verb Noun;B2;лацжидан
slight;Adjective;B2;ночиз
slightly;Adverb;B1;каме
slip;Verb;B2;зиддилағзиш
slope;Noun Verb;B2;майл
slow;Adjective , Verb;A1, B1;оҳиста
slowly;Adverb;A2;оҳиста-оҳиста
small;Adjective;A1;майда
smart;Adjective;B1;интеллектуалӣ
smartphone;Noun;A2;смартфон
smell;Verb Noun;A2;бӯй
smile;Verb Noun;A2;табассум
smoke;Noun Verb;A2;дуд
smoking;Noun;A2;тамокукашї
smooth;Adjective;B1;ҳамвор
snake;Noun;A1;мор
snow;Noun Verb;A1;барф
so;Adverb conj.;A1;ҳамин тавр
soap;Noun;A2;собун
soccer;Noun;A2;футбол
social;Adjective;A2;иљтимої
society;Noun;A2;ҷомеа
sock;Noun;A2;пайпоқ
soft;Adjective;A2;нарм
software;Noun;B1;нармафзор
soil;Noun;B1;хок
solar;Adjective;B2;офтобӣ
soldier;Noun;A2;сарбоз
solid;Adjective Noun;B1;сахт
solution;Noun;A2;ҳал
solve;Verb;A2;њал
some;det. proNoun;A1;баъзе
somebody;proNoun;A1;касе
someone;proNoun;A1;касе
something;proNoun;A1;чизе
sometimes;Adverb;A1;баъзан
somewhat;Adverb;B2;то ҳадде
somewhere;Adverb proNoun;A2;дар ҷое
son;Noun;A1;писар
song;Noun;A1;суруд
soon;Adverb;A1;ба зудӣ
sorry;Adjective exclam.;A1;Узр
sort;Noun, Verb;A2, B1;гуна
soul;Noun;B2;ҷон
sound;Noun Verb;A1;садо
soup;Noun;A1;шӯрбо
source;Noun;A2;сарчашма
south;Noun Adjective Adverb;A1;ҷануб
southern;Adjective;B1;ҷануби
space;Noun;A1;фазо
speak;Verb;A1;сухан
speaker;Noun;A2;раиси
special;Adjective;A1;махсус
specialist;Noun Adjective;B2;мутахассис
species;Noun;B2;намуди
specific;Adjective;A2;хос
specifically;Adverb;B1;махсусан
speech;Noun;A2;сухани
speed;Noun, Verb;A2, B2;суръат
spell;Verb;A1;азоим
spelling;Noun;A1;имло
spend;Verb;A1;сарф
spending;Noun;B1;харољоти
spicy;Adjective;B1;хушбӯи
spider;Noun;A2;тортанак
spirit;Noun;B1;рӯҳ
spiritual;Adjective;B2;рӯҳӣ
split;Verb Noun;B2;Зада шикастан
spoken;Adjective;B1;гуфта
sponsor;Verb Noun;B2;спонсор
spoon;Noun;A2;Spoon
sport;Noun;A1;варзиш
spot;Noun, Verb;B1, B2;ҷои
spread;Verb , Noun;B1, B2;паҳн шудан
spring;Noun, Verb;A1, B1;баҳор
square;Adjective Noun;A2;мураббаъ
stable;Adjective;B2;устувор
stadium;Noun;B1;майдон
staff;Noun;B1;кормандони
stage;Noun, Verb;A2, B2;саҳна
stair;Noun;A2;stair
stamp;Noun;A2;марка
stand;Verb , Noun;A1, B2;истодан
standard;Noun Adjective;B1;стандартӣ
star;Noun, Verb;A1, A2;ситора
stare;Verb;B2;бодищщат нигаристан
start;Verb , Noun;A1, A2;Таърихи оѓоз
state;Noun, Adjective , v;A2, B1;давлат
statement;Noun;A1;изҳороти
station;Noun;A1;истгоҳ
statistic;Noun;B1;оморӣ
statue;Noun;B1;ҳайкал
status;Noun;B2;њолати
stay;Verb , Noun;A1, A2;иқомат
steady;Adjective;B2;устувор
steal;Verb;A2;дуздӣ
steel;Noun;B2;фулод
steep;Adjective;B2;нишеб
step;Noun, Verb;A2, B2;қадами
stick (push into/attach);Verb;B1;чӯб (такони ба / замима)
stick (piece of wood);Noun;B1;чӯб (Порае аз чӯб)
sticky;Adjective;B2;часпонак
stiff;Adjective;B2;сахт
still;Adverb , Adjective;A1, B1;ҳол
stock;Noun;B2;саҳомӣ
stomach;Noun;A2;меъда
stone;Noun;A2;санг
stop;Verb Noun;A1;Ист
store;Noun, Verb;A2, B1;мағозаи
storm;Noun;A2;тӯфон
story;Noun;A1;ҳикояи
straight;Adverb Adjective;A2;Рост
strange;Adjective;A2;аҷиб
stranger;Noun;B1;ношинос
strategy;Noun;A2;стратегия
stream;Noun;B2;селоба
street;Noun;A1;кӯча
strength;Noun;B1;қувват
stress;Noun Verb;A2;стресс
stretch;Verb Noun;B2;васеъ кардан
strict;Adjective;B2;қатъии
strike;Verb Noun;B2;корпартоӣ
string;Noun;B1;сатр
strong;Adjective;A1;мустаҳкам
strongly;Adverb;B1;сахт
structure;Noun, Verb;A2, B2;сохтори
struggle;Verb Noun;B2;мубориза
student;Noun;A1;донишҷӯ
studio;Noun;B1;студияи
study;Noun Verb;A1;омӯзиши
stuff;Noun, Verb;B1, B2;маводи
stupid;Adjective;A2;беақл
style;Noun;A1;услуб
subject;Noun, Adjective;A1, B2;фан
submit;Verb;B2;пешниҳод
substance;Noun;B1;моддањои
succeed;Verb;A2;муваффақ
success;Noun;A1;муваффақияти
successful;Adjective;A2;муваффақ
successfully;Adverb;B1;бомуваффақият
such;det./proNoun;A2;чунин
sudden;Adjective;B1;нобаҳангом
suddenly;Adverb;A2;ногаҳон
suffer;Verb;B1;азоб
sugar;Noun;A1;шакар
suggest;Verb;A2;пешниҳод
suggestion;Noun;A2;таклиф
suit;Noun, Verb;A2, B1;костюм
suitable;Adjective;B1;муносиб
sum;Noun Verb;B2;маблағи
summarize;Verb;B1;ьамъ кардан
summary;Noun;B1;хулоса
summer;Noun;A1;тобистон
sun;Noun;A1;офтоб
Sunday;Noun;A1;якшанбе
supermarket;Noun;A1;супермаркет
supply;Noun Verb;B1;таъминоти
support;Verb Noun;A2;таъмин
supporter;Noun;B1;ҷонибдори
suppose;Verb;A2;тахмин кардан
sure;Adjective , Adverb;A1, A2;ҳосил
surely;Adverb;B1;Албатта
surface;Noun;B1;рўизаминї
surgery;Noun;B2;ҷарроҳӣ
surprise;Noun Verb;A2;ҳайратовар
surprised;Adjective;A2;ба ҳайрат
surprising;Adjective;A2;ҳайратовар
surround;Verb;B2;иҳота кардан
surrounding;Adjective;B2;атроф
survey;Noun, Verb;A2, B2;тадќиќот
survive;Verb;B1;зинда мондан
suspect;Verb Noun;B2;гумонбаршуда
swear;Verb;B2;савганд мехӯранд,
sweater;Noun;A1;свитер
sweep;Verb;B2;тоза кардан
sweet;Adjective Noun;A2;ширин
swim;Verb , Noun;A1, B1;шино кардан
swimming;Noun;A1;шиноварӣ
switch;Verb , Noun;B1, B2;калид
symbol;Noun;A2;рамз
sympathy;Noun;B2;ҳамдардӣ
symptom;Noun;B1;аломат
system;Noun;A2;система
table;Noun;A1;мизи
tablet;Noun;A2;ҳаб
tail;Noun;B1;дум
take;Verb;A1;мегирад
tale;Noun;B2;нащл
talent;Noun;B1;истеъдод
talented;Adjective;B1;боистеъдод
talk;Verb , Noun;A1, A2;Баҳси
tall;Adjective;A1;баланд
tank;Noun;B2;бак
tape;Noun;B1;навор
target;Noun, Verb;A2, B2;и адаф
task;Noun;A2;вазифа
taste;Noun Verb;A2;мазза
tax;Noun Verb;B1;андоз
taxi;Noun;A1;таксӣ
tea;Noun;A1;чой
teach;Verb;A1;таълим
teacher;Noun;A1;муаллим
teaching;Noun;A2;таълим
team;Noun;A1;гурӯҳ
tear1;Verb Noun;B2;tear1
tear2;Noun;B2;tear2
technical;Adjective;B1;техникӣ
technique;Noun;B1;техника
technology;Noun;A2;технология
teenage;Adjective;A2;наврас
teenager;Noun;A1;наврас
telephone;Noun Verb;A1;телефон
television;Noun;A1;телевизион
tell;Verb;A1;мегӯям,
temperature;Noun;A2;ҳарорат
temporary;Adjective;B2;муваққатӣ
ten;number;A1;даҳ
tend;Verb;B1;кўшиш
tennis;Noun;A1;теннис
tent;Noun;B1;хайма
term;Noun, Verb;A2, B2;мӯҳлат
terrible;Adjective;A1;сахт
test;Noun Verb;A1;озмоиш
text;Noun, Verb;A1, A2;матн
than;conj.;A1;нисбат ба
thank;Verb;A1;шукр
thanks;exclam. Noun;A1;ташаккур
that;det. proNoun conj., Adverb;A1, B1;он
the;definite article;A1;ба
theatre;Noun;A1;театр
their;det.;A1;онҳо
theirs;proNoun;B1;онҳост
them;proNoun;A1;аз онҳо
theme;Noun;B1;мавзӯъ
themselves;proNoun;A2;худ
then;Adverb;A1;баъд
theory;Noun;B1;назария
therapy;Noun;B2;терапия
there;Adverb;A1;Он ҷо
therefore;Adverb;B1;Пас,
they;proNoun;A1;онҳо
thick;Adjective;A2;ғафси
thief;Noun;A2;дузд
thin;Adjective;A2;тунук
thing;Noun;A1;чиз
think;Verb;A1;фикр кардан
thinking;Noun;A2;фикрронии
third;number, Noun;A1, A2;сеюм
thirsty;Adjective;A1;ташналаб
thirteen;number;A1;сенздаҳ
thirty;number;A1;сӣ
this;det./proNoun, Adverb;A1, B1;ин
though;conj. Adverb;B1;ҳатто
thought;Noun;A2;фикр
thousand;number;A1;ҳазор
threat;Noun;B2;таҳдид
threaten;Verb;B2;таҳдид
three;number;A1;се
throat;Noun;B1;гулӯ
through;prep. Adverb;A1;ба воситаи
throughout;prep./Adverb;B1;дар
throw;Verb;A2;партофтан
Thursday;Noun;A1;Панҷшанбе
thus;Adverb;B2;ҳамин тавр
ticket;Noun;A1;билет
tidy;Adjective v;A2;бонизом
tie;Verb Noun;A2;галстук
tight;Adjective;B1;зич
till;conj./prep.;B1;то
time;Noun, Verb;A1, B2;замон
tin;Noun;B1;тунука
tiny;Adjective;B1;майдаяк
tip;Noun, Verb;A2, B1;чойпулӣ
tired;Adjective;A1;хаста
title;Noun;A1, B2;ном
to;prep., infinitive marker;A1;ба
today;Adverb Noun;A1;имрӯз
toe;Noun;B1;ангушти по
together;Adverb;A1;ҳамроҳ
toilet;Noun;A1;ҳоьатхона
tomato;Noun;A1;помидор
tomorrow;Adverb Noun;A1;фардо
tone;Noun;B2;оҳанги
tongue;Noun;B1;забон
tonight;Adverb n;A1;шаб
too;Adverb;A1;аз ҳад зиёд
tool;Noun;A2;воситаи
tooth;Noun;A1;дандон
top;Noun, Adjective;A2;боло
topic;Noun;A1;мавзӯъ
total;Adjective Noun;B1;умумии
totally;Adverb;B1;тамоман
touch;Verb , Noun;A2, B1;даст
tough;Adjective;B2;сахт
tour;Noun, Verb;A2, B1;саёҳат
tourism;Noun;A2;сайёҳӣ
tourist;Noun;A1;сайёҳ
towards;prep.;A2;нисбат ба
towel;Noun;A2;сачощ
tower;Noun;A2;манора
town;Noun;A1;шаҳр
toy;Noun, Adjective;A2;бозича
track;Noun, Verb;A2, B2;пайгирӣ
trade;Noun, Verb;B1;савдо
tradition;Noun;A2;анъана
traditional;Adjective;A2;анъанавӣ
traffic;Noun;A1;ҳаракат
train;Noun, Verb;A1, A2;поезд
trainer;Noun;A2;тренер
training;Noun;A2;омӯзиш
transfer;Verb Noun;B2;додан
transform;Verb;B2;табдил
transition;Noun;B2;гузариш
translate;Verb;B1;тарьума кардан
translation;Noun;B1;тарҷумаи
transport;Noun, Verb;A2, B1;нақлиёт
travel;Verb Noun;A1;сафар
traveller;Noun;A2;сайёҳ
treat;Verb;B1;бењад
treatment;Noun;B1;табобат
tree;Noun;A1;дарахт
trend;Noun;B1;тамоюли
trial;Noun;B2;мурофиаи
trick;Noun Verb;B1;ҳиллагарӣ
trip;Noun, Verb;A1, B2;сафар
tropical;Adjective;B2;тропикӣ
trouble;Noun, Verb;A2, B2;душворӣ
trousers;Noun;A1;шим
truck;Noun;A2;мошини боркаш
TRUE;Adjective;A1;ҲАҚИҚӢ
truly;Adverb;B2;дар ҳақиқат
trust;Noun Verb;B2;боварӣ
truth;Noun;B1;рост
try;Verb , Noun;A1, B2;кӯшиш
T-shirt;Noun;A1;T-Ҷомаашро,
tube;Noun;B1;дудкаш
Tuesday;Noun;A1;сешанбе
tune;Noun;B2;оҳанг
tunnel;Noun;B2;нақби
turn;Verb Noun;A1;рӯй
TV;Noun;A1;ТВ
twelve;number;A1;дувоздаҳ
twenty;number;A1;бист
twice;Adverb;A1;дубора
twin;Noun Adjective;A2;дугоник
two;number;A1;ду
type;Noun, Verb;A1, B1;навъи
typical;Adjective;A2;махсус
typically;Adverb;B1;маъмулан
tyre;Noun;B1;шина
ugly;Adjective;B1;бобуранг
ultimately;Adverb;B2;дар ниҳояти кор
umbrella;Noun;A1;чатр
unable;Adjective;B1;натавонист
uncle;Noun;A1;амак
uncomfortable;Adjective;B1;нощуллай
unconscious;Adjective;B2;беҳуш
under;prep. Adj;A1;назди
underground;Adjective Adverb;A2;пинҳонӣ
understand;Verb;A1;фаҳмидан
understanding;Noun;A2;фаҳм
underwear;Noun;B1;либоси таг
unemployed;Adjective;B1;бекор
unemployment;Noun;B1;бекорӣ
unexpected;Adjective;B2;ногаҳон
unfair;Adjective;B1;беинсофона
unfortunately;Adverb;A2;бадбахтона
unhappy;Adjective;A2;бадбахт
uniform;Noun;A2;либоси
union;Noun;B1;иттифоќи
unique;Adjective;B2;беҳамто
unit;Noun;A2;воҳиди
united;Adjective;A2;муттаҳид
universe;Noun;B2;коинот
university;Noun;A1;донишгоҳ
unknown;Adjective;B2;номашҳур
unless;conj.;B1;агар
unlike;prep.;B1;назар
unlikely;Adjective;B1;гумон аст
unnecessary;Adjective;B1;нолозим
unpleasant;Adjective;B1;нофорам
until;conj./prep.;A1;то
unusual;Adjective;A2;ғайриоддӣ
up;Adverb proNoun;A1;то
update;Verb Noun;B1;навсозии
upon;prep.;B1;бар
upper;Adjective;B2;болои
upset;Adjective v;B1;нороҳат
upstairs;Adverb , Adjective;A1, A2;дар боло
upwards;Adverb;B2;ба боло
urban;Adjective;B2;шањрї
urge;Verb;B2;хоҳиши
us;proNoun;A1;мо
use;Verb , Noun;A1, A2;истифода бурдан
used;Adjective;B1;истифода бурда мешавад
used to;modal Verb;A2;одат
useful;Adjective;A1;фоидаовар
user;Noun;A2;истифода
usual;Adjective;A2;муқаррарии
usually;Adverb;A1;одатан
vacation;Noun;A1;таътил
valley;Noun;A2;водии
valuable;Adjective;B1;арзишманд
value;Noun, Verb;B1, B2;арзиши
van;Noun;A2;ароба
variety;Noun;A2;навъ
various;Adjective;B1;гуногун
vary;Verb;B2;фарқ
vast;Adjective;B2;фарох
vegetable;Noun;A1;сабзавот
vehicle;Noun;A2;мошин
venue;Noun;B2;бурунмарзї
version;Noun;B1;нусхаи
very;Adverb , Adjective;A1, B1;бисёр
via;prep.;B2;тавассути
victim;Noun;B1;ҷабрдида
victory;Noun;B2;ғалаба
video;Noun;A1;видео
view;Noun, Verb;A2,;Бознигарии
viewer;Noun;B1;тамошобин
village;Noun;A1;дењаи
violence;Noun;B2;зўроварї
violent;Adjective;B1;зӯроварӣ
virtual;Adjective;B2;виртуалии
virus;Noun;A2;вирус
vision;Noun;B2;рӯъёи
visit;Verb Noun;A1;боздид
visitor;Noun;A1;тамошобин
visual;Adjective;B2;визуалӣ
vital;Adjective;B2;муҳим
vitamin;Noun;B2;витамин
voice;Noun;A2;овоз
volume;Noun;B2;ҳаҷми
volunteer;Noun Verb;B1;ихтиёрӣ
vote;Noun Verb;B1;овоз
wage;Noun;B2;музди
wait;Verb , Noun;A1, A2;интизор
waiter;Noun;A1;Пешхизмат
wake;Verb;A1;бедор
walk;Verb Noun;A1;рафтан
wall;Noun;A1;девор
want;Verb;A1;мехоҳанд,
war;Noun;A2;ҷанг
warm;Adjective , v;A1, B1;гарм
warn;Verb;B1;битарсонад
warning;Noun;B1;огоҳӣ
wash;Verb , Noun;A1, A2;шӯстан
washing;Noun;A2;шустани
waste;Noun v, Adjective;B1;барбод
watch;Verb Noun;A1;бедор
water;Noun, Verb;A1, B1;об
wave;Noun;A2, B1;мавҷи
way;Noun;A1, B2;роҳ
we;proNoun;A1;мо
weak;Adjective;A2;суст
weakness;Noun;B2;сустӣ
wealth;Noun;B2;молу
wealthy;Adjective;B2;бой
weapon;Noun;B1;силоҳ
wear;Verb;A1;фарсудашавии
weather;Noun;A1;обу ҳаво
web;Noun;A2;Веб
website;Noun;A1;сомона
wedding;Noun;A2;тӯй
Wednesday;Noun;A1;чоршанбе
week;Noun;A1;ҳафта
weekend;Noun;A1;истироҳат
weigh;Verb;B1;баркашидан
weight;Noun;A2;тарозу
welcome;exclam. Verb Adjective , n;A1, A2;хуш омадед
well;Adverb , Adjective , exclam.;A1;хуб
west;Noun Adjective Adverb;A1;ғарб
western;Adjective;B1;Ғарб
wet;Adjective;A2;тар
what;proNoun/det.;A1;чӣ
whatever;det./proNoun;B1;да ман чӣ
wheel;Noun;A2;чарх
when;Adverb proNounconj.;A1;кай
whenever;conj.;B1;ҳар бор
where;Adverb conj.;A1;ки
whereas;conj.;B2;дар ҳоле ки
wherever;conj.;B2;ҳар ҷо,
whether;conj.;B1;хоҳ
which;proNoun/det.;A1;кадом
while;conj., Noun;A2, B1;ҳол он
whisper;Verb Noun;B2;пичир-пичир
white;Adjective Noun;A1;сафед
who;proNoun;A1;Ташкили Тандурустии Ҷаҳон
whole;Adjective , n;A2, B1;тамоми
whom;proNoun;B2;ҳар касро,
whose;det./proNoun;A2;ки
why;Adverb;A1;чаро
wide;Adjective;A2;васеъ
widely;Adverb;B2;васеъ
wife;Noun;A1;зан
wild;Adjective;A2;ваҳшӣ
wildlife;Noun;B2;ҳайвоноти ваҳшӣ
will;modal, Noun Verb;A1,;хоҳад
willing;Adjective;B2;тайёр
win;Verb , Noun;A1, B1;буриш
wind1;Noun;A2;wind1
wind2;Verb;B2;wind2
window;Noun;A1;тиреза
wine;Noun;A1;вино
wing;Noun;B1;хоксорӣ
winner;Noun;A2;ғолиби
winter;Noun;A1;зимистон
wire;Noun;B2;сим
wise;Adjective;B2;бохирад
wish;Verb Noun;A2;хоњиши
with;prep.;A1;бо
within;prep.;B1;дар ҳудуди
without;prep.;A1;бе
witness;Noun Verb;B2;шоҳид
woman;Noun;A1;зан
wonder;Verb Noun;B1;Тааҷҷубовар
wonderful;Adjective;A1;аҷоиб
wood;Noun;A2;дарахт
wooden;Adjective;A2;чубин
wool;Noun;B1;пашм
word;Noun;A1;сухан
work;Verb Noun;A1;кор
worker;Noun;A1;коргар
working;Adjective;A2;кор
world;Noun;A1;ҷаҳон
worldwide;Adjective Adverb;B1;дар саросари ҷаҳон
worried;Adjective;A2;ташвиш
worry;Verb Noun;A2, B1;ташвиш
worse;Adjective, AdVerb Noun;A2,B1, B2;бадтарин
worst;Adjective, AdVerb;A2,B1, B2;бадтарин
worth;Adjective, Noun;B1, B2;ба маблағи
would;modal, Verb;A1;Эй кош,
wound;Noun Verb;B2;захм
wow;exclam.;A2;Расо
wrap;Verv;B2;табии
write;Verb;A1;бинавис
writer;Noun;A1;нависанда
writing;Noun;A1;сабт
written;Adjective;B1;навишта
wrong;Adjective, AdVerb Noun;A1, B1, B2;нодуруст
yard;Noun;B1;ҳавлӣ
yeah;exclam.;A1;yeah
year;Noun;A1;сол
yellow;Adjective, Noun;A1;зард
yes;exclam.;A1;ҳа
yesterday;AdVerb Noun;A1;дирӯз
yet;AdVerb conj.;A2, B2;ҳоло
you;proNoun;A1;шумо
young;Adjective, Noun;A1, B1;ҷавонон
your;det.;A1;шумо
yours;proNoun;A2;аз они
yourself;proNoun;A1;худ
youth;Noun;B1;ҷавонон
zero;number;A2;нол
zone;Noun;B2;минтақаи
