a, an;indefinite, article;A1;ஒரு, ஒரு
abandon;Verb;B2;கைவிட
ability;Noun;A2;திறன்
able;Adjective;A2;முடியும்
about;prep. Adverb;A1;பற்றி
above;prep. Adverb;A1;மேலே
abroad;Adverb;A2;வெளிநாட்டில்
absolute;Adjective;B2;அறுதி
absolutely;Adverb;B1;முற்றிலும்
academic;adj, Noun;B1, B2;கல்வி
accept;Verb;A2;ஏற்க
acceptable;Adjective;B2;ஏற்கத்தக்க
access;Noun Verb;B1;அணுகல்
accident;Noun;A2;விபத்து
accommodation;Noun;B1;விடுதி
accompany;Verb;B2;உடன்
according to;prep.;A2;படி
account;Noun Verb;B1, B2;கணக்கு
accurate;Adjective;B2;துல்லியமான
accuse;Verb;B2;குற்றம் சாட்ட
achieve;Verb;A2;அடைய
achievement;Noun;B1;சாதனை
acknowledge;Verb;B2;ஏற்பதன்
acquire;Verb;B2;அக்யூர்
across;prep. Adverb;A1;முழுவதும்
act;Verb Noun;A2,B1;நாடகம்
action;Noun;A1;நடவடிக்கை
active;Adjective;A2;செயலில்
activity;Noun;A1;செயல்பாடு
actor;Noun;A1;நடிகர்
actress;Noun;A1;நடிகை
actual;Adjective;B2;உண்மையான
actually;Adverb;A2;உண்மையில்
ad;Noun;B1;விளம்பரம்
adapt;Verb;B2;ஏற்ப
add;Verb;A1;கூட்டு
addition;Noun;B1;கூடுதலாக
additional;Adjective;B2;கூடுதல்
address;Noun Verb;A1,B2;முகவரி
administration;Noun;B2;நிர்வாகம்
admire;Verb;B1;ரசிக்கிறது
admit;Verb;B1;ஒப்புக்கொள்ள
adopt;Verb;B2;தத்தெடுக்க
adult;Noun adj;A1,A2;வயது
Advance;Noun Verb adj;B2;அட்வான்ஸ்
Advanced;Adjective;B1;மேம்படுத்தபட்ட
Advantage;Noun;A2;அனுகூல
Adventure;Noun;A2;சாகச
Advertise;Verb;A2;விளம்பரம்
Advertisement;Noun;A2;விளம்பரம்
Advertising;Noun;A2;விளம்பரப்படுத்தல்
Advice;Noun Verb;A1, B1;அறிவுரை
affair;Noun;B2;விவகாரம்
affect;Verb;A2;பாதிக்கும்
afford;Verb;B1;வாங்க
afraid;Adjective;A1;பயம்
after;prep. conj. Adverb;A1,A2;பிறகு
afternoon;Noun;A1;பிற்பகல்
afterwards;Adverb;B2;பின்னர்
again;Adverb;A1;மீண்டும்
against;prep;A2;எதிராக
age;Noun Verb;A1, B1;வயது
aged;Adjective;B1;வயது
agency;Noun;B2;நிறுவனம்
agenda;Noun;B2;நிகழ்ச்சி நிரல்
agent;Noun;B1;முகவர்
aggressive;Adjective;B2;முரட்டுத்தனமான
ago;Adverb;A1;முன்பு
agree;Verb;A1;ஏற்கிறேன்
agreement;Noun;B1;ஒப்பந்தம்
ah;exclam.;A2;ஹா
ahead;Adverb;B1;மேலே
aid;Noun Verb;B2;உதவி
aim;Verb Noun;B1;நோக்கம்
air;Noun;A1;விமான
aircraft;Noun;B2;விமானம்
airline;Noun;A2;விமான
airport;Noun;A1;விமான நிலைய
alarm;Noun Verb;B1, B2;அலாரம்
album;Noun;B1;ஆல்பம்
alcohol;Noun;B1;மது
alcoholic;Adjective;B1;மது
alive;Adjective;A2;உயிருடன்
all;det. pron, Adverb;A1, A2;அனைத்து
all right;Adjective, Adverb exclam;A2;எல்லாம் சரி
allow;Verb;A2;அனுமதிக்க
almost;Adverb;A2;கிட்டத்தட்ட
alone;Adjective, Adverb;A2;தனியாக
along;prep. Adverb;A2;சேர்ந்து
already;Adverb;A2;ஏற்கனவே
also;Adverb;A1;மேலும்
alter;Verb;B2;மாற்ற
alternative;Noun Adjective;A2, B1;மாற்று
although;conj;A2;என்றாலும்
always;Adverb;A1;எப்போதும்
amazed;Adjective;B1;வியப்பாகவும்
amazing;Adjective;A1;அற்புதமான
ambition;Noun;B1;லட்சியம்
ambitious;Adjective;B1;மூர்க்கமான
among;prep.;A2;மத்தியில்
amount;Noun Verb;A2, B2;அளவு
analyse;Verb;B1;ஆய்வு
analysis;Noun;B1;ஆய்வு
ancient;Adjective;A2;பண்டைய
and;conj;A1;மற்றும்
anger;Noun;B2;கோபம்
angle;Noun;B2;கோணம்
angry;Adjective;A1;கோபம்
animal;Noun;A1;கால்நடை
ankle;Noun;A2;கணுக்கால்
anniversary;Noun;B2;ஆண்டு
announce;Verb;B1;அறிவிக்க
announcement;Noun;B1;அறிவிப்பு
annoy;Verb;B1;தொந்தரவு
annoyed;Adjective;B1;எரிச்சல்
annoying;Adjective;B1;எரிச்சலூட்டும்
annual;Adjective;B2;வருடாந்திர
another;det. proNoun;A1;மற்றொரு
answer;Noun Verb;A1;பதில்
anxious;Adjective;B2;ஆவலாக
any;det. proNoun, Adverb;A1, A2;எந்த
anybody;pron;A2;யாரையும்
any more;Adverb;A2;இனி
anyone;pron;A1;யாரையும்
anything;pron;A1;எதையும்
anyway;Adverb;A2;எப்படியும்
anywhere;AdVerb proNoun;A2;எங்கும்
apart;Adverb;B1;தவிர
apartment;Noun;A1;அடுக்குமாடி இல்லங்கள்
apologize;Verb;B1;மன்னிப்பு
app;Noun;A2;செயலி
apparent;Adjective;B2;வெளிப்படையான
apparently;Adverb;B2;வெளிப்படையாக
appeal;Noun Verb;B2;முறையீடு
appear;Verb;A2;தோன்றும்
appearance;Noun;A2;தோற்றம்
apple;Noun;A1;ஆப்பிள்
application;Noun;B1;விண்ணப்பம்
apply;Verb;A2;விண்ணப்பிக்க
appointment;Noun;B1;நியமனம்
appreciate;Verb;B1;பாராட்ட
approach;Noun Verb;B2;அணுகுமுறை
appropriate;Adjective;B2;பொருத்தமான
approval;Noun;B2;ஒப்புதல்
approve;Verb;B2;ஒப்புதல்
approximately;Adverb;B1;சுமார்
April;Noun;A1;ஏப்ரல்
architect;Noun;A2;கட்டட வடிவமைப்பாளர்
architecture;Noun;A2;கட்டிடக்கலை
area;Noun;A1;பகுதியில்
argue;Verb;A2;வாதிடுகின்றனர்
argument;Noun;A2;வாதம்
arise;Verb;B2;எழுகின்றன
arm;Noun;A1;கை
armed;Adjective;B2;ஆயுதங்கள்
arms;Noun;B2;ஆயுத
army;Noun;A2;இராணுவம்
around;prep. Adverb;A1;சுற்றி
arrange;Verb;A2;ஏற்பாடு
arrangement;Noun;A2;ஏற்பாடு
arrest;Verb Noun;B1;கைது
arrival;Noun;B1;வருகையை
arrive;Verb;A1;வரும்
art;Noun;A1;கலை
article;Noun;A1;கட்டுரை
artificial;Adjective;B2;செயற்கை
artist;Noun;A1;கலைஞர்
artistic;Adjective;B2;கலை
as;prep., Adverb conj.;A1, A2;போன்ற
ashamed;Adjective;B2;வெட்கப்பட
asleep;Adjective;A2;தூங்கும்
ask;Verb;A1;கேட்க
aspect;Noun;B2;அம்சம்
assess;Verb;B2;மதிப்பீடு
assessment;Noun;B2;மதிப்பீடு
assignment;Noun;B1;வேலையை
assist;Verb;B1;உதவு
assistant;Noun Adjective;A2;உதவியாளர்
associate;Verb;B2;இணை
associated;Adjective;B2;தொடர்புடைய
association;Noun;B2;சங்கம்
assume;Verb;B2;கருதுவது
at;prep.;A1;மணிக்கு
athlete;Noun;A2;தடகள
atmosphere;Noun;B1;வளிமண்டலத்தில்
attach;Verb;B1;இணைக்கவும்
attack;Noun Verb;A2;தாக்குதல்
attempt;Noun Verb;B2;முயற்சிக்கும்
attend;Verb;A2;இக் கூட்டத்திற்கு
attention;Noun exclam.;A2;கவனம்
attitude;Noun;B1;அணுகுமுறை
attract;Verb;B1;ஈர்க்க
attraction;Noun;B1;ஈர்ப்பு
attractive;Adjective;A2;கவர்ச்சிகரமான
audience;Noun;A2;பார்வையாளர்களை
August;Noun;A1;ஆகஸ்ட்
aunt;Noun;A1;அத்தை
author;Noun;A2;நூலாசிரியர்
authority;Noun;B1;அதிகாரம்
autumn;Noun;A1;இலையுதிர்
available;Adjective;A2;கிடைக்கும்
average;Adjective, Noun Verb;A2, B1;சராசரி
avoid;Verb;A2;தவிர்க்க
award;Noun Verb;A2, B1;விருது
aware;Adjective;B1;விழிப்புடன்
away;Adverb;A1;விட்டு
awful;Adjective;A2;மோசமான
baby;Noun;A1;குழந்தை
back;Noun AdVerb Adjective, Verb;A1, A2, B2;மீண்டும்
background;Noun;A2;பின்னணி
backwards;Adverb;B1;பின்னோக்கி
bacteria;Noun;B2;பாக்டீரியா
bad;Adjective;A1;கெட்ட
badly;Adverb;A2;மோசமாக
bag;Noun;A1;பையில்
bake;Verb;B1;ரொட்டி சுடுவது
balance;Noun Verb;B1;சமநிலை
ball;Noun;A1;பந்து
ban;Verb Noun;B1;தடை
banana;Noun;A1;வாழை
band;Noun;A1;இசைக்குழு
bank (money);Noun;A1;வங்கி (பணம்)
bank (river);Noun;B1;வங்கி (நதி)
bar;Noun Verb;A2, B2;மதுக்கூடம்
barrier;Noun;B2;தடை
base;Noun Verb;B1;அடித்தளம்
baseball;Noun;A2;பேஸ்பால்
based;Adjective;A2;சார்ந்த
basketball;Noun;A2;கூடைப்பந்து
basic;Adjective;B1;அடிப்படை
basically;Adverb;B2;அடிப்படையில்
basis;Noun;B1;அடிப்படையில்
bath;Noun;A1;குளியலறை
bathroom;Noun;A1;குளியலறையில்
battery;Noun;B1;மின்கலம்
battle;Noun Verb;B1, B2;போர்
be;Verb auxiliary Verb;A1;இரு
beach;Noun;A1;கடற்கரை
bean;Noun;A2;பீன்
bear (deal with);Verb;B2;கரடி (ஒப்பந்தம்)
bear (animal);Noun;A2;கரடி (விலங்கு)
beat;Verb Noun;A2, B2;அடி
beautiful;Adjective;A1;அழகு
beauty;Noun;B1;அழகு
because;conj.;A1;ஏனெனில்
become;Verb;A1;ஆக
bed;Noun;A1;படுக்கையில்
bedroom;Noun;A1;படுக்கையறை
bee;Noun;B1;தேனீ
beef;Noun;A2;மாட்டிறைச்சி
beer;Noun;A1;பீர்
before;prep., conj. Adverb;A1, A2;முன்
beg;Verb;B2;பிச்சையெடுத்து
begin;Verb;A1;தொடங்கும்
beginning;Noun;A1;தொடக்கத்தில்
behave;Verb;A2;நடந்து
behaviour;Noun;A2;நடத்தை
behind;prep. Adverb;A1;பின்னால்
being;Noun;B2;இருப்பு
belief;Noun;B1;நம்பிக்கை
believe;Verb;A1;நம்பிக்கை
bell;Noun;B1;மணி
belong;Verb;A2;உரியதாகும்
below;Adverb prep.;A1;கீழே
belt;Noun;A2;பெல்ட்
bend;Verb Noun;B1;வளைவு
benefit;Verb NouNoun;A2, B1;நன்மை
bent;Adjective;B2;வளைந்த
best;Adjective, AdVerb Noun;A1, A2;சிறந்த
bet;Verb Noun;B2;பந்தயம்
better;Adjective , Adverb , Noun;A1, A2, B1;சிறந்த
between;prep., Adverb;A1, A2;இடையே
beyond;prep. Adverb;B2;அப்பால்
bicycle;Noun;A1;மிதிவண்டி
big;Adjective;A1;பெரிய
bike;Noun;A1;உந்துஉருளி
bill;Noun Verb;A1, B2;ர சி து
billion number; ;A2;பில்லியன் எண்
bin;Noun;A2;பின்
biology;Noun;A2;உயிரியல்
bird;Noun;A1;பறவை
birth;Noun;A2;பிறந்த
birthday;Noun;A1;பிறந்த நாள்
biscuit;Noun;A2;பிஸ்கட்
bit;Noun;A2;பிட்
bite;Verb Noun;B1;கடிக்க
bitter;Adjective;B2;கசப்பான
black;Adjective, Noun;A1;கருப்பு
blame;Verb Noun;B2;பழி
blank;Adjective, Noun;A2;வெற்று
blind;Adjective;B2;குருட்டு
block;Noun Verb;B1;தொகுதி
blog;Noun;A1;வலைப்பதிவு
blonde;Adjective;A1;பொன்னிற
blood;Noun;A2;இரத்தம்
blow;Verb;A2;அடி
blue;Adjective, Noun;A1;நீல
board;Noun Verb;A2, B1;குழு
boat;Noun;A1;படகு
body;Noun;A1;உடல்
boil;Verb;A2;கொதி
bomb;Noun Verb;B1;குண்டு
bond;Noun;B2;பத்திரம்
bone;Noun;A2;எலும்பு
book;Noun Verb;A1, A2;நூல்
boot;Noun;A1;துவக்க
border;Noun Verb;B1, B2;எல்லை
bored;Adjective;A1;சலித்து
boring;Adjective;A1;போரிங்
born;Verb;A1;பிறந்த
borrow;Verb;A2;கடன்
boss;Noun;A2;முதலாளி
both;det./proNoun;A1;இருவரும்
bother;Verb;B1;தொந்தரவு
bottle;Noun;A1;பாட்டில்
bottom;NouNoun Adjective;A2;கீழே
bowl;Noun;A2;கிண்ணத்தில்
box;Noun;A1;பெட்டி
boy;Noun;A1;சிறுவன்
boyfriend;Noun;A1;காதலன்
brain;Noun;A2;மூளை
branch;Noun;B1;கிளை
brand;Noun Verb;B1;பிராண்ட்
brave;Adjective;B1;துணிச்சலான
bread;Noun;A1;ரொட்டி
break;Verb Noun;A1;இடைவெளி
breakfast;Noun;A1;காலை
breast;Noun;B2;மார்பக
breath;Noun;B1;மூச்சு
breathe;Verb;B1;மூச்சு
breathing;Noun;B1;சுவாச
bride;Noun;B1;மணப்பெண்
bridge;Noun;A2;பாலம்
brief;Adjective;B2;சுருக்கமான
bright;Adjective;A2;பிரகாசமான
brilliant;Adjective;A2;புத்திசாலித்தனமான
bring;Verb;A1;கொண்டு
broad;Adjective;B2;பரந்த
broadcast;Verb Noun;B2;ஒளிபரப்பு
broken;Adjective;A2;உடைந்த
brother;Noun;A1;சகோதரன்
brown;Adjective, Noun;A1;பழுப்பு
brush;Verb Noun;A2;தூரிகை
bubble;Noun;B1;குமிழி
budget;Noun;B2;பட்ஜெட்
build;Verb;A1;உருவாக்க
building;Noun;A1;கட்டிடம்
bullet;Noun;B2;புல்லட்
bunch;Noun;B2;கொத்து
burn;Verb Noun;A2, B2;எரிக்க
bury;Verb;B1;அடக்கம்
bus;Noun;A1;பேருந்து
bush;Noun;B2;புஷ்
business;Noun;A1;வணிக
businessman;Noun;A2;தொழிலதிபர்
busy;Adjective;A1;பரபரப்பு
but;conj. prep;A1, B2;ஆனாலும்
butter;Noun;A1;வெண்ணெய்
button;Noun;A2;பொத்தானை
buy;Verb;A1;வாங்க
by;prep. Adverb;A1, B1;மூலம்
bye;exclam;A1;வருகிறேன்
cable;Noun;B2;கேபிள்
cafe;Noun;A1;கஃபே
cake;Noun;A1;கேக்
calculate;Verb;B2;கணிப்பது
call;Verb Noun;A1;அழைப்பு
calm;Adjective Verb Noun;B1;அமைதியாக
camera;Noun;A1;புகைப்பட கருவி
camp;Noun Verb;A2;முகாம்
campaign;Noun Verb;B1;பிரச்சாரம்
camping;Noun;A2;முகாம்
campus;Noun;B1;வளாகத்தில்
can1;modal Verb;A1;can1
can2;Noun;A2;can2
cancel;Verb;B2;ரத்து
cancer;Noun;B2;புற்றுநோய்
candidate;Noun;B1;வேட்பாளர்
cannot;Verb;A1;முடியாது
cap;Noun;B1;தொப்பி
capable;Adjective;B2;திறன்
capacity;Noun;B2;திறன்
capital;Noun Adjective;A1;தலைநகர்
captain;Noun;B1;கேப்டன்
capture;Verb Noun;B2;பிடிப்பு
car;Noun;A1;கார்
card;Noun;A1;அட்டை
care;Noun Verb;A2;பராமரிப்பு
career;Noun;A1;வாழ்க்கை
careful;Adjective;A2;கவனமாக
carefully;Adverb;A2;கவனமாக
careless;Adjective;B1;கவனக்குறைவான
carpet;Noun;A2;கம்பளம்
carrot;Noun;A1;கேரட்
carry;Verb;A1;கேரி
cartoon;Noun;A2;கார்ட்டூன்
case;Noun;A2;வழக்கு
cash;Noun;A2;பணம்
cast;Noun Verb;B2;நடிகர்கள்
castle;Noun;A2;கோட்டைக்கு
cat;Noun;A1;பூனை
catch;Verb Noun;A2, B2;பிடி
category;Noun;B1;வகை
cause;Noun Verb;A2;காரணம்
CD;Noun;A1;குறுவட்டு
ceiling;Noun;B1;உச்சவரம்பு
celebrate;Verb;A2;கொண்டாட
celebration;Noun;B1;கொண்டாட்டம்
celebrity;Noun;A2;பிரபல
cell;Noun;B2;செல்
cent;Noun;A1;சதவீதம்
central;Adjective;B1;மத்திய
centre;Noun Verb;A1, B1;சென்டர்
century;Noun;A1;நூற்றாண்டு
ceremony;Noun;B1;விழா
certain;Adjective;A2;சில
certainly;Adverb;A2;நிச்சயமாக
chain;Noun Verb;B1, B2;சங்கிலி
chair;Noun Verb;A1, B2;நாற்காலி
chairman;Noun;B2;தலைவர்
challenge;Noun Verb;B1, B2;சவால்
champion;Noun;B1;சாம்பியன்
chance;Noun;A2;வாய்ப்பு
change;Verb Noun;A1;மாற்றம்
channel;Noun;B1;சேனல்
chapter;Noun;B1;அத்தியாயம்
character;Noun;A2;பாத்திரம்
characteristic;Noun Adjective;B2;பண்பு
charge;Noun Verb;B1;கட்டணம்
charity;Noun;A2;தொண்டு
chart;Noun Verb;A1, B2;விளக்கப்படம்
chat;Verb Noun;A2;அரட்டை
cheap;Adjective , Adverb;A1, B1;மலிவான
cheat;Verb Noun;B1;ஏமாற்ற
check;Verb Noun;A1, A2;காசோலை
chef;Noun;A2;சமையல்காரர்
cheerful;Adjective;B1;மகிழ்ச்சியான
cheese;Noun;A1;பாலாடைக்கட்டி
chemical;Adjective, Noun;B1;இரசாயன
chemistry;Noun;A2;வேதியியல்
chest;Noun;B1;மார்பு
chicken;Noun;A1;கோழி
chief;Adjective, Noun;B2;தலைமை
child;Noun;A1;குழந்தை
childhood;Noun;B1;குழந்தை பருவத்தில்
chip;Noun;A2;சிப்
chocolate;Noun;A1;சாக்லேட்
choice;Noun;A2;தேர்வு
choose;Verb;A1;தேர்வு
church;Noun;A2;தேவாலயத்தில்
cigarette;Noun;A2;சிகரெட்
cinema;Noun;A1;சினிமா
circle;Noun Verb;A2;வட்டம்
circumstance;Noun;B2;சூழ்நிலையிலும்
cite;Verb;B2;மேற்கோள்
citizen;Noun;B2;குடிமகன்
city;Noun;A1;நகரம்
civil;Adjective;B2;சிவில்
claim;Verb Noun;B1;கூற்றை
class;Noun;A1;வர்க்கம்
classic;Adjective, Noun;B2;செந்தரம்
classical;Adjective;A2;பாரம்பரிய
classroom;Noun;A1;வகுப்பறை
clause;Noun;B1;உட்கூறு
clean;Adjective, Verb;A1;சுத்தமான
clear;Adjective, Verb;A2, B1;தெளிவான
clearly;Adverb;A2;தெளிவாக
clever;Adjective;A2;புத்திசாலி
click;Verb Noun;B1;கிளிக்
client;Noun;B1;வாடிக்கையாளர்
climate;Noun;A2;காலநிலை
climb;Verb Noun;A1, B1;ஏற
clock;Noun;A1;கடிகாரம்
close1;Verb Noun;A1, B2;close1
close2;Adjective , Adverb;A2, B1;close2
closed;Adjective;A2;மூடிய
closely;Adverb;B2;நெருக்கமாக
cloth;Noun;B1;துணி
clothes;Noun;A1;ஆடைகள்
clothing;Noun;A2;ஆடை
cloud;Noun;A2;மேகம்
club;Noun;A1;சங்கம்
clue;Noun;B1;துப்பு
coach;Noun Verb;A2, B1;பயிற்சியாளர்
coal;Noun;B1;நிலக்கரி
coast;Noun;A2;கடற்கரையில்
coat;Noun;A1;கோட்
code;Noun;A2;குறியீடு
coffee;Noun;A1;கொட்டைவடி நீர்
coin;Noun;B1;நாணயம்
cold;Adjective Noun;A1;குளிர்
collapse;Verb Noun;B2;சரிவு
colleague;Noun;A2;சக
collect;Verb;A2;திரட்டுதல்
collection;Noun;B1;சேகரிப்பு
college;Noun;A1;கல்லூரி
colour;Noun;A1;நிறம்
coloured;Adjective;B1;வண்ண
column;Noun;A2;பத்தியில்
combination;Noun;B2;சேர்க்கையை
combine;Verb;B1;இணைக்க
come;Verb;A1;வந்து
comedy;Noun;A2;நகைச்சுவை
comfort;Noun Verb;B2;ஆறுதல்
comfortable;Adjective;A2;வசதியாக
command;Noun Verb;B2;கட்டளை
comment;Noun Verb;A2, B1;கருத்து
commercial;Adjective Noun;B1;வணிக
commission;Noun Verb;B2;தரகு
commit;Verb;B1;செய்து
commitment;Noun;B2;அர்ப்பணிப்பு
committee;Noun;B2;குழு
common;Adjective Noun;A1;பொதுவான
commonly;Adverb;B2;பொதுவாக
communicate;Verb;A2;தொடர்பு
communication;Noun;B1;தொடர்பு
community;Noun;A2;சமூக
company;Noun;A1;நிறுவனம்
compare;Verb;A1;ஒப்பிட்டு
comparison;Noun;B1;ஒப்பீடு
compete;Verb;A2;போட்டியிட
competition;Noun;A2;போட்டி
competitor;Noun;B1;போட்டியாளர்
competitive;Adjective;B1;போட்டி
complain;Verb;A2;புகார்
complaint;Noun;B1;புகார்
complete;Adjective Verb;A1;முழுமை
completely;Adverb;A2;முற்றிலும்
complex;Adjective, Noun;B1, B2;சிக்கலான
complicated;Adjective;B2;சிக்கலாக
component;Noun;B2;கூறு
computer;Noun;A1;கணினி
concentrate;Verb;B1;செறிவுகள்
concentration;Noun;B2;செறிவு
concept;Noun;B2;கருத்து
concern;Noun Verb;B2;அக்கறை
concerned;Adjective;B2;சம்பந்தப்பட்ட
concert;Noun;A1;கச்சேரி
conclude;Verb;B1;முடிவுக்கு
conclusion;Noun;B1;முடிவுரை
condition;Noun;A2;நிலை
conduct;Verb Noun;B2;நடத்தை
conference;Noun;A2;மாநாட்டில்
confidence;Noun;B2;நம்பிக்கை
confident;Adjective;B1;நம்பிக்கை
confirm;Verb;B1;உறுதிசெய்
conflict;Noun Verb;B2;மோதல்
confuse;Verb;B1;குழப்ப
confused;Adjective;B1;குழப்பமான
confusing;Adjective;B2;குழப்பமான
connect;Verb;A2;இணைப்பு
connected;Adjective;A2;இணைக்கப்பட்ட
connection;Noun;B1;இணைப்பு
conscious;Adjective;B2;உணர்வு
consequence;Noun;B1;விளைவு
conservative;Adjective, Noun;B2;பழமைவாத
consider;Verb;A2;கருத்தில்
consideration;Noun;B2;கருத்தில்
consist;Verb;B1;கொண்டிருக்கும்
consistent;Adjective;B2;சீரான
constant;Adjective;B2;நிலையான
constantly;Adverb;B2;தொடர்ந்து
construct;Verb;B2;கட்டமைப்பாக
construction;Noun;B2;கட்டுமான
consume;Verb;B1;நுகர்வு
consumer;Noun;B1;நுகர்வோர்
contact;Noun Verb;B1;தொடர்பு
contain;Verb;A2;கொண்டிருக்கும்
container;Noun;B1;கொள்கலன்
contemporary;Adjective;B2;சமகால
content;Noun;B1;உள்ளடக்கம்
contest;Noun Verb;B2;போட்டியில்
context;Noun;A2;சூழல்
continent;Noun;A2;கண்டம்
continue;Verb;A2;தொடர்ந்து
continuous;Adjective;B1;தொடர்ச்சியான
contract;Noun Verb;B2;ஒப்பந்த
contrast;Noun Verb;B1;மாறாக
contribute;Verb;B2;பங்களிக்க
contribution;Noun;B2;பங்களிப்பு
control;Noun Verb;A2;கட்டுப்பாடு
convenient;Adjective;B1;வசதியான
conversation;Noun;A1;உரையாடல்
convert;Verb;B2;மாறியவன்
convince;Verb;B1;சமாதானப்படுத்த
convinced;Adjective;B2;சமாதானப்படுத்தினார்
cook;Verb Noun;A1, A2;சமையல்காரர்
cooker;Noun;A2;குக்கர்
cooking;Noun;A1;சமையல்
cool;Adjective, Verb;A1, B1;குளிர்
copy;Noun Verb;A2;பிரதியை
core;Noun Adjective;B2;கோர்
corner;Noun;A2;மூலையில்
corporate;Adjective;B2;பெருநிறுவன
correct;Adjective Verb;A1;சரி
correctly;Adverb;A2;சரியாக
cost;Noun Verb;A1;கட்டண
costume;Noun;B1;உடையில்
cottage;Noun;B1;குடிசை
cotton;Noun;B1;பருத்தி
could;Verb;A1;முடிந்த
council;Noun;B2;சபை
count;Verb Noun;A2, B1;எண்ண
country;Noun;A1;நாட்டின்
countryside;Noun;B1;கிராமப்புறங்களில்
county;Noun;B2;கவுண்டி
couple;Noun;A2;ஜோடி
courage;Noun;B2;தைரியம்
course;Noun;A1;நிச்சயமாக
court;Noun;B1;நீதிமன்றம்
cousin;Noun;A1;உறவினர்
cover;Verb Noun;A2, B1;கவர்
covered;Adjective;B1;மூடப்பட்ட
cow;Noun;A1;மாடு
crash;Noun Verb;B2;விபத்தில்
crazy;Adjective;A2;பைத்தியம்
cream;Noun Adjective;A1, B1;கிரீம்
create;Verb;A1;உருவாக்க
creation;Noun;B2;உருவாக்கம்
creative;Adjective;A2;படைப்பு
creature;Noun;B2;உயிரினம்
credit;Noun Verb;A2, B2;கடன்
crew;Noun;B2;குழுவினர்
crime;Noun;A2;குற்றம்
criminal;Noun Adjective;A2, B1;குற்றவியல்
crisis;Noun;B2;நெருக்கடி
criterion;Noun;B2;அளவுகோல்
critic;Noun;B2;விமர்சகர்
critical;Adjective;B2;விமர்சன
criticism;Noun;B2;திறனாய்வு
criticize;Verb;B2;விமர்சிக்கத்
crop;Noun;B2;பயிர்
cross;Verb Noun;A2;குறுக்கு
crowd;Noun;A2;கூட்டத்தில்
crowded;Adjective;A2;கூட்டமாக
crucial;Adjective;B2;முக்கியமான
cruel;Adjective;B1;கொடூரமான
cry;Verb Noun;A2, B2;கலங்குவது
cultural;Adjective;B1;கலாச்சார
culture;Noun;A1;கலாச்சாரம்
cup;Noun;A1;கோப்பை
cupboard;Noun;A2;அலமாரியில்
cure;Verb Noun;B2;சிகிச்சை
curly;Adjective;A2;சுருள்
currency;Noun;B1;நாணய
current;Adjective, Noun;B1, B2;தற்போதைய
currently;Adverb;B1;தற்போது
curtain;Noun;B1;திரை
curve;Noun Verb;B2;வளைவு
curved;Adjective;B2;வளைந்த
custom;Noun;B1;விருப்ப
customer;Noun;A1;வாடிக்கையாளர்
cut;Verb , Noun;A1, B1;வெட்டு
cycle;Noun Verb;A2, B1;மிதிவண்டி
dad;Noun;A1;அப்பா
daily;Adjective, Adverb;A2, B1;தினசரி
damage;Noun Verb;B1;சேதம்
dance;Noun Verb;A1;நடனம்
dancer;Noun;A1;நடனமாடுபவர்
dancing;Noun;A1;நடனம்
danger;Noun;A2;ஆபத்து
dangerous;Adjective;A1;ஆபத்தான
dark;Adjective, Noun;A1, A2;இருள்
data;Noun;A2;தகவல்கள்
date;Noun Verb;A1, B2;தேதி
daughter;Noun;A1;மகள்
day;Noun;A1;நாள்
dead;Adjective;A2;இறந்த
deal;Verb Noun;A2, B1;ஒப்பந்தம்
dear;Adjective, exclam;A1, A2;அன்பே
death;Noun;A2;இறப்பு
debate;Noun Verb;B2;விவாதம்
debt;Noun;B2;கடன்
decade;Noun;B1;தசாப்தத்தில்
December;Noun;A1;டிசம்பர்
decent;Adjective;B2;கண்ணியமான
decide;Verb;A1;முடிவு
decision;Noun;A2;முடிவு
declare;Verb;B2;அறிவிக்கிறோம்
decline;Verb Noun;B2;சரிவு
decorate;Verb;B1;அலங்கரிக்க
decoration;Noun;B2;அலங்காரம்
decrease;Verb Noun;B2;குறைவு
deep;Adjective, Adverb;A2, B1;ஆழமான
deeply;Adverb;B2;ஆழமாக
defeat;Verb Noun;B2;தோல்வியை
defence;Noun;B2;பாதுகாப்பு
defend;Verb;B2;பாதுகாக்க
define;Verb;B1;வரையறு
definite;Adjective;B1;திட்டவட்டமான
definitely;Adverb;A2;நிச்சயமாக
definition;Noun;B1;வரையறை
degree;Noun;A2;பட்டம்
delay;Verb Noun;B2;தாமதம்
deliberate;Adjective;B2;வேண்டுமென்றே
deliberately;Adverb;B2;வேண்டுமென்றே
delicious;Adjective;A1;ருசியான
delight;Verb Noun;B2;மகிழ்ச்சி
delighted;Adjective;B2;மகிழ்ச்சியடைகின்றது
deliver;Verb;B1;வழங்க
delivery;Noun;B2;விநியோக
demand;Noun Verb;B2;தேவை
demonstrate;Verb;B2;நிரூபிக்க
dentist;Noun;A2;பல்
deny;Verb;B2;மறுக்க
department;Noun;A2;துறை
departure;Noun;B1;புறப்படும்
depend;Verb;A2;சார்ந்தது
depressed;Adjective;B2;மனச்சோர்வு
depressing;Adjective;B2;மனச்சோர்வை
depth;Noun;B2;ஆழம்
describe;Verb;A1;விவரிக்க
description;Noun;A1;விளக்கம்
desert;Noun Verb;A2, B2;பாலைவனத்தில்
deserve;Verb;B2;தகுதி
design;Noun Verb;A1;வடிவமைப்பு
designer;Noun;A2;வடிவமைப்பாளர்
desire;Noun Verb;B2;ஆசை
desk;Noun;A1;மேசை
desperate;Adjective;B2;ஆற்றொணா
despite;prep;B1;போதிலும்
destination;Noun;B1;இலக்கு
destroy;Verb;A2;அழிக்க
detail;Noun Verb;A1, B2;விவரம்
detailed;Adjective;B2;விரிவாக
detect;Verb;B2;கண்டறிய
detective;Noun;A2;துப்பறியும்
determine;Verb;B1;தீர்மானிக்க
determined;Adjective;B1;உறுதி
develop;Verb;A2;உருவாக்க
development;Noun;B1;வளர்ச்சி
device;Noun;A2;சாதனம்
diagram;Noun;B1;வரைபடம்
dialogue;Noun;A1;உரையாடல்
diamond;Noun;B1;வைர
diary;Noun;A2;நாட்குறிப்பில்
dictionary;Noun;A1;அகராதி
die;Verb;A1;இறக்க
diet;Noun;A1;உணவில்
difference;Noun;A1;வேறுபாடு
different;Adjective;A1;வெவ்வேறு
differently;Adverb;A2;வித்தியாசமாக
difficult;Adjective;A1;கடினமான
difficulty;Noun;B1;சிரமம்
dig;Verb;B2;தோண்டுதல் பணி
digital;Adjective;A2;டிஜிட்டல்
dinner;Noun;A1;இரவு
direct;Adjective, Verb Adverb;A2, B1;நேரடி
direction;Noun;A2;திசையில்
directly;Adverb;B1;நேரடியாக
director;Noun;A2;இயக்குனர்
dirt;Noun;B1;அழுக்கு
dirty;Adjective;A1;அழுக்கு
Dis Adverbantage;Noun;B1;டிசீஸ் Adverbantage
disagree;Verb;A2;கருத்து வேறுபாடு
disappear;Verb;A2;மறைந்துவிடும்
disappointed;Adjective;B1;ஏமாற்றம்
disappointing;Adjective;B1;ஏமாற்றம்
disaster;Noun;A2;பேரழிவு
disc;Noun;B2;வட்டு
discipline;Noun;B2;ஒழுக்கம்
discount;Noun Verb;B1, B2;தள்ளுபடி
discover;Verb;A2;Discover
discovery;Noun;A2;கண்டுபிடிப்பு
discuss;Verb;A1;விவாதிக்க
discussion;Noun;A2;விவாதம்
disease;Noun;A2;நோய்
dish;Noun;A1;சிறு தட்டு
dishonest;Adjective;B2;நேர்மையற்ற
dislike;Verb Noun;B1;வெறுப்பு
dismiss;Verb;B2;பதவி நீக்கம்
display;Verb Noun;B2;காட்சி
distance;Noun;A2;தூரம்
distribute;Verb;B2;விநியோகிக்க
distribution;Noun;B2;விநியோகம்
district;Noun;B2;மாவட்டம்
divide;Verb Noun;B1, B2;பிரி
division;Noun;B2;பிரிவு
divorced;Adjective;A2;விவாகரத்து
do;Verb auxiliary verb;A1;செய்
doctor;Noun;A1;மருத்துவர்
document;Noun Verb;A2, B2;ஆவணம்
documentary;Noun;B1;ஆவணப்படம்
dog;Noun;A1;நாய்
dollar;Noun;A1;டாலர்
domestic;Adjective;B2;உள்நாட்டு
dominate;Verb;B2;ஆக்கிரமித்திருந்த
donate;Verb;B1;தானம்
door;Noun;A1;கதவை
double;Adjective det. proNoun Verb , Adverb;A2, B1;இரட்டை
doubt;Noun Verb;B1;சந்தேகம்
down;Adverb Prep;A1;கீழ்
download;Verb Noun;A2;பதிவிறக்க Tamil
downstairs;Adverb , Adjective;A1, A2;கீழ்ப்படிக்கட்டுகளுக்குச்
downwards;Adverb;B2;கீழ்நோக்கி
dozen;Noun det;B2;டஜன்
draft;Noun Verb;B2;வரைவு
drag;Verb;B2;இழுவை
drama;Noun;A2;நாடகம்
dramatic;Adjective;B2;வியத்தகு
draw;Verb;A1;வரை
drawing;Noun;A2;வரைதல்
dream;Noun Verb;A2;கனவு
dress;Noun Verb;A1;உடை
dressed;Adjective;B1;உடையணிந்து
drink;Noun Verb;A1;பானம்
drive;Verb Noun;A1, A2;இயக்கி
driver;Noun;A1;இயக்கி
driving;Noun;A2;ஓட்டுதல்
drop;Verb Noun;A2, B1;கைவிட
drug;Noun;A2;மருந்து
drum;Noun;B1;டிரம்
drunk;Adjective;B1;குடித்துவிட்டு
dry;Adjective, Verb;A2;உலர்ந்த
due;Adjective;B1;காரணமாக
during;prep;A1;போது
dust;Noun;B1;தூசி
duty;Noun;B1;கடமை
DVD;Noun;A1;டிவிடி
each;det./proNoun/Adverb;A1;ஒவ்வொரு
ear;Noun;A1;காது
early;Adjective Adverb;A1;ஆரம்ப
earn;Verb;A2;சம்பாதி
earth;Noun;A2;பூமியில்
earthquake;Noun;B1;பூகம்பம்
easily;Adverb;A2;எளிதாக
east;Noun Adjective Adverb;A1;கிழக்கு
eastern;Adjective;B1;கிழக்கு
easy;Adjective;A1;சுலபம்
eat;Verb;A1;சாப்பிட
economic;Adjective;B1;பொருளாதார
economy;Noun;B1;பொருளாதாரம்
edge;Noun;B1;விளிம்பில்
edit;Verb;B2;தொகு
edition;Noun;B2;பதிப்பு
editor;Noun;B1;ஆசிரியர்
educate;Verb;B1;கல்வி
educated;Adjective;B1;படித்த
education;Noun;A2;கல்வி
educational;Adjective;B1;கல்வி
effect;Noun;A2;விளைவு
effective;Adjective;B1;பயனுள்ள
effectively;Adverb;B1;திறம்பட
efficient;Adjective;B2;திறமையான
effort;Noun;B1;முயற்சி
egg;Noun;A1;முட்டை
eight;number;A1;எட்டு
eighteen;number;A1;பதினெட்டு
eighty;number;A1;எண்பது
either;det./proNoun Adverb;A2;ஒன்று
elderly;Adjective;B2;முதியோர்
elect;Verb;B2;தேர்வு
election;Noun;B1;தேர்தல்
electric;Adjective;A2;மின்சார
electrical;Adjective;A2;மின்
electricity;Noun;A2;மின்சாரம்
electronic;Adjective;A2;மின்னணு
element;Noun;B1;உறுப்பு
elephant;Noun;A1;யானை
eleven;number;A1;பதினொரு
else;Adverb;A1;வேறு
elsewhere;Adverb;B2;வேறு
email;Noun Verb;A1;மின்னஞ்சல்
embarrassed;Adjective;B1;சங்கடப்பட
embarrassing;Adjective;B1;இக்கட்டான
emerge;Verb;B2;வெளிப்பட
emergency;Noun;B1;அவசரம்
emotion;Noun;B1;உணர்ச்சி
emotional;Adjective;B2;உணர்ச்சி
emphasis;Noun;B2;வலியுறுத்தல்
emphasize;Verb;B2;வலியுறுத்த
employ;Verb;A2;பணியாளராக
employee;Noun;A2;ஊழியர்
employer;Noun;A2;முதலாளி
employment;Noun;B1;வேலை
empty;Adjective, Verb;A2, B1;காலியாக
enable;Verb;B2;செயல்படுத்த
encounter;Verb Noun;B2;என்கவுண்டர்
encourage;Verb;B1;ஊக்குவிக்க
end;Noun Verb;A1;இறுதியில்
ending;Noun;A2;முடிவு
enemy;Noun;B1;எதிரி
energy;Noun;A2;ஆற்றல்
engage;Verb;B2;ஈடுபட
engaged;Adjective;B1;ஈடுபட்டு
engine;Noun;A2;இயந்திரம்
engineer;Noun;A2;பொறியாளர்
engineering;Noun;B1;பொறியியல்
enhance;Verb;B2;அதிகரிக்க
enjoy;Verb;A1;அனுபவிக்க
enormous;Adjective;A2;மகத்தான
enough;det. proNoun Adverb;A1;போதும்
enquiry;Noun;B2;விசாரணை
ensure;Verb;B2;உறுதி
enter;Verb;A2;நுழைய
entertain;Verb;B1;பொழுதுபோக்குங்கள்
entertainment;Noun;B1;பொழுதுபோக்கு
enthusiasm;Noun;B2;உற்சாகம்
enthusiastic;Adjective;B2;ஆர்வத்துடன்
entire;Adjective;B2;முழு
entirely;Adverb;B2;முற்றிலும்
entrance;Noun;B1;நுழைவு
entry;Noun;B1;நுழைவு
environment;Noun;A2;சூழல்
environmental;Adjective;B1;சுற்றுச்சூழல்
episode;Noun;B1;அத்தியாயத்தில்
equal;Adjective, Verb Noun;B1, B2;சம
equally;Adverb;B1;சமமாக
equipment;Noun;A2;உபகரணங்கள்
error;Noun;A2;பிழை
escape;Verb Noun;B1;தப்பிக்க
especially;Adverb;A2;குறிப்பாக
essay;Noun;A2;கட்டுரை
essential;Adjective;B1;அத்தியாவசிய
establish;Verb;B2;நிறுவ
estate;Noun;B2;எஸ்டேட்
estimate;Verb Noun;B2;மதிப்பீடு
ethical;Adjective;B2;நெறிமுறை
euro;Noun;A1;யூரோ
evaluate;Verb;B2;மதிப்பீடு
even;AdVerb Adjective;A1, B2;கூட
evening;Noun;A1;சாயங்காலம்
event;Noun;A1;நிகழ்வு
eventually;Adverb;B1;இறுதியில்
ever;Adverb;A1;எப்போதும்
every;det;A1;ஒவ்வொரு
everybody;proNoun;A1;எல்லோருக்கும்
everyday;Adjective;A2;தினமும்
everyone;proNoun;A1;அனைவருக்கும்
everything;proNoun;A1;எல்லாம்
everywhere;Adverb;A2;எல்லா இடங்களிலும்
evidence;Noun;A2;ஆதாரங்கள்
evil;Adjective, Noun;B2;தீய
exact;Adjective;A2;சரியான
exactly;Adverb;A2;சரியாக
exam;Noun;A1;தேர்வில்
examination;Noun;B2;பரிசோதனை
examine;Verb;B1;ஆய்வு
example;Noun;A1;உதாரணமாக
excellent;Adjective;A2;சிறந்த
except;prep, conj;A2, B1;தவிர
exchange;Noun Verb;B1;பரிமாற்றம்
excited;Adjective;A1;உற்சாகமாக
excitement;Noun;B1;உற்சாகம்
exciting;Adjective;A1;உற்சாகமான
excuse;Noun Verb;B2;சாக்குப்போக்கு
executive;Noun Adjective;B2;நிர்வாகி
exercise;Noun Verb;A1;உடற்பயிற்சி
exhibition;Noun;B1;கண்காட்சி
exist;Verb;A2;இரண்டும் இருக்கக்
existence;Noun;B2;இருப்பு
expand;Verb;B1;விரிவாக்க
expect;Verb;A2;எதிர்பார்க்க
expectation;Noun;B2;எதிர்பார்ப்பு
expected;Adjective;B1;எதிர்பார்க்கப்படுகிறது
expedition;Noun;B1;பயணம்
expense;Noun;B2;இழப்பில்
expensive;Adjective;A1;விலையுயர்ந்த
experience;Noun Verb;A2, B1;அனுபவம்
experienced;Adjective;B1;அனுபவம்
experiment;Noun Verb;A2, B1;சோதனை
expert;Noun Adjective;A2;நிபுணர்
explain;Verb;A1;விளக்க
explanation;Noun;A2;விளக்கம்
explode;Verb;B1;வெடிக்க
exploration;Noun;B2;ஆய்வு
explore;Verb;B1;ஆராய
explosion;Noun;B1;வெடிப்பு
export;Noun Verb;B1;ஏற்றுமதி
expose;Verb;B2;அம்பலப்படுத்த
express;Verb;A2;எக்ஸ்பிரஸ்
expression;Noun;A2;வெளிப்பாடு
extend;Verb;B2;நீட்டிக்க
extent;Noun;B2;அளவிற்கு
external;Adjective;B2;வெளிப்புற
extra;Adjective, Noun Adverb;A1, B1;கூடுதல்
extraordinary;Adjective;B2;அசாதாரண
extreme;Adjective, Noun;A2, B2;தீவிர
extremely;Adverb;A2;மிகவும்
eye;Noun;A1;கண்
face;Noun Verb;A1, B1;முகம்
facility;Noun;B2;வசதி
fact;Noun;A1;உண்மையில்
factor;Noun;A2;காரணி
factory;Noun;A2;தொழிற்சாலை
fail;Verb;A2;ஃபெயில்
failure;Noun;B2;தோல்வி
fair;Adjective;A2;நியாயமான
fairly;Adverb;B1;மிகவும்
faith;Noun;B2;நம்பிக்கை
fall;Verb Noun;A1, A2;விழும்
FALSE;Adjective;A1;பொய்யா
familiar;Adjective;B1;பழக்கமான
family;Noun Adjective;A1;குடும்ப
famous;Adjective;A1;பிரபலமான
fan;Noun;A2;ரசிகர்
fancy;Verb Adjective;B1;ஆடம்பரமான
fantastic;Adjective;A1;அற்புதமான
far;Adverb , Adjective;A1, B1;இதுவரை
farm;Noun Verb;A1, A2;விவசாய
farmer;Noun;A1;உழவர்
farming;Noun;A2;பண்ணை
fascinating;Adjective;B1;கண்கவர்
fashion;Noun;A2;ஃபேஷன்
fashionable;Adjective;B1;நாகரீகமான
fast;Adjective, Adverb;A1;வேகமாக
fasten;Verb;B1;கட்டு
fat;Adjective, Noun;A1, A2;கொழுப்பு
father;Noun;A1;அப்பா
fault;Noun;B2;குற்றம்
favour;Noun Verb;B1, B2;ஆதரவாக
favourite;Adjective, Noun;A1;பிடித்த
fear;Noun Verb;A2, B1;பயம்
feather;Noun;B2;இறகு
feature;Noun Verb;A2, B1;அம்சம்
February;Noun;A1;பிப்ரவரி
fee;Noun;B2;கட்டணம்
feed;Verb Noun;A2, B2;ஊட்டம்
feedback;Noun;B2;பின்னூட்டம்
feel;Verb Noun;A1, B2;உணர
feeling;Noun;A1;உணர்வு
fellow;Adjective;B2;சக
female;Adjective, Noun;A2;பெண்
fence;Noun;B1;வேலி
festival;Noun;A1;திருவிழா
few;det./Adjective, proNoun;A1;சில
fiction;Noun;A2;கற்பனை
field;Noun;A2;துறையில்
fifteen;number;A1;பதினைந்து
fifth;number;A1;ஐந்தாவது
fifty;number;A1;ஐம்பது
fight;Verb Noun;A2;சண்டை
fighting;Noun;B1;சண்டை
figure;Noun Verb;A2, B2;எண்ணிக்கை
file;Noun Verb;B1, B2;கோப்பு
fill;Verb;A1;நிரப்பு
film;Noun Verb;A1, A2;படம்
final;Adjective, Noun;A1, A2;இறுதி
finally;Adverb;A2;இறுதியாக
finance;Noun Verb;B2;நிதி
financial;Adjective;B1;நிதி
find;Verb;A1;கண்டுபிடிக்க
finding;Noun;B2;கண்டுபிடிப்பு
fine;Adjective;A1;நன்றாக
finger;Noun;A2;விரல்
finish;Verb Noun;A1, A2;பூச்சு
fire;Noun Verb;A1, B1;தீ
firm;Noun;B2;நிறுவனம்
first;det./number.AdVerb Noun;A1, A2;முதல்
firstly;Adverb;A2;முதலில்
fish;Noun Verb;A1, A2;மீன்
fishing;Noun;A2;மீன்பிடி
fit;Verb Adjective;A2;பொருத்தம்
fitness;Noun;B1;உடற்பயிற்சி
five;number;A1;ஐந்து
fix;Verb Noun;A2, B2;திருத்தம்
fixed;Adjective;B1;நிலையான
flag;Noun;B1;கொடியை
flame;Noun;B2;சுடர்
flash;Noun Verb;B2;ஃபிளாஷ்
flat;Noun Adjective;A1, A2;பிளாட்
flexible;Adjective;B2;நெகிழ்வான
flight;Noun;A1;விமான
float;Verb;B2;மிதவை
flood;Noun Verb;B1;வெள்ளம்
floor;Noun;A1;தரை
flour;Noun;B1;மாவு
flow;Verb Noun;B1;ஓட்டம்
flower;Noun;A1;பூ
flu;Noun;A2;காய்ச்சல்
fly;Verb Noun;A1, A2;ஈ
flying;Noun Adjective;A2;பறக்கும்
focus;Verb Noun;A2;கவனம்
fold;Verb Noun;B1, B2;மடிய
folding;Adjective;B2;மடிப்பு
folk;Noun Adjective;B1;நாட்டுப்புற
follow;Verb;A1;பின்பற்ற
following;Adjective, Noun prep;A2, B1, B2;பின்வரும்
food;Noun;A1;உணவு
foot;Noun;A1;கால்
football;Noun;A1;கால்பந்து
for;prep.;A1;ஐந்து
force;NounVerb;B1;படை
foreign;Adjective;A2;வெளிநாட்டு
forest;Noun;A2;காட்டில்
forever;Adverb;B1;என்றென்றும்
forget;Verb;A1;மறக்க
forgive;Verb;B2;மன்னிக்க
fork;Noun;A2;முள் கரண்டி
form;NounVerb;A1;வடிவம்
formal;Adjective;A2;முறையான
former;Adjective;B2;முன்னாள்
fortunately;Adverb;A2;அதிர்ஷ்டவசமாக
fortune;Noun;B2;அதிர்ஷ்டம்
forty;number;A1;நாற்பது
forward;AdVerb Adjective;A2, B2;முன்னோக்கி
found;Verb;B2;கண்டறியப்பட்டது
four;number;A1;நான்கு
fourteen;number;A1;பதினான்கு
fourth;number;A1;நான்காவது
frame;NounVerb;B1;சட்ட
free;Adjective, AdVerb Verb;A1,A2,B2;இலவச
freedom;Noun;B2;சுதந்திரம்
freeze;Verb;B1;உறைய
frequency;Noun;B2;அதிர்வெண்
frequently;Adverb;B1;அடிக்கடி
fresh;Adjective;A2;புதிய
Friday;Noun;A1;வெள்ளி
fridge;Noun;A2;குளிர்சாதன பெட்டியில்
friend;Noun;A1;நண்பர்
friendly;Adjective;A1;நட்பாக
friendship;Noun;B1;நட்பு
frighten;Verb;B1;மிரளச்
frightened;Adjective;B1;பயந்து
frightening;Adjective;B1;அச்சுறுத்தலான
frog;Noun;A2;தவளை
from;prep;A1;இருந்து
front;Noun Adjective;A1;முன்
frozen;Adjective;B1;உறைந்த
fruit;Noun;A1;பழம்
fry;Verb;B1;வறுக்கவும்
fuel;Noun Verb;B1, B2;எரிபொருள்
full;Adjective;A1;முழு
fully;Adverb;B2;முழுமையாக
fun;Noun Adjective;A1, A2;வேடிக்கை
function;Noun Verb;B1, B2;செயல்பாடு
fund;Noun Verb;B2;நிதி
fundamental;Adjective;B2;அடிப்படை
funding;Noun;B2;நிதி
funny;Adjective;A1;வேடிக்கையான
fur;Noun;B1;ஃபர்
furniture;Noun;A2;மரச்சாமான்களை
further;Adjective, Adverb;A2, B1;மேலும்
furthermore;Adverb;B2;மேலும்
future;Noun Adjective;A1, A2;எதிர்கால
gain;Verb Noun;B2;ஆதாயம்
gallery;Noun;A2;கேலரி
game;Noun;A1;விளையாட்டு
gang;Noun;B2;கும்பல்
gap;Noun;A2;இடைவெளி
garage;Noun;B1;கேரேஜ்
garden;Noun;A1;தோட்டத்தில்
gas;Noun;A2;எரிவாயு
gate;Noun;A2;வாயில்
gather;Verb;B1;சேகரிக்க
general;Adjective;A2;பொது
generally;Adverb;B1;பொதுவாக
generate;Verb;B2;உருவாக்க
generation;Noun;B1;தலைமுறை
generous;Adjective;B1;தாராள
genre;Noun;B2;வகையின்
gentle;Adjective;B1;மென்மையான
gentleman;Noun;B1;நற்பண்புகள் கொண்டவர்
geography;Noun;A1;நிலவியல்
get;Verb;A1;பெறு
ghost;Noun;B1;பேய்
giant;Adjective, Noun;B1;மாபெரும்
gift;Noun;A2;பரிசு
girl;Noun;A1;பெண்
girlfriend;Noun;A1;காதலி
give;Verb;A1;கொடுக்க
glad;Adjective;B1;மகிழ்ச்சி
glass;Noun;A1;கண்ணாடி
global;Adjective;B1;உலக
glove;Noun;B1;கையுறை
go;Verb Noun;A1, B1;போ
goal;Noun;A2;இலக்கு
God;Noun;A2;இறைவன்
gold;Noun Adjective;A2;தங்கம்
golf;Noun;A2;கோல்ப்
good;Adjective, Noun;A1, A2;நல்ல
goodbye;exclam. Noun;A1;பிரியாவிடை
goods;Noun;B1;பொருட்கள்
govern;Verb;B2;ஆட்சி
government;Noun;A2;அரசாங்கம்
grab;Verb;B2;கிராப்
grade;Noun Verb;B1, B2;தர
gradually;Adverb;B2;படிப்படியாக
graduate;Noun Verb;B1;பட்டதாரி
grain;Noun;B1;தானிய
grand;Adjective;B2;மாபெரும்
grandfather;Noun;A1;தாத்தா
grandmother;Noun;A1;பாட்டி
grandparent;Noun;A1;தாத்தா பாட்டி
grant;Verb Noun;B2;கிராண்ட்
grass;Noun;A2;புல்
grateful;Adjective;B1;நன்றியுடன்
great;Adjective;A1;நன்று
green;Adjective, Noun;A1;பச்சை
greet;Verb;A2;வாழ்த்த
grey;Adjective, Noun;A1;சாம்பல்
ground;Noun;A2;தரையில்
group;Noun;A1;குழு
grow;Verb;A1;வளர
growth;Noun;B1;வளர்ச்சி
guarantee;Verb Noun;B2;உத்தரவாதம்
guard;Noun Verb;B1;பாதுகாப்பு
guess;Verb Noun;A1;யூகிக்க
guest;Noun;A2;விருந்தினர்
guide;Noun Verb;A2;வழிகாட்டி
guilty;Adjective;B1;குற்ற உணர்வு
guitar;Noun;A1;கிட்டார்
gun;Noun;A2;துப்பாக்கி
guy;Noun;A2;பையன்
gym;Noun;A1;உடற்பயிற்சி
habit;Noun;A2;பழக்கம்
hair;Noun;A1;முடி
half;Noundet.proNoun, Adverb;A1, A2;அரை
hall;Noun;A2;மண்டபம்
hand;Noun Verb;A1, B1;கை
handle;Verb Noun;B2;கைப்பிடி
hang;Verb;B1;செயலிழப்பு
happen;Verb;A1;நடக்கும்
happily;Adverb;A2;மகிழ்ச்சியுடன்
happiness;Noun;B1;மகிழ்ச்சி
happy;Adjective;A1;சந்தோஷமாக
hard;Adjective, Adverb;A1;கடின
hardly;Adverb;B1;அரிதாகத்தான்
harm;Noun Verb;B2;தீங்கு
harmful;Adjective;B2;தீங்கு
hat;Noun;A1;தொப்பி
hate;Verb Noun;A1, B1;வெறுப்பு
have;Verb auxiliary Verb;A1, A2;வேண்டும்
have to modal;Verb;A1;வேண்டும் மாதிரி
he;proNoun;A1;அவர்
head;Noun Verb;A1, B1;தலை
headache;Noun;A2;தலைவலி
headline;Noun;B1;தலைப்பு
health;Noun;A1;சுகாதார
healthy;Adjective;A1;ஆரோக்கியமான
hear;Verb;A1;கேள்
hearing;Noun;B2;விசாரணை
heart;Noun;A2;இதயம்
heat;Noun Verb;A2;வெப்பம்
heating;Noun;B1;வெப்பமூட்டும்
heaven;Noun;B2;சொர்க்கம்
heavily;Adverb;B1;பெரிதும்
heavy;Adjective;A2;கனரக
heel;Noun;B2;ஹீல்
height;Noun;A2;உயரம்
helicopter;Noun;B1;ஹெலிகாப்டர்
hell;Noun;B2;நரகம்
hello;exclam./Noun;A1;வணக்கம்
help;Verb Noun;A1;உதவி
helpful;Adjective;A2;பயனுள்ளதாக
her;proNoundet;A1;அவளை
here;Adverb;A1;இங்கே
hero;Noun;A2;ஹீரோ
hers;proNoun;A2;அவளுடையது
herself;proNoun;A2;தன்னை
hesitate;Verb;B2;தயங்க
hey;exclam;A1;ஏய்
hi;exclam;A1;வணக்கம்
hide;Verb;A2;மறை
high;Adjective, AdVerb Noun;A1, A2, B2;உயர்
highlight;Verb Noun;B1;முன்னிலைப்படுத்த
highly;Adverb;B1;மிகவும்
hill;Noun;A2;மலை
him;proNoun;A1;அவரை
himself;proNoun;A2;தன்னை
hire;Verb Noun;B1, B2;வாடகை
his;det. proNoun;A1, A2;அவரது
historic;Adjective;B1;வரலாற்று
historical;Adjective;B1;வரலாற்று
history;Noun;A1;வரலாறு
hit;Verb Noun;A2;வெற்றி
hobby;Noun;A1;பொழுதுபோக்கு
hockey;Noun;A2;ஹாக்கி
hold;Verb Noun;A2, B2;பிடி
hole;Noun;A2;துளை
holiday;Noun;A1;விடுமுறை
hollow;Adjective;B2;வெற்று
holy;Adjective;B2;பரிசுத்த
home;Noun AdVerb Adjective;A1, A2;வீடு
homework;Noun;A1;வீட்டு பாடம்
honest;Adjective;B1;நேர்மையான
honour;Noun Verb;B2;மரியாதை
hope;Verb Noun;A1, A2;நம்பிக்கை
horrible;Adjective;B1;பயங்கரமான
horror;Noun;B1;திகில்
horse;Noun;A1;குதிரை
hospital;Noun;A1;மருத்துவமனை
host;Noun Verb;B1, B2;தொகுப்பாளர்
hot;Adjective;A1;சூடான
hotel;Noun;A1;விடுதி
hour;Noun;A1;மணி
house;Noun Verb;A1, B2;வீட்டில்
household;Noun;B2;வீட்டு
housing;Noun;B2;வீடுகள்
how;Adverb;A1;எப்படி
however;Adverb;A1;எனினும்
huge;Adjective;A2;பெரிய
human;Adjective, Noun;A2;மனிதன்
humorous;Adjective;B2;நகைச்சுவையான
humour;Noun;B2;நகைச்சுவை
hundred;number;A1;நூறு
hungry;Adjective;A1;பசி
hunt;Verb Noun;B1, B2;வேட்டை
hunting;Noun;B2;வேட்டையாடுதல்
hurricane;Noun;B1;சூறாவளி
hurry;Noun Verb;B1;அவசரம்
hurt;Verb Adjective Noun;A2, B2;காயம்
husband;Noun;A1;கணவர்
I;proNoun;A1;நான்
ice;Noun;A1;பனி
ice cream;Noun;A1;பனிக்கூழ்
idea;Noun;A1;யோசனை
ideal;Adjective , Noun;A2, B2;ஏற்றதாக
identify;Verb;A2;அடையாளம்
identity;Noun;B1;அடையாளம்
if;conj.;A1;என்றால்
ignore;Verb;B1;புறக்கணிக்க
ill;Adjective;A2;தவறான
illegal;Adjective;B1;சட்டவிரோத
illness;Noun;A2;உடல் நலமின்மை
illustrate;Verb;B2;விளக்குவதற்கு
illustration;Noun;B2;விளக்கம்
image;Noun;A2;படத்தை
imaginary;Adjective;B1;கற்பனை
imagination;Noun;B2;கற்பனை
imagine;Verb;A1;கற்பனை
immediate;Adjective;B1;உடனடியாக
immediately;Adverb;A2;உடனடியாக
immigrant;Noun;B1;குடியேற்ற
impact;Noun Verb;B1;தாக்கம்
impatient;Adjective;B2;பொறுமை
imply;Verb;B2;வெளிப்படுத்தாது
import;Noun Verb;B1;இறக்குமதி
importance;Noun;B1;முக்கியத்துவம்
important;Adjective;A1;முக்கியமான
impose;Verb;B2;திணிக்க
impossible;Adjective;A2;சாத்தியமற்றது
impress;Verb;B2;ஊழியரும்
impressed;Adjective;B2;ஈர்க்கப்பட்டார்
impression;Noun;B1;உணர்வை
impressive;Adjective;B1;ஈர்க்கக்கூடிய
improve;Verb;A1;மேம்படுத்த
improvement;Noun;B1;முன்னேற்றம்
in;prep., Adverb;A1;இல்
inch;Noun;B2;அங்குலம்
incident;Noun;B2;சம்பவம்
include;Verb;A1;சேர்க்கிறது
included;Adjective;A2;சேர்க்கப்பட்டுள்ளது
including;prep.;A2;உட்பட
income;Noun;B2;வருமானம்
increase;Verb Noun;A2;அதிகரி
increasingly;Adverb;B2;பெருகிய
incredible;Adjective;A2;நம்பமுடியாத
incredibly;Adverb;B1;நம்பமுடியாத
indeed;Adverb;B1;உண்மையில்
independent;Adjective;A2;சுயாதீன
indicate;Verb;B1;குறிப்பிடுகின்றன
indirect;Adjective;B1;மறைமுக
individual;Noun, adj;A2;தனிப்பட்ட
indoor;Adjective;B1;உட்புற
indoors;Adverb;B1;உட்புறங்களில்
industrial;Adjective;B2;தொழில்துறை
industry;Noun;A2;தொழில்
infection;Noun;B2;தொற்று
influence;NounVerb;B1;செல்வாக்கு
inform;Verb;B2;தெரிவிக்க
informal;Adjective;A2;முறைசாரா
information;Noun;A1;தகவல்
ingredient;Noun;B1;மூலப்பொருள்
initial;Adjective;B2;ஆரம்ப
initially;Adverb;B2;ஆரம்பத்தில்
initiative;Noun;B2;முயற்சி
injure;Verb;B1;காயப்படுத்தும்
injured;Adjective;B1;காயமடைந்த
injury;Noun;A2;காயம்
inner;Adjective;B2;உள்
innocent;Adjective;B1;அப்பாவி
insect;Noun;A2;பூச்சி
inside;prep.Adverb Noun Adjective;A2;உள்ளே
insight;Noun;B2;நுண்ணறிவால்
insist;Verb;B2;வலியுறுத்துகின்றனர்
inspire;Verb;B2;இன்ஸ்பயர்
install;Verb;B2;நிறுவு
instance;Noun;B2;உதாரணமாக
instead;Adverb;A2;பதிலாக
institute;Noun;B2;நிறுவனம்
institution;Noun;B2;நிறுவனம்
instruction;Noun;A2;அறிவுறுத்தல்
instructor;Noun;A2;பயிற்றுவிப்பாளராக
instrument;Noun;A2;கருவி
insurance;Noun;B2;காப்பீடு
intelligence;Noun;B1;உளவுத்துறை
intelligent;Adjective;A2;புத்திசாலி
intend;Verb;B1;திட்டமிட்டுள்ளீர்கள்
intended;Adjective;B2;நோக்கம்
intense;Adjective;B2;தீவிர
intention;Noun;B1;எண்ணம்
interest;Noun Verb;A1;ஆர்வம்
interested;Adjective;A1;ஆர்வம்
interesting;Adjective;A1;சுவாரஸ்யமான
internal;Adjective;B2;உள்
international;Adjective;A2;சர்வதேச
internet;Noun;A1;இணையதளம்
interpret;Verb;B2;விளக்குவது
interrupt;Verb;B2;குறுக்கீட்டு
interview;Noun Verb;A1;பேட்டியில்
into;prep.;A1;ஒரு
introduce;Verb;A1;அறிமுகப்படுத்த
introduction;Noun;A2;அறிமுகம்
invent;Verb;A2;கண்டுபிடித்தல்
invention;Noun;A2;கண்டுபிடிப்பு
invest;Verb;B1;Invest
investigate;Verb;B1;விசாரணை
investigation;Noun;B2;விசாரணை
investment;Noun;B2;முதலீட்டு
invitation;Noun;A2;அழைப்பை
invite;Verb;A2;அழைக்க
involve;Verb;A2;ஈடுபடு
involved;Adjective;B1;ஈடுபாடு
iron;Noun Verb;B1;இரும்பு
island;Noun;A1;தீவின்
issue;Noun, Verb;B1, B2;பிரச்சினை
IT;Noun;B1;ஐ.டி
it;proNoun;A1;அது
item;Noun;A2;உருப்படியை
its;det.;A1;அதன்
itself;proNoun;A2;தன்னை
jacket;Noun;A1;ஜாக்கெட்
jam;Noun;A2;ஜாம்
January;Noun;A1;ஜனவரி
jazz;Noun;A2;ஜாஸ்
jeans;Noun;A1;ஜீன்ஸ்
jewellery;Noun;A2;அணிகலன்கள்
job;Noun;A1;வேலை
join;Verb;A1;சேர
joke;Noun Verb;A2;ஜோக்
journal;Noun;B1;பத்திரிகை
journalist;Noun;A2;பத்திரிகையாளர்
journey;Noun;A1;பயணம்
joy;Noun;B2;மகிழ்ச்சி
judge;Noun Verb;B1;நீதிபதி
judgement;Noun;B2;தீர்ப்பு
juice;Noun;A1;சாறு
July;Noun;A1;ஜூலை
jump;Verb Noun;A2;ஜம்ப்
June;Noun;A1;ஜூன்
junior;Adjective;B2;இளைய
just;Adverb;A1;வெறும்
justice;Noun;B2;நீதி
justify;Verb;B2;நியாயப்படுத்துவதற்கு
keen;Adjective;B1;முனைப்புடன்
keep;Verb;A1;வை
key;Noun, Adjective Verb;A1, B1;முக்கிய
keyboard;Noun;B1;விசைப்பலகை
kick;Verb Noun;B1;கிக்
kid;Noun;A2;குழந்தை
kill;Verb;A2;கொலை
killing;Noun;B1;கொலை
kilometre;Noun;A1;கிலோமீட்டர்
kind(type);Noun;A1;வகையான (வகை)
kind(caring);Adjective;B1;வகையான (அக்கறை)
king;Noun;A2;ராஜா
kiss;Verb Noun;B1;முத்தம்
kitchen;Noun;A1;சமையலறை
knee;Noun;A2;முழங்கால்
knife;Noun;A2;கத்தி
knock;Verb , Noun;A2, B1;தட்டுங்கள்
know;Verb;A1;தெரியும்
knowledge;Noun;A2;அறிவு
lab;Noun;A2;ஆய்வகம்
label;Noun Verb;B1;லேபிள்
laboratory;Noun;B1;ஆய்வகம்
labour;Noun;B2;தொழிலாளர்
lack;Noun Verb;B1;பற்றாக்குறை
lady;Noun;A2;பெண்
lake;Noun;A2;ஏரி
lamp;Noun;A2;விளக்கு
land;Noun, Verb;A1, A2;நில
landscape;Noun;B2;இயற்கை
language;Noun;A1;மொழி
laptop;Noun;A2;மடிக்கணினி
large;Adjective;A1;பெரிய
largely;Adverb;B2;பெரும்பாலும்
last1 (final);det., Adverb n;A1, A2;last1 (இறுதி)
last1 (taking time);Verb;A2;last1 (நேரம் எடுத்து)
late;Adjective Adverb;A1;தாமதமாக
later;Adverb , Adjective;A1, A2;பின்னர்
latest;Adjective , Noun;B1, B2;சமீபத்திய
laugh;Verb Noun;A1;சிரிக்க
laughter;Noun;A2;சிரிப்பு
launch;Verb Noun;B2;வெளியீட்டு
law;Noun;A2;சட்டம்
lawyer;Noun;A2;வழக்கறிஞர்
lay;Verb;B1;எளிமையான
layer;Noun;B1;அடுக்கு
lazy;Adjective;A2;சோம்பேறி
lead;Verb , Noun;A2, B1;வழி நடத்து
leader;Noun;A2;தலைவர்
leadership;Noun;B2;தலைமைத்துவம்
leading;Adjective;B1;முன்னணி
leaf;Noun;B1;இலை
league;Noun;B2;லீக்
lean;Verb;B2;ஒல்லியான
learn;Verb;A1;அறிய
learning;Noun;A2;கற்றல்
least;det./proNoun Adverb;A2;குறைந்தது
leather;Noun;B1;தோல்
leave;Verb , Noun;A1, B2;விடுப்பு
lecture;Noun Verb;A2;சொற்பொழிவு
left;Adjective Adverb Verb;A1;இடது
leg;Noun;A1;கால்
legal;Adjective;B1;சட்ட
leisure;Noun;B1;ஓய்வு
lemon;Noun;A2;எலுமிச்சை
lend;Verb;A2;கடன்
length;Noun;B1;நீளம்
less;det./pro Noun Adverb;A2;குறைவான
lesson;Noun;A1;பாடம்
let;Verb;A1;நாம்
letter;Noun;A1;கடிதம்
level;Noun, Adjective , Verb;A2, B1, B2;நிலை
library;Noun;A1;நூலகம்
licence;Noun;B2;உரிமம்
lie;Verb;A1;பொய்
lie;Verb Noun;B2;பொய்
life;Noun;A1;வாழ்க்கை
lifestyle;Noun;A2;வாழ்க்கை
lift;Verb;Noun;லிப்ட்
light (from the sun/a lamp);Noun Adverb , Verb;A1, A2;ஒளி (சூரியன் / ஒரு விளக்கு)
light (not heavy);Adjective;A2;ஒளி (ஹெவி இல்லை)
like (similar);prep.;A1;போன்ற (இதேபோன்ற)
like (find sb/sth pleasant);Verb , n;A1, B1;போன்ற (கண்டுபிடிக்க எஸ்பி / வது இனிமையான)
Noun;B1; ;பெயர்ச்சொல்
likely;Adjective;A2;வாய்ப்பு
limit;Noun Verb;B1;அளவு
limited;Adjective;B2;வரையறுக்கப்பட்ட
line;Noun, Verb;A1, B2;வரி
link;Noun Verb;A2;இணைப்பை
lion;Noun;A1;சிங்கம்
lip;Noun;B1;லிப்
liquid;Noun Adjective;B1;திரவ
list;Noun Verb;A1;பட்டியலில்
listen;Verb;A1;கேட்க
listener;Noun;A2;கேட்பவரின்
literature;Noun;B1;இலக்கியம்
little;Adjective det./proNoun, Adverb;A1, A2;சிறிய
live1;Verb;A1;live1
live2;Adjective Adverb;B1;live2
lively;Adjective;B2;உற்சாகமூட்டுவதாக
living;Adjective Noun;B1;வாழ்க்கை
load;Noun Verb;B2;சுமை
loan;Noun;B2;கடன்
local;Adjective , Noun;A1, B1;உள்ளூர்
locate;Verb;B1;கண்டறிவது
located;Adjective;B1;அமைந்துள்ள
location;Noun;B1;இடம்
lock;Verb Noun;A2;பூட்டு
logical;Adjective;B2;தருக்க
lonely;Adjective;B1;தனியாக
long;Adjective Adverb;A1;நீண்ட
long-term;Adjective Adverb;B2;நீண்ட கால
look;Verb , Noun;A1, A2;தோற்றம்
loose;Adjective;B2;இழக்க
lord;Noun;B2;கடவுள்
lorry;Noun;A2;சரக்குந்து
lose;Verb;A1;இழக்க
loss;Noun;B1;இழப்பு
lost;Adjective;A2;இழந்தது
lot;proNoun det. Adverb;A1;நிறைய
loud;Adjective Adverb;A2;உரத்த
loudly;Adverb;A2;சத்தமாக
love;Noun Verb;A1;காதல்
lovely;Adjective;A2;அழகான
low;Adjective Adverb , n;A2, B2;குறைந்த
lower;Verb;B2;குறைந்த
luck;Noun;A2;அதிர்ஷ்டம்
lucky;Adjective;A2;அதிர்ஷ்டம்
lunch;Noun;A1;மதிய
lung;Noun;B2;நுரையீரல்
luxury;Noun;B1;ஆடம்பர
machine;Noun;A1;இயந்திரம்
mad;Adjective;B1;பைத்தியம்
magazine;Noun;A1;பத்திரிகை
magic;Noun Adjective;B1;மாய
mail;Noun Verb;A2;அஞ்சல்
main;Adjective;A1;முக்கிய
mainly;Adverb;B1;முக்கியமாக
maintain;Verb;B2;பராமரிக்க
major;Adjective;A2;முக்கிய
majority;Noun;B2;பெரும்பான்மை
make;Verb , Noun;A1, B2;செய்ய
male;Adjective Noun;A2;ஆண்
mall;Noun;B1;மால்
man;Noun;A1;ஆண்
manage;Verb;A2;நிர்வகிக்க
management;Noun;B1;மேலாண்மை
manager;Noun;A2;மேலாளர்
manner;Noun;A2;முறையில்
many;det./proNoun;A1;நிறைய
map;Noun, Verb;A1, B2;கண்டறிவதில்
March;Noun;A1;மார்ச்
mark;Verb Noun;A2;குறி
market;Noun, Verb;A1, B1;சந்தை
marketing;Noun;B1;சந்தைப்படுத்தல்
marriage;Noun;B1;திருமணம்
married;Adjective;A1;திருமணம்
marry;Verb;A2;திருமணம்
mass;Noun Adjective;B2;நிறை
massive;Adjective;B2;பாரிய
master;Noun Verb;B2;குரு
match (contest/correspond);Noun Verb;A1;போட்டி (போட்டி / ஒத்திருக்கும்)
matching;Adjective;B2;பொருந்தும்
material;Noun, Adjective;A2, B2;பொருள்
mathematics;Noun;A2;கணிதம்
maths;Noun;A2;கணிதம்
matter;Noun Verb;A2;விஷயம்
maximum;Adjective Noun;B2;அதிகபட்ச
May;Noun;A1;மே
may modal;Verb;A2;மாதிரி இருக்கலாம்
maybe;Adverb;A1;இருக்கலாம்
me;proNoun;A1;என்னை
meal;Noun;A1;உணவு
mean;Verb;A1;சராசரி
meaning;Noun;A1;பொருள்
means;Noun;B2;வழிமுறையாக
meanwhile;Adverb;B1;இதற்கிடையில்
measure;Verb Noun;B1;நடவடிக்கை
measurement;Noun;B2;அளவீடு
meat;Noun;A1;இறைச்சி
media;Noun;A2;ஊடக
medical;Adjective;A2;மருத்துவம்
medicine;Noun;A2;மருந்து
medium;Adjective , Noun;B1, B2;நடுத்தர
meet;Verb;A1;சந்திக்க
meeting;Noun;A1;சந்தித்தல்
melt;Verb;B2;உருகுகின்றன
member;Noun;A1;உறுப்பினர்
memory;Noun;A2;நினைவு
mental;Adjective;B1;மன
mention;Verb , Noun;A2, B1;குறிப்பும்
menu;Noun;A1;பட்டியல்
mess;Noun Verb;B1;குழப்பம்
message;Noun;A1;செய்தி
metal;Noun;A2;உலோக
method;Noun;A2;முறை
metre;Noun;A1;மீட்டர்
middle;Noun Adjective;A2;நடுத்தர
midnight;Noun;A1;நள்ளிரவு
might modal;Verb;A2;மாதிரி கூடும்
mild;Adjective;B1;லேசான
mile;Noun;A1;மைல்
military;Adjective Noun;B2;இராணுவ
milk;Noun;A1;பால்
million number; ;A1;மில்லியன் எண்
mind;Noun Verb;A2;மனதில்
mine (belongs to me);proNoun;A2;என்னுடையது (எனக்கு சொந்தமானது)
mine (hole in the ground);Noun;B1;என்னுடையது (நிலத்தில் துளை)
mineral;Noun;B2;கனிம
minimum;Adjective Noun;B2;குறைந்தபட்ச
minister;Noun;B2;அமைச்சர்
minor;Adjective;B2;சிறிய
minority;Noun;B2;சிறுபான்மை
minute;Noun;A1;நிமிடம்
mirror;Noun;A2;கண்ணாடி
miss;Verb;A1;செல்வி
missing;Adjective;A2;காணாமல்
mission;Noun;B2;பணி
mistake;Noun, Verb;A1, B2;தவறு
mix;Verb Noun;B1;கலவை
mixed;Adjective;B2;கலப்பு
mixture;Noun;B1;கலவை
mobile;Adjective Noun;A2;கைபேசி
model;Noun, Verb;A1, B2;மாதிரி
modern;Adjective;A1;நவீன
modify;Verb;B2;திருத்த
moment;Noun;A1;கணம்
Monday;Noun;A1;திங்கட்கிழமை
money;Noun;A1;பணம்
monitor;Noun Verb;B2;மானிட்டர்
monkey;Noun;A2;குரங்கு
month;Noun;A1;மாதம்
mood;Noun;B1;மனநிலை
moon;Noun;A2;நிலா
moral;Adjective Noun;B2;தார்மீக
more;det./proNoun Adverb;A1;மேலும்
morning;Noun;A1;காலை
most;det./proNoun Adverb;A1;மிகவும்
mostly;Adverb;A2;பெரும்பாலும்
mother;Noun;A1;அம்மா
motor;Noun Adjective;B2;மோட்டார்
motorcycle;Noun;A2;மோட்டார் சைக்கிள்
mount;Verb;B2;ஏற்ற
mountain;Noun;A1;மலை
mouse;Noun;A1;சுட்டி
mouth;Noun;A1;வாய்
move;Verb , Noun;A1, B1;நகர்வு
movement;Noun;A2;இயக்கம்
movie;Noun;A1;திரைப்பட
much;det./proNoun Adverb;A1;மிகவும்
mud;Noun;B1;சேறு
multiple;Adjective;B2;பல
multiply;Verb;B2;பெருக்கல்
mum;Noun;A1;அம்மா
murder;NounVerb;B1;கொலை
muscle;Noun;B1;தசை
museum;Noun;A1;அருங்காட்சியகம்
music;Noun;A1;இசை
musical;Adjective , Noun;A2, B1;இசை
musician;Noun;A2;இசைக்கலைஞர்
must modal;Verb;A1;மாதிரி வேண்டும்
my;det.;A1;என்
myself;proNoun;A2;நானே
mysterious;Adjective;B2;மர்மமான
mystery;Noun;B1;மர்மம்
nail;Noun;B1;ஆணி
name;Noun Verb;A1;பெயர்
narrative;Noun Adjective;B1;கதை
narrow;Adjective , Verb;A2, B2;அதிகரிக்கவும்
nation;Noun;B1;நாட்டின்
national;Adjective , Noun;A2, B2;தேசிய
native;Adjective Noun;B1;சொந்த
natural;Adjective;A1;இயற்கை
naturally;Adverb;B1;இயற்கையாகவே
nature;Noun;A2;இயற்கை
near;prep. Adjective Adverb;A1;அருகே
nearly;Adverb;A2;கிட்டத்தட்ட
neat;Adjective;B2;சுத்தமாகவும்
necessarily;Adverb;B1;அவசியம்
necessary;Adjective;A2;தேவையான
neck;Noun;A2;கழுத்து
need;Verb , Noun, modal Verb;A1, A2, B1;தேவை
needle;Noun;B1;ஊசி
negative;Adjective , Noun;A1, B2;எதிர்மறை
neighbour;Noun;A1;அண்டை
neighbourhood;Noun;B1;அக்கம்
neither;det./proNoun, Adverb;A2, B1;எந்த
nerve;Noun;B2;நரம்பு
nervous;Adjective;A2;பதட்டமாக
net;Noun;B1;நிகர
network;Noun;A2;வலைப்பின்னல்
never;Adverb;A1;ஒருபோதும்
nevertheless;Adverb;B2;இருப்பினும்
new;Adjective;A1;புதிய
news;Noun;A1;செய்தி
newspaper;Noun;A1;செய்தித்தாள்
next;Adjective Adverb , Noun;A1, B1;அடுத்தது
next to;prep.;A1;அடுத்த
nice;Adjective;A1;நல்ல
night;Noun;A1;இரவு
nightmare;Noun;B2;கனவு
nine;number;A1;ஒன்பது
nineteen;number;A1;பத்தொன்பது
ninety;number;A1;தொண்ணூறு
no;exclam. det.;A1;இல்லை
no one;proNoun;A1;யாரும்
nobody;proNoun;A1;யாரும்
noise;Noun;A2;சத்தம்
noisy;Adjective;A2;சத்தம்
none;pro Noun;A2;யாரும்
nor;conj./Adverb;B1;அல்லது
normal;Adjective , Noun;A2, B1;சாதாரண
normally;Adverb;A2;பொதுவாக
north;Noun Adjective Adverb;A1;வடக்கு
northern;Adjective;B1;வடக்கு
nose;Noun;A1;மூக்கு
not;Adverb;A1;இல்லை
note;Noun Verb;A1, B1;குறிப்பு
nothing;proNoun;A1;எதுவும்
notice;Verb Noun;A2;அறிவிப்பு
notion;Noun;B2;கருத்து
novel;Noun;A2;நாவல்
November;Noun;A1;நவம்பர்
now;Adverb , conj.;A1, B1;இப்போது
nowhere;Adverb;A2;எங்கும்
nuclear;Adjective;B1;அணு
number;Noun, Verb;A1, A2;எண்
numerous;Adjective;B2;பல
nurse;Noun;A1;செவிலியர்
nut;Noun;A2;நட்டு
obey;Verb;B2;கீழ்ப்படிதலை
object;Noun Verb;A1, B2;பொருள்
objective;Noun Adjective;B2;புறநிலை
obligation;Noun;B2;கடமை
observation;Noun;B2;கவனிப்பு
observe;Verb;B2;கண்காணிக்க
obtain;Verb;B2;பெற
obvious;Adjective;B1;வெளிப்படையான
obviously;Adverb;B1;வெளிப்படையாக
occasion;Noun;B1;விழாவில்
occasionally;Adverb;B2;எப்போதாவது
occur;Verb;B1;ஏற்படும்
ocean;Noun;A2;கடல்
o’clock;Adverb;A1;மணிக்கு
October;Noun;A1;அக்டோபர்
odd;Adjective;B1;ஒற்றைப்படை
of;prep.;A1;இன்
off;Adverb prep.;A1;ஆஃப்
offence;Noun;B2;குற்றம்
offend;Verb;B2;உள்ளத்தை புண்படுத்து
offensive;Adjective;B2;தாக்குதல்
offer;Verb Noun;A2;சலுகை
office;Noun;A1;அலுவலகம்
officer;Noun;A2;அதிகாரி
official;Adjective , Noun;B1, B2;அதிகாரி
often;Adverb;A1;அடிக்கடி
oh;exclam.;A1;ஓ
oil;Noun;A2;எண்ணெய்
OK;exclam. Adjective /Adverb;A1;சரி
old;Adjective;A1;பழைய
old-fashioned;Adjective;B1;பழங்காலத்து
on;prep. Adverb;A1;மீது
once;Adverb , conj.;A1, B1;ஒருமுறை
one;number-det. proNoun;A1;ஒரு
onion;Noun;A1;வெங்காயம்
online;Adjective Adverb;A1;நிகழ்நிலை
only;Adjective Adverb;A1;மட்டுமே
onto;prep.;A2;மீது
open;Adjective Verb;A1;திறந்த
opening;Noun;B2;திறப்பு
operate;Verb;B2;இயக்குகிறது
operation;Noun;B1;அறுவை சிகிச்சை
opinion;Noun;A1;கருத்து
opponent;Noun;B2;எதிரியை
opportunity;Noun;A2;வாய்ப்பு
oppose;Verb;B2;எதிர்க்கும்
opposed;Adjective;B2;எதிர்ப்பு
opposite;Adjective Adverb prep. Noun;A1;எதிர்
opposition;Noun;B2;எதிர்ப்பு
option;Noun;A2;விருப்பத்தை
or;conj.;A1;அல்லது
orange;Noun Adjective;A1;ஆரஞ்சு
order;Noun Verb;A1;ஆர்டர்
ordinary;Adjective;A2;சாதாரண
organ;Noun;B2;உறுப்பு
organization;Noun;A2;அமைப்பு
organize;Verb;A2;ஏற்பாடு
organized;Adjective;B1;ஏற்பாடு
organizer;Noun;B1;அமைப்பாளர்
origin;Noun;B2;தோற்றம்
original;Adjective , Noun;A2, B1;அசல்
originally;Adverb;B1;முதலில்
other;Adjective /proNoun;A1;மற்ற
otherwise;Adverb;B2;இல்லையெனில்
ought;modal Verb;B1;வேண்டும்
our;det.;A1;நமது
ours;proNoun;B1;நம்முடைய
ourselves;proNoun;A2;நம்மை
out;Adverb /prep.;A1;வெளியே
outcome;Noun;B2;விளைவு
outdoor;Adjective;B1;வெளிப்புற
outdoors;Adverb;B1;வெளிப்புறங்களில்
outer;Adjective;B2;வெளி
outline;Noun Verb;B2;அவுட்லைன்
outside;Adverb , prep. nouNoun Adjective;A1, A2;வெளியே
oven;Noun;A2;சூளை
over;prep. Adverb;A1;மீது
overall;Adjective Adverb;B2;ஒட்டுமொத்த
owe;Verb;B2;கடமைப்பட்டிருக்கிறது
own;Adjective /proNoun, Verb;A1, A2;சொந்த
owner;Noun;A2;உரிமையாளர்
pace;Noun, Verb;B2;வேகம்
pack;Verb , Noun;A2, B1;எடுத்துவைக்க
package;Noun, Verb;B1, B2;தொகுப்பு
page;Noun;A1;பக்கம்
pain;Noun;A2;வலி
painful;Adjective;B1;வலி
paint;Verb Noun;A1;வரைவதற்கு
painter;Noun;A2;ஓவியர்
painting;Noun;A1;ஓவியம்
pair;Noun;A1;ஜோடி
palace;Noun;A2;அரண்மனை
pale;Adjective;B1;வெளிறிய
pan;Noun;B1;பான்
panel;Noun;B2;குழு
pants;Noun;A2;காலுறை
paper;Noun;A1;காகிதம்
paragraph;Noun;A1;பத்தி
parent;Noun;A1;பெற்றோர்
park;Noun Verb;A1;பூங்கா
parking;Noun;A2;வாகன நிறுத்துமிடம்
parliament;Noun;B2;பாராளுமன்றத்தில்
part;Noun;A1;பகுதியாக
participant;Noun;B2;பங்கேற்பாளராக
participate;Verb;B1;பங்கேற்க
particular;Adjective;A2;குறிப்பிட்ட
particularly;Adverb;B1;குறிப்பாக
partly;Adverb;B2;ஓரளவு
partner;Noun;A1;பங்குதாரர்
party;Noun;A1;கட்சி
pass;Verb , Noun;A2, B1;கடந்து
passage;Noun;B2;பத்தியில்
passenger;Noun;A2;பயணிகள்
passion;Noun;B1;வேட்கை
passport;Noun;A1;கடவுச்சீட்டு
past;Adjective Noun prep., Adverb;A1, A2;கடந்த
path;Noun;B1;பாதை
patient;Noun, Adjective;A2, B2;நோயாளி
pattern;Noun;A2;முறை
pay;Verb , Noun;A1, A2;ஊதியம்
payment;Noun;B1;கட்டணம்
peace;Noun;A2;சமாதானம்
peaceful;Adjective;B1;அமைதியான
pen;Noun;A1;பேனா
pencil;Noun;A1;எழுதுகோல்
penny;Noun;A2;பென்னி
pension;Noun;B2;ஓய்வூதிய
people;Noun;A1;மக்கள்
pepper;Noun;A1;மிளகு
per;prep.;A2;ஒன்றுக்கு
per cent;Noun Adjective /Adverb;A2;சதவீதம்
percentage;Noun;B1;சதவிதம்
perfect;Adjective;A1;சரியான
perfectly;Adverb;B1;செய்தபின்
perform;Verb;A2;செய்ய
performance;Noun;B1;செயல்திறன்
perhaps;Adverb;A2;ஒருவேளை
period;Noun;A1;காலம்
permanent;Adjective;B2;நிரந்தர
permission;Noun;A2;அனுமதி
permit;Verb Noun;B2;அனுமதி
person;Noun;A1;நபர்
personal;Adjective;A1;தனிப்பட்ட
personality;Noun;A2;ஆளுமை
personally;Adverb;B1;தனிப்பட்ட முறையில்
perspective;Noun;B2;முன்னோக்கு
persuade;Verb;B1;இணங்கச்
pet;Noun;A2;செல்ல
petrol;Noun;A2;பெட்ரோல்
phase;Noun;B2;கட்டம்
phenomenon;Noun;B2;நிகழ்வு
philosophy;Noun;B2;தத்துவம்
phone;Noun Verb;A1;தொலைபேசி
photo;Noun;A1;புகைப்படம்
photograph;Noun, Verb;A1, A2;புகைப்படம்
photographer;Noun;B1;புகைப்பட
photography;Noun;B1;புகைப்படம்
phrase;Noun;A1;சொற்றொடர்
physical;Adjective;A2;உடல்
physics;Noun;A2;இயற்பியல்
piano;Noun;A1;பியானோ
pick;Verb , Noun;A2, B2;அழைத்து
picture;Noun, Verb;A1, B2;படம்
piece;Noun;A1;துண்டு
pig;Noun;A1;பன்றி
pile;Noun Verb;B2;குவியல்
pilot;Noun;A2;பைலட்
pin;Noun Verb;B1;முள்
pink;Adjective Noun;A1;இளஞ்சிவப்பு
pipe;Noun;B1;குழாய்
pitch;Noun;B2;சுருதி
place;Noun Verb;A1, B1;இடத்தில்
plain;Adjective;B2;வெற்று
plan;Noun Verb;A1;திட்டம்
plane;Noun;A1;விமானம்
planet;Noun;A2;கிரகம்
planning;Noun;B1;திட்டமிடல்
plant;Noun Verb;A1, A2;ஆலை
plastic;Noun Adjective;A2;நெகிழி
plate;Noun;A2;தட்டு
platform;Noun;A2;நடைமேடை
play;Verb Noun;A1;நாடகம்
player;Noun;A1;ஆட்டக்காரர்
pleasant;Adjective;B1;இனிமையான
please;exclam., Verb;A1, A2;தயவு செய்து
pleased;Adjective;A2;மகிழ்ச்சி
pleasure;Noun;B1;இன்பம்
plenty;proNoun;B1;நிறைய
plot;Noun, Verb;B1, B2;சதி
plus;prep., Adjective conj., Noun;B1, B2;பிளஸ்
pocket;Noun;A2;பாக்கெட்
poem;Noun;B1;கவிதை
poet;Noun;B1;கவிஞர்
poetry;Noun;B1;கவிதை
point;Noun, Verb;A1, B1;புள்ளி
pointed;Adjective;B2;கூரான
poison;Noun Verb;B1;விஷம்
poisonous;Adjective;B1;விஷ
police;Noun;A1;காவல்
policeman;Noun;A1;போலீஸ்காரரும்
policy;Noun;B1;கொள்கை
polite;Adjective;A2;பண்பட்ட
political;Adjective;B1;அரசியல்
politician;Noun;B1;அரசியல்வாதி
politics;Noun;B1;அரசியலில்
pollution;Noun;A2;மாசு
pool;Noun;A1;குளம்
poor;Adjective;A1;ஏழை
pop;Noun Adjective;A2;பாப்
popular;Adjective;A1;பிரபலமான
popularity;Noun;B2;புகழ்
population;Noun;A2;மக்கள் தொகையில்
port;Noun;B1;துறைமுக
portrait;Noun;B1;உருவப்படம்
pose;Verb;B2;போஸ்
position;Noun, Verb;A2, B2;நிலையை
positive;Adjective , Noun;A1, B2;நேர்மறை
possess;Verb;B2;பெற்றிருக்கவில்லை
possession;Noun;A2;வசம்
possibility;Noun;A2;சாத்தியம்
possible;Adjective;A1;சாத்தியமான
possibly;Adverb;B1;சாத்தியமான
post;Noun Verb;A1;அஞ்சல்
poster;Noun;A2;சுவரொட்டி
pot;Noun;B1;பானை
potato;Noun;A1;உருளைக்கிழங்கு
potential;Adjective Noun;B2;சாத்தியமான
pound;Noun;A1;பவுண்டு
pour;Verb;B1;pour
poverty;Noun;B1;வறுமை
powder;Noun;B1;தூள்
power;Noun, Verb;A2, B2;சக்தி
powerful;Adjective;B1;சக்திவாய்ந்த
practical;Adjective;B1;நடைமுறை
practice;Noun;A1;பயிற்சி
practise;Verb;A1;பயிற்சி
praise;Noun Verb;B2;பாராட்டு
pray;Verb;B1;பிரார்த்தனை
prayer;Noun;B1;பிரார்த்தனை
predict;Verb;A2;கணிக்க
prediction;Noun;B1;கணிப்பை
prefer;Verb;A1;விரும்புகின்றனர்
pregnant;Adjective;B2;கர்ப்பிணி
preparation;Noun;B2;தயாரிப்பு
prepare;Verb;A1;தயார்
prepared;Adjective;B1;தயாராக
presence;Noun;B2;முன்னிலையில்
present;Adjective Noun, Verb;A1, A2;தற்போது
presentation;Noun;B1;வழங்கல்
preserve;Verb;B2;பாதுகாக்க
president;Noun;A2;தலைவர்
press;Verb Noun;B1;அச்சகம்
pressure;Noun;B1;அழுத்தம்
pretend;Verb;B1;பாசாங்கு
pretty;Adjective Adverb;A1;அழகான
prevent;Verb;A2;தடு
previous;Adjective;B1;முந்தைய
previously;Adverb;B1;முன்பு
price;Noun, Verb;A1, B2;விலை
priest;Noun;B1;பூசாரி
primary;Adjective;B1;முதன்மை
prime;Adjective;B2;பிரதம
prince;Noun;B1;இளவரசன்
princess;Noun;B1;இளவரசி
principle;Noun;B2;கொள்கை
print;Verb , Noun;A2, B2;அச்சிட
printer;Noun;A2;பிரிண்டர்
printing;Noun;B1;அச்சிடும்
priority;Noun;B2;முன்னுரிமை
prison;Noun;A2;சிறையில்
prisoner;Noun;B1;கைதி
privacy;Noun;B2;தனியுரிமை
private;Adjective;B1;தனியார்
prize;Noun;A2;பரிசு
probably;Adverb;A1;அநேகமாக
problem;Noun;A1;பிரச்சனை
procedure;Noun;B2;செயல்முறை
process;Noun, Verb;A2, B2;செயல்முறை
produce;Verb , Verb;A2, B2;விளைபொருட்களை
producer;Noun;B1;தயாரிப்பாளர்
product;Noun;A1;தயாரிப்பு
production;Noun;B1;தயாரிப்பு
profession;Noun;B1;தொழிலை
professional;Adjective , Noun;A2, B2;தொழில்முறை
professor;Noun;A2;பேராசிரியர்
profile;Noun;A2;சுயவிவர
profit;Noun;B1;இலாப
program;Noun, Verb;A2, B1;திட்டம்
programme;Noun;A1;திட்டம்
progress;Noun, Verb;A2, B2;முன்னேற்றம்
project;Noun, Verb;A1, B2;திட்டம்
promise;Verb Noun;A2;வாக்குறுதி
promote;Verb;B1;ஊக்குவிக்க
pronounce;Verb;A2;உச்சரிக்க
proof;Noun;B2;ஆதாரம்
proper;Adjective;B1;சரியான
properly;Adverb;B1;ஒழுங்காக
property;Noun;B1;சொத்து
proposal;Noun;B2;திட்டம்
propose;Verb;B2;முன்மொழிய
prospect;Noun;B2;வாய்ப்பு
protect;Verb;A2;பாதுகாக்க
protection;Noun;B2;பாதுகாப்பு
protest;Noun Verb;B1;எதிர்ப்பு
proud;Adjective;B1;பெருமை
prove;Verb;B1;நிரூபிக்க
provide;Verb;A2;வழங்கும்
psychologist;Noun;B2;உளவியலாளர்
psychology;Noun;B2;உளவியல்
pub;Noun;A2;பப்
public;Adjective Noun;A2;பொது
publication;Noun;B2;வெளியீடு
publish;Verb;A2;வெளியிட
pull;Verb , Noun;A2, B1;மிகுதி
punish;Verb;B1;தண்டிக்க
punishment;Noun;B1;தண்டனை
pupil;Noun;B2;மாணவர்
purchase;Noun Verb;B2;கொள்முதல்
pure;Adjective;B2;தூய
purple;Adjective Noun;A1;ஊதா
purpose;Noun;A2;நோக்கம்
pursue;Verb;B2;தொடர
push;Verb , Noun;A2, B1;மிகுதி
put;Verb;A1;வைத்து
qualification;Noun;B1;தகுதி
qualified;Adjective;B1;தகுதி
qualify;Verb;B1;தகுதி
quality;Noun;A2;தரமான
quantity;Noun;A2;அளவு
quarter;Noun;A1;காலாண்டில்
queen;Noun;A2;ராணி
question;Noun, Verb;A1, A2;கேள்வி
queue;Noun Verb;B1;வரிசையில்
quick;Adjective;A1;விரைவான
quickly;Adverb;A1;விரைவில்
quiet;Adjective;A1;அமைதியான
quietly;Adverb;A2;அமைதியாக
quit;Verb;B1;விட்டுவிட
quite;Adverb;A1;மிகவும்
quotation;Noun;B1;மேற்கோள்
quote;Verb Noun;B1;மேற்கோள்
race (competition);NounVerb;A2;இனம் (போட்டி)
race (people);Noun;B1;இனம் (மக்கள்)
racing;Noun;B1;பந்தய
radio;Noun;A1;வானொலி
railway;Noun;A2;ரயில்
rain;Noun Verb;A1;மழை
raise;Verb;A2;உயர்வு
range;Noun, Verb;B1, B2;சரகம்
rank;Noun Verb;B2;ரேங்க்
rapid;Adjective;B2;விரைவான
rapidly;Adverb;B2;விரைவில்
rare;Adjective;B1;அரிய
rarely;Adverb;B1;அரிதாக
rate;Noun, Verb;A2, B2;விகிதம்
rather;Adverb;A2;மாறாக
raw;Adjective;B2;மூல
reach;Verb , Noun;A2, B2;அடைய
react;Verb;A2;வினை
reaction;Noun;B1;எதிர்வினை
read;Verb;A1;படி
reader;Noun;A1;வாசகர்
reading;Noun;A1;வாசிப்பு
ready;Adjective;A1;தயாராக
real;Adjective;A1;உண்மையான
realistic;Adjective;B2;யதார்த்தமான
reality;Noun;B1;உண்மையில்
realize;Verb;A2;நினைத்துக்கூட பார்க்காத
really;Adverb;A1;உண்மையில்
reason;Noun;A1;காரணம்
reasonable;Adjective;B2;நியாயமான
recall;Verb;B2;நினைவுகூர்வது
receipt;Noun;B1;ரசீது
receive;Verb;A2;பெறும்
recent;Adjective;A2;அண்மையில்
recently;Adverb;A2;சமீபத்தில்
reception;Noun;A2;வரவேற்பு
recipe;Noun;A2;செய்முறையை
recognize;Verb;A2;அடையாளம் கண்டு கொள்
recommend;Verb;A2;பரிந்துரை
recommendation;Noun;B1;பரிந்துரை
record;Noun Verb;A2;சாதனை
recording;Noun;A2;பதிவு
recover;Verb;B2;மீட்க
recycle;Verb;A2;மறுசுழற்சி
red;Adjective Noun;A1;சிவப்பு
reduce;Verb;A2;குறைக்க
reduction;Noun;B2;குறைப்பு
refer;Verb;A2;பார்க்கவும்
reference;Noun;B1;குறிப்பு
reflect;Verb;B1;பிரதிபலிக்கும்
refuse;Verb;A2;மறு
regard;Verb Noun;B2;தொடர்பாக
region;Noun;A2;பிராந்தியம்
regional;Adjective;B2;பிராந்திய
register;Verb Noun;B2;பதிவு
regret;Verb Noun;B2;வருத்தம்
regular;Adjective;A2;வழக்கமான
regularly;Adverb;B1;வழக்கமாக
regulation;Noun;B2;கட்டுப்பாட்டு
reject;Verb;B1;நிராகரிக்க
relate;Verb;B1;தொடர்புபடுத்த
related;Adjective;B1;தொடர்புடைய
relation;Noun;B1;உறவு
relationship;Noun;A2;உறவு
relative;Adjective Noun;B1;உறவினர்
relatively;Adverb;B2;ஒப்பீட்டளவில்
relax;Verb;A1;ஓய்வெடுக்க
relaxed;Adjective;B1;தளர்த்தப்பட்டது
relaxing;Adjective;B1;ஓய்வெடுத்தல்
release;Verb Noun;B1;வெளியீடு
relevant;Adjective;B2;தொடர்புடைய
reliable;Adjective;B1;நம்பகமான
relief;Noun;B2;துயர் நீக்கம்
religion;Noun;B1;மதம்
religious;Adjective;B1;மத
rely;Verb;B2;நம்ப
remain;Verb;B1;இருக்கும்
remark;Noun Verb;B2;கருத்து
remember;Verb;A1;நினைவில்
remind;Verb;B1;ஞாபகப்படுத்த
remote;Adjective;B1;தொலை
remove;Verb;A2;அகற்றுவதில்
rent;Noun Verb;B1;வாடகை
repair;Verb , Noun;A2, B1;பழுது
repeat;Verb , Noun;A1, B1;மீண்டும்
repeated;Adjective;B1;மீண்டும்
replace;Verb;A2;பதிலாக
reply;Verb Noun;A2;பதில்
report;Noun, Verb;A1, A2;அறிக்கை
reporter;Noun;A2;நிருபர்
represent;Verb;B1;பிரதிநிதித்துவம்
representative;Noun Adjective;B2;பிரதிநிதி
reputation;Noun;B2;புகழ்
request;Noun, Verb;A2, B1;கோரிக்கை
require;Verb;B1;தேவைப்படும்
requirement;Noun;B2;தேவை
rescue;Verb Noun;B2;மீட்பு
research;Noun Verb;A2;ஆராய்ச்சி
researcher;Noun;A2;ஆராய்ச்சியாளர்
reservation;Noun;B1;ஒதுக்கீடு
reserve;Noun Verb;B2;இருப்பு
resident;NounAdjective;B2;குடியுரிமை
resist;Verb;B2;எதிர்க்க
resolve;Verb;B2;தீர்மானத்தை
resort;Noun;B2;உல்லாசப்போக்கிடம்
resource;Noun;B1;வள
respect;Noun Verb;B1;மதிக்க
respond;Verb;A2;பதிலை
response;Noun;A2;பதில்
responsibility;Noun;B1;பொறுப்பு
responsible;Adjective;B1;பொறுப்பு
rest (remaining part);Noun;A2;ஓய்வெடுக்க (மீதமுள்ள பகுதி)
rest (sleep/relax);Noun Verb;A2;ஓய்வு (தூக்கம் / ஓய்வெடுக்க)
restaurant;Noun;A1;உணவகம்
result;Noun, Verb;A1, B1;விளைவாக
retain;Verb;B2;தக்கவைத்து
retire;Verb;B1;ஓய்வு
retired;Adjective;B1;ஓய்வுபெற்ற
return;Verb Noun;A1;திரும்ப
reveal;Verb;B2;வெளிப்படுத்த
review;Noun Verb;A2;விமர்சனம்
revise;Verb;B1;திருத்தியமைக்கிற
revolution;Noun;B2;புரட்சி
reward;Noun Verb;B2;வெகுமதி
rhythm;Noun;B2;ரிதம்
rice;Noun;A1;அரிசி
rich;Adjective;A1;பணக்கார
rid;Verb;B2;தவிர்ந்திடு
ride;Verb , Noun;A1, A2;சவாரி
right;Adjective Adverb Noun;A1;வலது
ring;Noun;A2;மோதிரம்
ring;Verb , Noun;A2, B1;மோதிரம்
rise;Verb , Noun;A2, B1;உயரும்
risk;Noun Verb;B1;ஆபத்து
river;Noun;A1;நதி
road;Noun;A1;சாலை
robot;Noun;B1;ரோபோ
rock (stone);Noun;A2;ராக் (கல்)
rock (music);Noun;A2;அதிரடி இசை)
role;Noun;A2;பங்கு
roll;Verb Noun;B1;ரோல்
romantic;Adjective;B1;காதல்
roof;Noun;A2;கூரை
room;Noun;A1;அறை
root;Noun;B2;ரூட்
rope;Noun;B1;கயிறு
rough;Adjective;B1;கடினமான
round;Adjective Adverb prep., Noun;A2, B2;சுற்று
route;Noun;A2;பாதை
routine;Noun, Adjective;A1, B2;வழக்கமான
row;Noun;B1;வரிசையில்
royal;Adjective;B1;அரச
rub;Verb;B2;துடைப்பான்
rubber;Noun Adjective;B2;ரப்பர்
rubbish;Noun;A2;குப்பை
rude;Adjective;A2;முரட்டுத்தனமாக
rugby;Noun;B1;ரக்பி
rule;Noun, Verb;A1, B1;ஆட்சி
run;Verb , Noun;A1, A2;ஓடு
runner;Noun;A2;ரன்னர்
running;Noun;A2;ஓடுதல்
rural;Adjective;B2;கிராமப்புற
rush;Verb Noun;B2;அவசரத்தில்
sad;Adjective;A1;வருத்தமாக
sadly;Adverb;A2;துரதிர்ஷ்டவசமாக
safe;Adjective;A2;பாதுகாப்பான
safety;Noun;B1;பாதுகாப்பு
sail;Verb , Noun;A2, B1;புறப்பட்டது
sailing;Noun;A2;பாய்மரக்
sailor;Noun;B1;கடலோடி
salad;Noun;A1;கலவை
salary;Noun;A2;சம்பளம்
sale;Noun;A2;விற்பனை
salt;Noun;A1;உப்பு
same;Adjective proNoun Adverb;A1;அதே
sample;Noun, Verb;B1, B2;மாதிரி
sand;Noun;B1;மணல்
sandwich;Noun;A1;ரொட்டி
satellite;Noun;B2;செயற்கைக்கோள்
satisfied;Adjective;B2;திருப்தி
satisfy;Verb;B2;திருப்தி
Saturday;Noun;A1;சனிக்கிழமை
sauce;Noun;A2;சாஸ்
save;Verb;A2;சேமிக்க
saving;Noun;B2;சேமிப்பு
say;Verb;A1;சொல்
scale;Noun;B2;அளவில்
scan;Verb;B1;ஊடுகதிர்
scared;Adjective;A2;பயந்திருந்தாலோ
scary;Adjective;A2;பயங்கரமான
scene;Noun;A2;காட்சி
schedule;Noun, Verb;A2, B2;அட்டவணை
scheme;Noun;B2;திட்டம்
school;Noun;A1;பள்ளி
science;Noun;A1;விஞ்ஞானம்
scientific;Adjective;B1;அறிவியல்
scientist;Noun;A1;விஞ்ஞானி
score;Verb Noun;A2;மதிப்பெண்
scream;Verb Noun;B2;அலறல்
screen;NounVerb;A2, B2;திரை
script;Noun;B1;கையால் எழுதப்பட்ட தாள்
sculpture;Noun;B1;சிற்பம்
sea;Noun;A1;கடல்
search;Noun Verb;A2;தேட
season;Noun;A2;பருவம்
seat;Noun Verb;A2, B2;இருக்கை
second1 (next after the first);et./ number, Adverb;A1, A2;second1 (முதல் பின்னர் அடுத்த)
second1 (unit of time);Noun;A1;second1 (நேரம் அலகு)
secondary;Adjective;B1;இரண்டாம்
secondly;Adverb;A2;இரண்டாவதாக
secret;Adjective, Noun;A2;இரகசிய
secretary;Noun;A2;செயலாளர்
section;Noun;A1;பிரிவில்
sector;Noun;B2;துறை
secure;Verb Adjective;B2;பாதுகாக்க
security;Noun;B1;பாதுகாப்பு
see;Verb;A1;பார்க்க
seed;Noun;B1;விதை
seek;Verb;B2;தேடுங்கள்
seem;Verb;A2;தெரியவில்லை
select;Verb;B2;தேர்வு
selection;Noun;B2;தேர்வு
self;Noun;B2;சுய
sell;Verb;A1;விற்க
send;Verb;A1;அனுப்புக
senior;Adjective;B2;மூத்த
sense;Noun Verb;A2, B2;உணர்வு
sensible;Adjective;B1;விவேகமான
sensitive;Adjective;B2;முக்கிய
sentence;Noun Verb;A1, B2;தண்டனை
separate;Adjective, Verb;A2, B1;தனி
September;Noun;A1;செப்டம்பர்
sequence;Noun;B2;வரிசை
series;Noun;A2;தொடர்
serious;Adjective;A2;தீவிர
seriously;Adverb;B1;தீவிரமாக
servant;Noun;B1;வேலைக்காரன்
serve;Verb;A2;பணியாற்ற
service;Noun;A2;சேவை
session;Noun;B2;அமர்வு
set (put);Verb;B1;தொகுப்பு (புட்)
set (group);Noun;B1;தொகுப்பு (குழு)
setting;Noun;B1;அமைப்பை
settle;Verb;B2;செட்டில்
seven;number;A1;ஏழு
seventeen;number;A1;பதினேழு
seventy;number;A1;எழுபது
several;det./proNoun;A2;பல
severe;Adjective;B2;கடுமையான
sex;Noun;B1;செக்ஸ்
sexual;Adjective;B1;பாலியல்
shade;Noun;B2;நிழல்
shadow;Noun;B2;நிழல்
shake;Verb Noun;A2, B1;குலுக்கல்
shall;modal Verb;A2;பேசலாம்
shallow;Adjective;B2;ஆழமற்ற
shame;Noun;B2;அவமானம்
shape;Noun Verb;A2, B2;வடிவம்
share;Verb Noun;A1, B1;பகிர்
sharp;Adjective;B1;கூர்மையான
she;proNoun;A1;அவள்
sheep;Noun;A1;ஆடுகள்
sheet;Noun;A2;தாள்
shelf;Noun;B1;அலமாரியில்
shell;Noun;B1;ஷெல்
shelter;Noun Verb;B2;தங்குமிடம்
shift;Noun Verb;B1, B2;மாற்றம்
shine;Verb;B1;பிரகாசம்
shiny;Adjective;B1;பளபளப்பான
ship;Noun Verb;A2, B2;கப்பல்
shirt;Noun;A1;சட்டை
shock;Noun Verb;B2;அதிர்ச்சி
shocked;Adjective;B2;அதிர்ச்சி
shoe;Noun;A1;ஷூ
shoot;Verb;B1;படப்பிடிப்பு
shooting;Noun;B2;படப்பிடிப்பு
shop;Noun Verb;A1;கடை
shopping;Noun;A1;கடையில் பொருட்கள் வாங்குதல்
short;Adjective;A1;குறுகிய
shot;Noun;B2;ஷாட்
should;modal Verb;A1;வேண்டுமா
shoulder;Noun;A2;தோள்பட்டை
shout;Verb Noun;A2;சத்தம்
show;Verb Noun;A1;நிகழ்ச்சி
shower;Noun;A1;மழை
shut;Verb Adjective;A2;நிறுத்தல்களுக்குப்
shy;Adjective;B1;கூச்சமுடைய
sick;Adjective;A1;உடம்பு
side;Noun;A2;பக்க
sight;Noun;B1;பார்வை
sign;Noun Verb;A2;அடையாளம்
signal;Noun Verb;B1;சிக்னல்
significant;Adjective;B2;குறிப்பிடத்தக்க
significantly;Adverb;B2;கணிசமாக
silence;Noun;B2;அமைதி
silent;Adjective;B1;அமைதியாக
silk;Noun;B2;பட்டு
silly;Adjective;B1;வேடிக்கையான
silver;Noun Adjective;A2;வெள்ளி
similar;Adjective;A1;ஒத்த
similarity;Noun;B1;ஒற்றுமை
similarly;Adverb;B1;இதேபோல்
simple;Adjective;A2;எளிய
simply;Adverb;B1;வெறுமனே
since;prep. conj., Adverb;A2, B1;முதல்
sincere;Adjective;B2;நேர்மையான
sing;Verb;A1;பாட
singer;Noun;A1;பாடகர்
singing;Noun;A2;பாடும்
single;Adjective Noun;A2;ஒற்றை
sink;Verb;B1;தொட்டியின்
sir;Noun;A2;ஐயா
sister;Noun;A1;சகோதரி
sit;Verb;A1;உட்கார
site;Noun;A2;தளத்தில்
situation;Noun;A1;நிலைமை
six;number;A1;ஆறு
sixteen;number;A1;பதினாறு
sixty;number;A1;அறுபது
size;Noun;A2;அளவு
ski;Verb Noun;A2;ஸ்கை
skiing;Noun;A2;பனிச்சறுக்கு
skill;Noun;A1;திறமை
skin;Noun;A2;தோல்
skirt;Noun;A1;பாவாடை
sky;Noun;A2;வானம்
slave;Noun;B2;அடிமை
sleep;Verb , Noun;A1, A2;தூங்கு
slice;Noun Verb;B1;துண்டு
slide;Verb Noun;B2;ஸ்லைடு
slight;Adjective;B2;லேசான
slightly;Adverb;B1;சற்று
slip;Verb;B2;சீட்டு
slope;Noun Verb;B2;சாய்வு
slow;Adjective , Verb;A1, B1;மெதுவாக
slowly;Adverb;A2;மெதுவாக
small;Adjective;A1;சிறிய
smart;Adjective;B1;புத்திசாலி
smartphone;Noun;A2;திறன்பேசி
smell;Verb Noun;A2;வாசனை
smile;Verb Noun;A2;சிரிக்க
smoke;Noun Verb;A2;புகை
smoking;Noun;A2;புகைத்தல்
smooth;Adjective;B1;மென்மையான
snake;Noun;A1;பாம்பு
snow;Noun Verb;A1;பனி
so;Adverb conj.;A1;அதனால்
soap;Noun;A2;வழலை
soccer;Noun;A2;கால்பந்து
social;Adjective;A2;சமூக
society;Noun;A2;சமூகம்
sock;Noun;A2;சாக்
soft;Adjective;A2;மென்மையான
software;Noun;B1;மென்பொருள்
soil;Noun;B1;மண்
solar;Adjective;B2;சூரிய
soldier;Noun;A2;சிப்பாய்
solid;Adjective Noun;B1;திட
solution;Noun;A2;தீர்வு
solve;Verb;A2;தீர்க்க
some;det. proNoun;A1;சில
somebody;proNoun;A1;யாரோ
someone;proNoun;A1;யாரோ
something;proNoun;A1;ஏதாவது
sometimes;Adverb;A1;சில நேரங்களில்
somewhat;Adverb;B2;சற்றே
somewhere;Adverb proNoun;A2;எங்காவது
son;Noun;A1;மகன்
song;Noun;A1;பாடல்
soon;Adverb;A1;விரைவில்
sorry;Adjective exclam.;A1;மன்னிக்கவும்
sort;Noun, Verb;A2, B1;வகைபடுத்து
soul;Noun;B2;ஆன்மா
sound;Noun Verb;A1;ஒலி
soup;Noun;A1;சூப்
source;Noun;A2;மூல
south;Noun Adjective Adverb;A1;தெற்கு
southern;Adjective;B1;தெற்கு
space;Noun;A1;விண்வெளி
speak;Verb;A1;பேசு
speaker;Noun;A2;பேச்சாளர்
special;Adjective;A1;சிறப்பு
specialist;Noun Adjective;B2;சிறப்பு
species;Noun;B2;இனங்கள்
specific;Adjective;A2;குறிப்பிட்ட
specifically;Adverb;B1;குறிப்பாக
speech;Noun;A2;பேச்சு
speed;Noun, Verb;A2, B2;வேகம்
spell;Verb;A1;உச்சரிக்க
spelling;Noun;A1;எழுத்துப்பிழை
spend;Verb;A1;செலவிட
spending;Noun;B1;செலவு
spicy;Adjective;B1;காரமான
spider;Noun;A2;சிலந்தி
spirit;Noun;B1;ஆவி
spiritual;Adjective;B2;ஆன்மீக
split;Verb Noun;B2;பிளவு
spoken;Adjective;B1;பேசப்படும்
sponsor;Verb Noun;B2;ஸ்பான்சராக
spoon;Noun;A2;கரண்டியால்
sport;Noun;A1;விளையாட்டு
spot;Noun, Verb;B1, B2;ஸ்பாட்
spread;Verb , Noun;B1, B2;பரவுதல்
spring;Noun, Verb;A1, B1;வசந்த
square;Adjective Noun;A2;சதுர
stable;Adjective;B2;நிலையான
stadium;Noun;B1;அரங்கம்
staff;Noun;B1;ஊழியர்கள்
stage;Noun, Verb;A2, B2;மேடை
stair;Noun;A2;படிக்கட்டு
stamp;Noun;A2;முத்திரை
stand;Verb , Noun;A1, B2;நிற்க
standard;Noun Adjective;B1;தரநிலை
star;Noun, Verb;A1, A2;நட்சத்திரம்
stare;Verb;B2;முறைத்தல்
start;Verb , Noun;A1, A2;தொடக்கத்தில்
state;Noun, Adjective , v;A2, B1;நிலை
statement;Noun;A1;அறிக்கை
station;Noun;A1;நிலையம்
statistic;Noun;B1;புள்ளிவிவரம்
statue;Noun;B1;சிலை
status;Noun;B2;நிலையை
stay;Verb , Noun;A1, A2;தங்க
steady;Adjective;B2;நிலையான
steal;Verb;A2;திருட
steel;Noun;B2;எஃகு
steep;Adjective;B2;செங்குத்தான
step;Noun, Verb;A2, B2;படி
stick (push into/attach);Verb;B1;குச்சி (மிகுதி ஒரு / இணைக்கவும்)
stick (piece of wood);Noun;B1;குச்சி (மரம் ஒரு பகுதி)
sticky;Adjective;B2;ஒட்டும்
stiff;Adjective;B2;கடினமான
still;Adverb , Adjective;A1, B1;இன்னும்
stock;Noun;B2;பங்கு
stomach;Noun;A2;வயிறு
stone;Noun;A2;கல்
stop;Verb Noun;A1;நிறுத்தத்தில்
store;Noun, Verb;A2, B1;கடை
storm;Noun;A2;புயல்
story;Noun;A1;கதை
straight;Adverb Adjective;A2;நேராக
strange;Adjective;A2;விசித்திரமான
stranger;Noun;B1;அந்நியன்
strategy;Noun;A2;மூலோபாயம்
stream;Noun;B2;ஸ்ட்ரீம்
street;Noun;A1;தெரு
strength;Noun;B1;வலிமை
stress;Noun Verb;A2;மன அழுத்தம்
stretch;Verb Noun;B2;நீட்டிக்க
strict;Adjective;B2;கண்டிப்பான
strike;Verb Noun;B2;வேலைநிறுத்தம்
string;Noun;B1;லேசான கயிறு
strong;Adjective;A1;வலுவான
strongly;Adverb;B1;கடுமையாக
structure;Noun, Verb;A2, B2;அமைப்பு
struggle;Verb Noun;B2;போராட்டம்
student;Noun;A1;மாணவர்
studio;Noun;B1;ஸ்டூடியோ
study;Noun Verb;A1;ஆய்வு
stuff;Noun, Verb;B1, B2;பொருட்களை
stupid;Adjective;A2;முட்டாள்
style;Noun;A1;பாணி
subject;Noun, Adjective;A1, B2;பொருள்
submit;Verb;B2;சமர்ப்பிக்க
substance;Noun;B1;பொருள்
succeed;Verb;A2;வெற்றி
success;Noun;A1;வெற்றி
successful;Adjective;A2;வெற்றிகரமான
successfully;Adverb;B1;வெற்றிகரமாக
such;det./proNoun;A2;அத்தகைய
sudden;Adjective;B1;திடீர்
suddenly;Adverb;A2;திடீரென்று
suffer;Verb;B1;பாதிப்பு
sugar;Noun;A1;சர்க்கரை
suggest;Verb;A2;பரிந்துரை
suggestion;Noun;A2;பரிந்துரை
suit;Noun, Verb;A2, B1;வழக்கு
suitable;Adjective;B1;பொருத்தமான
sum;Noun Verb;B2;தொகை
summarize;Verb;B1;சுருக்கமாக
summary;Noun;B1;சுருக்கம்
summer;Noun;A1;கோடை
sun;Noun;A1;சூரியன்
Sunday;Noun;A1;ஞாயிற்றுக்கிழமை
supermarket;Noun;A1;பல்பொருள் அங்காடி
supply;Noun Verb;B1;விநியோகி
support;Verb Noun;A2;ஆதரவு
supporter;Noun;B1;ஆதரவாளர்
suppose;Verb;A2;நினைக்கிறேன்
sure;Adjective , Adverb;A1, A2;நிச்சயம்
surely;Adverb;B1;நிச்சயமாக
surface;Noun;B1;மேற்பரப்பில்
surgery;Noun;B2;அறுவை சிகிச்சை
surprise;Noun Verb;A2;ஆச்சரியம்
surprised;Adjective;A2;வியப்பு
surprising;Adjective;A2;ஆச்சரியம்
surround;Verb;B2;சரவுண்ட்
surrounding;Adjective;B2;சுற்றியுள்ள
survey;Noun, Verb;A2, B2;கணக்கெடுப்பு
survive;Verb;B1;வாழ
suspect;Verb Noun;B2;சந்தேக
swear;Verb;B2;சத்தியம்
sweater;Noun;A1;ஸ்வெட்டர்
sweep;Verb;B2;ஸ்வீப்
sweet;Adjective Noun;A2;இனிப்பு
swim;Verb , Noun;A1, B1;நீந்து
swimming;Noun;A1;நீச்சல்
switch;Verb , Noun;B1, B2;சொடுக்கி
symbol;Noun;A2;சின்னமாக
sympathy;Noun;B2;அனுதாபம்
symptom;Noun;B1;அறிகுறி
system;Noun;A2;அமைப்பு
table;Noun;A1;மேசை
tablet;Noun;A2;மாத்திரை
tail;Noun;B1;வால்
take;Verb;A1;எடுத்து
tale;Noun;B2;கதை
talent;Noun;B1;திறமை
talented;Adjective;B1;திறமையான
talk;Verb , Noun;A1, A2;பேச்சு
tall;Adjective;A1;உயரமான
tank;Noun;B2;தொட்டி
tape;Noun;B1;நாடா
target;Noun, Verb;A2, B2;இலக்கு
task;Noun;A2;பணி
taste;Noun Verb;A2;சுவை
tax;Noun Verb;B1;வரி
taxi;Noun;A1;டாக்சி
tea;Noun;A1;தேநீர்
teach;Verb;A1;பழக்கினார்
teacher;Noun;A1;ஆசிரியர்
teaching;Noun;A2;கற்பித்தல்
team;Noun;A1;அணி
tear1;Verb Noun;B2;tear1
tear2;Noun;B2;tear2
technical;Adjective;B1;தொழில்நுட்ப
technique;Noun;B1;நுட்பம்
technology;Noun;A2;தொழில்நுட்பம்
teenage;Adjective;A2;டீன் ஏஜ்
teenager;Noun;A1;இளம்பெண்
telephone;Noun Verb;A1;தொலைபேசி
television;Noun;A1;தொலைக்காட்சி
tell;Verb;A1;சொல்ல
temperature;Noun;A2;வெப்ப நிலை
temporary;Adjective;B2;தற்காலிக
ten;number;A1;பத்து
tend;Verb;B1;முனைகின்றன
tennis;Noun;A1;டென்னிஸ்
tent;Noun;B1;கூடாரம்
term;Noun, Verb;A2, B2;கால
terrible;Adjective;A1;பயங்கரமான
test;Noun Verb;A1;சோதனை
text;Noun, Verb;A1, A2;உரை
than;conj.;A1;விட
thank;Verb;A1;நன்றி
thanks;exclam. Noun;A1;நன்றி
that;det. proNoun conj., Adverb;A1, B1;அந்த
the;definite article;A1;தி
theatre;Noun;A1;திரையரங்கம்
their;det.;A1;அவர்களது
theirs;proNoun;B1;அவர்களது
them;proNoun;A1;அவர்களுக்கு
theme;Noun;B1;தீம்
themselves;proNoun;A2;தங்களை
then;Adverb;A1;பிறகு
theory;Noun;B1;கோட்பாடு
therapy;Noun;B2;சிகிச்சை
there;Adverb;A1;அங்கு
therefore;Adverb;B1;எனவே
they;proNoun;A1;அவர்கள்
thick;Adjective;A2;தடித்த
thief;Noun;A2;திருடன்
thin;Adjective;A2;மெல்லிய
thing;Noun;A1;விஷயம்
think;Verb;A1;நினைக்கிறேன்
thinking;Noun;A2;சிந்தனை
third;number, Noun;A1, A2;மூன்றாவது
thirsty;Adjective;A1;தாகம்
thirteen;number;A1;பதின்மூன்று
thirty;number;A1;முப்பது
this;det./proNoun, Adverb;A1, B1;இந்த
though;conj. Adverb;B1;என்றாலும்
thought;Noun;A2;சிந்தனை
thousand;number;A1;ஆயிரம்
threat;Noun;B2;அச்சுறுத்தல்
threaten;Verb;B2;அச்சுறுத்தும்
three;number;A1;மூன்று
throat;Noun;B1;தொண்டை
through;prep. Adverb;A1;மூலம்
throughout;prep./Adverb;B1;முழுவதும்
throw;Verb;A2;வீசு
Thursday;Noun;A1;வியாழக்கிழமை
thus;Adverb;B2;இதனால்
ticket;Noun;A1;டிக்கெட்
tidy;Adjective v;A2;நேர்த்தியாகவும்
tie;Verb Noun;A2;கட்டு
tight;Adjective;B1;இறுக்கம்
till;conj./prep.;B1;வரை
time;Noun, Verb;A1, B2;நேரம்
tin;Noun;B1;தகரம்
tiny;Adjective;B1;சிறிய
tip;Noun, Verb;A2, B1;முனை
tired;Adjective;A1;சோர்வாக
title;Noun;A1, B2;தலைப்பு
to;prep., infinitive marker;A1;க்கு
today;Adverb Noun;A1;இன்று
toe;Noun;B1;கால்
together;Adverb;A1;ஒன்றாக
toilet;Noun;A1;கழிப்பறை
tomato;Noun;A1;தக்காளி
tomorrow;Adverb Noun;A1;நாளை
tone;Noun;B2;தொனி
tongue;Noun;B1;நாக்கு
tonight;Adverb n;A1;இன்றிரவு
too;Adverb;A1;கூட
tool;Noun;A2;கருவி
tooth;Noun;A1;பல்
top;Noun, Adjective;A2;மேல்
topic;Noun;A1;தலைப்பு
total;Adjective Noun;B1;மொத்தம்
totally;Adverb;B1;முற்றிலும்
touch;Verb , Noun;A2, B1;தொடுதல்
tough;Adjective;B2;கடுமையான
tour;Noun, Verb;A2, B1;சுற்றுப்பயணம்
tourism;Noun;A2;சுற்றுலா
tourist;Noun;A1;சுற்றுலா
towards;prep.;A2;நோக்கி
towel;Noun;A2;துண்டு
tower;Noun;A2;கோபுரம்
town;Noun;A1;நகரம்
toy;Noun, Adjective;A2;பொம்மை
track;Noun, Verb;A2, B2;கண்காணிக்க
trade;Noun, Verb;B1;வர்த்தக
tradition;Noun;A2;பாரம்பரியம்
traditional;Adjective;A2;பாரம்பரிய
traffic;Noun;A1;போக்குவரத்து
train;Noun, Verb;A1, A2;தொடர்வண்டி
trainer;Noun;A2;பயிற்சியாளர்
training;Noun;A2;பயிற்சி
transfer;Verb Noun;B2;பரிமாற்ற
transform;Verb;B2;மாற்றும்
transition;Noun;B2;மாற்றம்
translate;Verb;B1;மொழிபெயர்
translation;Noun;B1;மொழிபெயர்ப்பு
transport;Noun, Verb;A2, B1;போக்குவரத்து
travel;Verb Noun;A1;பயணம்
traveller;Noun;A2;பயணி
treat;Verb;B1;உபசரிப்பு
treatment;Noun;B1;சிகிச்சை
tree;Noun;A1;மரம்
trend;Noun;B1;போக்கு
trial;Noun;B2;விசாரணை
trick;Noun Verb;B1;தந்திரம்
trip;Noun, Verb;A1, B2;பயணம்
tropical;Adjective;B2;வெப்பமண்டல
trouble;Noun, Verb;A2, B2;பிரச்சனையில்
trousers;Noun;A1;கால்சட்டை
truck;Noun;A2;டிரக்
TRUE;Adjective;A1;உண்மை
truly;Adverb;B2;உண்மையிலேயே
trust;Noun Verb;B2;நம்பிக்கை
truth;Noun;B1;உண்மை
try;Verb , Noun;A1, B2;முயற்சி
T-shirt;Noun;A1;டி-சட்டை
tube;Noun;B1;குழாய்
Tuesday;Noun;A1;செவ்வாய்க்கிழமை
tune;Noun;B2;இசைக்கு
tunnel;Noun;B2;சுரங்கப்பாதை
turn;Verb Noun;A1;திரும்ப
TV;Noun;A1;டிவி
twelve;number;A1;பன்னிரண்டு
twenty;number;A1;இருபது
twice;Adverb;A1;இருமுறை
twin;Noun Adjective;A2;இரட்டை
two;number;A1;இரண்டு
type;Noun, Verb;A1, B1;வகை
typical;Adjective;A2;வழக்கமான
typically;Adverb;B1;பொதுவாக
tyre;Noun;B1;சக்கரம்
ugly;Adjective;B1;அசிங்கமான
ultimately;Adverb;B2;இறுதியில்
umbrella;Noun;A1;குடை
unable;Adjective;B1;முடியவில்லை
uncle;Noun;A1;மாமா
uncomfortable;Adjective;B1;சங்கடமான
unconscious;Adjective;B2;நினைவிழந்த
under;prep. Adj;A1;கீழ்
underground;Adjective Adverb;A2;நிலத்தடி
understand;Verb;A1;புரிந்து
understanding;Noun;A2;புரிதல்
underwear;Noun;B1;உள்ளாடை
unemployed;Adjective;B1;வேலையற்ற
unemployment;Noun;B1;வேலையின்மை
unexpected;Adjective;B2;எதிர்பாராத
unfair;Adjective;B1;நியாயமற்ற
unfortunately;Adverb;A2;எதிர்பாராதவிதமாக
unhappy;Adjective;A2;மகிழ்ச்சியற்ற
uniform;Noun;A2;சீருடை
union;Noun;B1;தொழிற்சங்க
unique;Adjective;B2;தனித்துவமான
unit;Noun;A2;அலகு
united;Adjective;A2;ஐக்கிய
universe;Noun;B2;பிரபஞ்சம்
university;Noun;A1;பல்கலைக்கழக
unknown;Adjective;B2;தெரியாத
unless;conj.;B1;வரை
unlike;prep.;B1;போலல்லாமல்
unlikely;Adjective;B1;சாத்தியம்
unnecessary;Adjective;B1;தேவையற்ற
unpleasant;Adjective;B1;விரும்பத்தகாத
until;conj./prep.;A1;வரை
unusual;Adjective;A2;அசாதாரண
up;Adverb proNoun;A1;வரை
update;Verb Noun;B1;மேம்படுத்தல்
upon;prep.;B1;மீது
upper;Adjective;B2;மேல்
upset;Adjective v;B1;வருத்தமடைய
upstairs;Adverb , Adjective;A1, A2;மாடிக்கு
upwards;Adverb;B2;மேல்நோக்கி
urban;Adjective;B2;நகர்ப்புற
urge;Verb;B2;உணர்ச்சியின்
us;proNoun;A1;எங்களுக்கு
use;Verb , Noun;A1, A2;பயன்படுத்த
used;Adjective;B1;பயன்படுத்தப்படும்
used to;modal Verb;A2;பயன்படுத்தப்படுகிறது
useful;Adjective;A1;பயனுள்ள
user;Noun;A2;பயனர்
usual;Adjective;A2;வழக்கமான
usually;Adverb;A1;வழக்கமாக
vacation;Noun;A1;விடுமுறைக்கு
valley;Noun;A2;பள்ளத்தாக்கு
valuable;Adjective;B1;மதிப்புமிக்க
value;Noun, Verb;B1, B2;மதிப்பு
van;Noun;A2;வேன்
variety;Noun;A2;பல்வேறு
various;Adjective;B1;பல்வேறு
vary;Verb;B2;மாறுபடும்
vast;Adjective;B2;பரந்த
vegetable;Noun;A1;காய்கறி
vehicle;Noun;A2;வாகன
venue;Noun;B2;இடம்
version;Noun;B1;பதிப்பு
very;Adverb , Adjective;A1, B1;மிகவும்
via;prep.;B2;வழியாக
victim;Noun;B1;பாதிக்கப்பட்ட
victory;Noun;B2;வெற்றி
video;Noun;A1;காணொளி
view;Noun, Verb;A2,;பார்வை
viewer;Noun;B1;பார்வையாளர்
village;Noun;A1;கிராமம்
violence;Noun;B2;வன்முறை
violent;Adjective;B1;வன்முறை
virtual;Adjective;B2;மெய்நிகர்
virus;Noun;A2;வைரஸ்
vision;Noun;B2;பார்வை
visit;Verb Noun;A1;விஜயம்
visitor;Noun;A1;பார்வையாளர்
visual;Adjective;B2;காட்சி
vital;Adjective;B2;முக்கிய
vitamin;Noun;B2;வைட்டமின்
voice;Noun;A2;குரல்
volume;Noun;B2;தொகுதி
volunteer;Noun Verb;B1;தன்னார்வ
vote;Noun Verb;B1;வாக்கு
wage;Noun;B2;ஊதிய
wait;Verb , Noun;A1, A2;காத்திரு
waiter;Noun;A1;பணியாளராக
wake;Verb;A1;அடுத்து
walk;Verb Noun;A1;நட
wall;Noun;A1;சுவர்
want;Verb;A1;வேண்டும்
war;Noun;A2;போர்
warm;Adjective , v;A1, B1;சூடான
warn;Verb;B1;எச்சரிக்க
warning;Noun;B1;எச்சரிக்கை
wash;Verb , Noun;A1, A2;கழுவுதல்
washing;Noun;A2;சலவை
waste;Noun v, Adjective;B1;வீணடிக்க
watch;Verb Noun;A1;வாட்ச்
water;Noun, Verb;A1, B1;தண்ணீர்
wave;Noun;A2, B1;அலை
way;Noun;A1, B2;வழி
we;proNoun;A1;நாங்கள்
weak;Adjective;A2;பலவீனமான
weakness;Noun;B2;பலவீனம்
wealth;Noun;B2;செல்வம்
wealthy;Adjective;B2;பணக்கார
weapon;Noun;B1;ஆயுதம்
wear;Verb;A1;உடைகள்
weather;Noun;A1;வானிலை
web;Noun;A2;இணையதள
website;Noun;A1;இணையதளம்
wedding;Noun;A2;திருமண
Wednesday;Noun;A1;புதன்கிழமை
week;Noun;A1;வாரம்
weekend;Noun;A1;வார
weigh;Verb;B1;எடையை
weight;Noun;A2;எடை
welcome;exclam. Verb Adjective , n;A1, A2;வரவேற்பு
well;Adverb , Adjective , exclam.;A1;நன்கு
west;Noun Adjective Adverb;A1;மேற்கு
western;Adjective;B1;மேற்கு
wet;Adjective;A2;ஈரமான
what;proNoun/det.;A1;என்ன
whatever;det./proNoun;B1;எதுவாக
wheel;Noun;A2;சக்கர
when;Adverb proNounconj.;A1;எப்பொழுது
whenever;conj.;B1;போதெல்லாம்
where;Adverb conj.;A1;எங்கே
whereas;conj.;B2;அதேசமயம்
wherever;conj.;B2;எங்கு
whether;conj.;B1;என்பதை
which;proNoun/det.;A1;எந்த
while;conj., Noun;A2, B1;போது
whisper;Verb Noun;B2;இரகசியம் பேசு
white;Adjective Noun;A1;வெள்ளை
who;proNoun;A1;who
whole;Adjective , n;A2, B1;முழு
whom;proNoun;B2;யாரை
whose;det./proNoun;A2;யாருடைய
why;Adverb;A1;ஏன்
wide;Adjective;A2;பரந்த
widely;Adverb;B2;பரவலாக
wife;Noun;A1;மனைவி
wild;Adjective;A2;காட்டு
wildlife;Noun;B2;வன
will;modal, Noun Verb;A1,;விருப்பம்
willing;Adjective;B2;தயாராக
win;Verb , Noun;A1, B1;வெற்றி
wind1;Noun;A2;wind1
wind2;Verb;B2;wind2
window;Noun;A1;ஜன்னல்
wine;Noun;A1;மது
wing;Noun;B1;சாரி
winner;Noun;A2;வெற்றி
winter;Noun;A1;குளிர்காலத்தில்
wire;Noun;B2;கம்பி
wise;Adjective;B2;பாண்டித்தியம்
wish;Verb Noun;A2;விரும்பும்
with;prep.;A1;உடன்
within;prep.;B1;உள்ள
without;prep.;A1;இல்லாமல்
witness;Noun Verb;B2;சாட்சி
woman;Noun;A1;பெண்
wonder;Verb Noun;B1;அதிசயம்
wonderful;Adjective;A1;அற்புதமான
wood;Noun;A2;மரம்
wooden;Adjective;A2;மர
wool;Noun;B1;கம்பளி
word;Noun;A1;சொல்
work;Verb Noun;A1;வேலை
worker;Noun;A1;தொழிலாளி
working;Adjective;A2;தொழிலாளர்
world;Noun;A1;உலகம்
worldwide;Adjective Adverb;B1;உலகளாவிய
worried;Adjective;A2;கவலை
worry;Verb Noun;A2, B1;கவலை
worse;Adjective, AdVerb Noun;A2,B1, B2;மோசமாக
worst;Adjective, AdVerb;A2,B1, B2;மோசமான
worth;Adjective, Noun;B1, B2;மதிப்பு
would;modal, Verb;A1;வேண்டுமே
wound;Noun Verb;B2;காயம்
wow;exclam.;A2;வாவ்
wrap;Verv;B2;மடக்கு
write;Verb;A1;எழுத
writer;Noun;A1;எழுத்தாளர்
writing;Noun;A1;எழுத்து
written;Adjective;B1;எழுதப்பட்ட
wrong;Adjective, AdVerb Noun;A1, B1, B2;தவறு
yard;Noun;B1;முற்றத்தில்
yeah;exclam.;A1;ஆம்
year;Noun;A1;ஆண்டு
yellow;Adjective, Noun;A1;மஞ்சள்
yes;exclam.;A1;ஆம்
yesterday;AdVerb Noun;A1;நேற்று
yet;AdVerb conj.;A2, B2;இன்னும்
you;proNoun;A1;நீங்கள்
young;Adjective, Noun;A1, B1;இளம்
your;det.;A1;உங்கள்
yours;proNoun;A2;உன்னுடையது
yourself;proNoun;A1;உங்களை
youth;Noun;B1;இளைஞர்கள்
zero;number;A2;பூஜ்யம்
zone;Noun;B2;மண்டலம்
